# Blender 4.2.3 LTS
# www.blender.org
mtllib bone.mtl
o Mball.005
v 0.124250 0.837971 0.397780
v 0.136209 0.892803 0.351897
v 0.179451 0.829886 0.349893
v 0.140716 0.912498 0.319558
v 0.168311 0.913034 0.255150
v 0.209241 0.862346 0.251875
v 0.206000 0.834439 0.303938
v 0.209306 0.862346 0.179212
v 0.168172 0.912765 0.173704
v 0.121120 0.948404 0.172531
v 0.123653 0.947399 0.256333
v 0.113292 0.929083 0.087001
v 0.149838 0.902537 0.099831
v 0.132844 0.908282 0.065374
v 0.134471 0.897189 0.001642
v 0.180718 0.831318 -0.000246
v 0.187506 0.841965 0.080973
v 0.211974 0.746854 0.057991
v 0.213896 0.780548 0.090186
v 0.207028 0.744246 -0.001687
v 0.211200 0.829926 0.128888
v 0.220949 0.736863 0.095953
v 0.235665 0.752668 0.168715
v 0.227366 0.823489 0.181201
v 0.235292 0.745844 0.255632
v 0.226980 0.821891 0.251875
v 0.228289 0.666065 0.172531
v 0.227198 0.669260 0.251875
v 0.206059 0.657248 0.303938
v 0.217880 0.745844 0.318025
v 0.210429 0.627196 0.251875
v 0.179451 0.661801 0.349893
v 0.194491 0.745844 0.354576
v 0.124250 0.653716 0.397780
v 0.138912 0.745844 0.410155
v 0.083724 0.668179 0.429887
v 0.102361 0.745844 0.433544
v 0.036211 0.669796 0.442644
v 0.039968 0.745844 0.450902
v 0.036411 0.631737 0.426676
v -0.036211 0.669796 0.442644
v -0.036411 0.631737 0.426676
v -0.049134 0.584162 0.386001
v 0.049134 0.584162 0.386001
v 0.040669 0.541741 0.340752
v -0.040669 0.541741 0.340752
v -0.045064 0.500616 0.281534
v 0.045064 0.500616 0.281534
v 0.034033 0.469733 0.252063
v -0.034033 0.469733 0.252063
v -0.049006 0.407378 0.209659
v 0.049006 0.407378 0.209659
v -0.039671 0.314515 0.195737
v 0.039671 0.314515 0.195737
v -0.039421 0.228249 0.194307
v 0.039421 0.228249 0.194307
v -0.039421 0.141983 0.194307
v 0.039421 0.141983 0.194307
v -0.039421 0.055718 0.194307
v 0.039421 0.055718 0.194307
v -0.039421 -0.030548 0.194307
v 0.039421 -0.030548 0.194307
v -0.039421 -0.116814 0.194307
v 0.039421 -0.116814 0.194307
v -0.039421 -0.203080 0.194307
v 0.039421 -0.203080 0.194307
v -0.039442 -0.289345 0.194497
v 0.039442 -0.289345 0.194497
v -0.048441 -0.383440 0.197929
v 0.040122 -0.375301 0.199496
v -0.041535 -0.456074 0.224398
v 0.050754 -0.455582 0.220137
v 0.043133 -0.504162 0.262842
v -0.043133 -0.504162 0.262842
v -0.043133 -0.543258 0.314034
v 0.043133 -0.543258 0.314034
v 0.043133 -0.572585 0.352761
v -0.043133 -0.572585 0.352761
v -0.043133 -0.627034 0.406648
v 0.049305 -0.636676 0.411980
v 0.037986 -0.667013 0.433754
v -0.048629 -0.668070 0.431432
v -0.039305 -0.724502 0.448798
v 0.039305 -0.724502 0.448798
v -0.039305 -0.803112 0.448798
v 0.039305 -0.803112 0.448798
v 0.039723 -0.859142 0.433597
v -0.048154 -0.865870 0.428717
v -0.041535 -0.902836 0.406357
v 0.050883 -0.891038 0.411094
v 0.043133 -0.954790 0.352436
v -0.043133 -0.954790 0.352436
v -0.048629 -0.979574 0.311401
v 0.048629 -0.979574 0.311401
v 0.039305 -0.996941 0.254969
v -0.039305 -0.996941 0.254969
v -0.039305 -0.996941 0.175313
v 0.039305 -0.996941 0.175313
v -0.048154 -0.978074 0.109409
v 0.048154 -0.978074 0.109409
v 0.041535 -0.968659 0.073072
v -0.041535 -0.968659 0.073072
v -0.043133 -0.959334 0.000000
v 0.043133 -0.959334 0.000000
v -0.043133 -0.968833 -0.075394
v 0.043133 -0.968832 -0.075394
v -0.048629 -0.980282 -0.115736
v 0.048629 -0.980282 -0.115736
v 0.039305 -0.996941 -0.175313
v -0.039305 -0.996941 -0.175313
v -0.039305 -0.996941 -0.254969
v 0.039305 -0.996941 -0.254969
v -0.048154 -0.976859 -0.317727
v 0.048154 -0.976859 -0.317727
v 0.041535 -0.954499 -0.354693
v -0.041535 -0.954499 -0.354693
v -0.042715 -0.900579 -0.406882
v 0.049305 -0.890938 -0.411980
v 0.037986 -0.860601 -0.433754
v -0.039723 -0.861539 -0.432489
v -0.039305 -0.803112 -0.448798
v 0.039305 -0.803112 -0.448798
v 0.039305 -0.724502 -0.448798
v -0.039305 -0.724502 -0.448798
v 0.039723 -0.668471 -0.433597
v -0.039723 -0.668471 -0.433597
v -0.050883 -0.636575 -0.411094
v 0.050883 -0.636575 -0.411094
v 0.043133 -0.572585 -0.352761
v -0.043133 -0.572585 -0.352761
v -0.043133 -0.543258 -0.314034
v 0.043133 -0.543258 -0.314034
v 0.043133 -0.504162 -0.262842
v -0.043133 -0.504162 -0.262842
v -0.042535 -0.454476 -0.223557
v 0.048743 -0.449999 -0.220284
v 0.038325 -0.374014 -0.200288
v -0.040122 -0.375611 -0.199645
v 0.039442 -0.289345 -0.194497
v -0.039442 -0.289345 -0.194497
v 0.039421 -0.203080 -0.194307
v -0.039421 -0.203080 -0.194307
v 0.039421 -0.116814 -0.194307
v -0.039421 -0.116814 -0.194307
v 0.039421 -0.030548 -0.194307
v -0.039421 -0.030548 -0.194307
v 0.039421 0.055718 -0.194307
v -0.039421 0.055718 -0.194307
v 0.039421 0.141983 -0.194307
v -0.039421 0.141983 -0.194307
v 0.039421 0.228249 -0.194307
v -0.039421 0.228249 -0.194307
v 0.039671 0.314515 -0.195737
v -0.039671 0.314515 -0.195737
v 0.049006 0.407378 -0.209659
v -0.049006 0.407378 -0.209659
v 0.034033 0.469733 -0.252063
v -0.034033 0.469733 -0.252063
v -0.045064 0.500616 -0.281534
v 0.045064 0.500616 -0.281534
v 0.040669 0.541741 -0.340752
v -0.040669 0.541741 -0.340752
v -0.049134 0.584162 -0.386001
v 0.049134 0.584162 -0.386001
v 0.036411 0.631737 -0.426677
v -0.036411 0.631737 -0.426677
v -0.036211 0.669796 -0.442644
v 0.036211 0.669796 -0.442644
v 0.039968 0.745843 -0.450902
v -0.039968 0.745843 -0.450902
v 0.036211 0.821891 -0.442644
v -0.036211 0.821891 -0.442644
v 0.036411 0.859950 -0.426677
v -0.036411 0.859950 -0.426677
v -0.049134 0.907524 -0.386001
v 0.049134 0.907524 -0.386001
v 0.048835 0.949204 -0.332875
v -0.040669 0.947399 -0.339317
v 0.041535 0.976472 -0.257200
v -0.051040 0.972206 -0.265650
v 0.043133 0.976039 -0.172532
v -0.043133 0.976039 -0.172532
v 0.048433 0.952304 -0.079844
v -0.043133 0.954812 -0.088529
v 0.047283 0.941735 0.009106
v -0.049008 0.940911 -0.007158
v 0.041535 0.955430 0.087863
v -0.050682 0.952153 0.085851
v 0.043133 0.976039 0.172531
v -0.043133 0.976039 0.172531
v 0.049985 0.972206 0.266705
v -0.043133 0.975200 0.258597
v 0.039005 0.948350 0.338718
v -0.049362 0.946439 0.338721
v -0.049134 0.907524 0.386001
v 0.049134 0.907524 0.386001
v 0.036411 0.859950 0.426676
v -0.036411 0.859950 0.426676
v -0.036211 0.821892 0.442644
v 0.036211 0.821892 0.442644
v -0.039968 0.745844 0.450902
v -0.102361 0.745844 0.433544
v -0.083724 0.823508 0.429887
v -0.083724 0.668179 0.429887
v -0.124250 0.653716 0.397780
v -0.138912 0.745844 0.410155
v -0.179451 0.661801 0.349893
v -0.194491 0.745844 0.354576
v -0.206059 0.657248 0.303938
v -0.217880 0.745844 0.318025
v -0.206000 0.834439 0.303938
v -0.179451 0.829886 0.349893
v -0.209241 0.862346 0.251875
v -0.168311 0.913034 0.255150
v -0.132272 0.916200 0.324505
v -0.136209 0.892803 0.351897
v -0.124250 0.837971 0.397780
v -0.211240 0.861009 0.181201
v -0.173150 0.906471 0.168715
v -0.211971 0.829758 0.128888
v -0.195168 0.827535 0.082091
v -0.146944 0.905182 0.096448
v -0.125477 0.913297 0.064825
v -0.180718 0.831318 0.000246
v -0.134471 0.897189 -0.001642
v -0.126218 0.912583 -0.064825
v -0.187506 0.841965 -0.080973
v -0.149838 0.902537 -0.099831
v -0.211200 0.829926 -0.128888
v -0.209306 0.862346 -0.179212
v -0.168172 0.912765 -0.173705
v -0.209241 0.862346 -0.251875
v -0.168311 0.913034 -0.255151
v -0.206000 0.834439 -0.303938
v -0.179451 0.829886 -0.349894
v -0.136209 0.892803 -0.351897
v -0.132309 0.918056 -0.319712
v -0.124250 0.837971 -0.397781
v -0.123054 0.948350 -0.254669
v -0.217880 0.745844 -0.318025
v -0.194491 0.745844 -0.354577
v -0.206059 0.657248 -0.303938
v -0.179451 0.661801 -0.349894
v -0.124250 0.653716 -0.397781
v -0.138912 0.745844 -0.410155
v -0.136209 0.598884 -0.351897
v -0.083724 0.668179 -0.429887
v -0.102361 0.745844 -0.433545
v -0.083724 0.823508 -0.429887
v -0.210429 0.627197 -0.251876
v -0.172876 0.575239 -0.256205
v -0.131996 0.570945 -0.319939
v -0.215087 0.613639 -0.172532
v -0.190601 0.560372 -0.175821
v -0.215943 0.610759 -0.089887
v -0.210348 0.574655 -0.079075
v -0.215710 0.654524 -0.032547
v -0.214559 0.661175 -0.002366
v -0.213628 0.580034 0.001945
v -0.215860 0.654967 0.026221
v -0.215963 0.609777 0.088259
v -0.208872 0.564610 0.086357
v -0.215087 0.613639 0.172531
v -0.195384 0.565422 0.171190
v -0.210429 0.627197 0.251875
v -0.169936 0.566912 0.251985
v -0.124579 0.486575 0.214753
v -0.158686 0.483130 0.166239
v -0.125518 0.527309 0.262339
v -0.129085 0.437451 0.176683
v -0.137051 0.402616 0.155248
v -0.180283 0.400781 0.084599
v -0.191884 0.487046 0.085959
v -0.197810 0.400781 -0.000000
v -0.203228 0.487046 -0.000000
v -0.180606 0.399183 -0.082899
v -0.186928 0.479635 -0.092787
v -0.139871 0.402402 -0.148922
v -0.130634 0.438753 -0.174389
v -0.160833 0.490897 -0.165164
v -0.126031 0.486375 -0.209960
v -0.135054 0.314515 -0.148088
v -0.178198 0.314515 -0.083749
v -0.134799 0.228249 -0.147545
v -0.178176 0.228249 -0.083614
v -0.196958 0.314515 -0.000000
v -0.196947 0.228249 -0.000000
v -0.178198 0.314515 0.083749
v -0.178176 0.228249 0.083613
v -0.134799 0.228249 0.147545
v -0.135054 0.314515 0.148088
v -0.134799 0.141983 0.147545
v -0.178176 0.141983 0.083613
v -0.134799 0.055718 0.147545
v -0.178176 0.055718 0.083613
v -0.196947 0.055718 -0.000000
v -0.196947 0.141983 -0.000000
v -0.178176 0.055718 -0.083614
v -0.178176 0.141983 -0.083614
v -0.134799 0.055718 -0.147545
v -0.134799 0.141983 -0.147545
v -0.134799 -0.030548 -0.147545
v -0.178176 -0.030548 -0.083614
v -0.134799 -0.116814 -0.147545
v -0.178176 -0.116814 -0.083614
v -0.196947 -0.030548 -0.000000
v -0.196947 -0.116814 -0.000000
v -0.178176 -0.030548 0.083613
v -0.178176 -0.116814 0.083613
v -0.134799 -0.116814 0.147545
v -0.134799 -0.030548 0.147545
v -0.134799 -0.203080 0.147545
v -0.178176 -0.203080 0.083613
v -0.134819 -0.289345 0.147563
v -0.178176 -0.289345 0.083618
v -0.138032 -0.380971 0.146494
v -0.179573 -0.374013 0.082330
v -0.197129 -0.375611 -0.000000
v -0.196947 -0.289345 -0.000000
v -0.178670 -0.375611 -0.084073
v -0.178176 -0.289345 -0.083618
v -0.134144 -0.381472 -0.152820
v -0.134819 -0.289345 -0.147563
v -0.134799 -0.203080 -0.147545
v -0.178176 -0.203080 -0.083613
v -0.100257 -0.289345 -0.174277
v -0.100175 -0.203080 -0.174234
v -0.184224 -0.461877 -0.085828
v -0.143499 -0.461987 -0.163002
v -0.127255 -0.434144 -0.171181
v -0.121539 -0.467029 -0.192092
v -0.182268 -0.555295 -0.172904
v -0.144542 -0.548961 -0.244113
v -0.115556 -0.527875 -0.250972
v -0.124250 -0.560342 -0.284206
v -0.198365 -0.634663 -0.266500
v -0.163135 -0.632018 -0.333999
v -0.119938 -0.595421 -0.341710
v -0.123346 -0.640461 -0.381356
v -0.215775 -0.715178 -0.311401
v -0.190986 -0.720674 -0.352436
v -0.217798 -0.664021 -0.259824
v -0.213779 -0.635147 -0.204263
v -0.220303 -0.647537 -0.163316
v -0.233691 -0.720674 -0.170995
v -0.232913 -0.715178 -0.250556
v -0.211609 -0.616717 -0.161132
v -0.213868 -0.603392 -0.086266
v -0.218381 -0.644626 -0.087870
v -0.214965 -0.594466 -0.000000
v -0.217042 -0.644806 -0.005575
v -0.213868 -0.603392 0.086266
v -0.218126 -0.649031 0.083794
v -0.209639 -0.615162 0.163316
v -0.219859 -0.645939 0.161132
v -0.211299 -0.635095 0.204263
v -0.216993 -0.664541 0.259751
v -0.233137 -0.724083 0.255608
v -0.233413 -0.720628 0.168901
v -0.233597 -0.804709 0.176762
v -0.233134 -0.803112 0.254969
v -0.215767 -0.812436 0.311401
v -0.213054 -0.715652 0.317727
v -0.218089 -0.860600 0.253651
v -0.190983 -0.806940 0.352436
v -0.166295 -0.885555 0.339391
v -0.196315 -0.890937 0.264969
v -0.117263 -0.886392 0.386704
v -0.136772 -0.806521 0.406882
v -0.190692 -0.722272 0.354693
v -0.127131 -0.714502 0.411980
v -0.171047 -0.646375 0.338364
v -0.121748 -0.640080 0.381960
v -0.190580 -0.621152 0.263437
v -0.126942 -0.560020 0.277880
v -0.121751 -0.596571 0.340060
v -0.152226 -0.563270 0.243601
v -0.096794 -0.725820 0.433754
v -0.097732 -0.803530 0.432489
v -0.121748 -0.930102 0.339391
v -0.217021 -0.861539 0.175091
v -0.192001 -0.900775 0.172753
v -0.216086 -0.810429 0.109519
v -0.178239 -0.881887 0.086958
v -0.205708 -0.815148 0.074528
v -0.162868 -0.884141 0.000000
v -0.199258 -0.800252 0.005575
v -0.174415 -0.886690 -0.084091
v -0.208037 -0.806403 -0.075860
v -0.216612 -0.810697 -0.109519
v -0.196993 -0.891078 -0.165747
v -0.218089 -0.860600 -0.176762
v -0.216825 -0.861539 -0.255388
v -0.191218 -0.900579 -0.258379
v -0.213052 -0.811961 -0.317727
v -0.171040 -0.881070 -0.338250
v -0.190692 -0.805342 -0.354693
v -0.122586 -0.881070 -0.386704
v -0.139029 -0.805342 -0.406357
v -0.127231 -0.712924 -0.411094
v -0.102063 -0.811961 -0.428716
v -0.095335 -0.724084 -0.433597
v -0.117263 -0.934847 -0.338250
v -0.136772 -0.955025 -0.258379
v -0.233135 -0.803112 -0.254969
v -0.127272 -0.960799 -0.165748
v -0.096794 -0.981896 -0.176762
v -0.097732 -0.980632 -0.255388
v -0.233265 -0.803112 -0.175091
v -0.215905 -0.775873 -0.083605
v -0.220799 -0.725888 -0.093113
v -0.215451 -0.722719 -0.051402
v -0.211877 -0.728363 -0.001862
v -0.215522 -0.689348 0.001862
v -0.122883 -0.938208 -0.084091
v -0.120334 -0.926622 0.000000
v -0.214727 -0.722573 0.051402
v -0.216076 -0.775409 0.083795
v -0.220924 -0.718499 0.094773
v -0.118080 -0.942036 0.086958
v -0.136968 -0.955808 0.172753
v -0.127131 -0.960122 0.264969
v -0.096794 -0.981896 0.253651
v -0.097732 -0.980828 0.175091
v -0.174417 -0.540877 0.171728
v -0.120307 -0.466668 0.188982
v -0.116979 -0.528706 0.249325
v -0.146587 -0.470919 0.160805
v -0.201213 -0.543983 0.086266
v -0.180036 -0.455328 0.092377
v -0.126619 -0.433552 0.169645
v -0.208592 -0.541751 -0.000000
v -0.201213 -0.543983 -0.086266
v -0.199762 -0.461877 -0.000000
v -0.106212 -0.381472 -0.175194
v -0.196947 -0.203080 -0.000000
v -0.105174 -0.372672 0.174123
v -0.100257 -0.289345 0.174277
v -0.100175 -0.203080 0.174234
v -0.100175 -0.030548 0.174234
v -0.100175 -0.116814 0.174234
v -0.100175 -0.116814 -0.174234
v -0.100175 -0.030548 -0.174234
v -0.100175 0.228249 0.174234
v -0.100175 0.141983 0.174234
v -0.101174 0.314515 0.174656
v -0.108920 0.392649 0.176590
v -0.100175 0.141983 -0.174234
v -0.100175 0.228249 -0.174234
v -0.101174 0.314515 -0.174656
v -0.108920 0.392649 -0.176590
v -0.077381 0.490676 0.255037
v -0.228289 0.666065 0.172531
v -0.227198 0.669260 0.251875
v -0.235869 0.745844 0.173704
v -0.235292 0.745844 0.255632
v -0.220393 0.664638 0.090387
v -0.220218 0.747020 0.097781
v -0.213165 0.747020 0.064317
v -0.213894 0.780211 0.090488
v -0.227053 0.821891 0.179212
v -0.226980 0.821891 0.251875
v -0.207028 0.744246 0.001687
v -0.211974 0.746854 -0.057991
v -0.220393 0.664638 -0.090387
v -0.220949 0.736863 -0.095953
v -0.228289 0.666065 -0.172532
v -0.235665 0.752668 -0.168715
v -0.227198 0.669259 -0.251875
v -0.235292 0.745844 -0.255632
v -0.226980 0.821891 -0.251876
v -0.227366 0.823489 -0.181201
v -0.213896 0.780548 -0.090186
v -0.127098 0.528540 -0.260390
v -0.077381 0.490676 -0.255038
v -0.121120 0.948404 -0.172532
v -0.116513 0.930118 -0.097671
v -0.104761 0.920149 0.001642
v -0.118110 0.929826 0.100023
v -0.121120 0.948404 0.172531
v -0.121456 0.948363 0.256333
v -0.104432 0.919848 0.351130
v -0.136209 0.598884 0.351897
v -0.131996 0.570945 0.319939
v -0.102901 0.569763 0.349087
v 0.083724 0.823508 0.429887
v 0.102651 0.926019 0.340277
v 0.118211 0.929435 -0.097671
v 0.131698 0.908478 -0.060774
v 0.101389 0.922415 -0.007476
v 0.146944 0.905183 -0.096448
v 0.121120 0.948404 -0.172532
v 0.173150 0.906471 -0.168715
v 0.117210 0.949204 -0.264500
v 0.168311 0.913034 -0.255151
v 0.140716 0.911833 -0.321283
v 0.209241 0.862346 -0.251875
v 0.211240 0.861009 -0.181201
v 0.226980 0.821891 -0.251876
v 0.227053 0.821891 -0.179212
v 0.211971 0.829758 -0.128888
v 0.206000 0.834439 -0.303938
v 0.217880 0.745844 -0.318025
v 0.235292 0.745844 -0.255632
v 0.206059 0.657248 -0.303938
v 0.227198 0.669260 -0.251876
v 0.228289 0.666065 -0.172532
v 0.235869 0.745844 -0.173705
v 0.220393 0.664638 -0.090388
v 0.220218 0.747020 -0.097781
v 0.215860 0.654967 -0.026223
v 0.213165 0.747020 -0.064318
v 0.213894 0.780211 -0.090488
v 0.215963 0.609777 -0.088260
v 0.214559 0.661175 0.002366
v 0.215087 0.613639 -0.172532
v 0.210429 0.627197 -0.251876
v 0.169936 0.566912 -0.251985
v 0.195384 0.565422 -0.171190
v 0.124579 0.486575 -0.214753
v 0.158686 0.483130 -0.166239
v 0.125518 0.527309 -0.262339
v 0.191884 0.487046 -0.085960
v 0.208872 0.564610 -0.086357
v 0.203228 0.487046 -0.000000
v 0.213628 0.580034 -0.001945
v 0.186928 0.479635 0.092787
v 0.210348 0.574655 0.079075
v 0.160833 0.490897 0.165164
v 0.190601 0.560371 0.175821
v 0.126031 0.486375 0.209960
v 0.127098 0.528540 0.260390
v 0.172876 0.575239 0.256205
v 0.131996 0.570945 0.319939
v 0.215087 0.613639 0.172531
v 0.130634 0.438753 0.174389
v 0.077381 0.490676 0.255037
v 0.139871 0.402402 0.148922
v 0.180606 0.399183 0.082899
v 0.135054 0.314515 0.148088
v 0.178198 0.314515 0.083749
v 0.196958 0.314515 -0.000000
v 0.197810 0.400781 -0.000000
v 0.178198 0.314515 -0.083749
v 0.180283 0.400781 -0.084599
v 0.135054 0.314515 -0.148088
v 0.137051 0.402616 -0.155248
v 0.134799 0.228249 -0.147545
v 0.178176 0.228249 -0.083614
v 0.134799 0.141983 -0.147545
v 0.178176 0.141983 -0.083614
v 0.196947 0.141983 -0.000000
v 0.196947 0.228249 -0.000000
v 0.178176 0.141983 0.083613
v 0.178176 0.228249 0.083613
v 0.134799 0.141983 0.147545
v 0.134799 0.228249 0.147545
v 0.100175 0.141983 0.174234
v 0.100175 0.228249 0.174234
v 0.101175 0.314515 0.174656
v 0.134799 0.055718 0.147545
v 0.100175 0.055718 0.174234
v 0.134799 -0.030548 0.147545
v 0.100175 -0.030548 0.174234
v 0.134799 -0.116814 0.147545
v 0.100175 -0.116814 0.174234
v 0.134799 -0.203080 0.147545
v 0.100175 -0.203080 0.174234
v 0.134819 -0.289345 0.147563
v 0.100257 -0.289345 0.174277
v 0.134144 -0.381472 0.152820
v 0.102778 -0.372672 0.175586
v 0.118797 -0.438753 0.177138
v 0.178670 -0.375611 0.084073
v 0.184225 -0.461877 0.085828
v 0.143499 -0.461987 0.163002
v 0.122040 -0.477880 0.197014
v 0.182268 -0.555295 0.172904
v 0.144542 -0.548961 0.244113
v 0.115556 -0.527875 0.250972
v 0.124250 -0.560342 0.284206
v 0.213779 -0.635147 0.204263
v 0.198365 -0.634663 0.266500
v 0.211609 -0.616717 0.161132
v 0.217798 -0.664021 0.259824
v 0.215775 -0.715178 0.311401
v 0.190986 -0.720674 0.352436
v 0.163135 -0.632018 0.333999
v 0.213052 -0.811961 0.317727
v 0.190692 -0.805342 0.354693
v 0.127231 -0.814690 0.411094
v 0.136772 -0.720674 0.406648
v 0.095336 -0.803530 0.433597
v 0.095737 -0.715178 0.431432
v 0.232913 -0.715178 0.250556
v 0.233135 -0.803112 0.254969
v 0.233265 -0.803112 0.175091
v 0.233691 -0.720674 0.170995
v 0.216612 -0.810697 0.109519
v 0.220799 -0.725888 0.093113
v 0.215905 -0.775873 0.083605
v 0.215451 -0.722719 0.051401
v 0.211877 -0.728363 0.001862
v 0.199259 -0.800252 -0.005575
v 0.208037 -0.806403 0.075860
v 0.214727 -0.722573 -0.051401
v 0.216076 -0.775409 -0.083795
v 0.205708 -0.815148 -0.074528
v 0.216086 -0.810429 -0.109519
v 0.220924 -0.718499 -0.094773
v 0.233413 -0.720628 -0.168901
v 0.233597 -0.804709 -0.176762
v 0.233135 -0.803112 -0.254969
v 0.233137 -0.724083 -0.255608
v 0.215767 -0.812436 -0.311401
v 0.213054 -0.715652 -0.317727
v 0.216993 -0.664541 -0.259751
v 0.218089 -0.860600 -0.253651
v 0.190692 -0.722272 -0.354693
v 0.190983 -0.806940 -0.352436
v 0.136772 -0.806940 -0.406648
v 0.127231 -0.712924 -0.411094
v 0.171047 -0.646375 -0.338364
v 0.123346 -0.640461 -0.381356
v 0.121751 -0.596571 -0.340060
v 0.123726 -0.885555 -0.381960
v 0.166295 -0.885555 -0.339391
v 0.117263 -0.934846 -0.338250
v 0.136772 -0.955025 -0.258379
v 0.196315 -0.890938 -0.264969
v 0.127272 -0.960799 -0.165748
v 0.192001 -0.900774 -0.172753
v 0.122883 -0.938208 -0.084091
v 0.178239 -0.881887 -0.086958
v 0.120334 -0.926622 0.000000
v 0.162868 -0.884141 0.000000
v 0.118080 -0.942036 0.086958
v 0.174415 -0.886690 0.084091
v 0.136968 -0.955808 0.172753
v 0.196993 -0.891079 0.165748
v 0.127131 -0.960122 0.264969
v 0.191218 -0.900579 0.258379
v 0.121748 -0.930102 0.339391
v 0.171040 -0.881070 0.338250
v 0.123346 -0.887153 0.381356
v 0.218089 -0.860600 0.176762
v 0.216825 -0.861539 0.255388
v 0.097732 -0.980827 0.175091
v 0.096794 -0.981896 0.253651
v 0.217021 -0.861539 -0.175091
v 0.097732 -0.980632 -0.255388
v 0.096794 -0.981896 -0.176762
v 0.095336 -0.724084 -0.433597
v 0.095737 -0.812436 -0.431431
v 0.211299 -0.635095 -0.204263
v 0.219859 -0.645939 -0.161132
v 0.209639 -0.615162 -0.163316
v 0.218126 -0.649031 -0.083794
v 0.213868 -0.603392 -0.086266
v 0.217043 -0.644806 0.005575
v 0.214965 -0.594466 -0.000000
v 0.218381 -0.644626 0.087870
v 0.213868 -0.603392 0.086266
v 0.220303 -0.647537 0.163316
v 0.201213 -0.543983 0.086266
v 0.208592 -0.541751 -0.000000
v 0.199762 -0.461877 -0.000000
v 0.201213 -0.543983 -0.086266
v 0.180037 -0.455328 -0.092377
v 0.174417 -0.540877 -0.171728
v 0.146587 -0.470919 -0.160805
v 0.125449 -0.475678 -0.190266
v 0.116979 -0.528706 -0.249325
v 0.152226 -0.563270 -0.243601
v 0.126942 -0.560020 -0.277880
v 0.126619 -0.435948 -0.170493
v 0.138032 -0.380971 -0.146494
v 0.179573 -0.374014 -0.082330
v 0.178176 -0.289345 -0.083618
v 0.134819 -0.289345 -0.147563
v 0.197129 -0.375611 -0.000000
v 0.196947 -0.289345 -0.000000
v 0.178176 -0.289345 0.083618
v 0.178176 -0.203080 0.083613
v 0.196947 -0.203080 -0.000000
v 0.178176 -0.203080 -0.083613
v 0.196947 -0.116814 -0.000000
v 0.178176 -0.116814 -0.083614
v 0.196947 -0.030548 -0.000000
v 0.178176 -0.030548 -0.083614
v 0.178176 -0.116814 0.083613
v 0.178176 -0.030548 0.083613
v 0.134799 -0.116814 -0.147545
v 0.134799 -0.030548 -0.147545
v 0.100175 -0.030548 -0.174234
v 0.100175 -0.116814 -0.174234
v 0.134799 0.055718 -0.147545
v 0.100175 0.055718 -0.174234
v 0.100175 0.141983 -0.174234
v 0.134799 -0.203080 -0.147545
v 0.100175 -0.203080 -0.174234
v 0.100257 -0.289345 -0.174277
v 0.196947 0.055718 -0.000000
v 0.178176 0.055718 -0.083614
v 0.099886 -0.380971 -0.178889
v 0.215522 -0.689348 -0.001862
v 0.190580 -0.621152 -0.263437
v 0.100175 0.228249 -0.174234
v 0.101175 0.314515 -0.174656
v 0.108920 0.392649 -0.176590
v 0.129085 0.437451 -0.176684
v 0.108920 0.392649 0.176590
v 0.215710 0.654524 0.032549
v 0.215943 0.610759 0.089888
v 0.220393 0.664638 0.090388
v 0.131996 0.570945 -0.319939
v 0.077381 0.490676 -0.255038
v 0.194491 0.745844 -0.354577
v 0.179451 0.661802 -0.349894
v 0.124250 0.653716 -0.397781
v 0.138912 0.745844 -0.410155
v 0.179451 0.829886 -0.349894
v 0.124250 0.837971 -0.397781
v 0.136209 0.892803 -0.351897
v 0.083724 0.823508 -0.429887
v 0.102361 0.745844 -0.433545
v 0.136209 0.598884 -0.351897
v 0.083724 0.668179 -0.429887
v 0.105298 0.920490 -0.348800
v -0.102901 0.921414 -0.348801
v 0.102902 0.569763 -0.349087
v -0.102901 0.569763 -0.349087
v -0.100175 0.055718 -0.174234
v 0.123726 -0.642059 0.381960
v 0.119938 -0.595421 0.341710
v -0.100175 0.055718 0.174234
v 0.102902 0.569763 0.349087
v 0.136209 0.598884 0.351897
v 0.195169 0.827535 -0.082092
v 0.178176 0.055718 0.083613
v 0.157641 0.828713 0.374419
v 0.159023 0.866577 0.349020
v 0.129453 0.873279 0.372178
v 0.174133 0.876324 0.313759
v 0.206723 0.854808 0.280032
v 0.190167 0.887129 0.254365
v 0.158185 0.910976 0.289771
v 0.140352 0.902153 0.338407
v 0.193193 0.831738 0.329178
v 0.190306 0.887095 0.176153
v 0.171612 0.914067 0.215355
v 0.210334 0.864491 0.215634
v 0.122292 0.951590 0.215356
v 0.147924 0.932814 0.254205
v 0.146933 0.932379 0.172678
v 0.118557 0.939374 0.129817
v 0.158963 0.909086 0.133972
v 0.133351 0.920633 0.098617
v 0.121083 0.920570 0.071578
v 0.138995 0.907891 0.083968
v 0.159472 0.877975 0.070977
v 0.184660 0.833522 0.047524
v 0.154760 0.872210 0.003596
v 0.135938 0.898850 0.035532
v 0.167507 0.874658 0.090511
v 0.200413 0.786398 0.039230
v 0.205739 0.804667 0.083794
v 0.212120 0.768071 0.075565
v 0.208704 0.742504 0.027705
v 0.198161 0.784259 -0.003786
v 0.215536 0.797700 0.108537
v 0.199556 0.835135 0.102928
v 0.227020 0.789255 0.143802
v 0.227883 0.741452 0.127069
v 0.218605 0.761144 0.095148
v 0.223021 0.825558 0.155916
v 0.233501 0.792856 0.180336
v 0.228617 0.822481 0.215883
v 0.232568 0.787699 0.254426
v 0.238456 0.746514 0.215156
v 0.233762 0.703986 0.172145
v 0.232718 0.703921 0.254426
v 0.229250 0.667666 0.214799
v 0.221475 0.669095 0.280032
v 0.227203 0.745844 0.291033
v 0.215861 0.702762 0.313400
v 0.207067 0.636611 0.280032
v 0.220866 0.646240 0.250127
v 0.209472 0.745844 0.335751
v 0.191074 0.702989 0.352870
v 0.193201 0.659949 0.329178
v 0.157641 0.662974 0.374419
v 0.167251 0.745844 0.382915
v 0.136112 0.702418 0.407270
v 0.120087 0.745844 0.425136
v 0.097084 0.703786 0.432374
v 0.101014 0.663744 0.418640
v 0.064016 0.670244 0.437841
v 0.075369 0.745844 0.442860
v 0.038761 0.703988 0.448226
v 0.034488 0.648080 0.436453
v 0.064491 0.644242 0.427625
v -0.034488 0.648080 0.436453
v 0.000000 0.627795 0.426433
v 0.000000 0.669406 0.444233
v 0.000000 0.578747 0.388004
v 0.040204 0.611070 0.410480
v -0.040204 0.611070 0.410480
v -0.039526 0.558892 0.363823
v 0.000000 0.537294 0.339923
v 0.039526 0.558892 0.363823
v 0.000000 0.495420 0.280383
v 0.042564 0.522579 0.312511
v -0.042564 0.522579 0.312511
v -0.033276 0.483139 0.263894
v 0.000000 0.467214 0.252175
v 0.033276 0.483139 0.263894
v 0.000000 0.400876 0.214335
v 0.038607 0.445333 0.233369
v -0.038607 0.445333 0.233369
v 0.000000 0.314515 0.199217
v 0.041032 0.358058 0.199452
v -0.041032 0.358058 0.199452
v 0.000000 0.228249 0.197573
v 0.039453 0.271382 0.194486
v -0.039453 0.271382 0.194486
v 0.000000 0.141983 0.197573
v 0.039421 0.185116 0.194307
v -0.039421 0.185116 0.194307
v 0.000000 0.055718 0.197573
v 0.039421 0.098851 0.194307
v -0.039421 0.098851 0.194307
v 0.000000 -0.030548 0.197573
v 0.039421 0.012585 0.194307
v -0.039421 0.012585 0.194307
v 0.000000 -0.116814 0.197573
v 0.039421 -0.073681 0.194307
v -0.039421 -0.073681 0.194307
v 0.000000 -0.203080 0.197573
v 0.039421 -0.159947 0.194307
v -0.039421 -0.159947 0.194307
v 0.000000 -0.289345 0.197792
v 0.039424 -0.246212 0.194331
v -0.039424 -0.246212 0.194331
v -0.000639 -0.376299 0.203468
v 0.039558 -0.332439 0.195407
v -0.040409 -0.333085 0.195181
v 0.000777 -0.453789 0.228415
v 0.042088 -0.416990 0.208532
v -0.040189 -0.423119 0.211055
v -0.042933 -0.482135 0.241119
v 0.000000 -0.500077 0.265328
v 0.043848 -0.482363 0.240802
v 0.000000 -0.541406 0.319590
v 0.043133 -0.525383 0.289191
v -0.043133 -0.525383 0.289191
v -0.043133 -0.556249 0.332780
v 0.000000 -0.569261 0.354980
v 0.043133 -0.556248 0.332780
v 0.000366 -0.625635 0.410805
v 0.043758 -0.600051 0.380974
v -0.043133 -0.599070 0.380409
v -0.043661 -0.647535 0.421999
v -0.000972 -0.660747 0.433702
v 0.038460 -0.651550 0.426690
v 0.000000 -0.723513 0.451212
v 0.037492 -0.690873 0.442033
v -0.038529 -0.691008 0.441848
v 0.000000 -0.804101 0.451212
v 0.040294 -0.763807 0.451212
v -0.040294 -0.763807 0.451212
v -0.038561 -0.837257 0.441529
v -0.000629 -0.867369 0.433425
v 0.037709 -0.836559 0.442013
v 0.000796 -0.902174 0.410691
v 0.042462 -0.872980 0.426183
v -0.040199 -0.886266 0.420767
v -0.042933 -0.928793 0.380332
v 0.000000 -0.958289 0.354751
v 0.043855 -0.927636 0.380827
v 0.000000 -0.981566 0.318847
v 0.043661 -0.970141 0.331936
v -0.043661 -0.970141 0.331936
v -0.038529 -0.989990 0.288463
v 0.000000 -0.999354 0.255958
v 0.038529 -0.989991 0.288463
v 0.000000 -0.999354 0.174225
v 0.040294 -0.999354 0.215534
v -0.040294 -0.999354 0.215534
v 0.000000 -0.982049 0.106489
v 0.038561 -0.989800 0.139202
v -0.038561 -0.989800 0.139202
v -0.040199 -0.973333 0.089879
v 0.000000 -0.973057 0.073183
v 0.040199 -0.973333 0.089879
v 0.000000 -0.964471 0.000000
v 0.042933 -0.962549 0.041484
v -0.042933 -0.962549 0.041484
v 0.000000 -0.973100 -0.073763
v 0.043133 -0.962571 -0.041774
v -0.043133 -0.962571 -0.041774
v 0.000000 -0.982462 -0.107865
v 0.043661 -0.974202 -0.096206
v -0.043661 -0.974202 -0.096206
v -0.038529 -0.990062 -0.139850
v 0.000000 -0.999354 -0.174225
v 0.038529 -0.990062 -0.139850
v 0.000000 -0.999354 -0.255958
v 0.040294 -0.999354 -0.215533
v -0.040294 -0.999354 -0.215534
v 0.000000 -0.981051 -0.320215
v 0.038561 -0.989672 -0.289115
v -0.038561 -0.989672 -0.289115
v -0.040199 -0.968909 -0.338123
v 0.000000 -0.958217 -0.355315
v 0.040199 -0.968909 -0.338123
v 0.000419 -0.901978 -0.410834
v 0.043558 -0.927494 -0.381215
v -0.042881 -0.928475 -0.380680
v -0.041713 -0.880073 -0.422754
v -0.000217 -0.866861 -0.433823
v 0.038460 -0.876064 -0.426690
v 0.000000 -0.804101 -0.451212
v 0.037492 -0.836741 -0.442033
v -0.037709 -0.836858 -0.441875
v -0.040294 -0.763807 -0.451212
v 0.000000 -0.723513 -0.451212
v 0.040294 -0.763807 -0.451212
v -0.037709 -0.691055 -0.442013
v 0.000000 -0.661234 -0.433942
v 0.037709 -0.691055 -0.442013
v 0.000000 -0.626722 -0.411307
v 0.042462 -0.654634 -0.426183
v -0.042462 -0.654634 -0.426183
v -0.043855 -0.599945 -0.380868
v 0.000000 -0.569261 -0.354980
v 0.043855 -0.599945 -0.380868
v 0.000000 -0.541406 -0.319590
v 0.043133 -0.556248 -0.332780
v -0.043133 -0.556249 -0.332780
v -0.043133 -0.525383 -0.289191
v 0.000000 -0.500077 -0.265328
v 0.043133 -0.525383 -0.289191
v 0.000381 -0.453032 -0.228367
v 0.043701 -0.481743 -0.240773
v -0.043058 -0.481936 -0.241014
v -0.041336 -0.417819 -0.209358
v -0.000225 -0.375411 -0.203659
v 0.037861 -0.413031 -0.210236
v -0.039558 -0.332478 -0.195425
v 0.000000 -0.289345 -0.197792
v 0.039333 -0.332278 -0.195506
v -0.039424 -0.246212 -0.194331
v 0.000000 -0.203080 -0.197573
v 0.039424 -0.246212 -0.194331
v -0.039421 -0.159947 -0.194307
v 0.000000 -0.116814 -0.197573
v 0.039421 -0.159947 -0.194307
v -0.039421 -0.073681 -0.194307
v 0.000000 -0.030548 -0.197573
v 0.039421 -0.073681 -0.194307
v -0.039421 0.012585 -0.194307
v 0.000000 0.055718 -0.197573
v 0.039421 0.012585 -0.194307
v -0.039421 0.098851 -0.194307
v 0.000000 0.141983 -0.197573
v 0.039421 0.098851 -0.194307
v -0.039421 0.185116 -0.194307
v 0.000000 0.228249 -0.197573
v 0.039421 0.185116 -0.194307
v -0.039453 0.271382 -0.194486
v 0.000000 0.314515 -0.199218
v 0.039453 0.271382 -0.194486
v -0.041032 0.358058 -0.199452
v 0.000000 0.400876 -0.214335
v 0.041032 0.358058 -0.199452
v -0.038607 0.445333 -0.233369
v 0.000000 0.467214 -0.252175
v 0.038607 0.445333 -0.233369
v 0.000000 0.495420 -0.280383
v 0.033276 0.483139 -0.263894
v -0.033276 0.483139 -0.263894
v -0.042564 0.522579 -0.312511
v 0.000000 0.537294 -0.339923
v 0.042564 0.522579 -0.312511
v 0.000000 0.578747 -0.388004
v 0.039526 0.558892 -0.363823
v -0.039526 0.558892 -0.363823
v -0.040204 0.611069 -0.410480
v 0.000000 0.627795 -0.426433
v 0.040204 0.611069 -0.410480
v 0.000000 0.669406 -0.444234
v 0.034488 0.648080 -0.436453
v -0.034488 0.648080 -0.436453
v -0.038761 0.703988 -0.448226
v 0.000000 0.745843 -0.453838
v 0.038761 0.703988 -0.448226
v -0.038761 0.787699 -0.448226
v 0.000000 0.822281 -0.444234
v 0.038761 0.787699 -0.448226
v -0.034488 0.843606 -0.436453
v 0.000000 0.863892 -0.426433
v 0.034488 0.843607 -0.436453
v 0.000000 0.912939 -0.388004
v 0.040204 0.880617 -0.410480
v -0.040204 0.880617 -0.410480
v -0.039526 0.932475 -0.363644
v 0.000584 0.951788 -0.337580
v 0.040348 0.932601 -0.363187
v -0.043093 0.960844 -0.307330
v -0.000818 0.979331 -0.259291
v 0.040268 0.966653 -0.296262
v -0.043864 0.979337 -0.216104
v 0.000000 0.980308 -0.172532
v 0.042933 0.979653 -0.215465
v -0.043133 0.966265 -0.129682
v 0.000272 0.959092 -0.085900
v 0.043669 0.966053 -0.128992
v -0.043637 0.946200 -0.049717
v -0.000310 0.946720 0.000169
v 0.038422 0.947048 -0.037444
v -0.042691 0.945748 0.042005
v -0.000767 0.959123 0.086423
v 0.040111 0.947604 0.048515
v -0.043844 0.966070 0.129653
v 0.000000 0.980308 0.172531
v 0.042933 0.966342 0.129598
v -0.043133 0.979494 0.215639
v 0.000440 0.979232 0.259503
v 0.043827 0.979277 0.216283
v -0.043738 0.963361 0.300514
v -0.000921 0.951597 0.338093
v 0.039366 0.962863 0.306248
v 0.000000 0.912939 0.388004
v 0.039318 0.932594 0.363569
v -0.040323 0.932331 0.363833
v -0.040204 0.880617 0.410480
v 0.000000 0.863892 0.426433
v 0.040204 0.880617 0.410480
v 0.000000 0.822281 0.444233
v 0.034488 0.843607 0.436453
v -0.034488 0.843607 0.436453
v 0.000000 0.745844 0.453838
v 0.038761 0.787699 0.448226
v -0.038761 0.787699 0.448226
v -0.064016 0.821444 0.437841
v -0.097084 0.787901 0.432374
v -0.075369 0.745844 0.442860
v -0.038761 0.703988 0.448226
v -0.097084 0.703786 0.432374
v -0.064016 0.670244 0.437841
v -0.101014 0.663744 0.418640
v -0.120087 0.745844 0.425136
v -0.136112 0.702418 0.407270
v -0.167251 0.745844 0.382915
v -0.191074 0.702989 0.352870
v -0.157641 0.662974 0.374419
v -0.193201 0.659949 0.329178
v -0.209472 0.745844 0.335751
v -0.215861 0.702762 0.313400
v -0.191074 0.788698 0.352870
v -0.193193 0.831738 0.329178
v -0.215858 0.788925 0.313400
v -0.173434 0.876632 0.314229
v -0.157349 0.911344 0.290240
v -0.190167 0.887129 0.254365
v -0.206723 0.854808 0.280032
v -0.159023 0.866577 0.349020
v -0.139599 0.902363 0.339172
v -0.129453 0.873279 0.372178
v -0.157641 0.828713 0.374419
v -0.210576 0.864324 0.215883
v -0.172189 0.913511 0.215096
v -0.195847 0.882734 0.180336
v -0.192133 0.872556 0.143802
v -0.158133 0.906870 0.127131
v -0.169217 0.873360 0.089374
v -0.200135 0.837132 0.107836
v -0.211989 0.851528 0.155916
v -0.154260 0.877098 0.041428
v -0.185009 0.831568 0.047752
v -0.139776 0.905312 0.078603
v -0.132142 0.902206 0.031011
v -0.154760 0.872210 -0.003596
v -0.158953 0.878348 -0.070999
v -0.184660 0.833522 -0.047524
v -0.135355 0.899234 -0.035451
v -0.138370 0.908334 -0.084140
v -0.167507 0.874658 -0.090511
v -0.180111 0.871466 -0.115376
v -0.158963 0.909086 -0.133972
v -0.190306 0.887095 -0.176153
v -0.207447 0.854462 -0.150966
v -0.199556 0.835135 -0.102928
v -0.210334 0.864491 -0.215634
v -0.171612 0.914067 -0.215355
v -0.190167 0.887129 -0.254366
v -0.173436 0.876778 -0.313852
v -0.139505 0.902606 -0.338649
v -0.159023 0.866577 -0.349020
v -0.193193 0.831738 -0.329178
v -0.206723 0.854808 -0.280033
v -0.157451 0.911489 -0.289759
v -0.157641 0.828713 -0.374419
v -0.129453 0.873279 -0.372179
v -0.147849 0.932933 -0.253997
v -0.125006 0.938299 -0.288356
v -0.215858 0.788925 -0.313400
v -0.191074 0.788698 -0.352870
v -0.209472 0.745844 -0.335751
v -0.215861 0.702762 -0.313400
v -0.191074 0.702989 -0.352870
v -0.193201 0.659949 -0.329179
v -0.157641 0.662974 -0.374419
v -0.167251 0.745844 -0.382916
v -0.136112 0.702418 -0.407270
v -0.129453 0.618408 -0.372179
v -0.159023 0.625110 -0.349020
v -0.120087 0.745844 -0.425136
v -0.097084 0.703786 -0.432374
v -0.101014 0.663744 -0.418640
v -0.136112 0.789269 -0.407270
v -0.101014 0.827943 -0.418640
v -0.097084 0.787901 -0.432374
v -0.173631 0.614698 -0.313879
v -0.158765 0.578362 -0.289891
v -0.193439 0.602657 -0.254497
v -0.207067 0.636611 -0.280033
v -0.139499 0.588865 -0.338695
v -0.182979 0.569936 -0.218433
v -0.206567 0.591674 -0.172865
v -0.213320 0.620141 -0.214799
v -0.203097 0.564619 -0.128978
v -0.213571 0.593792 -0.089583
v -0.215820 0.608488 -0.129851
v -0.214501 0.613922 -0.044962
v -0.212192 0.574042 -0.036760
v -0.215155 0.621587 -0.005630
v -0.214792 0.659295 -0.015092
v -0.215902 0.625871 -0.056180
v -0.215309 0.616360 0.015209
v -0.212021 0.568619 0.043778
v -0.213411 0.589553 0.086732
v -0.215980 0.623847 0.051329
v -0.214952 0.662553 0.008376
v -0.203297 0.564123 0.129242
v -0.206943 0.591963 0.172364
v -0.215822 0.608365 0.129648
v -0.185168 0.566900 0.211394
v -0.193276 0.601907 0.254033
v -0.213320 0.620141 0.214799
v -0.153084 0.529310 0.228435
v -0.178871 0.529029 0.168548
v -0.147964 0.492890 0.192544
v -0.126966 0.511502 0.240221
v -0.147112 0.545590 0.261345
v -0.140956 0.456889 0.174898
v -0.125017 0.455056 0.190392
v -0.149216 0.442665 0.155511
v -0.177626 0.486682 0.127762
v -0.184746 0.443914 0.085330
v -0.159776 0.400928 0.123179
v -0.131501 0.422654 0.167946
v -0.193397 0.400781 0.042924
v -0.200459 0.487046 0.043095
v -0.199710 0.443914 -0.000000
v -0.193437 0.400581 -0.042712
v -0.200100 0.486343 -0.043537
v -0.184605 0.438673 -0.082215
v -0.162005 0.441362 -0.126138
v -0.173648 0.488879 -0.134314
v -0.145184 0.461524 -0.169101
v -0.135404 0.425389 -0.161679
v -0.161074 0.397503 -0.118175
v -0.125303 0.455108 -0.189601
v -0.147929 0.490333 -0.186811
v -0.156719 0.314515 -0.120367
v -0.178531 0.357448 -0.083847
v -0.135925 0.357484 -0.149048
v -0.156672 0.228249 -0.119976
v -0.178179 0.271382 -0.083631
v -0.134831 0.271382 -0.147613
v -0.192186 0.228249 -0.042801
v -0.196948 0.271382 -0.000000
v -0.192202 0.314515 -0.042818
v -0.192186 0.228249 0.042801
v -0.178179 0.271382 0.083630
v -0.192202 0.314515 0.042818
v -0.134831 0.271382 0.147613
v -0.156719 0.314515 0.120367
v -0.156672 0.228249 0.119976
v -0.134799 0.185116 0.147545
v -0.178176 0.185116 0.083613
v -0.156672 0.141983 0.119976
v -0.134799 0.098851 0.147545
v -0.178176 0.098850 0.083613
v -0.156672 0.055718 0.119976
v -0.192186 0.055718 0.042801
v -0.192186 0.141983 0.042801
v -0.196947 0.098851 -0.000000
v -0.192186 0.055718 -0.042801
v -0.192186 0.141983 -0.042801
v -0.178176 0.098850 -0.083614
v -0.156672 0.055718 -0.119976
v -0.156672 0.141983 -0.119976
v -0.134799 0.098851 -0.147545
v -0.156672 -0.030548 -0.119976
v -0.178176 0.012585 -0.083614
v -0.134799 0.012585 -0.147545
v -0.156672 -0.116814 -0.119976
v -0.178176 -0.073681 -0.083614
v -0.134799 -0.073681 -0.147545
v -0.192186 -0.116814 -0.042801
v -0.196947 -0.073681 -0.000000
v -0.192186 -0.030548 -0.042801
v -0.192186 -0.116814 0.042801
v -0.178176 -0.073681 0.083613
v -0.192186 -0.030548 0.042801
v -0.134799 -0.073681 0.147545
v -0.156672 -0.030548 0.119976
v -0.156672 -0.116814 0.119976
v -0.134799 -0.159947 0.147545
v -0.178176 -0.159947 0.083613
v -0.156672 -0.203080 0.119976
v -0.134801 -0.246212 0.147547
v -0.178176 -0.246212 0.083614
v -0.156674 -0.289345 0.119989
v -0.135179 -0.332717 0.147482
v -0.178351 -0.332278 0.083464
v -0.160021 -0.372712 0.116519
v -0.192585 -0.375411 0.042641
v -0.192186 -0.289345 0.042802
v -0.196970 -0.332478 -0.000000
v -0.192472 -0.375611 -0.042859
v -0.192186 -0.289345 -0.042802
v -0.178238 -0.332478 -0.083682
v -0.157247 -0.376178 -0.121615
v -0.156674 -0.289345 -0.119989
v -0.134789 -0.332845 -0.148134
v -0.178176 -0.246212 -0.083614
v -0.156672 -0.203080 -0.119976
v -0.134801 -0.246212 -0.147547
v -0.118070 -0.203080 -0.163653
v -0.100186 -0.246212 -0.174240
v -0.118129 -0.289345 -0.163671
v -0.140218 -0.422327 -0.153566
v -0.165266 -0.461932 -0.127111
v -0.180105 -0.418744 -0.084952
v -0.128114 -0.413118 -0.165583
v -0.132080 -0.447352 -0.170510
v -0.135456 -0.472821 -0.180593
v -0.126855 -0.447744 -0.175786
v -0.135150 -0.509552 -0.215994
v -0.162582 -0.548940 -0.210464
v -0.160734 -0.505792 -0.166245
v -0.116176 -0.502996 -0.226228
v -0.130445 -0.536822 -0.249575
v -0.139237 -0.560508 -0.267130
v -0.116483 -0.542630 -0.266756
v -0.148582 -0.592811 -0.303407
v -0.181770 -0.634186 -0.300970
v -0.171460 -0.591387 -0.254312
v -0.120082 -0.576729 -0.314642
v -0.143068 -0.610467 -0.339658
v -0.147932 -0.642618 -0.363673
v -0.120013 -0.615243 -0.364229
v -0.207739 -0.674395 -0.296688
v -0.180655 -0.677536 -0.345658
v -0.206341 -0.720145 -0.331936
v -0.217414 -0.684571 -0.285814
v -0.211656 -0.650336 -0.260442
v -0.203654 -0.624480 -0.230348
v -0.217171 -0.650342 -0.234277
v -0.226206 -0.674690 -0.222928
v -0.235779 -0.720145 -0.210277
v -0.227138 -0.679182 -0.167232
v -0.219762 -0.646795 -0.186556
v -0.225174 -0.684571 -0.258847
v -0.216356 -0.631038 -0.161193
v -0.212027 -0.623121 -0.181204
v -0.219490 -0.646258 -0.128447
v -0.216630 -0.622449 -0.086466
v -0.212464 -0.610128 -0.127974
v -0.217537 -0.643230 -0.047914
v -0.216507 -0.616097 -0.000588
v -0.214723 -0.597246 -0.043133
v -0.217171 -0.641028 0.040413
v -0.216603 -0.622670 0.086016
v -0.214723 -0.597246 0.043133
v -0.219417 -0.646447 0.128007
v -0.216054 -0.630644 0.161192
v -0.212218 -0.609933 0.128247
v -0.207158 -0.619717 0.186556
v -0.218496 -0.643292 0.181203
v -0.226140 -0.674613 0.193371
v -0.235716 -0.722065 0.216942
v -0.226234 -0.689570 0.255435
v -0.217797 -0.653412 0.229911
v -0.225938 -0.674482 0.161732
v -0.235607 -0.804301 0.215715
v -0.235549 -0.763755 0.256038
v -0.236684 -0.768014 0.176710
v -0.217501 -0.763933 0.319531
v -0.225866 -0.725193 0.289195
v -0.226184 -0.802336 0.288463
v -0.226369 -0.836741 0.253156
v -0.217441 -0.842669 0.285043
v -0.207551 -0.852972 0.296539
v -0.181473 -0.888459 0.306761
v -0.180899 -0.849116 0.346177
v -0.206334 -0.807468 0.331936
v -0.211026 -0.876064 0.254125
v -0.129962 -0.847988 0.397775
v -0.164704 -0.806888 0.380398
v -0.147899 -0.883947 0.364402
v -0.138171 -0.763388 0.410834
v -0.163687 -0.720249 0.381215
v -0.194446 -0.764006 0.355033
v -0.124652 -0.672710 0.397137
v -0.148459 -0.643923 0.364175
v -0.180994 -0.683286 0.351592
v -0.195599 -0.677582 0.326033
v -0.182135 -0.632724 0.301043
v -0.207708 -0.646318 0.263803
v -0.214168 -0.682827 0.290671
v -0.205103 -0.723608 0.338123
v -0.160543 -0.590402 0.274248
v -0.148498 -0.615238 0.336509
v -0.124545 -0.579126 0.309742
v -0.139954 -0.558497 0.260926
v -0.171012 -0.591507 0.252392
v -0.120040 -0.615339 0.364098
v -0.116266 -0.805520 0.422754
v -0.103054 -0.764024 0.433823
v -0.112257 -0.725346 0.426690
v -0.148103 -0.911909 0.336198
v -0.119612 -0.912301 0.364369
v -0.207653 -0.880097 0.173378
v -0.195268 -0.902002 0.216059
v -0.218183 -0.866861 0.215341
v -0.199217 -0.850161 0.102230
v -0.184743 -0.894341 0.130314
v -0.214923 -0.844517 0.138705
v -0.209877 -0.814474 0.089485
v -0.193078 -0.845640 0.074507
v -0.166551 -0.884408 0.042908
v -0.200689 -0.811683 0.046247
v -0.181683 -0.848495 0.000588
v -0.166267 -0.884869 -0.042861
v -0.200731 -0.806265 -0.039663
v -0.193032 -0.849446 -0.079820
v -0.208532 -0.853059 -0.131676
v -0.184691 -0.889061 -0.123067
v -0.210821 -0.817033 -0.095302
v -0.217525 -0.842479 -0.143001
v -0.211101 -0.876072 -0.176390
v -0.207090 -0.880073 -0.257378
v -0.195235 -0.901998 -0.215180
v -0.218159 -0.866861 -0.215767
v -0.195592 -0.850007 -0.326016
v -0.182111 -0.893769 -0.299845
v -0.214141 -0.844595 -0.290125
v -0.205103 -0.804006 -0.338123
v -0.180994 -0.844318 -0.351585
v -0.148849 -0.882992 -0.364513
v -0.164950 -0.806540 -0.380614
v -0.135921 -0.844319 -0.396658
v -0.194447 -0.763607 -0.355033
v -0.163830 -0.719952 -0.380827
v -0.138367 -0.763011 -0.410691
v -0.109173 -0.721345 -0.426183
v -0.103562 -0.764436 -0.433425
v -0.122459 -0.804006 -0.420767
v -0.129962 -0.945918 -0.299845
v -0.164734 -0.928541 -0.258693
v -0.148287 -0.912094 -0.335905
v -0.226211 -0.836858 -0.253373
v -0.225865 -0.802368 -0.289115
v -0.235598 -0.762999 -0.255508
v -0.226201 -0.724405 -0.288276
v -0.217502 -0.763681 -0.319531
v -0.138191 -0.959042 -0.215180
v -0.164836 -0.928643 -0.171158
v -0.116266 -0.970897 -0.257378
v -0.103054 -0.981965 -0.215767
v -0.112265 -0.974908 -0.176390
v -0.226385 -0.836741 -0.177278
v -0.235565 -0.804101 -0.215506
v -0.214111 -0.789927 -0.083079
v -0.215941 -0.790271 -0.090620
v -0.220908 -0.766823 -0.102934
v -0.227773 -0.721173 -0.130665
v -0.235930 -0.763328 -0.173159
v -0.226593 -0.802204 -0.138705
v -0.217643 -0.755692 -0.084721
v -0.217772 -0.716321 -0.069769
v -0.215825 -0.755400 -0.073837
v -0.212622 -0.766531 -0.062137
v -0.207334 -0.759830 -0.003732
v -0.212953 -0.729388 -0.027338
v -0.214240 -0.706446 0.000000
v -0.215473 -0.697664 -0.022417
v -0.121062 -0.930035 -0.042861
v -0.144404 -0.908204 0.000000
v -0.151902 -0.915707 -0.085722
v -0.208242 -0.763957 0.033668
v -0.212596 -0.793780 0.078019
v -0.214693 -0.757327 0.068881
v -0.212513 -0.726069 0.022417
v -0.219171 -0.750946 0.090403
v -0.217804 -0.718962 0.075233
v -0.217402 -0.787249 0.095992
v -0.130534 -0.948549 0.130314
v -0.165296 -0.929103 0.172587
v -0.151964 -0.915770 0.086406
v -0.226293 -0.837058 0.177278
v -0.227385 -0.805654 0.143001
v -0.138195 -0.959075 0.216059
v -0.164288 -0.928095 0.260047
v -0.116290 -0.971460 0.173378
v -0.103054 -0.981990 0.215341
v -0.112257 -0.974833 0.254125
v -0.227366 -0.766989 0.131957
v -0.226156 -0.719239 0.124436
v -0.202507 -0.626574 0.234463
v -0.182191 -0.596301 0.222254
v -0.162779 -0.554146 0.210224
v -0.195790 -0.585633 0.167291
v -0.148977 -0.506389 0.186970
v -0.134814 -0.540910 0.245830
v -0.119501 -0.504797 0.221683
v -0.137024 -0.470267 0.174289
v -0.160967 -0.501133 0.160441
v -0.191158 -0.545005 0.128969
v -0.161561 -0.467177 0.133421
v -0.191680 -0.504065 0.086884
v -0.121671 -0.444569 0.176915
v -0.136157 -0.451081 0.164798
v -0.208741 -0.577519 0.086266
v -0.217142 -0.680470 0.063033
v -0.216446 -0.668365 0.003732
v -0.215525 -0.695112 0.027338
v -0.220230 -0.683082 0.095587
v -0.206847 -0.542446 0.043133
v -0.212367 -0.571104 -0.000000
v -0.216766 -0.678998 -0.033668
v -0.220233 -0.679118 -0.090950
v -0.206847 -0.542446 -0.043133
v -0.208741 -0.577519 -0.086266
v -0.203858 -0.504211 -0.000000
v -0.195947 -0.461877 -0.043078
v -0.192088 -0.504490 -0.086211
v -0.191883 -0.546387 -0.129084
v -0.201583 -0.591274 -0.162210
v -0.196409 -0.595449 -0.193573
v -0.119910 -0.372317 -0.165221
v -0.120250 -0.413118 -0.171711
v -0.100997 -0.332845 -0.174468
v -0.196947 -0.246212 -0.000000
v -0.192186 -0.203080 -0.042801
v -0.197732 -0.418744 -0.000000
v -0.195690 -0.461221 0.043493
v -0.181508 -0.413626 0.081675
v -0.157447 -0.419489 0.124497
v -0.132011 -0.414776 0.159498
v -0.114850 -0.408048 0.173036
v -0.120052 -0.371537 0.164536
v -0.100995 -0.332111 0.174321
v -0.118129 -0.289345 0.163671
v -0.100185 -0.246212 0.174240
v -0.118070 -0.203080 0.163653
v -0.118070 -0.116814 0.163653
v -0.100175 -0.073681 0.174234
v -0.118070 -0.030548 0.163653
v -0.192186 -0.203080 0.042801
v -0.196947 -0.159947 -0.000000
v -0.178176 -0.159947 -0.083613
v -0.134799 -0.159947 -0.147545
v -0.118070 -0.030548 -0.163653
v -0.100175 -0.073681 -0.174234
v -0.118070 -0.116814 -0.163653
v -0.196947 0.012585 -0.000000
v -0.134799 0.012585 0.147545
v -0.178176 0.012585 0.083613
v -0.118070 0.141983 0.163653
v -0.100175 0.185116 0.174234
v -0.118070 0.228249 0.163653
v -0.100300 0.271382 0.174287
v -0.118789 0.314515 0.164080
v -0.103641 0.356631 0.175530
v -0.122626 0.391716 0.167116
v -0.135666 0.357595 0.149698
v -0.196947 0.185116 -0.000000
v -0.178176 0.185116 -0.083614
v -0.134799 0.185116 -0.147545
v -0.118070 0.228249 -0.163653
v -0.100175 0.185116 -0.174234
v -0.118070 0.141983 -0.163653
v -0.118789 0.314515 -0.164080
v -0.100300 0.271382 -0.174287
v -0.122962 0.391786 -0.166430
v -0.103641 0.356631 -0.175531
v -0.118037 0.418491 -0.176950
v -0.197081 0.357648 -0.000000
v -0.178491 0.357648 0.084059
v -0.117843 0.418328 0.177237
v -0.094402 0.484777 0.237001
v -0.100285 0.508556 0.260108
v -0.220866 0.646240 0.250127
v -0.229250 0.667666 0.214799
v -0.221984 0.636893 0.172531
v -0.221475 0.669095 0.280032
v -0.207067 0.636611 0.280032
v -0.232718 0.703921 0.254426
v -0.238382 0.745844 0.215415
v -0.233731 0.703522 0.172678
v -0.224616 0.664689 0.129914
v -0.228639 0.745922 0.133698
v -0.221322 0.703222 0.093167
v -0.217614 0.664773 0.056514
v -0.216935 0.736927 0.077047
v -0.215260 0.702431 0.041793
v -0.216704 0.765319 0.090850
v -0.213930 0.765319 0.081608
v -0.232568 0.787699 0.254426
v -0.228578 0.822281 0.215634
v -0.232813 0.787699 0.176152
v -0.200887 0.529091 0.086239
v -0.218397 0.633175 0.090515
v -0.208852 0.745722 0.032892
v -0.212135 0.702711 -0.000085
v -0.208704 0.742504 -0.027705
v -0.215143 0.702198 -0.041835
v -0.216925 0.736043 -0.076453
v -0.221392 0.702221 -0.092985
v -0.217599 0.664809 -0.057159
v -0.224616 0.664689 -0.129914
v -0.227883 0.741452 -0.127070
v -0.233762 0.703986 -0.172145
v -0.229250 0.667666 -0.214799
v -0.238456 0.746514 -0.215157
v -0.232718 0.703921 -0.254426
v -0.233501 0.792856 -0.180336
v -0.228617 0.822481 -0.215883
v -0.232568 0.787699 -0.254426
v -0.212120 0.768071 -0.075565
v -0.218605 0.761144 -0.095148
v -0.208374 0.530629 0.000265
v -0.200563 0.529552 -0.086198
v -0.218395 0.633298 -0.090718
v -0.221984 0.636893 -0.172532
v -0.161873 0.527560 -0.198890
v -0.151532 0.550032 -0.257216
v -0.130694 0.514084 -0.234854
v -0.177303 0.525023 -0.164288
v -0.100482 0.508710 -0.259864
v -0.094614 0.484844 -0.236502
v -0.220866 0.646240 -0.250127
v -0.124018 0.543767 -0.288270
v -0.221475 0.669095 -0.280033
v -0.227203 0.745844 -0.291034
v -0.221439 0.822525 -0.280033
v -0.220567 0.843906 -0.250127
v -0.146933 0.932379 -0.172678
v -0.122217 0.951708 -0.215148
v -0.220624 0.844106 -0.181360
v -0.215536 0.797700 -0.108537
v -0.205739 0.804667 -0.083794
v -0.223021 0.825558 -0.155917
v -0.116606 0.923960 -0.078756
v -0.133421 0.920863 -0.099733
v -0.200412 0.786398 -0.039230
v -0.198161 0.784259 0.003786
v -0.108029 0.920664 0.035451
v -0.119745 0.910839 -0.000000
v -0.133531 0.920820 0.099620
v -0.147361 0.931857 0.172145
v -0.119032 0.939459 0.131118
v -0.208447 0.799553 0.089289
v -0.213783 0.799773 0.103841
v -0.222289 0.822036 0.150966
v -0.220826 0.843739 0.181360
v -0.147649 0.932934 0.254205
v -0.122018 0.951710 0.215356
v -0.220567 0.843906 0.250127
v -0.119804 0.908574 0.352743
v -0.116553 0.921005 0.341677
v -0.221439 0.822525 0.280032
v -0.173631 0.614698 0.313879
v -0.139499 0.588865 0.338695
v -0.159023 0.625110 0.349020
v -0.158454 0.577603 0.289697
v -0.113237 0.565312 0.336200
v -0.119613 0.582853 0.352488
v -0.227203 0.745844 0.291033
v -0.136112 0.789269 0.407270
v -0.129453 0.618408 0.372178
v 0.064016 0.821444 0.437841
v 0.064491 0.847445 0.427625
v -0.064491 0.847445 0.427625
v 0.083693 0.915291 0.365361
v 0.072657 0.939031 0.339901
v -0.082166 0.931879 0.348468
v -0.083864 0.914687 0.366426
v -0.090284 0.937945 0.328948
v -0.085273 0.963467 0.258014
v -0.121606 0.937853 0.293118
v -0.085231 0.964047 0.172531
v -0.089915 0.941796 0.098594
v -0.088875 0.934823 0.071436
v -0.081297 0.930471 0.002904
v -0.120002 0.923446 0.084456
v 0.078489 0.936162 -0.044471
v 0.113862 0.918935 -0.041566
v 0.121414 0.921734 -0.078140
v 0.089667 0.940988 -0.092277
v 0.078325 0.932065 0.003017
v 0.119615 0.910983 -0.000552
v 0.132773 0.901744 -0.030692
v 0.140263 0.904865 -0.077987
v 0.133544 0.920771 -0.099327
v 0.119045 0.939410 -0.130824
v 0.158133 0.906870 -0.127132
v 0.147361 0.931857 -0.172145
v 0.121599 0.951914 -0.215941
v 0.172189 0.913511 -0.215096
v 0.147468 0.932941 -0.255026
v 0.127301 0.933018 -0.299607
v 0.158185 0.910881 -0.290017
v 0.190167 0.887129 -0.254366
v 0.195847 0.882734 -0.180336
v 0.210576 0.864324 -0.215883
v 0.220826 0.843739 -0.181360
v 0.228578 0.822281 -0.215634
v 0.220567 0.843906 -0.250127
v 0.222289 0.822036 -0.150966
v 0.211989 0.851528 -0.155917
v 0.206723 0.854808 -0.280033
v 0.221439 0.822525 -0.280033
v 0.215858 0.788925 -0.313400
v 0.232568 0.787699 -0.254426
v 0.227203 0.745844 -0.291034
v 0.215861 0.702762 -0.313400
v 0.232718 0.703921 -0.254426
v 0.221475 0.669095 -0.280033
v 0.238382 0.745844 -0.215415
v 0.233731 0.703522 -0.172678
v 0.229250 0.667666 -0.214799
v 0.228639 0.745922 -0.133698
v 0.221322 0.703222 -0.093168
v 0.224616 0.664689 -0.129914
v 0.217614 0.664773 -0.056515
v 0.216935 0.736927 -0.077048
v 0.215260 0.702431 -0.041794
v 0.216704 0.765319 -0.090850
v 0.213930 0.765319 -0.081609
v 0.215980 0.623847 -0.051330
v 0.218397 0.633175 -0.090515
v 0.208852 0.745722 -0.032893
v 0.212135 0.702711 0.000085
v 0.214952 0.662553 -0.008378
v 0.221984 0.636893 -0.172532
v 0.215822 0.608365 -0.129648
v 0.220866 0.646240 -0.250127
v 0.213320 0.620141 -0.214799
v 0.206943 0.591963 -0.172364
v 0.185168 0.566900 -0.211394
v 0.193276 0.601907 -0.254033
v 0.153084 0.529310 -0.228435
v 0.178872 0.529029 -0.168549
v 0.147964 0.492890 -0.192544
v 0.126967 0.511502 -0.240221
v 0.147112 0.545590 -0.261345
v 0.203297 0.564123 -0.129242
v 0.200887 0.529091 -0.086239
v 0.177626 0.486682 -0.127762
v 0.212021 0.568619 -0.043779
v 0.208374 0.530629 -0.000265
v 0.200459 0.487046 -0.043095
v 0.212192 0.574042 0.036760
v 0.200563 0.529552 0.086198
v 0.200100 0.486343 0.043537
v 0.203097 0.564619 0.128978
v 0.177303 0.525023 0.164288
v 0.173648 0.488879 0.134314
v 0.161873 0.527560 0.198890
v 0.182979 0.569936 0.218433
v 0.151532 0.550032 0.257216
v 0.130694 0.514084 0.234853
v 0.147929 0.490333 0.186810
v 0.124018 0.543767 0.288270
v 0.158765 0.578362 0.289890
v 0.213320 0.620141 0.214799
v 0.193439 0.602658 0.254497
v 0.206567 0.591674 0.172864
v 0.125303 0.455108 0.189600
v 0.145184 0.461524 0.169101
v 0.100482 0.508710 0.259864
v 0.094614 0.484844 0.236502
v 0.162005 0.441362 0.126137
v 0.135404 0.425389 0.161679
v 0.161074 0.397503 0.118175
v 0.184605 0.438673 0.082215
v 0.156719 0.314515 0.120367
v 0.178531 0.357448 0.083847
v 0.135925 0.357484 0.149048
v 0.197081 0.357648 -0.000000
v 0.193437 0.400581 0.042712
v 0.192202 0.314515 0.042818
v 0.178491 0.357648 -0.084059
v 0.193397 0.400781 -0.042925
v 0.192202 0.314515 -0.042818
v 0.135666 0.357595 -0.149698
v 0.159776 0.400928 -0.123179
v 0.156719 0.314515 -0.120367
v 0.134831 0.271382 -0.147613
v 0.178179 0.271382 -0.083631
v 0.156672 0.228249 -0.119976
v 0.134799 0.185116 -0.147545
v 0.178176 0.185116 -0.083614
v 0.156672 0.141983 -0.119976
v 0.192186 0.228249 -0.042801
v 0.196947 0.185116 -0.000000
v 0.192186 0.141983 -0.042801
v 0.192186 0.228249 0.042801
v 0.178176 0.185116 0.083613
v 0.192186 0.141983 0.042801
v 0.156672 0.141983 0.119976
v 0.156672 0.228249 0.119976
v 0.134799 0.185116 0.147545
v 0.118070 0.228249 0.163653
v 0.100175 0.185116 0.174234
v 0.118070 0.141983 0.163653
v 0.134831 0.271382 0.147613
v 0.118789 0.314515 0.164080
v 0.100300 0.271382 0.174287
v 0.134799 0.098851 0.147545
v 0.100175 0.098851 0.174234
v 0.118070 0.055718 0.163653
v 0.134799 0.012585 0.147545
v 0.100175 0.012585 0.174234
v 0.118070 -0.030548 0.163653
v 0.134799 -0.073681 0.147545
v 0.100175 -0.073681 0.174234
v 0.118070 -0.116814 0.163653
v 0.134799 -0.159947 0.147545
v 0.100175 -0.159947 0.174234
v 0.118070 -0.203080 0.163653
v 0.134801 -0.246212 0.147547
v 0.100186 -0.246212 0.174240
v 0.118129 -0.289345 0.163671
v 0.134789 -0.332845 0.148134
v 0.100695 -0.332111 0.174504
v 0.119321 -0.371509 0.165403
v 0.108114 -0.408585 0.177457
v 0.127201 -0.413580 0.166201
v 0.140218 -0.422327 0.153566
v 0.165266 -0.461932 0.127111
v 0.180105 -0.418744 0.084952
v 0.157247 -0.376178 0.121615
v 0.131304 -0.448108 0.171127
v 0.135278 -0.473887 0.181213
v 0.119958 -0.457762 0.182564
v 0.135123 -0.510419 0.216480
v 0.162582 -0.548940 0.210464
v 0.160734 -0.505792 0.166245
v 0.116285 -0.504136 0.226703
v 0.130445 -0.536822 0.249575
v 0.139237 -0.560508 0.267130
v 0.116483 -0.542630 0.266756
v 0.196409 -0.595449 0.193573
v 0.171460 -0.591387 0.254312
v 0.203654 -0.624480 0.230348
v 0.212027 -0.623121 0.181204
v 0.201583 -0.591274 0.162210
v 0.211656 -0.650336 0.260442
v 0.217171 -0.650342 0.234277
v 0.207739 -0.674395 0.296688
v 0.181770 -0.634186 0.300970
v 0.180655 -0.677536 0.345658
v 0.206342 -0.720145 0.331936
v 0.217414 -0.684571 0.285814
v 0.217502 -0.763681 0.319531
v 0.194447 -0.763607 0.355033
v 0.205103 -0.804006 0.338123
v 0.163793 -0.807462 0.381109
v 0.164705 -0.720674 0.380369
v 0.138085 -0.764403 0.410727
v 0.116271 -0.720145 0.421999
v 0.102878 -0.763052 0.433683
v 0.109173 -0.806269 0.426183
v 0.225865 -0.802368 0.289115
v 0.235598 -0.762999 0.255508
v 0.226202 -0.724405 0.288276
v 0.235930 -0.763328 0.173159
v 0.235780 -0.720145 0.210277
v 0.235566 -0.804101 0.215506
v 0.220908 -0.766823 0.102934
v 0.227773 -0.721173 0.130665
v 0.226593 -0.802204 0.138705
v 0.215941 -0.790271 0.090620
v 0.217643 -0.755692 0.084721
v 0.217772 -0.716321 0.069769
v 0.215825 -0.755400 0.073837
v 0.212622 -0.766531 0.062137
v 0.200731 -0.806265 0.039663
v 0.207334 -0.759830 0.003732
v 0.212953 -0.729388 0.027338
v 0.214111 -0.789927 0.083079
v 0.208242 -0.763957 -0.033668
v 0.200689 -0.811683 -0.046247
v 0.212596 -0.793780 -0.078019
v 0.214693 -0.757327 -0.068881
v 0.212514 -0.726069 -0.022417
v 0.217402 -0.787249 -0.095992
v 0.209877 -0.814474 -0.089485
v 0.227366 -0.766989 -0.131957
v 0.226156 -0.719239 -0.124436
v 0.219171 -0.750947 -0.090403
v 0.227385 -0.805654 -0.143001
v 0.236684 -0.768014 -0.176710
v 0.235549 -0.763755 -0.256038
v 0.235717 -0.722065 -0.216942
v 0.235607 -0.804301 -0.215715
v 0.217502 -0.763933 -0.319531
v 0.225866 -0.725193 -0.289195
v 0.226184 -0.802336 -0.288463
v 0.214168 -0.682827 -0.290671
v 0.226234 -0.689570 -0.255435
v 0.226369 -0.836741 -0.253156
v 0.217441 -0.842669 -0.285043
v 0.206334 -0.807468 -0.331936
v 0.194446 -0.764006 -0.355033
v 0.205103 -0.723608 -0.338123
v 0.138085 -0.763211 -0.410727
v 0.163793 -0.720152 -0.381109
v 0.164704 -0.806940 -0.380369
v 0.128061 -0.673209 -0.395679
v 0.148658 -0.643971 -0.364099
v 0.180994 -0.683286 -0.351592
v 0.120239 -0.615386 -0.364022
v 0.148498 -0.615238 -0.336509
v 0.130513 -0.849116 -0.396563
v 0.180899 -0.849116 -0.346177
v 0.148350 -0.883846 -0.364014
v 0.147899 -0.912298 -0.336051
v 0.119859 -0.912265 -0.364158
v 0.181473 -0.888458 -0.306761
v 0.165269 -0.927560 -0.259370
v 0.129962 -0.945918 -0.299845
v 0.195268 -0.902002 -0.216059
v 0.164311 -0.929628 -0.171872
v 0.138191 -0.959042 -0.215180
v 0.184743 -0.894341 -0.130314
v 0.152202 -0.915469 -0.086064
v 0.125254 -0.948496 -0.123067
v 0.166552 -0.884408 -0.042908
v 0.144404 -0.908204 0.000000
v 0.121062 -0.930035 -0.042861
v 0.166267 -0.884869 0.042861
v 0.151664 -0.916007 0.086064
v 0.120601 -0.930320 0.042908
v 0.184692 -0.889061 0.123067
v 0.165821 -0.928118 0.171873
v 0.130534 -0.948549 0.130314
v 0.195235 -0.901998 0.215180
v 0.163753 -0.929075 0.259370
v 0.138195 -0.959075 0.216059
v 0.182111 -0.893769 0.299845
v 0.148491 -0.911706 0.336051
v 0.124652 -0.945279 0.306761
v 0.120239 -0.912109 0.363939
v 0.148658 -0.883619 0.364083
v 0.218159 -0.866861 0.215767
v 0.207090 -0.880073 0.257378
v 0.211101 -0.876072 0.176390
v 0.112257 -0.974833 0.254125
v 0.103054 -0.981990 0.215341
v 0.116290 -0.971460 0.173378
v 0.218183 -0.866861 -0.215341
v 0.207653 -0.880097 -0.173378
v 0.211026 -0.876064 -0.254125
v 0.112265 -0.974908 -0.176390
v 0.103054 -0.981965 -0.215767
v 0.116266 -0.970897 -0.257378
v 0.116271 -0.807468 -0.421999
v 0.102878 -0.764562 -0.433683
v 0.109173 -0.721345 -0.426183
v 0.226140 -0.674613 -0.193372
v 0.217797 -0.653412 -0.229911
v 0.218496 -0.643291 -0.181204
v 0.225938 -0.674482 -0.161732
v 0.207158 -0.619717 -0.186556
v 0.216054 -0.630644 -0.161193
v 0.212218 -0.609933 -0.128247
v 0.216603 -0.622670 -0.086016
v 0.219417 -0.646447 -0.128007
v 0.214723 -0.597245 -0.043133
v 0.216507 -0.616097 0.000588
v 0.217171 -0.641028 -0.040413
v 0.214723 -0.597245 0.043133
v 0.216630 -0.622449 0.086466
v 0.217538 -0.643230 0.047914
v 0.212464 -0.610128 0.127974
v 0.216356 -0.631038 0.161193
v 0.219490 -0.646258 0.128447
v 0.212367 -0.571103 -0.000000
v 0.206847 -0.542446 0.043133
v 0.208741 -0.577519 0.086266
v 0.203858 -0.504211 -0.000000
v 0.195947 -0.461877 0.043078
v 0.192089 -0.504490 0.086211
v 0.191680 -0.504065 -0.086884
v 0.195690 -0.461221 -0.043493
v 0.206847 -0.542446 -0.043133
v 0.160967 -0.501134 -0.160441
v 0.161561 -0.467177 -0.133421
v 0.191159 -0.545005 -0.128969
v 0.149334 -0.507152 -0.187139
v 0.162779 -0.554146 -0.210224
v 0.134814 -0.540910 -0.245830
v 0.120071 -0.505590 -0.221751
v 0.137381 -0.471180 -0.174510
v 0.116881 -0.542616 -0.265861
v 0.139954 -0.558497 -0.260926
v 0.122128 -0.451575 -0.179350
v 0.136157 -0.451381 -0.164904
v 0.157447 -0.419489 -0.124497
v 0.132011 -0.415076 -0.159604
v 0.160021 -0.372712 -0.116519
v 0.181509 -0.413626 -0.081675
v 0.135179 -0.332717 -0.147482
v 0.156674 -0.289345 -0.119989
v 0.178351 -0.332278 -0.083464
v 0.192186 -0.289345 -0.042802
v 0.196970 -0.332478 -0.000000
v 0.192585 -0.375411 -0.042641
v 0.192186 -0.289345 0.042802
v 0.178238 -0.332478 0.083682
v 0.192472 -0.375611 0.042859
v 0.196947 -0.246212 -0.000000
v 0.192186 -0.203080 0.042801
v 0.178176 -0.246212 0.083614
v 0.178176 -0.246212 -0.083614
v 0.192186 -0.203080 -0.042801
v 0.178176 -0.159947 -0.083614
v 0.192186 -0.116814 -0.042801
v 0.196947 -0.159947 -0.000000
v 0.178176 -0.073681 -0.083614
v 0.192186 -0.030548 -0.042801
v 0.196947 -0.073681 -0.000000
v 0.192186 -0.030548 0.042801
v 0.178176 -0.073681 0.083613
v 0.192186 -0.116814 0.042801
v 0.134799 -0.073681 -0.147545
v 0.156672 -0.030548 -0.119976
v 0.156672 -0.116814 -0.119976
v 0.118070 -0.116814 -0.163653
v 0.100175 -0.073681 -0.174234
v 0.118070 -0.030548 -0.163653
v 0.100175 0.012585 -0.174234
v 0.118070 0.055718 -0.163653
v 0.134799 0.012585 -0.147545
v 0.100175 0.098851 -0.174234
v 0.118070 0.141983 -0.163653
v 0.134799 0.098851 -0.147545
v 0.118070 -0.203080 -0.163653
v 0.100175 -0.159947 -0.174234
v 0.134799 -0.159947 -0.147545
v 0.118129 -0.289345 -0.163671
v 0.100186 -0.246212 -0.174240
v 0.134801 -0.246212 -0.147547
v 0.178176 0.012585 -0.083614
v 0.192186 0.055718 -0.042801
v 0.196947 0.012585 -0.000000
v 0.156672 -0.203080 -0.119976
v 0.119661 -0.372374 -0.164957
v 0.100342 -0.332717 -0.174830
v 0.114385 -0.415076 -0.175576
v 0.197732 -0.418744 -0.000000
v 0.217142 -0.680470 -0.063033
v 0.216447 -0.668365 -0.003732
v 0.215525 -0.695112 -0.027338
v 0.217804 -0.718962 -0.075233
v 0.220230 -0.683082 -0.095587
v 0.182191 -0.596301 -0.222254
v 0.195790 -0.585633 -0.167291
v 0.202507 -0.626574 -0.234464
v 0.171012 -0.591507 -0.252392
v 0.207708 -0.646317 -0.263803
v 0.226293 -0.837058 -0.177278
v 0.214923 -0.844517 -0.138705
v 0.214240 -0.706446 0.000000
v 0.215473 -0.697664 0.022417
v 0.181683 -0.848495 -0.000588
v 0.193032 -0.849446 0.079820
v 0.220233 -0.679118 0.090950
v 0.227138 -0.679182 0.167232
v 0.226385 -0.836741 0.177278
v 0.217525 -0.842479 0.143001
v 0.210821 -0.817033 0.095302
v 0.226211 -0.836858 0.253373
v 0.214141 -0.844595 0.290125
v 0.226206 -0.674690 0.222928
v 0.219762 -0.646795 0.186556
v 0.225174 -0.684571 0.258847
v 0.191883 -0.546387 0.129084
v 0.156674 -0.289345 0.119989
v 0.156672 -0.203080 0.119976
v 0.156672 -0.116814 0.119976
v 0.156672 -0.030548 0.119976
v 0.178176 0.098851 -0.083614
v 0.196947 0.098851 -0.000000
v 0.100175 0.185116 -0.174234
v 0.118070 0.228249 -0.163653
v 0.100300 0.271382 -0.174287
v 0.118789 0.314515 -0.164080
v 0.103641 0.356631 -0.175531
v 0.122626 0.391716 -0.167116
v 0.117843 0.418328 -0.177237
v 0.131501 0.422654 -0.167946
v 0.196948 0.271382 -0.000000
v 0.178179 0.271382 0.083630
v 0.122962 0.391786 0.166430
v 0.103641 0.356631 0.175530
v 0.118037 0.418491 0.176950
v 0.214501 0.613922 0.044963
v 0.215155 0.621587 0.005630
v 0.214792 0.659295 0.015092
v 0.215902 0.625871 0.056181
v 0.213571 0.593793 0.089583
v 0.217599 0.664810 0.057160
v 0.218395 0.633298 0.090718
v 0.224616 0.664689 0.129914
v 0.221984 0.636893 0.172531
v 0.215820 0.608488 0.129851
v 0.215143 0.702198 0.041836
v 0.216925 0.736043 0.076453
v 0.221393 0.702221 0.092986
v 0.199710 0.443914 -0.000000
v 0.184746 0.443913 -0.085330
v 0.149216 0.442665 -0.155511
v 0.140956 0.456889 -0.174898
v 0.158454 0.577603 -0.289698
v 0.123821 0.543614 -0.288514
v 0.125017 0.455056 -0.190392
v 0.094402 0.484777 -0.237001
v 0.100285 0.508556 -0.260108
v 0.207067 0.636611 -0.280033
v 0.193201 0.659949 -0.329179
v 0.191074 0.702989 -0.352870
v 0.209472 0.745844 -0.335751
v 0.136112 0.702418 -0.407270
v 0.167251 0.745844 -0.382916
v 0.157641 0.662974 -0.374419
v 0.136112 0.789269 -0.407270
v 0.157641 0.828713 -0.374419
v 0.191074 0.788698 -0.352870
v 0.129453 0.873279 -0.372179
v 0.159023 0.866577 -0.349020
v 0.120087 0.745843 -0.425136
v 0.097084 0.787901 -0.432374
v 0.101014 0.827943 -0.418640
v 0.159023 0.625110 -0.349020
v 0.129453 0.618408 -0.372179
v 0.101014 0.663744 -0.418640
v 0.097084 0.703786 -0.432374
v 0.232813 0.787699 -0.176153
v -0.088078 0.930086 -0.042004
v -0.084655 0.942897 -0.093067
v -0.110899 0.918581 -0.031011
v -0.118833 0.939496 -0.130824
v -0.085231 0.964047 -0.172532
v 0.085231 0.964047 -0.172532
v 0.080598 0.966654 -0.255933
v -0.090584 0.962863 -0.255030
v 0.086701 0.950880 -0.302366
v 0.120144 0.921907 -0.335505
v 0.083930 0.933834 -0.342235
v 0.140352 0.902058 -0.338653
v 0.119912 0.908655 -0.352452
v -0.090704 0.948977 -0.299737
v -0.076918 0.935941 -0.342791
v -0.113306 0.924808 -0.335501
v -0.083673 0.914883 -0.366135
v 0.088697 0.876177 -0.394625
v 0.064491 0.847445 -0.427625
v 0.083972 0.914768 -0.366135
v -0.088697 0.876177 -0.394625
v -0.064491 0.847445 -0.427625
v -0.119613 0.908770 -0.352452
v 0.064016 0.821443 -0.437841
v -0.064016 0.821443 -0.437841
v -0.075369 0.745843 -0.442861
v 0.075369 0.745844 -0.442861
v 0.064016 0.670244 -0.437841
v -0.064016 0.670244 -0.437841
v 0.064491 0.644242 -0.427625
v -0.064491 0.644242 -0.427625
v 0.088697 0.615510 -0.394625
v 0.119613 0.582853 -0.352488
v 0.083673 0.576740 -0.366171
v 0.113237 0.565312 -0.336200
v 0.139499 0.588865 -0.338695
v -0.088697 0.615510 -0.394625
v -0.083673 0.576740 -0.366171
v -0.119613 0.582853 -0.352488
v -0.076918 0.554217 -0.343652
v 0.087570 0.531419 -0.302635
v 0.065171 0.496128 -0.268681
v 0.076918 0.554217 -0.343652
v -0.087570 0.531419 -0.302635
v -0.065171 0.496128 -0.268681
v -0.113237 0.565312 -0.336200
v 0.058097 0.477409 -0.252260
v -0.058097 0.477409 -0.252260
v 0.086958 0.445825 -0.211738
v 0.085431 0.396948 -0.190625
v -0.087072 0.445814 -0.211361
v -0.085431 0.396948 -0.190625
v 0.074516 0.314515 -0.186140
v -0.074516 0.314515 -0.186140
v -0.073798 0.228249 -0.185265
v -0.073798 0.141983 -0.185265
v 0.073798 0.141983 -0.185265
v 0.073798 0.055718 -0.185265
v -0.073798 0.055718 -0.185265
v -0.100175 0.098850 -0.174234
v -0.073798 -0.030548 -0.185265
v -0.100175 0.012585 -0.174234
v 0.073798 -0.030548 -0.185265
v 0.073798 -0.116814 -0.185265
v -0.073798 -0.116814 -0.185265
v 0.073798 -0.203080 -0.185265
v -0.073798 -0.203080 -0.185265
v -0.100175 -0.159947 -0.174234
v -0.073857 -0.289345 -0.185380
v 0.073857 -0.289345 -0.185380
v 0.070879 -0.372712 -0.190976
v -0.076089 -0.376178 -0.188783
v 0.079307 -0.418979 -0.197571
v 0.090669 -0.463414 -0.207503
v -0.108607 -0.422622 -0.181864
v -0.083616 -0.457885 -0.209793
v 0.084713 -0.515400 -0.256179
v -0.084535 -0.515296 -0.256384
v 0.085731 -0.548900 -0.298498
v -0.085380 -0.548846 -0.299144
v 0.085310 -0.582230 -0.346733
v 0.090598 -0.635746 -0.395679
v -0.085083 -0.582087 -0.346940
v -0.090598 -0.635746 -0.395679
v 0.089865 -0.673942 -0.417881
v 0.073745 -0.690062 -0.433022
v -0.089865 -0.673942 -0.417881
v -0.073745 -0.690062 -0.433022
v -0.128061 -0.673209 -0.395679
v -0.072752 -0.726098 -0.442013
v 0.072752 -0.726098 -0.442013
v 0.072799 -0.802336 -0.441848
v -0.073450 -0.802368 -0.441529
v 0.069378 -0.842669 -0.433106
v -0.074461 -0.844595 -0.429805
v 0.080875 -0.852972 -0.423216
v 0.091097 -0.888459 -0.397137
v -0.110352 -0.850008 -0.411256
v -0.084181 -0.893769 -0.397775
v -0.080512 -0.944801 -0.351585
v -0.119713 -0.912061 -0.364546
v 0.086201 -0.959399 -0.326016
v 0.080788 -0.977948 -0.290125
v 0.080512 -0.944801 -0.351585
v -0.086201 -0.959399 -0.326016
v -0.080788 -0.977948 -0.290125
v 0.073052 -0.990017 -0.253373
v -0.073052 -0.990017 -0.253373
v 0.072934 -0.990176 -0.177306
v -0.072934 -0.990176 -0.177306
v -0.078862 -0.981322 -0.143610
v 0.089185 -0.972334 -0.132280
v 0.085451 -0.956469 -0.079743
v 0.078862 -0.981322 -0.143610
v -0.089185 -0.972334 -0.132280
v -0.085451 -0.956469 -0.079743
v -0.125254 -0.948496 -0.123067
v 0.085133 -0.944970 0.000000
v -0.085133 -0.944970 0.000000
v -0.080607 -0.956744 0.074325
v -0.120601 -0.930320 0.042908
v 0.086274 -0.962867 0.102291
v 0.080788 -0.978550 0.138666
v 0.080607 -0.956744 0.074325
v -0.086274 -0.962867 0.102291
v -0.080788 -0.978550 0.138666
v 0.073052 -0.990042 0.177097
v -0.073052 -0.990042 0.177097
v 0.072934 -0.990176 0.253156
v -0.072934 -0.990176 0.253156
v -0.078862 -0.981248 0.285043
v 0.089165 -0.971358 0.296539
v 0.085309 -0.944705 0.346177
v 0.078862 -0.981248 0.285043
v -0.089165 -0.971358 0.296539
v -0.085309 -0.944705 0.346177
v -0.124652 -0.945279 0.306761
v 0.090598 -0.891867 0.395679
v -0.080512 -0.899728 0.396658
v 0.073745 -0.837552 0.433022
v 0.072752 -0.801516 0.442013
v -0.073052 -0.801516 0.441875
v -0.080788 -0.838268 0.429805
v 0.072799 -0.725278 0.441848
v -0.072934 -0.726315 0.442033
v -0.078862 -0.694428 0.433106
v 0.080875 -0.674642 0.423216
v 0.130513 -0.678497 0.396563
v 0.091097 -0.639155 0.397137
v 0.069378 -0.684945 0.433106
v 0.085083 -0.582087 0.346940
v 0.120082 -0.576729 0.314641
v 0.085380 -0.548846 0.299144
v -0.085310 -0.582231 0.346733
v -0.085731 -0.548900 0.298498
v -0.084713 -0.515400 0.256179
v -0.116880 -0.542616 0.265861
v 0.084535 -0.515296 0.256384
v 0.090278 -0.469436 0.209362
v -0.080844 -0.461319 0.211517
v 0.088598 -0.444362 0.196746
v 0.075787 -0.374508 0.188418
v -0.085977 -0.423160 0.191611
v -0.082829 -0.375254 0.184629
v -0.073857 -0.289345 0.185380
v -0.073798 -0.203080 0.185265
v 0.073798 -0.203080 0.185265
v 0.073798 -0.116814 0.185265
v -0.073798 -0.116814 0.185265
v -0.100175 -0.159947 0.174234
v 0.073798 -0.030548 0.185265
v -0.073798 -0.030548 0.185265
v -0.073798 0.055718 0.185265
v -0.100175 0.012585 0.174234
v 0.073798 0.055718 0.185265
v 0.073798 0.141983 0.185265
v -0.073798 0.141983 0.185265
v -0.100175 0.098850 0.174234
v -0.073798 0.228249 0.185265
v 0.073798 0.228249 0.185265
v 0.074516 0.314515 0.186140
v -0.074516 0.314515 0.186140
v -0.085431 0.396948 0.190624
v 0.087072 0.445814 0.211360
v 0.058097 0.477409 0.252260
v 0.085431 0.396948 0.190624
v -0.086958 0.445825 0.211738
v -0.058097 0.477409 0.252260
v -0.065171 0.496128 0.268681
v 0.087570 0.531419 0.302635
v 0.113237 0.565312 0.336200
v 0.076918 0.554217 0.343652
v 0.065171 0.496128 0.268681
v 0.139499 0.588866 0.338695
v 0.119613 0.582853 0.352488
v -0.087570 0.531419 0.302635
v -0.076918 0.554217 0.343652
v -0.123821 0.543614 0.288514
v 0.083673 0.576740 0.366171
v -0.083673 0.576740 0.366171
v -0.064491 0.644242 0.427625
v 0.136112 0.789269 0.407270
v 0.101014 0.827943 0.418640
v 0.097084 0.787901 0.432374
v 0.207447 0.854463 0.150966
v 0.220624 0.844106 0.181360
v 0.114054 0.917795 0.034811
v 0.085231 0.964047 0.172531
v 0.080186 0.944301 0.089782
v 0.091665 0.960844 0.258757
v 0.220567 0.843906 0.250127
v 0.127857 0.935105 0.292649
v 0.215858 0.788925 0.313400
v 0.191074 0.788698 0.352870
v 0.221439 0.822525 0.280032
v 0.120119 0.924703 0.328681
v 0.119887 0.909119 0.351566
v 0.180111 0.871466 0.115376
v 0.129453 0.618408 0.372178
v 0.159023 0.625110 0.349020
v 0.173631 0.614698 0.313879
v 0.088697 0.876177 0.394625
v 0.083814 0.949617 0.305787
v 0.088697 0.615510 0.394625
v 0.073798 0.228249 -0.185265
v -0.088697 0.876177 0.394625
v -0.101014 0.827943 0.418640
v -0.205844 0.786937 0.069426
v -0.088697 0.615510 0.394625
v 0.154741 0.876675 -0.040959
v 0.185009 0.831568 -0.047752
v 0.169217 0.873360 -0.089374
v 0.192133 0.872556 -0.143802
v 0.200136 0.837132 -0.107836
v 0.208447 0.799553 -0.089290
v 0.213783 0.799773 -0.103841
v 0.174133 0.876287 -0.313855
v 0.193193 0.831738 -0.329179
v 0.205844 0.786937 -0.069427
v 0.219380 0.786922 -0.115240
v 0.215309 0.616360 -0.015210
v 0.213411 0.589553 -0.086732
v 0.173631 0.614698 -0.313879
v 0.084948 0.933216 0.047927
v -0.219380 0.786922 0.115240
v -0.227020 0.789255 -0.143802
v 0.156672 0.055718 0.119976
v 0.178176 0.098851 0.083613
v 0.192186 0.055718 0.042801
v 0.156672 0.055718 -0.119976
v 0.178176 0.012585 0.083613
v 0.178176 -0.159947 0.083613
v 0.073857 -0.289345 0.185380
v -0.118070 0.055718 0.163653
v -0.118070 0.055718 -0.163653
v 0.147980 -0.642818 0.363749
v 0.143068 -0.610467 0.339658
v 0.120060 -0.615442 0.364304
v 0.148582 -0.592811 0.303407
v 0.216766 -0.678998 0.033668
v 0.180994 -0.844319 0.351585
v 0.128061 -0.854405 0.395679
v 0.195592 -0.850007 0.326016
v 0.208532 -0.853059 0.131676
v 0.089865 -0.853671 0.417881
v -0.085309 -0.633294 0.396563
v -0.089165 -0.682932 0.423216
v -0.086201 -0.874159 0.411256
v 0.208741 -0.577519 -0.086266
v 0.160543 -0.590402 -0.274248
v 0.182135 -0.632724 -0.301043
v 0.124545 -0.579126 -0.309742
v 0.195599 -0.677582 -0.326033
v 0.193078 -0.845640 -0.074507
v 0.199217 -0.850161 -0.102230
v 0.207551 -0.852972 -0.296539
v 0.149747 0.857796 0.365838
v 0.182957 0.882283 0.287539
v 0.166881 0.872033 0.332568
v 0.192771 0.888842 0.215563
v 0.149517 0.934545 0.215109
v 0.140283 0.926640 0.131129
v 0.130578 0.917863 0.084692
v 0.159634 0.870649 0.040973
v 0.154313 0.888391 0.083319
v 0.202226 0.796478 0.061942
v 0.201928 0.773040 0.023467
v 0.208807 0.812004 0.099503
v 0.223022 0.773136 0.118546
v 0.228792 0.802980 0.158770
v 0.235227 0.788315 0.216003
v 0.235614 0.703865 0.215040
v 0.225398 0.703803 0.287587
v 0.218375 0.650412 0.271918
v 0.206348 0.702738 0.332690
v 0.164762 0.703071 0.380704
v 0.115585 0.703173 0.423146
v 0.071831 0.704044 0.441198
v 0.056197 0.652005 0.434888
v 0.000000 0.646613 0.437049
v 0.000000 0.604329 0.409482
v 0.000000 0.556935 0.365634
v 0.000000 0.515516 0.308801
v 0.000000 0.482236 0.264432
v 0.000000 0.439377 0.233644
v 0.000000 0.357785 0.203538
v 0.000000 0.271382 0.197779
v 0.000000 0.185116 0.197573
v 0.000000 0.098851 0.197573
v 0.000000 0.012585 0.197573
v 0.000000 -0.073681 0.197573
v 0.000000 -0.159947 0.197573
v 0.000000 -0.246212 0.197601
v -0.000175 -0.332630 0.198804
v 0.000253 -0.418228 0.214327
v 0.000179 -0.479063 0.244378
v 0.000000 -0.522343 0.293321
v 0.000000 -0.553732 0.336878
v 0.000125 -0.596710 0.383135
v -0.000623 -0.643696 0.425570
v -0.000209 -0.687616 0.443136
v 0.000000 -0.763807 0.454142
v -0.000176 -0.840111 0.443073
v 0.000300 -0.884267 0.425375
v 0.000181 -0.930930 0.383084
v 0.000000 -0.973151 0.336240
v 0.000000 -0.991232 0.291871
v 0.000000 -1.002285 0.215521
v 0.000000 -0.991239 0.135883
v 0.000000 -0.977064 0.090104
v 0.000000 -0.967533 0.041498
v 0.000000 -0.967539 -0.041570
v 0.000000 -0.977254 -0.091610
v 0.000000 -0.991337 -0.136155
v 0.000000 -1.002285 -0.215521
v 0.000000 -0.991112 -0.292143
v 0.000000 -0.972876 -0.337711
v 0.000132 -0.930884 -0.383180
v -0.000330 -0.883917 -0.425659
v -0.000027 -0.839996 -0.443162
v 0.000000 -0.763807 -0.454142
v 0.000000 -0.687678 -0.443177
v 0.000000 -0.644932 -0.426015
v 0.000000 -0.596922 -0.383242
v 0.000000 -0.553732 -0.336878
v 0.000000 -0.522343 -0.293322
v 0.000123 -0.478919 -0.244367
v -0.000354 -0.417186 -0.214352
v -0.000028 -0.332453 -0.198853
v 0.000000 -0.246212 -0.197601
v 0.000000 -0.159947 -0.197573
v 0.000000 -0.073681 -0.197573
v 0.000000 0.012585 -0.197573
v 0.000000 0.098851 -0.197573
v 0.000000 0.185116 -0.197573
v 0.000000 0.271382 -0.197779
v 0.000000 0.357785 -0.203538
v 0.000000 0.439377 -0.233644
v 0.000000 0.482236 -0.264432
v 0.000000 0.515516 -0.308801
v 0.000000 0.556935 -0.365634
v 0.000000 0.604329 -0.409482
v 0.000000 0.646613 -0.437049
v 0.000000 0.703939 -0.450747
v 0.000000 0.787748 -0.450747
v 0.000000 0.845074 -0.437049
v 0.000000 0.887358 -0.409482
v 0.000168 0.934430 -0.365313
v -0.000364 0.967668 -0.301231
v -0.000183 0.983652 -0.215779
v 0.000108 0.970673 -0.129297
v -0.000548 0.950434 -0.043168
v -0.000427 0.950446 0.043545
v -0.000178 0.970680 0.129415
v 0.000139 0.983633 0.215819
v -0.000528 0.967525 0.301587
v -0.000201 0.934387 0.365429
v 0.000000 0.887358 0.409481
v 0.000000 0.845074 0.437049
v 0.000000 0.787748 0.450747
v -0.071831 0.787643 0.441198
v -0.071831 0.704044 0.441198
v -0.115585 0.703173 0.423146
v -0.164762 0.703071 0.380704
v -0.206348 0.702738 0.332690
v -0.206348 0.788949 0.332690
v -0.182782 0.882360 0.287656
v -0.166706 0.872110 0.332685
v -0.149747 0.857796 0.365838
v -0.193399 0.888369 0.215995
v -0.179924 0.874142 0.117837
v -0.200741 0.869647 0.158770
v -0.161316 0.873813 0.063820
v -0.147112 0.883738 0.025313
v -0.159504 0.870742 -0.040979
v -0.154118 0.888531 -0.083327
v -0.184064 0.881558 -0.141586
v -0.182373 0.860669 -0.101586
v -0.192771 0.888842 -0.215563
v -0.166706 0.872146 -0.332591
v -0.182782 0.882397 -0.287562
v -0.149747 0.857796 -0.365839
v -0.143734 0.928820 -0.281741
v -0.206348 0.788949 -0.332690
v -0.206348 0.702738 -0.332690
v -0.164762 0.703071 -0.380704
v -0.149747 0.633891 -0.365839
v -0.115585 0.703173 -0.423146
v -0.115585 0.788514 -0.423146
v -0.183753 0.608885 -0.287585
v -0.166725 0.619495 -0.332598
v -0.200947 0.596975 -0.215457
v -0.210865 0.588613 -0.129809
v -0.214712 0.616717 -0.023698
v -0.214795 0.609795 -0.060794
v -0.214729 0.599690 0.046035
v -0.215419 0.632025 0.003350
v -0.210915 0.588218 0.129436
v -0.201173 0.596619 0.214692
v -0.166212 0.529927 0.202251
v -0.143820 0.528869 0.242889
v -0.138464 0.468721 0.185590
v -0.167043 0.443769 0.125188
v -0.139683 0.440459 0.167561
v -0.195986 0.443914 0.043016
v -0.195977 0.443338 -0.042702
v -0.153343 0.452921 -0.148043
v -0.169313 0.427869 -0.110244
v -0.139078 0.468895 -0.183713
v -0.157272 0.357264 -0.120765
v -0.156678 0.271382 -0.120025
v -0.192188 0.271382 -0.042804
v -0.192188 0.271382 0.042803
v -0.156678 0.271382 0.120025
v -0.156672 0.185116 0.119976
v -0.156672 0.098851 0.119976
v -0.192186 0.098850 0.042801
v -0.192186 0.098850 -0.042801
v -0.156672 0.098850 -0.119976
v -0.156672 0.012585 -0.119976
v -0.156672 -0.073681 -0.119976
v -0.192186 -0.073681 -0.042801
v -0.192186 -0.073681 0.042801
v -0.156672 -0.073681 0.119976
v -0.156672 -0.159947 0.119976
v -0.156672 -0.246212 0.119978
v -0.157042 -0.332170 0.119654
v -0.192236 -0.332453 0.042783
v -0.192221 -0.332478 -0.042810
v -0.156719 -0.332601 -0.120253
v -0.156672 -0.246212 -0.119978
v -0.118077 -0.246212 -0.163656
v -0.159542 -0.419159 -0.124025
v -0.132170 -0.428584 -0.165405
v -0.131251 -0.457294 -0.174960
v -0.146315 -0.506714 -0.194540
v -0.129188 -0.517316 -0.231160
v -0.129858 -0.546894 -0.260984
v -0.159791 -0.592698 -0.281631
v -0.139897 -0.593098 -0.318598
v -0.139792 -0.622294 -0.356914
v -0.197242 -0.677123 -0.319383
v -0.212595 -0.668903 -0.281936
v -0.211927 -0.640342 -0.239401
v -0.227997 -0.678610 -0.198608
v -0.223476 -0.668905 -0.238026
v -0.216190 -0.633300 -0.178482
v -0.216524 -0.627167 -0.128006
v -0.216582 -0.618064 -0.043669
v -0.216545 -0.617864 0.042775
v -0.216482 -0.627190 0.127931
v -0.215153 -0.632043 0.178482
v -0.227462 -0.682775 0.222304
v -0.224080 -0.663651 0.179578
v -0.238638 -0.764047 0.215958
v -0.227366 -0.763807 0.292017
v -0.223672 -0.829071 0.279440
v -0.197221 -0.849848 0.320003
v -0.212463 -0.858467 0.280793
v -0.157355 -0.848823 0.373288
v -0.167082 -0.763700 0.383145
v -0.156745 -0.678564 0.373875
v -0.200832 -0.659728 0.297101
v -0.195455 -0.693209 0.339376
v -0.156608 -0.603760 0.304139
v -0.156929 -0.578356 0.261595
v -0.140713 -0.623186 0.356416
v -0.120110 -0.764136 0.425659
v -0.140450 -0.904427 0.356469
v -0.210065 -0.883920 0.215263
v -0.202568 -0.867639 0.133260
v -0.200873 -0.836222 0.088848
v -0.185138 -0.849061 0.042282
v -0.185146 -0.848872 -0.042044
v -0.201229 -0.850888 -0.108857
v -0.212635 -0.858399 -0.148115
v -0.210008 -0.883919 -0.215896
v -0.200752 -0.867616 -0.296273
v -0.195454 -0.834401 -0.339373
v -0.158084 -0.847890 -0.373749
v -0.167118 -0.763601 -0.383120
v -0.120460 -0.763507 -0.425375
v -0.157511 -0.921318 -0.300601
v -0.223078 -0.829435 -0.280336
v -0.227377 -0.763611 -0.291922
v -0.167295 -0.931102 -0.215376
v -0.120112 -0.973815 -0.215896
v -0.227500 -0.839996 -0.215580
v -0.214230 -0.800208 -0.089311
v -0.228658 -0.763606 -0.133350
v -0.217658 -0.771645 -0.090713
v -0.217152 -0.742843 -0.076405
v -0.223743 -0.828999 -0.149290
v -0.209129 -0.764514 -0.034935
v -0.214494 -0.771406 -0.075003
v -0.214416 -0.709303 -0.018172
v -0.146558 -0.910360 -0.043065
v -0.209869 -0.781206 0.057196
v -0.208940 -0.749677 0.018493
v -0.217217 -0.743014 0.077357
v -0.214124 -0.799727 0.088445
v -0.159299 -0.923106 0.129545
v -0.223432 -0.830004 0.149290
v -0.167301 -0.931108 0.215922
v -0.120113 -0.973872 0.215263
v -0.209207 -0.764238 0.336976
v -0.222835 -0.757975 0.110226
v -0.231435 -0.779010 0.148220
v -0.227508 -0.840021 0.215553
v -0.211333 -0.640722 0.239932
v -0.186813 -0.589636 0.198528
v -0.185429 -0.605283 0.237003
v -0.142758 -0.526015 0.216637
v -0.148784 -0.491554 0.174119
v -0.176937 -0.504756 0.128602
v -0.131264 -0.456769 0.173274
v -0.203599 -0.582095 0.128752
v -0.216665 -0.669098 0.035089
v -0.218211 -0.692863 0.077283
v -0.211525 -0.573101 0.043133
v -0.217968 -0.678276 -0.058785
v -0.216243 -0.680133 -0.018493
v -0.211525 -0.573101 -0.043133
v -0.201018 -0.504298 -0.043126
v -0.204279 -0.582805 -0.128198
v -0.238556 -0.763336 -0.214863
v -0.209208 -0.763376 -0.336976
v -0.223511 -0.697466 -0.280405
v -0.184164 -0.590753 -0.221714
v -0.203940 -0.603748 -0.179706
v -0.122456 -0.400020 -0.167385
v -0.118447 -0.332222 -0.163908
v -0.192186 -0.246212 -0.042801
v -0.193336 -0.418744 -0.042969
v -0.193498 -0.418181 0.042636
v -0.145821 -0.437830 0.146435
v -0.166617 -0.403280 0.108801
v -0.122271 -0.399506 0.166552
v -0.118492 -0.332036 0.163761
v -0.118077 -0.246212 0.163656
v -0.118070 -0.073681 0.163653
v -0.192186 -0.159947 0.042801
v -0.192186 -0.159947 -0.042801
v -0.156672 -0.159947 -0.119976
v -0.118070 -0.073681 -0.163653
v -0.192186 0.012585 -0.042801
v -0.156672 0.012585 0.119976
v -0.118070 0.185116 0.163653
v -0.118160 0.271382 0.163707
v -0.120363 0.356615 0.165110
v -0.192186 0.185116 -0.042801
v -0.156672 0.185116 -0.119976
v -0.118070 0.185116 -0.163653
v -0.118160 0.271382 -0.163707
v -0.120422 0.356612 -0.164974
v -0.125209 0.411672 -0.168631
v -0.192381 0.357623 -0.042831
v -0.192376 0.357648 0.042857
v -0.157126 0.357691 0.121352
v -0.124503 0.411158 0.169749
v -0.107967 0.500797 0.244051
v -0.222145 0.641517 0.214580
v -0.218375 0.650412 0.271918
v -0.235600 0.703722 0.215136
v -0.227820 0.703380 0.130558
v -0.217571 0.702382 0.064682
v -0.216239 0.754812 0.083059
v -0.235130 0.787748 0.215570
v -0.191163 0.528946 0.128842
v -0.220380 0.632985 0.129930
v -0.213131 0.703039 0.020314
v -0.217213 0.638867 0.061957
v -0.213101 0.702232 -0.020505
v -0.217565 0.702149 -0.064674
v -0.227767 0.702873 -0.129855
v -0.235614 0.703865 -0.215041
v -0.235227 0.788315 -0.216003
v -0.216236 0.754607 -0.082723
v -0.206494 0.530199 -0.042514
v -0.217200 0.639249 -0.062810
v -0.220380 0.633000 -0.129955
v -0.158199 0.540199 -0.225992
v -0.162697 0.515190 -0.184369
v -0.108639 0.501284 -0.243133
v -0.222145 0.641517 -0.214581
v -0.144802 0.557590 -0.282188
v -0.218375 0.650412 -0.271918
v -0.225398 0.703803 -0.287587
v -0.225378 0.787876 -0.287587
v -0.218283 0.840986 -0.271918
v -0.149508 0.934560 -0.215083
v -0.221336 0.845174 -0.215684
v -0.208807 0.812005 -0.099503
v -0.218625 0.841490 -0.159997
v -0.129812 0.918483 -0.085961
v -0.202226 0.796478 -0.061943
v -0.201928 0.773040 -0.023467
v -0.120481 0.911985 0.025061
v -0.140325 0.926398 0.130685
v -0.208963 0.812022 0.100394
v -0.219294 0.840317 0.159996
v -0.149597 0.934442 0.215013
v -0.221362 0.845128 0.215684
v -0.126295 0.913879 0.343530
v -0.218283 0.840986 0.271918
v -0.166725 0.619495 0.332598
v -0.183700 0.608715 0.287507
v -0.125682 0.576858 0.342585
v -0.225398 0.703803 0.287587
v -0.164762 0.788616 0.380704
v -0.149747 0.633891 0.365838
v 0.056197 0.839682 0.434888
v -0.056197 0.839682 0.434888
v 0.067607 0.929450 0.358139
v -0.069097 0.928299 0.359598
v -0.085822 0.951878 0.298199
v -0.097412 0.930151 0.341255
v -0.085343 0.967666 0.215566
v -0.085522 0.953896 0.130830
v -0.080038 0.933940 0.040399
v -0.100163 0.932878 0.084719
v 0.101252 0.929174 -0.063793
v 0.064240 0.939279 -0.027617
v 0.121431 0.911663 -0.025974
v 0.130905 0.917529 -0.084862
v 0.140326 0.926392 -0.130648
v 0.149517 0.934473 -0.215181
v 0.144062 0.927980 -0.283556
v 0.193399 0.888369 -0.215996
v 0.221362 0.845128 -0.215684
v 0.219294 0.840317 -0.159997
v 0.218283 0.840986 -0.271918
v 0.225378 0.787876 -0.287587
v 0.225398 0.703803 -0.287587
v 0.235600 0.703722 -0.215136
v 0.227820 0.703380 -0.130558
v 0.217571 0.702382 -0.064683
v 0.216239 0.754812 -0.083059
v 0.217213 0.638867 -0.061959
v 0.213131 0.703039 -0.020315
v 0.220380 0.632985 -0.129930
v 0.222145 0.641517 -0.214581
v 0.201173 0.596619 -0.214692
v 0.166212 0.529927 -0.202251
v 0.143820 0.528869 -0.242890
v 0.191163 0.528946 -0.128842
v 0.206551 0.529665 -0.043181
v 0.206494 0.530199 0.042514
v 0.190612 0.528924 0.128970
v 0.158199 0.540199 0.225991
v 0.162697 0.515190 0.184369
v 0.144802 0.557590 0.282188
v 0.200947 0.596975 0.215457
v 0.139078 0.468895 0.183713
v 0.108639 0.501284 0.243133
v 0.153343 0.452921 0.148042
v 0.169313 0.427869 0.110244
v 0.157272 0.357264 0.120765
v 0.192381 0.357623 0.042830
v 0.192376 0.357648 -0.042857
v 0.157126 0.357691 -0.121352
v 0.156678 0.271382 -0.120025
v 0.156672 0.185116 -0.119976
v 0.192186 0.185116 -0.042801
v 0.192186 0.185116 0.042801
v 0.156672 0.185116 0.119976
v 0.118070 0.185116 0.163653
v 0.118160 0.271382 0.163707
v 0.118070 0.098851 0.163653
v 0.118070 0.012585 0.163653
v 0.118070 -0.073681 0.163653
v 0.118070 -0.159947 0.163653
v 0.118077 -0.246212 0.163656
v 0.118372 -0.332043 0.163919
v 0.120386 -0.399400 0.168400
v 0.159542 -0.419159 0.124025
v 0.131935 -0.428792 0.165585
v 0.130107 -0.459026 0.176129
v 0.146308 -0.506930 0.194661
v 0.129178 -0.517641 0.231342
v 0.129858 -0.546894 0.260984
v 0.184164 -0.590753 0.221714
v 0.203940 -0.603748 0.179706
v 0.211927 -0.640342 0.239401
v 0.197242 -0.677123 0.319383
v 0.212595 -0.668903 0.281936
v 0.209208 -0.763376 0.336976
v 0.167083 -0.763937 0.383124
v 0.119725 -0.763676 0.425512
v 0.227377 -0.763611 0.291922
v 0.238556 -0.763336 0.214863
v 0.228658 -0.763606 0.133350
v 0.217658 -0.771645 0.090713
v 0.217152 -0.742843 0.076404
v 0.209129 -0.764514 0.034935
v 0.214494 -0.771406 0.075003
v 0.209869 -0.781206 -0.057196
v 0.208940 -0.749677 -0.018493
v 0.214124 -0.799727 -0.088445
v 0.222835 -0.757975 -0.110226
v 0.231436 -0.779010 -0.148220
v 0.238638 -0.764047 -0.215958
v 0.227366 -0.763807 -0.292017
v 0.223084 -0.697957 -0.280722
v 0.223672 -0.829071 -0.279440
v 0.209207 -0.764238 -0.336976
v 0.167083 -0.763676 -0.383124
v 0.157170 -0.678635 -0.373698
v 0.140751 -0.623195 -0.356401
v 0.157468 -0.848903 -0.373132
v 0.140496 -0.904519 -0.356330
v 0.157496 -0.920691 -0.301332
v 0.167300 -0.931103 -0.215649
v 0.158680 -0.923145 -0.128756
v 0.146632 -0.910269 -0.043113
v 0.146467 -0.910434 0.043113
v 0.159338 -0.922486 0.128756
v 0.167296 -0.931107 0.215649
v 0.156884 -0.921303 0.301331
v 0.140750 -0.904294 0.356316
v 0.210008 -0.883919 0.215896
v 0.120113 -0.973872 0.215263
v 0.210065 -0.883920 -0.215263
v 0.120112 -0.973815 -0.215896
v 0.119725 -0.763938 -0.425512
v 0.227462 -0.682775 -0.222304
v 0.224080 -0.663651 -0.179578
v 0.215153 -0.632042 -0.178482
v 0.216482 -0.627190 -0.127931
v 0.216545 -0.617864 -0.042775
v 0.216582 -0.618064 0.043668
v 0.216524 -0.627167 0.128006
v 0.211525 -0.573101 0.043133
v 0.201018 -0.504298 0.043126
v 0.200940 -0.504159 -0.043257
v 0.176937 -0.504756 -0.128602
v 0.142847 -0.526206 -0.216679
v 0.148918 -0.491840 -0.174182
v 0.130636 -0.547061 -0.259249
v 0.131398 -0.458010 -0.173675
v 0.145821 -0.437868 -0.146449
v 0.166617 -0.403280 -0.108801
v 0.157042 -0.332170 -0.119655
v 0.192236 -0.332453 -0.042783
v 0.192222 -0.332478 0.042810
v 0.192186 -0.246212 0.042801
v 0.192186 -0.246212 -0.042801
v 0.192186 -0.159947 -0.042801
v 0.192186 -0.073681 -0.042801
v 0.192186 -0.073681 0.042801
v 0.156672 -0.073681 -0.119976
v 0.118070 -0.073681 -0.163653
v 0.118070 0.012585 -0.163653
v 0.118070 0.098851 -0.163653
v 0.118070 -0.159947 -0.163653
v 0.118077 -0.246212 -0.163656
v 0.192186 0.012585 -0.042801
v 0.156672 -0.246212 -0.119978
v 0.118395 -0.332208 -0.163853
v 0.122124 -0.400718 -0.167028
v 0.193498 -0.418181 -0.042637
v 0.216665 -0.669098 -0.035089
v 0.218211 -0.692863 -0.077283
v 0.186813 -0.589636 -0.198528
v 0.185429 -0.605283 -0.237003
v 0.211333 -0.640722 -0.239932
v 0.227508 -0.840021 -0.215553
v 0.223432 -0.830004 -0.149290
v 0.217218 -0.743014 -0.077357
v 0.214416 -0.709303 0.018172
v 0.185146 -0.848872 0.042044
v 0.223916 -0.679133 0.129349
v 0.223743 -0.828999 0.149290
v 0.214231 -0.800208 0.089311
v 0.227500 -0.839996 0.215580
v 0.223078 -0.829435 0.280336
v 0.227997 -0.678610 0.198608
v 0.223476 -0.668905 0.238026
v 0.216190 -0.633300 0.178482
v 0.193336 -0.418744 0.042969
v 0.177352 -0.504857 0.128552
v 0.156719 -0.332601 0.120253
v 0.156672 -0.246212 0.119978
v 0.156672 -0.073681 0.119976
v 0.192186 0.098851 -0.042801
v 0.118070 0.185116 -0.163653
v 0.118160 0.271382 -0.163707
v 0.120363 0.356615 -0.165110
v 0.124503 0.411158 -0.169749
v 0.192188 0.271382 -0.042804
v 0.192188 0.271382 0.042803
v 0.156678 0.271382 0.120025
v 0.120422 0.356612 0.164974
v 0.125209 0.411672 0.168631
v 0.214712 0.616717 0.023698
v 0.214795 0.609795 0.060794
v 0.217200 0.639249 0.062811
v 0.220380 0.633000 0.129955
v 0.217565 0.702149 0.064675
v 0.195977 0.443338 0.042702
v 0.195986 0.443914 -0.043016
v 0.167043 0.443769 -0.125188
v 0.139683 0.440458 -0.167561
v 0.144093 0.556843 -0.282846
v 0.138464 0.468721 -0.185591
v 0.107967 0.500797 -0.244051
v 0.218375 0.650412 -0.271918
v 0.206348 0.702738 -0.332690
v 0.164762 0.703071 -0.380704
v 0.164762 0.788616 -0.380704
v 0.149747 0.857796 -0.365839
v 0.115585 0.788514 -0.423146
v 0.149747 0.633891 -0.365839
v 0.115585 0.703173 -0.423146
v 0.235130 0.787748 -0.215571
v -0.085042 0.935356 -0.064475
v -0.092829 0.926511 -0.025523
v -0.084945 0.954018 -0.130249
v 0.084839 0.968035 -0.215363
v -0.085925 0.967624 -0.215267
v 0.105421 0.935441 -0.321009
v 0.070700 0.962885 -0.286365
v 0.126902 0.914005 -0.342462
v -0.083072 0.943514 -0.321537
v -0.101280 0.951436 -0.283386
v -0.068224 0.928940 -0.358654
v 0.074838 0.859658 -0.414113
v 0.105781 0.894597 -0.371742
v -0.074838 0.859658 -0.414113
v -0.105743 0.894612 -0.371742
v 0.056197 0.839682 -0.434888
v -0.056197 0.839682 -0.434888
v -0.071831 0.787643 -0.441199
v 0.071831 0.704044 -0.441198
v -0.071831 0.704044 -0.441199
v 0.056197 0.652005 -0.434888
v -0.056197 0.652005 -0.434888
v 0.105743 0.597067 -0.371747
v 0.074838 0.632029 -0.414113
v 0.125682 0.576858 -0.342585
v -0.105743 0.597067 -0.371747
v -0.074838 0.632029 -0.414113
v -0.068224 0.562458 -0.358815
v 0.093050 0.519134 -0.280770
v 0.082719 0.543156 -0.324010
v -0.093075 0.519153 -0.280740
v -0.082718 0.543156 -0.324010
v 0.051621 0.484664 -0.261949
v -0.051621 0.484664 -0.261949
v 0.104222 0.429842 -0.191726
v 0.070235 0.463185 -0.233924
v -0.104275 0.429860 -0.191596
v -0.070263 0.463183 -0.233830
v 0.076886 0.357231 -0.188074
v -0.076886 0.357231 -0.188074
v -0.073888 0.271382 -0.185375
v -0.073798 0.185116 -0.185265
v 0.073798 0.098851 -0.185265
v -0.073798 0.098850 -0.185265
v -0.073798 0.012585 -0.185265
v 0.073798 -0.073681 -0.185265
v -0.073798 -0.073681 -0.185265
v 0.073798 -0.159947 -0.185265
v -0.073798 -0.159947 -0.185265
v -0.073806 -0.246212 -0.185280
v 0.073649 -0.332170 -0.186211
v -0.074262 -0.332601 -0.185959
v 0.102122 -0.437448 -0.189064
v 0.063820 -0.403125 -0.200367
v -0.079543 -0.418705 -0.196113
v -0.120553 -0.428731 -0.175301
v 0.085689 -0.491188 -0.231491
v -0.084521 -0.490341 -0.232188
v 0.084804 -0.533673 -0.277969
v -0.084722 -0.533664 -0.278131
v 0.085676 -0.606567 -0.373166
v -0.085647 -0.606549 -0.373191
v 0.081012 -0.682795 -0.426612
v 0.101656 -0.662151 -0.406638
v -0.081012 -0.682795 -0.426612
v -0.101656 -0.662151 -0.406638
v -0.064409 -0.699397 -0.439339
v 0.076168 -0.763989 -0.443133
v -0.076304 -0.763983 -0.443073
v 0.063776 -0.829071 -0.439336
v -0.064671 -0.829435 -0.438742
v 0.104338 -0.849848 -0.412886
v 0.065128 -0.858467 -0.428127
v -0.080608 -0.867616 -0.416417
v -0.123709 -0.834401 -0.411119
v -0.084510 -0.921178 -0.373888
v 0.103809 -0.964559 -0.296273
v 0.070594 -0.959261 -0.339373
v -0.103809 -0.964559 -0.296273
v -0.070594 -0.959261 -0.339373
v 0.065628 -0.986885 -0.280336
v -0.065628 -0.986885 -0.280336
v 0.076190 -0.991305 -0.215583
v -0.076189 -0.991305 -0.215583
v -0.065264 -0.987498 -0.149602
v 0.086116 -0.964942 -0.109009
v 0.094664 -0.976441 -0.148338
v -0.086116 -0.964942 -0.109009
v -0.094663 -0.976441 -0.148338
v 0.085224 -0.948568 -0.042317
v -0.085224 -0.948569 -0.042317
v -0.084709 -0.948597 0.041749
v 0.103876 -0.966336 0.133273
v 0.070617 -0.964572 0.088888
v -0.103876 -0.966337 0.133273
v -0.070617 -0.964572 0.088888
v 0.065628 -0.986999 0.148732
v -0.065628 -0.986999 0.148732
v 0.076190 -0.991308 0.215530
v -0.076189 -0.991308 0.215530
v -0.065264 -0.987479 0.279440
v 0.086041 -0.961028 0.320003
v 0.094661 -0.976270 0.280793
v -0.086041 -0.961028 0.320003
v -0.094661 -0.976270 0.280793
v 0.085676 -0.920961 0.373096
v -0.084590 -0.921875 0.373149
v 0.064409 -0.828216 0.439339
v -0.065628 -0.828478 0.438743
v 0.076168 -0.763624 0.443133
v -0.076189 -0.763834 0.443162
v -0.065264 -0.700031 0.439336
v 0.104338 -0.677766 0.412886
v 0.065128 -0.669146 0.428127
v 0.085133 -0.563773 0.322199
v -0.085674 -0.564074 0.321625
v -0.084804 -0.533673 0.277969
v 0.085226 -0.491691 0.232214
v -0.084612 -0.490981 0.231911
v 0.079963 -0.414048 0.193471
v 0.100195 -0.457704 0.194828
v -0.102021 -0.414672 0.181082
v -0.070652 -0.434381 0.203630
v -0.074998 -0.332502 0.185509
v -0.073806 -0.246212 0.185280
v 0.073798 -0.159947 0.185265
v -0.073798 -0.159947 0.185265
v 0.073798 -0.073681 0.185265
v -0.073798 -0.073681 0.185265
v -0.073798 0.012585 0.185265
v 0.073798 0.098851 0.185265
v -0.073798 0.098851 0.185265
v -0.073798 0.185116 0.185265
v 0.073888 0.271382 0.185375
v -0.073888 0.271382 0.185375
v -0.076886 0.357231 0.188074
v 0.070263 0.463183 0.233830
v 0.104275 0.429860 0.191595
v -0.070235 0.463185 0.233924
v -0.104222 0.429842 0.191726
v -0.051621 0.484664 0.261949
v 0.082719 0.543156 0.324010
v 0.093075 0.519153 0.280739
v 0.125682 0.576858 0.342585
v -0.082718 0.543156 0.324010
v -0.093050 0.519134 0.280770
v 0.068224 0.562458 0.358815
v -0.068224 0.562458 0.358815
v -0.056197 0.652005 0.434888
v 0.000000 0.703939 0.450747
v 0.115585 0.788514 0.423146
v 0.222145 0.641517 0.214580
v 0.218625 0.841490 0.159996
v 0.227767 0.702873 0.129855
v 0.213101 0.702232 0.020505
v 0.122014 0.910957 0.025480
v 0.084477 0.954142 0.129830
v 0.086066 0.967371 0.215727
v 0.221336 0.845174 0.215684
v 0.144234 0.928271 0.282369
v 0.206348 0.788949 0.332690
v 0.218283 0.840986 0.271918
v 0.126893 0.914518 0.341251
v 0.184064 0.881558 0.141586
v 0.182373 0.860669 0.101585
v 0.164762 0.788616 0.380704
v 0.225378 0.787876 0.287587
v 0.216236 0.754607 0.082723
v 0.149747 0.633891 0.365838
v 0.166725 0.619495 0.332598
v 0.183753 0.608885 0.287585
v 0.210865 0.588613 0.129809
v 0.105774 0.894699 0.371558
v 0.074838 0.859658 0.414113
v 0.105944 0.943488 0.298664
v 0.067625 0.951676 0.316727
v 0.071831 0.787643 0.441198
v 0.074838 0.632029 0.414113
v 0.105743 0.597067 0.371747
v 0.051621 0.484664 0.261949
v 0.073888 0.271382 -0.185375
v -0.105767 0.894587 0.371778
v -0.074838 0.859658 0.414113
v -0.143096 0.928770 0.282545
v -0.130684 0.917843 0.085975
v -0.115585 0.788514 0.423146
v -0.225378 0.787876 0.287587
v -0.200339 0.788299 0.039816
v -0.209865 0.783376 0.081656
v -0.074838 0.632029 0.414113
v -0.105743 0.597067 0.371747
v -0.144093 0.556843 0.282846
v 0.161436 0.873708 -0.063702
v 0.147293 0.883579 -0.025138
v 0.179924 0.874142 -0.117838
v 0.200741 0.869647 -0.158770
v 0.208963 0.812022 -0.100394
v 0.166880 0.872024 -0.332592
v 0.182957 0.882274 -0.287563
v 0.200339 0.788299 -0.039816
v 0.209865 0.783376 -0.081656
v 0.226352 0.787647 -0.141555
v 0.216604 0.783458 -0.101763
v 0.206348 0.788949 -0.332690
v 0.214729 0.599690 -0.046036
v 0.215419 0.632025 -0.003351
v 0.210915 0.588218 -0.129436
v 0.183700 0.608715 -0.287507
v 0.166725 0.619495 -0.332598
v 0.100791 0.925355 0.040906
v 0.070351 0.941100 0.059568
v 0.085504 0.953795 -0.130076
v 0.069431 0.928641 -0.358483
v 0.071831 0.787643 -0.441198
v 0.076886 0.357231 0.188074
v 0.068224 0.562458 -0.358815
v -0.121562 0.911090 -0.025062
v -0.140327 0.926680 -0.131370
v -0.125686 0.914558 -0.342460
v -0.226352 0.787647 0.141555
v -0.216604 0.783458 0.101763
v -0.223022 0.773136 -0.118546
v -0.228792 0.802980 -0.158770
v -0.164762 0.788616 -0.380704
v -0.206551 0.529665 0.043181
v -0.190612 0.528924 -0.128971
v -0.125682 0.576858 -0.342585
v 0.156672 0.098851 0.119976
v 0.192186 0.098851 0.042801
v 0.156672 0.098851 -0.119976
v 0.156672 0.012585 0.119976
v 0.192186 0.012585 0.042801
v 0.156672 0.012585 -0.119976
v 0.156672 -0.159947 0.119976
v 0.192186 -0.159947 0.042801
v 0.156672 -0.159947 -0.119976
v 0.073798 0.185116 0.185265
v 0.073798 0.185116 -0.185265
v 0.073798 0.012585 0.185265
v 0.073798 0.012585 -0.185265
v 0.073806 -0.246212 0.185280
v 0.073806 -0.246212 -0.185280
v -0.118070 0.098851 0.163653
v -0.192186 0.185116 0.042801
v -0.118070 0.098850 -0.163653
v -0.118070 0.012585 0.163653
v -0.192186 0.012585 0.042801
v -0.118070 0.012585 -0.163653
v -0.118070 -0.159947 0.163653
v -0.192186 -0.246212 0.042801
v -0.118070 -0.159947 -0.163653
v 0.139801 -0.622332 0.356928
v 0.159791 -0.592698 0.281631
v 0.139897 -0.593098 0.318598
v 0.204279 -0.582804 0.128198
v 0.157404 -0.678495 0.373038
v 0.223511 -0.697466 0.280405
v 0.217968 -0.678276 0.058785
v 0.216243 -0.680134 0.018493
v 0.157170 -0.848976 0.373696
v 0.200752 -0.867616 0.296273
v 0.195454 -0.834401 0.339373
v 0.201229 -0.850888 0.108857
v 0.212635 -0.858399 0.148115
v 0.085718 -0.606974 0.373369
v 0.084722 -0.533664 0.278130
v 0.063776 -0.698543 0.439336
v 0.081012 -0.844819 0.426612
v 0.101656 -0.865463 0.406638
v 0.065264 -0.987478 0.279440
v -0.085096 -0.606253 0.373202
v -0.130636 -0.547061 0.259249
v -0.086041 -0.659468 0.412886
v -0.094661 -0.698679 0.428127
v -0.223084 -0.697957 0.280722
v -0.214369 -0.708238 0.018172
v -0.103809 -0.844415 0.416417
v -0.070594 -0.887516 0.411118
v -0.156869 -0.920676 0.302062
v 0.211525 -0.573101 -0.043133
v 0.203599 -0.582095 -0.128752
v 0.156608 -0.603760 -0.304139
v 0.156929 -0.578356 -0.261595
v 0.214369 -0.708238 -0.018172
v 0.223652 -0.678894 -0.128636
v 0.200832 -0.659728 -0.297101
v 0.195455 -0.693209 -0.339376
v 0.185138 -0.849061 -0.042282
v 0.202568 -0.867639 -0.133260
v 0.200873 -0.836222 -0.088848
v 0.197222 -0.849848 -0.320003
v 0.212463 -0.858467 -0.280793
v 0.074187 -0.332340 0.185931
v 0.085674 -0.564074 -0.321625
v 0.064409 -0.699397 -0.439339
v 0.084709 -0.948597 0.041749
v 0.065264 -0.987498 -0.149602
v 0.085240 -0.920551 -0.373874
v -0.200939 -0.504159 0.043257
v -0.177352 -0.504857 -0.128552
v -0.085133 -0.563773 -0.322199
v -0.223652 -0.678894 0.128636
v -0.223916 -0.679133 -0.129349
v -0.157090 -0.677915 -0.373001
v -0.146541 -0.910343 0.043161
v -0.158719 -0.922525 -0.127968
v -0.140637 -0.904274 -0.356472
vn 0.5446 0.3862 0.7445
vn 0.5858 0.5222 0.6198
vn 0.7357 0.3338 0.5893
vn 0.6359 0.6839 0.3578
vn 0.7244 0.6708 0.1586
vn 0.8181 0.5582 0.1383
vn 0.8278 0.3760 0.4163
vn 0.8194 0.5583 -0.1297
vn 0.7199 0.6771 -0.1527
vn 0.4581 0.8773 -0.1431
vn 0.4552 0.8770 0.1539
vn 0.4421 0.8670 -0.2299
vn 0.7338 0.6099 -0.2992
vn 0.6871 0.7014 -0.1895
vn 0.7312 0.6822 -0.0057
vn 0.8947 0.4466 -0.0046
vn 0.8350 0.4883 -0.2538
vn 0.9748 0.1545 -0.1610
vn 0.9428 0.1986 -0.2676
vn 0.9859 0.1670 0.0100
vn 0.8729 0.3746 -0.3126
vn 0.9780 0.0575 -0.2003
vn 0.9919 0.0286 -0.1236
vn 0.9641 0.2535 -0.0791
vn 0.9890 0.0017 0.1479
vn 0.9677 0.2242 0.1153
vn 0.9844 -0.1696 -0.0464
vn 0.9687 -0.2122 0.1290
vn 0.8276 -0.3715 0.4208
vn 0.9215 0.0001 0.3884
vn 0.8436 -0.4919 0.2155
vn 0.7357 -0.3340 0.5892
vn 0.7582 -0.0000 0.6520
vn 0.5446 -0.3860 0.7446
vn 0.6523 -0.0000 0.7580
vn 0.4002 -0.3069 0.8635
vn 0.3864 -0.0000 0.9223
vn 0.1068 -0.2187 0.9699
vn 0.1434 -0.0000 0.9897
vn 0.1395 -0.5550 0.8201
vn -0.1068 -0.2187 0.9699
vn -0.1395 -0.5550 0.8201
vn -0.2035 -0.6456 0.7361
vn 0.2035 -0.6456 0.7361
vn 0.1536 -0.8041 0.5743
vn -0.1536 -0.8041 0.5743
vn -0.1777 -0.7713 0.6111
vn 0.1778 -0.7713 0.6111
vn 0.1397 -0.6269 0.7665
vn -0.1394 -0.6268 0.7666
vn -0.2695 -0.3531 0.8959
vn 0.2704 -0.3523 0.8960
vn -0.1809 -0.0565 0.9819
vn 0.1809 -0.0565 0.9819
vn -0.1694 -0.0020 0.9856
vn 0.1694 -0.0020 0.9856
vn -0.1691 -0.0000 0.9856
vn 0.1691 -0.0000 0.9856
vn -0.1692 0.0003 0.9856
vn 0.1692 0.0003 0.9856
vn -0.1720 0.0109 0.9850
vn 0.1713 0.0118 0.9851
vn -0.2525 0.1681 0.9529
vn 0.2006 0.1517 0.9679
vn -0.2198 0.4625 0.8589
vn 0.2804 0.4512 0.8472
vn 0.2038 0.7274 0.6552
vn -0.2049 0.7258 0.6567
vn -0.2042 0.8006 0.5633
vn 0.2010 0.8020 0.5625
vn 0.1758 0.7390 0.6504
vn -0.1774 0.7413 0.6473
vn -0.1852 0.6265 0.7571
vn 0.2387 0.6051 0.7595
vn 0.1339 0.3656 0.9211
vn -0.2118 0.4011 0.8912
vn -0.1292 0.1301 0.9830
vn 0.1300 0.1293 0.9830
vn -0.1313 -0.1330 0.9824
vn 0.1297 -0.1299 0.9830
vn 0.1684 -0.3925 0.9042
vn -0.2092 -0.3879 0.8977
vn -0.1468 -0.6705 0.7273
vn 0.2275 -0.5880 0.7762
vn 0.1858 -0.7564 0.6272
vn -0.1848 -0.7588 0.6245
vn -0.2097 -0.8911 0.4024
vn 0.2097 -0.8911 0.4024
vn 0.1290 -0.9831 0.1302
vn -0.1290 -0.9831 0.1302
vn -0.1313 -0.9833 -0.1257
vn 0.1313 -0.9833 -0.1256
vn -0.2069 -0.9290 -0.3068
vn 0.2069 -0.9290 -0.3068
vn 0.1977 -0.9553 -0.2197
vn -0.1977 -0.9553 -0.2197
vn -0.2209 -0.9753 0.0005
vn 0.2209 -0.9753 0.0005
vn -0.2003 -0.9554 0.2169
vn 0.2003 -0.9554 0.2169
vn -0.2054 -0.9222 0.3277
vn 0.2054 -0.9222 0.3277
vn 0.1297 -0.9838 0.1235
vn -0.1297 -0.9838 0.1235
vn -0.1311 -0.9824 -0.1332
vn 0.1311 -0.9824 -0.1332
vn -0.2087 -0.8981 -0.3872
vn 0.2087 -0.8981 -0.3872
vn 0.1517 -0.7240 -0.6729
vn -0.1510 -0.7255 -0.6714
vn -0.1808 -0.6298 -0.7554
vn 0.2387 -0.6045 -0.7600
vn 0.1353 -0.3652 -0.9210
vn -0.1686 -0.3947 -0.9032
vn -0.1330 -0.1313 -0.9824
vn 0.1301 -0.1291 -0.9830
vn 0.1299 0.1296 -0.9830
vn -0.1300 0.1295 -0.9830
vn 0.1693 0.3938 -0.9035
vn -0.1693 0.3938 -0.9035
vn -0.2238 0.5873 -0.7778
vn 0.2238 0.5874 -0.7778
vn 0.1773 0.7401 -0.6487
vn -0.1751 0.7393 -0.6502
vn -0.2010 0.8020 -0.5625
vn 0.2042 0.8006 -0.5633
vn 0.2053 0.7247 -0.6578
vn -0.2022 0.7241 -0.6594
vn -0.2129 0.4488 -0.8679
vn 0.2569 0.4123 -0.8740
vn 0.1732 0.1741 -0.9694
vn -0.1981 0.1590 -0.9672
vn 0.1711 0.0128 -0.9852
vn -0.1714 0.0123 -0.9851
vn 0.1692 0.0003 -0.9856
vn -0.1692 0.0003 -0.9856
vn 0.1691 -0.0000 -0.9856
vn -0.1691 -0.0000 -0.9856
vn 0.1694 -0.0020 -0.9856
vn -0.1694 -0.0020 -0.9856
vn 0.1809 -0.0565 -0.9819
vn -0.1809 -0.0565 -0.9819
vn 0.2695 -0.3531 -0.8959
vn -0.2704 -0.3523 -0.8960
vn 0.1394 -0.6268 -0.7666
vn -0.1397 -0.6269 -0.7665
vn -0.1778 -0.7713 -0.6111
vn 0.1777 -0.7713 -0.6111
vn 0.1536 -0.8041 -0.5743
vn -0.1536 -0.8041 -0.5743
vn -0.2035 -0.6456 -0.7361
vn 0.2035 -0.6456 -0.7361
vn 0.1395 -0.5550 -0.8201
vn -0.1395 -0.5550 -0.8201
vn -0.1068 -0.2187 -0.9699
vn 0.1068 -0.2187 -0.9699
vn 0.1434 -0.0000 -0.9897
vn -0.1434 -0.0000 -0.9897
vn 0.1068 0.2187 -0.9699
vn -0.1068 0.2187 -0.9699
vn 0.1395 0.5550 -0.8201
vn -0.1395 0.5550 -0.8201
vn -0.2028 0.6494 -0.7329
vn 0.2025 0.6501 -0.7324
vn 0.1785 0.8780 -0.4441
vn -0.1508 0.8776 -0.4551
vn 0.1570 0.9747 -0.1594
vn -0.1989 0.9580 -0.2064
vn 0.1844 0.9713 0.1503
vn -0.1846 0.9714 0.1493
vn 0.2176 0.9539 0.2067
vn -0.2038 0.9495 0.2387
vn 0.2146 0.9764 -0.0226
vn -0.2285 0.9734 0.0170
vn 0.1867 0.9558 -0.2271
vn -0.2313 0.9463 -0.2258
vn 0.1850 0.9716 -0.1476
vn -0.1851 0.9713 -0.1495
vn 0.2056 0.9585 0.1975
vn -0.1812 0.9666 0.1812
vn 0.1359 0.8740 0.4664
vn -0.1755 0.8779 0.4456
vn -0.2017 0.6469 0.7354
vn 0.2046 0.6500 0.7319
vn 0.1395 0.5550 0.8201
vn -0.1395 0.5550 0.8201
vn -0.1068 0.2187 0.9699
vn 0.1068 0.2187 0.9699
vn -0.1434 -0.0000 0.9897
vn -0.3864 -0.0000 0.9223
vn -0.4002 0.3069 0.8635
vn -0.4002 -0.3069 0.8635
vn -0.5446 -0.3860 0.7446
vn -0.6523 -0.0000 0.7580
vn -0.7357 -0.3340 0.5892
vn -0.7582 -0.0000 0.6520
vn -0.8276 -0.3715 0.4208
vn -0.9215 0.0001 0.3884
vn -0.8275 0.3768 0.4163
vn -0.7358 0.3340 0.5892
vn -0.8185 0.5572 0.1403
vn -0.7217 0.6729 0.1624
vn -0.5883 0.7362 0.3344
vn -0.5913 0.5139 0.6216
vn -0.5446 0.3859 0.7446
vn -0.8419 0.5308 -0.0972
vn -0.7228 0.6679 -0.1772
vn -0.8736 0.3690 -0.3173
vn -0.8650 0.4196 -0.2750
vn -0.7236 0.6313 -0.2791
vn -0.5968 0.7781 -0.1957
vn -0.8944 0.4472 0.0046
vn -0.7290 0.6845 0.0059
vn -0.6179 0.7610 0.1976
vn -0.8345 0.4890 0.2540
vn -0.7306 0.6114 0.3039
vn -0.8729 0.3746 0.3126
vn -0.8194 0.5583 0.1297
vn -0.7199 0.6770 0.1527
vn -0.8179 0.5584 -0.1386
vn -0.7241 0.6707 -0.1608
vn -0.8273 0.3772 -0.4163
vn -0.7358 0.3341 -0.5890
vn -0.5906 0.5213 -0.6160
vn -0.5816 0.7360 -0.3465
vn -0.5446 0.3860 -0.7446
vn -0.4660 0.8737 -0.1396
vn -0.9215 0.0001 -0.3884
vn -0.7582 -0.0000 -0.6520
vn -0.8276 -0.3715 -0.4208
vn -0.7357 -0.3340 -0.5892
vn -0.5446 -0.3860 -0.7446
vn -0.6523 -0.0000 -0.7580
vn -0.5903 -0.5184 -0.6187
vn -0.4002 -0.3069 -0.8635
vn -0.3864 -0.0000 -0.9223
vn -0.4002 0.3069 -0.8635
vn -0.8436 -0.4919 -0.2155
vn -0.7545 -0.5727 -0.3205
vn -0.6016 -0.6819 -0.4160
vn -0.9437 -0.3221 -0.0748
vn -0.8631 -0.4373 -0.2528
vn -0.9903 -0.1368 0.0240
vn -0.9812 -0.1832 -0.0608
vn -0.9983 -0.0066 0.0578
vn -0.9993 0.0348 -0.0161
vn -0.9967 -0.0808 -0.0084
vn -0.9989 0.0069 -0.0466
vn -0.9924 -0.1229 -0.0112
vn -0.9740 -0.2057 0.0947
vn -0.9450 -0.3186 0.0742
vn -0.8879 -0.4066 0.2150
vn -0.8445 -0.4899 0.2163
vn -0.7571 -0.5527 0.3485
vn -0.5900 -0.5473 0.5936
vn -0.8253 -0.3593 0.4357
vn -0.5287 -0.6872 0.4982
vn -0.6233 -0.3473 0.7006
vn -0.7524 -0.1686 0.6367
vn -0.9225 -0.0776 0.3782
vn -0.9488 -0.1913 0.2516
vn -0.9993 -0.0362 0.0001
vn -0.9939 -0.1105 -0.0018
vn -0.9186 -0.0614 -0.3903
vn -0.9312 -0.2010 -0.3040
vn -0.7887 -0.1286 -0.6011
vn -0.7029 -0.3417 -0.6238
vn -0.8296 -0.3744 -0.4143
vn -0.6245 -0.5086 -0.5927
vn -0.7479 -0.0204 -0.6635
vn -0.9093 -0.0056 -0.4161
vn -0.7404 -0.0008 -0.6722
vn -0.9080 -0.0002 -0.4189
vn -1.0000 -0.0019 -0.0000
vn -1.0000 -0.0000 -0.0000
vn -0.9095 -0.0063 0.4156
vn -0.9080 -0.0002 0.4189
vn -0.7404 -0.0008 0.6722
vn -0.7472 -0.0225 0.6642
vn -0.7402 -0.0000 0.6724
vn -0.9080 -0.0000 0.4190
vn -0.9080 -0.0000 -0.4190
vn -0.7402 -0.0000 -0.6724
vn -0.7413 0.0027 0.6712
vn -0.9081 0.0011 0.4187
vn -0.7692 0.0697 0.6351
vn -0.9151 0.0279 0.4023
vn -0.9999 0.0113 -0.0010
vn -1.0000 0.0004 -0.0000
vn -0.9140 0.0286 -0.4048
vn -0.9082 0.0011 -0.4186
vn -0.7465 0.0937 -0.6588
vn -0.7411 0.0041 -0.6714
vn -0.4513 0.0068 -0.8924
vn -0.4485 0.0001 -0.8938
vn -0.9325 0.1431 -0.3316
vn -0.7922 0.2871 -0.5386
vn -0.6434 0.1962 -0.7400
vn -0.5957 0.4420 -0.6706
vn -0.8589 0.4144 -0.3009
vn -0.7126 0.5485 -0.4374
vn -0.4199 0.6572 -0.6259
vn -0.5096 0.7128 -0.4819
vn -0.7733 0.5345 -0.3409
vn -0.7379 0.4881 -0.4661
vn -0.4258 0.7106 -0.5602
vn -0.4800 0.4766 -0.7366
vn -0.8899 0.2073 -0.4064
vn -0.7549 0.1898 -0.6278
vn -0.9078 0.3523 -0.2277
vn -0.9109 0.3924 -0.1276
vn -0.9777 0.2097 0.0087
vn -0.9914 0.0902 0.0951
vn -0.9826 0.1362 -0.1262
vn -0.9411 0.3250 -0.0930
vn -0.9825 0.1770 -0.0583
vn -0.9971 0.0705 0.0273
vn -0.9949 0.1012 0.0001
vn -1.0000 0.0010 0.0070
vn -0.9821 0.1781 0.0609
vn -0.9981 0.0491 -0.0359
vn -0.9126 0.3760 0.1605
vn -0.9771 0.2127 0.0001
vn -0.8932 0.4275 0.1392
vn -0.9099 0.3507 0.2217
vn -0.9822 0.1240 0.1415
vn -0.9909 0.0933 -0.0969
vn -0.9828 -0.1520 -0.1050
vn -0.9828 -0.1296 0.1317
vn -0.8914 -0.2102 0.4014
vn -0.8976 0.2057 0.3900
vn -0.9211 -0.3649 0.1356
vn -0.7561 -0.1879 0.6269
vn -0.7391 -0.4755 0.4772
vn -0.7574 -0.6071 0.2403
vn -0.4796 -0.4846 0.7315
vn -0.6313 -0.1815 0.7540
vn -0.7253 0.1495 0.6720
vn -0.6045 0.2387 0.7600
vn -0.7304 0.4680 0.4975
vn -0.4723 0.4767 0.7414
vn -0.7691 0.5702 0.2888
vn -0.5395 0.6772 0.5004
vn -0.4704 0.7146 0.5177
vn -0.7612 0.5463 0.3495
vn -0.3652 0.1353 0.9210
vn -0.3947 -0.1686 0.9032
vn -0.4765 -0.7401 0.4746
vn -0.9088 -0.3890 -0.1510
vn -0.7610 -0.6304 -0.1535
vn -0.9375 -0.2346 -0.2570
vn -0.8207 -0.5209 -0.2349
vn -0.9220 -0.3116 -0.2298
vn -0.8404 -0.5419 0.0001
vn -0.9653 -0.2603 -0.0218
vn -0.8159 -0.5368 0.2148
vn -0.9308 -0.2719 0.2443
vn -0.9380 -0.2281 0.2609
vn -0.7692 -0.6055 0.2042
vn -0.9225 -0.3645 0.1272
vn -0.9032 -0.3946 -0.1686
vn -0.7541 -0.6311 -0.1819
vn -0.8979 -0.2080 -0.3880
vn -0.7321 -0.4807 -0.4827
vn -0.7282 -0.1481 -0.6691
vn -0.4834 -0.4787 -0.7329
vn -0.6691 -0.1461 -0.7287
vn -0.5880 0.2277 -0.7761
vn -0.3879 -0.2092 -0.8977
vn -0.3925 0.1684 -0.9042
vn -0.4800 -0.7311 -0.4849
vn -0.6311 -0.7541 -0.1819
vn -0.9824 -0.1307 -0.1333
vn -0.6048 -0.7692 0.2062
vn -0.3638 -0.9227 0.1277
vn -0.3946 -0.9032 -0.1686
vn -0.9838 -0.1374 0.1154
vn -0.9746 -0.0941 0.2035
vn -0.9873 -0.0171 0.1581
vn -0.9930 -0.0741 0.0924
vn -0.9924 -0.1218 0.0189
vn -0.9983 -0.0576 0.0028
vn -0.5325 -0.8187 0.2146
vn -0.5385 -0.8426 0.0006
vn -0.9930 -0.0710 -0.0940
vn -0.9751 -0.0942 -0.2010
vn -0.9879 0.0017 -0.1549
vn -0.5159 -0.8232 -0.2368
vn -0.6303 -0.7610 -0.1536
vn -0.6071 -0.7574 0.2403
vn -0.3649 -0.9211 0.1355
vn -0.3864 -0.9097 -0.1520
vn -0.8487 0.3890 0.3582
vn -0.5838 0.4261 0.6911
vn -0.4937 0.6583 0.5682
vn -0.8017 0.3243 0.5021
vn -0.9558 0.2289 0.1847
vn -0.9161 0.1382 0.3764
vn -0.6637 0.1909 0.7232
vn -0.9903 0.1390 0.0001
vn -0.9565 0.2285 -0.1815
vn -0.9968 0.0803 0.0006
vn -0.4911 0.1218 -0.8625
vn -0.4787 0.0799 0.8743
vn -0.4512 0.0054 0.8924
vn -0.4485 0.0001 0.8938
vn -0.4485 -0.0000 0.8938
vn -0.4485 -0.0000 -0.8938
vn -0.4487 -0.0013 0.8937
vn -0.4590 -0.0334 0.8878
vn -0.5223 -0.1713 0.8354
vn -0.4487 -0.0013 -0.8937
vn -0.4595 -0.0332 -0.8876
vn -0.5312 -0.1690 -0.8302
vn -0.3957 -0.6787 0.6188
vn -0.9845 -0.1692 -0.0466
vn -0.9686 -0.2123 0.1291
vn -0.9934 0.0193 -0.1130
vn -0.9891 0.0023 0.1470
vn -0.9942 -0.0469 -0.0966
vn -0.9761 0.0788 -0.2027
vn -0.9733 0.1525 -0.1716
vn -0.9284 0.2055 -0.3097
vn -0.9695 0.2238 -0.0995
vn -0.9681 0.2233 0.1139
vn -0.9859 0.1670 -0.0100
vn -0.9748 0.1545 0.1610
vn -0.9940 -0.0485 0.0978
vn -0.9780 0.0575 0.2003
vn -0.9844 -0.1696 0.0464
vn -0.9919 0.0286 0.1236
vn -0.9687 -0.2122 -0.1290
vn -0.9890 0.0017 -0.1479
vn -0.9677 0.2242 -0.1153
vn -0.9641 0.2535 0.0791
vn -0.9428 0.1986 0.2676
vn -0.5791 -0.6815 -0.4474
vn -0.4018 -0.6784 -0.6151
vn -0.4586 0.8769 0.1442
vn -0.4440 0.8563 0.2640
vn -0.4678 0.8838 -0.0096
vn -0.4364 0.8553 -0.2794
vn -0.4596 0.8766 -0.1430
vn -0.4477 0.8800 0.1585
vn -0.3618 0.6861 0.6311
vn -0.5903 -0.5184 0.6187
vn -0.6008 -0.6813 0.4182
vn -0.3596 -0.7003 0.6167
vn 0.4002 0.3069 0.8635
vn 0.3557 0.7858 0.5060
vn 0.4569 0.8536 0.2503
vn 0.6679 0.7237 0.1740
vn 0.4617 0.8864 0.0333
vn 0.7260 0.6302 0.2751
vn 0.4603 0.8763 0.1426
vn 0.7228 0.6680 0.1771
vn 0.4452 0.8770 -0.1807
vn 0.7229 0.6725 -0.1589
vn 0.6412 0.6772 -0.3611
vn 0.8186 0.5570 -0.1400
vn 0.8419 0.5308 0.0972
vn 0.9681 0.2233 -0.1139
vn 0.9695 0.2238 0.0995
vn 0.8736 0.3690 0.3173
vn 0.8279 0.3759 -0.4163
vn 0.9215 0.0001 -0.3884
vn 0.9891 0.0023 -0.1470
vn 0.8276 -0.3715 -0.4208
vn 0.9686 -0.2123 -0.1291
vn 0.9845 -0.1692 0.0466
vn 0.9934 0.0193 0.1130
vn 0.9942 -0.0469 0.0966
vn 0.9761 0.0788 0.2027
vn 0.9989 0.0069 0.0466
vn 0.9733 0.1525 0.1716
vn 0.9284 0.2055 0.3097
vn 0.9924 -0.1229 0.0112
vn 0.9993 0.0348 0.0161
vn 0.9450 -0.3186 -0.0742
vn 0.8445 -0.4899 -0.2163
vn 0.7571 -0.5527 -0.3485
vn 0.8879 -0.4066 -0.2150
vn 0.5900 -0.5473 -0.5936
vn 0.8253 -0.3593 -0.4357
vn 0.5287 -0.6872 -0.4982
vn 0.9488 -0.1913 -0.2516
vn 0.9740 -0.2057 -0.0947
vn 0.9939 -0.1105 0.0018
vn 0.9967 -0.0808 0.0084
vn 0.9312 -0.2010 0.3040
vn 0.9812 -0.1832 0.0608
vn 0.8296 -0.3744 0.4143
vn 0.8631 -0.4373 0.2528
vn 0.6245 -0.5086 0.5927
vn 0.5791 -0.6815 0.4474
vn 0.7545 -0.5727 0.3205
vn 0.6016 -0.6819 0.4160
vn 0.9437 -0.3221 0.0748
vn 0.7029 -0.3417 0.6238
vn 0.4018 -0.6784 0.6151
vn 0.7887 -0.1286 0.6011
vn 0.9186 -0.0614 0.3903
vn 0.7479 -0.0204 0.6635
vn 0.9093 -0.0056 0.4161
vn 1.0000 -0.0019 -0.0000
vn 0.9993 -0.0362 -0.0001
vn 0.9095 -0.0063 -0.4156
vn 0.9225 -0.0776 -0.3782
vn 0.7472 -0.0225 -0.6642
vn 0.7524 -0.1686 -0.6367
vn 0.7404 -0.0008 -0.6722
vn 0.9080 -0.0002 -0.4189
vn 0.7402 -0.0000 -0.6724
vn 0.9080 -0.0000 -0.4190
vn 1.0000 -0.0000 -0.0000
vn 0.9080 -0.0000 0.4190
vn 0.9080 -0.0002 0.4189
vn 0.7402 -0.0000 0.6724
vn 0.7404 -0.0008 0.6722
vn 0.4485 -0.0000 0.8938
vn 0.4487 -0.0013 0.8937
vn 0.4595 -0.0332 0.8876
vn 0.4485 0.0001 0.8938
vn 0.7409 0.0040 0.6716
vn 0.4510 0.0060 0.8925
vn 0.7409 0.0926 0.6652
vn 0.4737 0.0901 0.8761
vn 0.5281 0.2201 0.8202
vn 0.9140 0.0286 0.4048
vn 0.9325 0.1431 0.3316
vn 0.7849 0.2901 0.5476
vn 0.5319 0.5566 0.6382
vn 0.8588 0.4145 0.3010
vn 0.7124 0.5493 0.4368
vn 0.4184 0.6615 0.6224
vn 0.5096 0.7128 0.4819
vn 0.9109 0.3924 0.1276
vn 0.7733 0.5346 0.3409
vn 0.9411 0.3250 0.0930
vn 0.9078 0.3523 0.2277
vn 0.8899 0.2073 0.4064
vn 0.7559 0.1895 0.6266
vn 0.7379 0.4882 0.4661
vn 0.8979 -0.2080 0.3880
vn 0.7257 -0.1491 0.6716
vn 0.5860 -0.2249 0.7785
vn 0.6262 0.1839 0.7577
vn 0.3940 -0.1678 0.9037
vn 0.4022 0.2108 0.8910
vn 0.9826 0.1362 0.1262
vn 0.9824 -0.1307 0.1333
vn 0.9838 -0.1374 -0.1154
vn 0.9914 0.0902 -0.0951
vn 0.9380 -0.2281 -0.2609
vn 0.9873 -0.0171 -0.1581
vn 0.9746 -0.0941 -0.2035
vn 0.9930 -0.0741 -0.0924
vn 0.9924 -0.1218 -0.0189
vn 0.9653 -0.2603 0.0218
vn 0.9308 -0.2719 -0.2443
vn 0.9930 -0.0710 0.0940
vn 0.9751 -0.0942 0.2010
vn 0.9220 -0.3116 0.2298
vn 0.9375 -0.2346 0.2570
vn 0.9879 0.0017 0.1549
vn 0.9909 0.0933 0.0969
vn 0.9828 -0.1520 0.1050
vn 0.9828 -0.1296 -0.1317
vn 0.9822 0.1240 -0.1415
vn 0.8914 -0.2102 -0.4014
vn 0.8976 0.2057 -0.3900
vn 0.9099 0.3507 -0.2217
vn 0.9211 -0.3649 -0.1356
vn 0.7257 0.1491 -0.6716
vn 0.7560 -0.1878 -0.6270
vn 0.6261 -0.1838 -0.7578
vn 0.5860 0.2249 -0.7785
vn 0.7309 0.4684 -0.4964
vn 0.4785 0.4798 -0.7354
vn 0.4703 0.7146 -0.5179
vn 0.4783 -0.4725 -0.7403
vn 0.7394 -0.4749 -0.4771
vn 0.4802 -0.7307 -0.4853
vn 0.6328 -0.7525 -0.1826
vn 0.7587 -0.6057 -0.2398
vn 0.6032 -0.7706 0.2058
vn 0.7593 -0.6322 0.1542
vn 0.5323 -0.8187 0.2155
vn 0.8207 -0.5212 0.2343
vn 0.5385 -0.8426 0.0004
vn 0.8404 -0.5419 0.0001
vn 0.5162 -0.8232 -0.2363
vn 0.8159 -0.5365 -0.2157
vn 0.6322 -0.7593 -0.1542
vn 0.7706 -0.6039 -0.2038
vn 0.6057 -0.7587 0.2398
vn 0.7525 -0.6328 0.1826
vn 0.4748 -0.7394 0.4773
vn 0.7312 -0.4806 0.4842
vn 0.4786 -0.4814 0.7343
vn 0.9225 -0.3645 -0.1272
vn 0.9032 -0.3946 0.1686
vn 0.3864 -0.9097 -0.1520
vn 0.3649 -0.9211 0.1355
vn 0.9088 -0.3890 0.1510
vn 0.3946 -0.9032 -0.1686
vn 0.3638 -0.9227 0.1277
vn 0.3940 0.1678 -0.9037
vn 0.4022 -0.2108 -0.8910
vn 0.8932 0.4275 -0.1392
vn 0.9771 0.2127 -0.0001
vn 0.9126 0.3760 -0.1605
vn 0.9981 0.0491 0.0359
vn 0.9821 0.1781 -0.0609
vn 1.0000 0.0010 -0.0070
vn 0.9949 0.1012 -0.0001
vn 0.9971 0.0705 -0.0273
vn 0.9825 0.1770 0.0583
vn 0.9777 0.2097 -0.0087
vn 0.9565 0.2285 0.1815
vn 0.9903 0.1390 -0.0001
vn 0.9968 0.0803 -0.0006
vn 0.9558 0.2289 -0.1847
vn 0.9161 0.1382 -0.3764
vn 0.8489 0.3888 -0.3581
vn 0.8015 0.3247 -0.5021
vn 0.6135 0.4521 -0.6475
vn 0.4938 0.6590 -0.5674
vn 0.7612 0.5463 -0.3495
vn 0.5395 0.6772 -0.5004
vn 0.6831 0.1970 -0.7032
vn 0.7692 0.0700 -0.6352
vn 0.9151 0.0279 -0.4023
vn 0.9081 0.0011 -0.4187
vn 0.7413 0.0027 -0.6712
vn 0.9999 0.0113 0.0010
vn 1.0000 0.0004 -0.0000
vn 0.9082 0.0011 0.4186
vn 0.4485 -0.0000 -0.8938
vn 0.4485 0.0001 -0.8938
vn 0.4516 0.0067 -0.8922
vn 0.4847 0.1267 -0.8654
vn 0.9983 -0.0576 -0.0028
vn 0.7691 0.5702 -0.2888
vn 0.4487 -0.0013 -0.8937
vn 0.4590 -0.0334 -0.8878
vn 0.5223 -0.1713 -0.8354
vn 0.6233 -0.3473 -0.7007
vn 0.5312 -0.1690 0.8302
vn 0.9983 -0.0066 -0.0578
vn 0.9903 -0.1368 -0.0240
vn 0.9940 -0.0485 -0.0978
vn 0.6008 -0.6813 -0.4182
vn 0.3957 -0.6787 -0.6188
vn 0.7582 -0.0000 -0.6520
vn 0.7357 -0.3340 -0.5892
vn 0.5446 -0.3860 -0.7446
vn 0.6523 -0.0000 -0.7580
vn 0.7357 0.3338 -0.5894
vn 0.5446 0.3860 -0.7446
vn 0.5892 0.5158 -0.6219
vn 0.4002 0.3069 -0.8635
vn 0.3864 -0.0000 -0.9223
vn 0.5903 -0.5184 -0.6187
vn 0.4002 -0.3069 -0.8635
vn 0.3621 0.7328 -0.5762
vn -0.3575 0.7415 -0.5677
vn 0.3596 -0.7003 -0.6167
vn -0.3596 -0.7003 -0.6167
vn 0.4769 0.4705 0.7424
vn 0.4252 0.7100 0.5614
vn 0.3596 -0.7003 0.6167
vn 0.5903 -0.5184 0.6187
vn 0.8652 0.4194 0.2748
vn 0.6578 0.3172 0.6831
vn 0.6818 0.4583 0.5702
vn 0.5249 0.4805 0.7025
vn 0.7414 0.5394 0.3991
vn 0.8003 0.5069 0.3202
vn 0.7730 0.6132 0.1629
vn 0.6902 0.6517 0.3144
vn 0.6587 0.5911 0.4655
vn 0.7912 0.3696 0.4872
vn 0.7755 0.6126 -0.1523
vn 0.7263 0.6873 -0.0026
vn 0.8330 0.5533 0.0014
vn 0.4621 0.8868 -0.0015
vn 0.6069 0.7822 0.1406
vn 0.6036 0.7842 -0.1440
vn 0.4481 0.8627 -0.2346
vn 0.7186 0.6422 -0.2668
vn 0.6113 0.7441 -0.2695
vn 0.5378 0.8167 -0.2093
vn 0.7264 0.6353 -0.2623
vn 0.7845 0.5906 -0.1889
vn 0.8800 0.4494 -0.1538
vn 0.8084 0.5884 -0.0163
vn 0.7231 0.6830 -0.1032
vn 0.7727 0.5726 -0.2741
vn 0.9524 0.2749 -0.1317
vn 0.9095 0.3083 -0.2791
vn 0.9548 0.1838 -0.2337
vn 0.9829 0.1634 -0.0843
vn 0.9604 0.2782 0.0151
vn 0.9309 0.2451 -0.2706
vn 0.8415 0.4495 -0.2997
vn 0.9576 0.1589 -0.2402
vn 0.9802 0.0344 -0.1951
vn 0.9617 0.1288 -0.2419
vn 0.9251 0.2826 -0.2536
vn 0.9860 0.1374 -0.0945
vn 0.9699 0.2433 0.0116
vn 0.9832 0.1188 0.1387
vn 0.9999 0.0039 0.0116
vn 0.9922 -0.0895 -0.0873
vn 0.9832 -0.1142 0.1426
vn 0.9780 -0.2070 0.0270
vn 0.9195 -0.2524 0.3012
vn 0.9601 0.0005 0.2796
vn 0.8991 -0.1736 0.4018
vn 0.8043 -0.4797 0.3506
vn 0.9204 -0.3623 0.1471
vn 0.8489 -0.0000 0.5286
vn 0.7545 -0.1727 0.6331
vn 0.7909 -0.3697 0.4876
vn 0.6578 -0.3172 0.6831
vn 0.7057 -0.0000 0.7085
vn 0.6285 -0.1863 0.7552
vn 0.5328 -0.0000 0.8462
vn 0.3939 -0.1475 0.9072
vn 0.4862 -0.3690 0.7921
vn 0.2656 -0.2336 0.9354
vn 0.2743 -0.0000 0.9616
vn 0.1332 -0.1160 0.9843
vn 0.0992 -0.3983 0.9119
vn 0.3169 -0.4785 0.8189
vn -0.0992 -0.3983 0.9119
vn -0.0000 -0.5521 0.8338
vn -0.0000 -0.2326 0.9726
vn -0.0000 -0.6742 0.7385
vn 0.1799 -0.6108 0.7710
vn -0.1799 -0.6108 0.7710
vn -0.1448 -0.7421 0.6545
vn -0.0000 -0.8106 0.5856
vn 0.1448 -0.7421 0.6545
vn -0.0000 -0.7803 0.6254
vn 0.1735 -0.8087 0.5621
vn -0.1735 -0.8087 0.5621
vn -0.1064 -0.7039 0.7022
vn -0.0000 -0.6104 0.7921
vn 0.1064 -0.7039 0.7022
vn -0.0000 -0.3505 0.9365
vn 0.2097 -0.5338 0.8192
vn -0.2081 -0.5337 0.8197
vn -0.0000 -0.0626 0.9980
vn 0.2088 -0.1516 0.9661
vn -0.2088 -0.1516 0.9661
vn -0.0000 -0.0022 1.0000
vn 0.1716 -0.0162 0.9850
vn -0.1716 -0.0162 0.9850
vn -0.0000 -0.0000 1.0000
vn -0.0000 0.0003 1.0000
vn -0.0005 0.0128 0.9999
vn 0.1695 0.0021 0.9855
vn -0.1695 0.0021 0.9855
vn -0.0121 0.1710 0.9852
vn 0.1790 0.0557 0.9823
vn -0.1889 0.0498 0.9807
vn 0.0167 0.4588 0.8884
vn 0.2388 0.2668 0.9337
vn -0.2357 0.3181 0.9183
vn -0.2069 0.6202 0.7567
vn 0.0008 0.7441 0.6681
vn 0.2160 0.6327 0.7436
vn -0.0000 0.8146 0.5800
vn 0.2072 0.7778 0.5934
vn -0.2090 0.7771 0.5937
vn -0.1934 0.7870 0.5858
vn 0.0007 0.7431 0.6691
vn 0.1899 0.7872 0.5867
vn 0.0101 0.6563 0.7545
vn 0.1762 0.6811 0.7107
vn -0.1681 0.6923 0.7017
vn -0.2012 0.5121 0.8350
vn -0.0207 0.3899 0.9206
vn 0.1827 0.5190 0.8350
vn -0.0005 0.1406 0.9901
vn 0.1219 0.2674 0.9559
vn -0.1300 0.2805 0.9510
vn -0.0009 -0.1416 0.9899
vn 0.1408 0.0003 0.9900
vn -0.1403 -0.0004 0.9901
vn -0.1382 -0.2871 0.9479
vn -0.0071 -0.3912 0.9203
vn 0.1284 -0.2757 0.9526
vn 0.0314 -0.6584 0.7520
vn 0.2135 -0.5018 0.8382
vn -0.1558 -0.5307 0.8331
vn -0.1609 -0.7090 0.6866
vn 0.0011 -0.7579 0.6523
vn 0.1761 -0.6865 0.7055
vn -0.0000 -0.9158 0.4016
vn 0.1987 -0.8364 0.5108
vn -0.1987 -0.8364 0.5108
vn -0.1288 -0.9507 0.2822
vn -0.0000 -0.9900 0.1414
vn 0.1288 -0.9507 0.2822
vn -0.0000 -0.9909 -0.1349
vn 0.1403 -0.9901 0.0003
vn -0.1403 -0.9901 0.0003
vn -0.0000 -0.9538 -0.3005
vn 0.1371 -0.9558 -0.2601
vn -0.1371 -0.9558 -0.2601
vn -0.1743 -0.9467 -0.2708
vn -0.0000 -0.9771 -0.2127
vn 0.1743 -0.9467 -0.2708
vn -0.0000 -1.0000 0.0001
vn 0.2150 -0.9681 -0.1285
vn -0.2150 -0.9681 -0.1285
vn -0.0000 -0.9780 0.2084
vn 0.2137 -0.9682 0.1300
vn -0.2137 -0.9682 0.1300
vn -0.0000 -0.9485 0.3169
vn 0.1904 -0.9389 0.2867
vn -0.1904 -0.9389 0.2867
vn -0.1305 -0.9575 0.2572
vn -0.0000 -0.9910 0.1338
vn 0.1305 -0.9575 0.2572
vn -0.0000 -0.9897 -0.1429
vn 0.1404 -0.9901 -0.0010
vn -0.1404 -0.9901 -0.0010
vn -0.0000 -0.9227 -0.3854
vn 0.1373 -0.9477 -0.2880
vn -0.1373 -0.9477 -0.2880
vn -0.1591 -0.8341 -0.5282
vn 0.0007 -0.7380 -0.6748
vn 0.1591 -0.8341 -0.5282
vn 0.0120 -0.6572 -0.7536
vn 0.1708 -0.6741 -0.7186
vn -0.1612 -0.6860 -0.7095
vn -0.1916 -0.5171 -0.8342
vn -0.0111 -0.3884 -0.9214
vn 0.1841 -0.5195 -0.8344
vn -0.0004 -0.1403 -0.9901
vn 0.1225 -0.2667 -0.9560
vn -0.1338 -0.2778 -0.9513
vn -0.1416 -0.0009 -0.9899
vn -0.0000 0.1402 -0.9901
vn 0.1408 -0.0003 -0.9900
vn -0.1293 0.2748 -0.9528
vn -0.0000 0.3980 -0.9174
vn 0.1293 0.2748 -0.9528
vn -0.0000 0.6440 -0.7650
vn 0.2112 0.5047 -0.8371
vn -0.2112 0.5047 -0.8371
vn -0.1710 0.6812 -0.7118
vn -0.0000 0.7423 -0.6701
vn 0.1717 0.6816 -0.7113
vn -0.0000 0.8146 -0.5800
vn 0.1934 0.7870 -0.5858
vn -0.1899 0.7872 -0.5867
vn -0.2072 0.7778 -0.5934
vn -0.0002 0.7422 -0.6702
vn 0.2090 0.7771 -0.5937
vn -0.0023 0.4450 -0.8955
vn 0.2133 0.6102 -0.7630
vn -0.2010 0.6132 -0.7640
vn -0.2158 0.2903 -0.9323
vn -0.0111 0.1771 -0.9841
vn 0.1852 0.2775 -0.9427
vn -0.1794 0.0583 -0.9820
vn -0.0002 0.0139 -0.9999
vn 0.1746 0.0638 -0.9826
vn -0.1695 0.0021 -0.9855
vn -0.0000 0.0003 -1.0000
vn 0.1695 0.0021 -0.9855
vn -0.0000 -0.0000 -1.0000
vn -0.0000 -0.0022 -1.0000
vn -0.1716 -0.0162 -0.9850
vn -0.0000 -0.0626 -0.9980
vn 0.1716 -0.0162 -0.9850
vn -0.2088 -0.1516 -0.9661
vn -0.0000 -0.3505 -0.9365
vn 0.2088 -0.1516 -0.9661
vn -0.2097 -0.5338 -0.8192
vn -0.0000 -0.6104 -0.7921
vn 0.2081 -0.5337 -0.8197
vn -0.0000 -0.7803 -0.6254
vn 0.1064 -0.7039 -0.7022
vn -0.1064 -0.7039 -0.7022
vn -0.1735 -0.8087 -0.5621
vn -0.0000 -0.8106 -0.5856
vn 0.1735 -0.8087 -0.5621
vn -0.0000 -0.6742 -0.7385
vn 0.1448 -0.7421 -0.6545
vn -0.1448 -0.7421 -0.6545
vn -0.1799 -0.6108 -0.7710
vn -0.0000 -0.5521 -0.8338
vn 0.1799 -0.6108 -0.7710
vn -0.0000 -0.2326 -0.9726
vn 0.0992 -0.3983 -0.9119
vn -0.0992 -0.3983 -0.9119
vn -0.1332 -0.1160 -0.9843
vn 0.1332 -0.1160 -0.9843
vn -0.1332 0.1160 -0.9843
vn -0.0000 0.2326 -0.9726
vn 0.1332 0.1160 -0.9843
vn -0.0992 0.3983 -0.9119
vn -0.0000 0.5521 -0.8338
vn 0.0992 0.3983 -0.9119
vn 0.0004 0.6794 -0.7337
vn 0.1799 0.6109 -0.7710
vn -0.1799 0.6109 -0.7710
vn -0.1411 0.7744 -0.6168
vn 0.0037 0.8869 -0.4620
vn 0.1448 0.7786 -0.6105
vn -0.1769 0.9233 -0.3410
vn -0.0185 0.9832 -0.1815
vn 0.1503 0.9343 -0.3231
vn -0.1828 0.9831 -0.0132
vn -0.0008 0.9888 0.1490
vn 0.1770 0.9842 0.0008
vn -0.1903 0.9514 0.2422
vn -0.0065 0.9739 0.2268
vn 0.1918 0.9523 0.2373
vn -0.2159 0.9640 0.1555
vn -0.0112 0.9999 0.0009
vn 0.1735 0.9768 0.1259
vn -0.2073 0.9702 -0.1255
vn -0.0131 0.9735 -0.2285
vn 0.1897 0.9696 -0.1543
vn -0.1944 0.9497 -0.2456
vn 0.0001 0.9889 -0.1485
vn 0.1866 0.9533 -0.2377
vn -0.1831 0.9830 0.0096
vn 0.0042 0.9832 0.1827
vn 0.1871 0.9822 0.0169
vn -0.1780 0.9295 0.3230
vn -0.0120 0.8863 0.4630
vn 0.1584 0.9289 0.3349
vn 0.0004 0.6783 0.7348
vn 0.1419 0.7720 0.6196
vn -0.1372 0.7714 0.6214
vn -0.1799 0.6109 0.7710
vn -0.0000 0.5521 0.8338
vn 0.1799 0.6109 0.7710
vn -0.0000 0.2326 0.9726
vn 0.0992 0.3983 0.9119
vn -0.0992 0.3983 0.9119
vn 0.1332 0.1160 0.9843
vn -0.1332 0.1160 0.9843
vn -0.2656 0.2336 0.9354
vn -0.3939 0.1475 0.9072
vn -0.2743 -0.0000 0.9616
vn -0.1332 -0.1160 0.9843
vn -0.3939 -0.1475 0.9072
vn -0.2656 -0.2336 0.9354
vn -0.4862 -0.3690 0.7921
vn -0.5328 -0.0000 0.8462
vn -0.6285 -0.1863 0.7552
vn -0.7057 -0.0000 0.7085
vn -0.7545 -0.1727 0.6331
vn -0.6578 -0.3172 0.6831
vn -0.7909 -0.3697 0.4876
vn -0.8489 -0.0000 0.5286
vn -0.8991 -0.1736 0.4018
vn -0.7546 0.1727 0.6331
vn -0.7913 0.3707 0.4862
vn -0.8992 0.1741 0.4014
vn -0.7347 0.5509 0.3960
vn -0.6783 0.6583 0.3265
vn -0.7719 0.6136 0.1662
vn -0.7996 0.5074 0.3212
vn -0.6820 0.4584 0.5699
vn -0.6670 0.5969 0.4458
vn -0.5260 0.4779 0.7035
vn -0.6578 0.3172 0.6831
vn -0.8391 0.5438 0.0137
vn -0.7232 0.6907 -0.0024
vn -0.7804 0.6119 -0.1287
vn -0.7676 0.5618 -0.3085
vn -0.7180 0.6409 -0.2714
vn -0.7830 0.5587 -0.2736
vn -0.8311 0.4511 -0.3253
vn -0.8300 0.4840 -0.2771
vn -0.7926 0.5995 -0.1111
vn -0.8820 0.4461 -0.1520
vn -0.7010 0.6642 -0.2596
vn -0.7045 0.7063 -0.0698
vn -0.8078 0.5892 0.0170
vn -0.7753 0.6008 0.1949
vn -0.8796 0.4503 0.1532
vn -0.7143 0.6943 0.0880
vn -0.7032 0.6470 0.2949
vn -0.7710 0.5728 0.2784
vn -0.7726 0.5495 0.3180
vn -0.7182 0.6425 0.2672
vn -0.7755 0.6126 0.1523
vn -0.8101 0.5106 0.2882
vn -0.8415 0.4494 0.2997
vn -0.8330 0.5533 -0.0014
vn -0.7264 0.6872 0.0027
vn -0.7724 0.6136 -0.1641
vn -0.7323 0.5539 -0.3962
vn -0.6601 0.6093 -0.4394
vn -0.6824 0.4598 -0.5683
vn -0.7913 0.3713 -0.4858
vn -0.7994 0.5075 -0.3217
vn -0.6796 0.6541 -0.3321
vn -0.6578 0.3172 -0.6831
vn -0.5257 0.4789 -0.7031
vn -0.6099 0.7800 -0.1403
vn -0.4718 0.8195 -0.3253
vn -0.8992 0.1741 -0.4014
vn -0.7546 0.1727 -0.6331
vn -0.8489 -0.0000 -0.5286
vn -0.8991 -0.1736 -0.4018
vn -0.7545 -0.1727 -0.6331
vn -0.7909 -0.3697 -0.4876
vn -0.6578 -0.3172 -0.6831
vn -0.7057 -0.0000 -0.7085
vn -0.6285 -0.1863 -0.7552
vn -0.5258 -0.4786 -0.7032
vn -0.6820 -0.4588 -0.5695
vn -0.5328 -0.0000 -0.8462
vn -0.3939 -0.1475 -0.9072
vn -0.4862 -0.3690 -0.7921
vn -0.6285 0.1863 -0.7552
vn -0.4862 0.3690 -0.7921
vn -0.3939 0.1475 -0.9072
vn -0.7345 -0.5371 -0.4148
vn -0.6968 -0.5938 -0.4023
vn -0.7941 -0.5401 -0.2789
vn -0.8043 -0.4797 -0.3506
vn -0.6606 -0.5909 -0.4631
vn -0.8022 -0.5322 -0.2705
vn -0.9064 -0.3947 -0.1505
vn -0.8986 -0.4192 -0.1297
vn -0.9357 -0.3161 -0.1564
vn -0.9818 -0.1898 -0.0057
vn -0.9747 -0.2223 -0.0237
vn -0.9979 -0.0629 0.0178
vn -0.9943 -0.0976 -0.0430
vn -0.9997 -0.0188 -0.0186
vn -0.9994 0.0208 0.0289
vn -0.9958 -0.0712 0.0571
vn -0.9994 -0.0331 -0.0117
vn -0.9915 -0.1248 0.0371
vn -0.9865 -0.1601 0.0342
vn -0.9983 -0.0519 -0.0266
vn -0.9982 0.0370 -0.0473
vn -0.9374 -0.3099 0.1590
vn -0.9152 -0.3767 0.1432
vn -0.9761 -0.2159 0.0261
vn -0.8309 -0.4864 0.2702
vn -0.7989 -0.5291 0.2862
vn -0.8999 -0.4164 0.1297
vn -0.7135 -0.5631 0.4168
vn -0.8618 -0.4023 0.3090
vn -0.7462 -0.4649 0.4764
vn -0.5528 -0.6485 0.5233
vn -0.6499 -0.6247 0.4330
vn -0.7236 -0.3578 0.5902
vn -0.5999 -0.4262 0.6771
vn -0.7999 -0.2660 0.5379
vn -0.8969 -0.2726 0.3481
vn -0.9357 -0.1385 0.3246
vn -0.8495 -0.1221 0.5132
vn -0.6706 -0.2733 0.6896
vn -0.9791 -0.0469 0.1979
vn -0.9829 -0.1323 0.1280
vn -0.9974 -0.0714 -0.0006
vn -0.9788 -0.0447 -0.1999
vn -0.9810 -0.1323 -0.1422
vn -0.9272 -0.1066 -0.3592
vn -0.8559 -0.1951 -0.4790
vn -0.8800 -0.3170 -0.3536
vn -0.7899 -0.3572 -0.4985
vn -0.7719 -0.2507 -0.5842
vn -0.8453 -0.0771 -0.5286
vn -0.6238 -0.4038 -0.6692
vn -0.7520 -0.4083 -0.5175
vn -0.8280 -0.0116 -0.5606
vn -0.9119 -0.0228 -0.4098
vn -0.7604 -0.0466 -0.6478
vn -0.8241 -0.0004 -0.5665
vn -0.9083 -0.0012 -0.4183
vn -0.7421 -0.0064 -0.6703
vn -0.9757 -0.0000 -0.2189
vn -1.0000 -0.0002 -0.0000
vn -0.9760 -0.0027 -0.2179
vn -0.9757 -0.0000 0.2189
vn -0.9083 -0.0012 0.4183
vn -0.9760 -0.0028 0.2178
vn -0.7421 -0.0064 0.6703
vn -0.8282 -0.0135 0.5602
vn -0.8241 -0.0004 0.5665
vn -0.8240 -0.0000 0.5666
vn -0.8240 -0.0000 -0.5666
vn -0.7403 0.0003 0.6722
vn -0.8244 0.0017 0.5660
vn -0.7472 0.0172 0.6644
vn -0.9094 0.0089 0.4158
vn -0.8353 0.0355 0.5486
vn -0.9780 0.0168 0.2080
vn -0.9758 0.0007 0.2187
vn -1.0000 0.0030 -0.0003
vn -0.9771 0.0151 -0.2121
vn -0.9758 0.0005 -0.2188
vn -0.9095 0.0083 -0.4156
vn -0.8373 0.0532 -0.5442
vn -0.8246 0.0024 -0.5657
vn -0.7430 0.0275 -0.6688
vn -0.7403 0.0003 -0.6722
vn -0.6054 0.0001 -0.7959
vn -0.4489 0.0009 -0.8936
vn -0.6070 0.0055 -0.7947
vn -0.7868 0.1506 -0.5986
vn -0.8698 0.2080 -0.4474
vn -0.9223 0.0718 -0.3798
vn -0.6788 0.1569 -0.7174
vn -0.7065 0.2355 -0.6674
vn -0.7426 0.4034 -0.5346
vn -0.6766 0.2812 -0.6805
vn -0.6670 0.5214 -0.5322
vn -0.7920 0.4803 -0.3769
vn -0.8308 0.3759 -0.4105
vn -0.4540 0.5974 -0.6610
vn -0.5601 0.6073 -0.5635
vn -0.6373 0.6288 -0.4454
vn -0.4455 0.6948 -0.5646
vn -0.6632 0.6305 -0.4033
vn -0.7648 0.5104 -0.3931
vn -0.7537 0.5576 -0.3479
vn -0.4658 0.7411 -0.4835
vn -0.6133 0.6162 -0.4942
vn -0.6412 0.4307 -0.6351
vn -0.4213 0.6187 -0.6631
vn -0.8154 0.3975 -0.4209
vn -0.7554 0.3466 -0.5560
vn -0.8352 0.2017 -0.5116
vn -0.8813 0.3129 -0.3541
vn -0.8352 0.4641 -0.2950
vn -0.8274 0.5151 -0.2236
vn -0.9170 0.3803 -0.1205
vn -0.9645 0.2569 -0.0606
vn -0.9930 0.1182 -0.0045
vn -0.9840 0.1691 0.0561
vn -0.9592 0.2788 -0.0460
vn -0.9481 0.2614 -0.1810
vn -0.9645 0.2612 -0.0396
vn -0.9201 0.3707 -0.1263
vn -0.9897 0.1405 0.0271
vn -0.9929 0.1178 -0.0145
vn -0.9635 0.2550 -0.0818
vn -0.9995 0.0233 0.0190
vn -0.9986 0.0528 0.0008
vn -0.9923 0.1207 -0.0283
vn -0.9999 0.0098 -0.0088
vn -0.9937 0.1115 0.0135
vn -0.9923 0.1202 0.0285
vn -0.9905 0.1343 -0.0307
vn -0.9538 0.2927 0.0675
vn -0.9570 0.2714 0.1023
vn -0.8725 0.4368 0.2192
vn -0.9498 0.2956 0.1025
vn -0.9714 0.2361 0.0264
vn -0.9916 0.1285 0.0171
vn -0.9541 0.2541 0.1585
vn -0.9235 0.3721 0.0932
vn -0.9857 0.1616 -0.0479
vn -0.9893 -0.1456 0.0087
vn -0.9895 -0.0010 0.1448
vn -0.9934 -0.0119 -0.1140
vn -0.9193 -0.0035 0.3936
vn -0.9472 0.1336 0.2913
vn -0.9507 -0.1288 0.2822
vn -0.9558 -0.2670 0.1230
vn -0.8908 -0.3216 0.3210
vn -0.8210 -0.4131 0.3941
vn -0.7645 -0.5381 0.3549
vn -0.7559 -0.3395 0.5598
vn -0.8363 -0.2011 0.5101
vn -0.8346 -0.5189 0.1847
vn -0.5718 -0.3281 0.7519
vn -0.6969 -0.1705 0.6966
vn -0.6362 -0.4379 0.6352
vn -0.6577 0.0115 0.7532
vn -0.6746 0.1702 0.7183
vn -0.7478 -0.0147 0.6638
vn -0.5335 0.3557 0.7674
vn -0.6228 0.4362 0.6494
vn -0.7199 0.3198 0.6159
vn -0.8108 0.3816 0.4438
vn -0.7538 0.5358 0.3803
vn -0.8403 0.4640 0.2804
vn -0.8829 0.3245 0.3394
vn -0.8342 0.1562 0.5288
vn -0.6880 0.6177 0.3809
vn -0.6334 0.6176 0.4662
vn -0.5195 0.7202 0.4597
vn -0.6626 0.6008 0.4472
vn -0.7608 0.5945 0.2602
vn -0.4351 0.6263 0.6469
vn -0.5171 -0.1916 0.8342
vn -0.3884 -0.0111 0.9214
vn -0.5195 0.1841 0.8344
vn -0.6387 -0.6381 0.4301
vn -0.4427 -0.6415 0.6265
vn -0.8436 -0.5101 -0.1678
vn -0.7530 -0.6577 0.0208
vn -0.9226 -0.3858 -0.0073
vn -0.8719 -0.3986 -0.2844
vn -0.7787 -0.5742 -0.2529
vn -0.8977 -0.3446 -0.2747
vn -0.9230 -0.3054 -0.2340
vn -0.8875 -0.4045 -0.2209
vn -0.8341 -0.5363 -0.1290
vn -0.9440 -0.2881 -0.1608
vn -0.9122 -0.4098 -0.0051
vn -0.8326 -0.5384 0.1299
vn -0.9529 -0.2741 0.1296
vn -0.8847 -0.4038 0.2330
vn -0.8516 -0.4212 0.3122
vn -0.7965 -0.5516 0.2477
vn -0.9114 -0.3060 0.2751
vn -0.9034 -0.3287 0.2755
vn -0.8413 -0.5139 0.1680
vn -0.8344 -0.5167 -0.1917
vn -0.7542 -0.6566 0.0062
vn -0.9217 -0.3878 -0.0120
vn -0.8110 -0.3880 -0.4379
vn -0.7517 -0.5720 -0.3283
vn -0.8830 -0.3431 -0.3203
vn -0.8343 -0.1563 -0.5288
vn -0.7238 -0.3214 -0.6105
vn -0.6324 -0.4483 -0.6317
vn -0.6982 -0.1518 -0.6996
vn -0.6105 -0.3214 -0.7238
vn -0.7481 0.0165 -0.6634
vn -0.6865 0.1778 -0.7051
vn -0.6579 0.0318 -0.7524
vn -0.5018 0.2135 -0.8382
vn -0.3912 -0.0071 -0.9203
vn -0.5307 -0.1558 -0.8331
vn -0.5720 -0.7517 -0.3283
vn -0.6969 -0.6969 -0.1691
vn -0.6350 -0.6355 -0.4392
vn -0.9513 -0.2779 -0.1338
vn -0.9479 -0.1368 -0.2877
vn -0.9899 0.0017 -0.1415
vn -0.9503 0.1243 -0.2854
vn -0.9194 0.0032 -0.3933
vn -0.6566 -0.7542 0.0062
vn -0.6984 -0.6984 0.1562
vn -0.5167 -0.8344 -0.1917
vn -0.3877 -0.9217 -0.0120
vn -0.5140 -0.8408 0.1695
vn -0.9563 -0.2692 0.1141
vn -0.9899 -0.1417 -0.0033
vn -0.9518 -0.1630 0.2597
vn -0.9687 -0.1299 0.2117
vn -0.9736 -0.0721 0.2166
vn -0.9867 0.0428 0.1567
vn -0.9932 -0.0165 0.1156
vn -0.9624 -0.1507 0.2261
vn -0.9809 -0.0654 0.1834
vn -0.9938 -0.0390 0.1041
vn -0.9826 -0.0858 0.1649
vn -0.9746 -0.1431 0.1725
vn -0.9863 -0.1635 0.0222
vn -0.9915 -0.1089 0.0709
vn -0.9960 -0.0893 0.0068
vn -0.9974 -0.0630 0.0358
vn -0.5351 -0.8347 0.1301
vn -0.7067 -0.7075 0.0005
vn -0.6919 -0.6922 0.2051
vn -0.9834 -0.1487 -0.1039
vn -0.9571 -0.1808 -0.2262
vn -0.9814 -0.0847 -0.1724
vn -0.9924 -0.1172 -0.0383
vn -0.9819 -0.0524 -0.1820
vn -0.9903 -0.0247 -0.1367
vn -0.9704 -0.1287 -0.2043
vn -0.5735 -0.7791 -0.2533
vn -0.7002 -0.7002 -0.1392
vn -0.6900 -0.6902 -0.2182
vn -0.9514 -0.2845 -0.1183
vn -0.9563 -0.1626 -0.2431
vn -0.6577 -0.7530 0.0208
vn -0.6945 -0.6945 0.1880
vn -0.5095 -0.8439 -0.1681
vn -0.3852 -0.9228 -0.0075
vn -0.5189 -0.8346 0.1847
vn -0.9749 -0.0400 -0.2189
vn -0.9873 0.0343 -0.1553
vn -0.8168 0.5571 0.1498
vn -0.8121 0.5324 0.2387
vn -0.8052 0.4532 0.3824
vn -0.8844 0.3870 0.2610
vn -0.7480 0.4464 0.4911
vn -0.6603 0.5848 0.4713
vn -0.5482 0.5814 0.6012
vn -0.7241 0.3742 0.5793
vn -0.8290 0.3667 0.4222
vn -0.9114 0.3124 0.2680
vn -0.8539 0.2442 0.4595
vn -0.9390 0.2136 0.2697
vn -0.5942 0.2699 0.7576
vn -0.7603 0.2476 0.6005
vn -0.9694 0.2158 0.1170
vn -0.9981 -0.0151 -0.0595
vn -0.9995 -0.0327 0.0034
vn -0.9980 -0.0590 -0.0248
vn -0.9934 0.0434 -0.1062
vn -0.9823 0.1636 0.0917
vn -0.9914 0.1305 -0.0000
vn -0.9988 -0.0312 0.0366
vn -0.9957 0.0371 0.0850
vn -0.9825 0.1627 -0.0911
vn -0.9700 0.2150 -0.1134
vn -0.9924 0.1234 0.0007
vn -0.9803 0.0972 -0.1722
vn -0.9432 0.2074 -0.2595
vn -0.9135 0.3192 -0.2524
vn -0.9121 0.3716 -0.1729
vn -0.8595 0.4548 -0.2332
vn -0.6145 0.0866 -0.7841
vn -0.5835 0.1704 -0.7940
vn -0.4623 0.0380 -0.8859
vn -0.9994 0.0347 -0.0006
vn -0.9791 0.0947 0.1800
vn -0.9206 0.0487 0.3873
vn -0.8385 0.1027 0.5351
vn -0.7425 0.1384 0.6554
vn -0.5455 0.1443 0.8256
vn -0.6301 0.0735 0.7730
vn -0.4592 0.0273 0.8879
vn -0.6074 0.0040 0.7944
vn -0.4489 0.0009 0.8936
vn -0.6054 0.0001 0.7959
vn -0.6054 -0.0000 0.7959
vn -0.6054 -0.0000 -0.7959
vn -0.6056 -0.0011 0.7958
vn -0.4506 -0.0101 0.8926
vn -0.6131 -0.0289 0.7894
vn -0.4820 -0.0796 0.8725
vn -0.6276 -0.1408 0.7657
vn -0.7520 -0.0637 0.6560
vn -0.6056 -0.0011 -0.7958
vn -0.6144 -0.0277 -0.7885
vn -0.4506 -0.0101 -0.8926
vn -0.6616 -0.1277 -0.7389
vn -0.4852 -0.0786 -0.8709
vn -0.6024 -0.2807 -0.7472
vn -0.9999 -0.0120 0.0001
vn -0.9134 -0.0283 0.4060
vn -0.5630 -0.2889 0.7743
vn -0.4542 -0.6162 0.6435
vn -0.4437 -0.7070 0.5507
vn -0.9204 -0.3623 0.1471
vn -0.9779 -0.2071 0.0271
vn -0.9698 -0.2439 0.0077
vn -0.9195 -0.2524 0.3012
vn -0.8046 -0.4790 0.3511
vn -0.9832 -0.1142 0.1427
vn -0.9999 0.0067 0.0088
vn -0.9922 -0.0884 -0.0878
vn -0.9898 -0.1069 -0.0939
vn -0.9797 0.0473 -0.1950
vn -0.9889 0.0084 -0.1486
vn -0.9970 -0.0073 -0.0768
vn -0.9815 0.0903 -0.1686
vn -0.9920 0.0746 -0.1020
vn -0.9587 0.1436 -0.2455
vn -0.9454 0.1844 -0.2687
vn -0.9834 0.1188 0.1368
vn -0.9721 0.2345 0.0021
vn -0.9850 0.1276 -0.1165
vn -0.9605 -0.2198 0.1707
vn -0.9941 -0.0945 -0.0524
vn -0.9806 0.1664 -0.1038
vn -0.9961 0.0875 -0.0065
vn -0.9829 0.1634 0.0843
vn -0.9918 0.0712 0.1059
vn -0.9793 0.0929 0.1799
vn -0.9887 0.0018 0.1497
vn -0.9961 -0.0105 0.0871
vn -0.9897 -0.1083 0.0936
vn -0.9802 0.0344 0.1951
vn -0.9922 -0.0895 0.0873
vn -0.9780 -0.2070 -0.0270
vn -0.9999 0.0039 -0.0116
vn -0.9832 -0.1142 -0.1426
vn -0.9860 0.1374 0.0945
vn -0.9699 0.2433 -0.0116
vn -0.9832 0.1188 -0.1387
vn -0.9548 0.1838 0.2337
vn -0.9617 0.1288 0.2419
vn -0.9923 -0.1236 -0.0036
vn -0.9597 -0.2200 -0.1748
vn -0.9935 -0.0988 0.0564
vn -0.9697 -0.2440 -0.0076
vn -0.7692 -0.4960 -0.4030
vn -0.6900 -0.6236 -0.3676
vn -0.6314 -0.6216 -0.4636
vn -0.8537 -0.3906 -0.3445
vn -0.4672 -0.7045 -0.5342
vn -0.4825 -0.6097 -0.6288
vn -0.9204 -0.3623 -0.1471
vn -0.5344 -0.7022 -0.4705
vn -0.9195 -0.2524 -0.3012
vn -0.9601 0.0005 -0.2796
vn -0.9200 0.2572 -0.2957
vn -0.9078 0.4055 -0.1074
vn -0.6039 0.7839 0.1441
vn -0.4663 0.8846 0.0087
vn -0.9034 0.4184 0.0939
vn -0.9310 0.2451 0.2706
vn -0.9095 0.3083 0.2791
vn -0.9251 0.2826 0.2536
vn -0.4863 0.8345 0.2591
vn -0.6047 0.7449 0.2818
vn -0.9524 0.2749 0.1317
vn -0.9604 0.2782 -0.0151
vn -0.4932 0.8657 -0.0853
vn -0.6066 0.7950 -0.0013
vn -0.5935 0.7550 -0.2790
vn -0.6091 0.7795 -0.1464
vn -0.4458 0.8622 -0.2404
vn -0.9002 0.2854 -0.3288
vn -0.9269 0.2494 -0.2805
vn -0.9369 0.2524 -0.2419
vn -0.9176 0.3878 -0.0876
vn -0.6018 0.7852 0.1456
vn -0.4619 0.8869 -0.0004
vn -0.9083 0.4042 0.1075
vn -0.4627 0.5820 0.6688
vn -0.4593 0.7818 0.4216
vn -0.9200 0.2572 0.2957
vn -0.7345 -0.5364 0.4156
vn -0.6606 -0.5909 0.4631
vn -0.6820 -0.4588 0.5695
vn -0.6957 -0.5878 0.4128
vn -0.4494 -0.7498 0.4857
vn -0.4602 -0.5973 0.6568
vn -0.9601 0.0005 0.2796
vn -0.6285 0.1863 0.7552
vn -0.5258 -0.4786 0.7032
vn 0.2656 0.2336 0.9354
vn 0.3169 0.4786 0.8189
vn -0.3169 0.4786 0.8189
vn 0.3244 0.6744 0.6633
vn 0.2962 0.8340 0.4656
vn -0.2882 0.8049 0.5187
vn -0.3139 0.6400 0.7013
vn -0.3467 0.8698 0.3510
vn -0.3278 0.9284 0.1748
vn -0.4659 0.8283 0.3112
vn -0.3333 0.9311 -0.1481
vn -0.3526 0.8965 -0.2681
vn -0.3860 0.9016 -0.1953
vn -0.3598 0.9329 -0.0177
vn -0.4711 0.8325 -0.2917
vn 0.3588 0.9242 0.1311
vn 0.5285 0.8400 0.1228
vn 0.5290 0.8185 0.2243
vn 0.3656 0.9025 0.2277
vn 0.3527 0.9357 0.0016
vn 0.6166 0.7873 0.0005
vn 0.7140 0.6944 0.0893
vn 0.7184 0.6539 0.2373
vn 0.6040 0.7505 0.2682
vn 0.4502 0.8616 0.2345
vn 0.7183 0.6406 0.2713
vn 0.6089 0.7797 0.1458
vn 0.4640 0.8858 -0.0018
vn 0.7228 0.6911 0.0023
vn 0.6008 0.7865 -0.1433
vn 0.5061 0.8047 -0.3104
vn 0.6938 0.6492 -0.3117
vn 0.7726 0.6131 -0.1649
vn 0.7804 0.6119 0.1287
vn 0.8391 0.5438 -0.0137
vn 0.9176 0.3878 0.0876
vn 0.9721 0.2345 -0.0021
vn 0.9083 0.4042 -0.1075
vn 0.9369 0.2524 0.2419
vn 0.8300 0.4840 0.2771
vn 0.8004 0.5069 -0.3201
vn 0.9200 0.2572 -0.2957
vn 0.8992 0.1741 -0.4014
vn 0.9834 0.1188 -0.1368
vn 0.9601 0.0005 -0.2796
vn 0.8991 -0.1736 -0.4018
vn 0.9832 -0.1142 -0.1427
vn 0.9195 -0.2524 -0.3012
vn 0.9999 0.0067 -0.0088
vn 0.9922 -0.0884 0.0878
vn 0.9779 -0.2071 -0.0271
vn 0.9797 0.0473 0.1950
vn 0.9889 0.0084 0.1486
vn 0.9898 -0.1069 0.0939
vn 0.9970 -0.0073 0.0768
vn 0.9815 0.0903 0.1686
vn 0.9920 0.0746 0.1020
vn 0.9587 0.1436 0.2455
vn 0.9454 0.1844 0.2687
vn 0.9983 -0.0519 0.0266
vn 0.9941 -0.0945 0.0524
vn 0.9806 0.1664 0.1038
vn 0.9961 0.0875 0.0065
vn 0.9982 0.0370 0.0473
vn 0.9698 -0.2439 -0.0077
vn 0.9761 -0.2159 -0.0261
vn 0.9204 -0.3623 -0.1471
vn 0.8999 -0.4164 -0.1297
vn 0.9152 -0.3767 -0.1432
vn 0.8309 -0.4864 -0.2702
vn 0.7989 -0.5291 -0.2862
vn 0.7135 -0.5631 -0.4168
vn 0.8618 -0.4023 -0.3090
vn 0.7462 -0.4649 -0.4764
vn 0.5528 -0.6485 -0.5233
vn 0.6499 -0.6247 -0.4330
vn 0.9374 -0.3099 -0.1590
vn 0.9605 -0.2198 -0.1707
vn 0.8969 -0.2726 -0.3481
vn 0.9915 -0.1248 -0.0371
vn 0.9923 -0.1236 0.0036
vn 0.9829 -0.1323 -0.1280
vn 0.9943 -0.0976 0.0430
vn 0.9597 -0.2200 0.1748
vn 0.9810 -0.1323 0.1422
vn 0.9357 -0.3161 0.1564
vn 0.8537 -0.3906 0.3445
vn 0.8800 -0.3170 0.3536
vn 0.7692 -0.4960 0.4030
vn 0.8022 -0.5322 0.2705
vn 0.6900 -0.6236 0.3676
vn 0.6314 -0.6216 0.4636
vn 0.7520 -0.4083 0.5175
vn 0.5344 -0.7022 0.4705
vn 0.6968 -0.5938 0.4023
vn 0.8986 -0.4192 0.1297
vn 0.7941 -0.5401 0.2789
vn 0.9064 -0.3947 0.1505
vn 0.6238 -0.4038 0.6692
vn 0.7899 -0.3572 0.4985
vn 0.4672 -0.7045 0.5342
vn 0.4825 -0.6097 0.6288
vn 0.8559 -0.1951 0.4790
vn 0.7719 -0.2507 0.5842
vn 0.8453 -0.0771 0.5286
vn 0.9272 -0.1066 0.3592
vn 0.8280 -0.0116 0.5606
vn 0.9119 -0.0228 0.4098
vn 0.7604 -0.0466 0.6478
vn 0.9999 -0.0120 -0.0001
vn 0.9788 -0.0447 0.1999
vn 0.9760 -0.0027 0.2179
vn 0.9134 -0.0283 -0.4060
vn 0.9791 -0.0469 -0.1979
vn 0.9760 -0.0028 -0.2178
vn 0.7520 -0.0637 -0.6560
vn 0.8495 -0.1221 -0.5132
vn 0.8282 -0.0135 -0.5602
vn 0.7421 -0.0064 -0.6703
vn 0.9083 -0.0012 -0.4183
vn 0.8241 -0.0004 -0.5665
vn 0.8240 -0.0000 -0.5666
vn 0.9757 -0.0000 -0.2189
vn 0.9757 -0.0000 0.2189
vn 0.8240 -0.0000 0.5666
vn 0.8241 -0.0004 0.5665
vn 0.6056 -0.0011 0.7958
vn 0.6054 -0.0000 0.7959
vn 0.7421 -0.0064 0.6703
vn 0.6144 -0.0277 0.7885
vn 0.4506 -0.0101 0.8926
vn 0.6054 0.0001 0.7959
vn 0.7403 0.0003 0.6722
vn 0.4489 0.0009 0.8936
vn 0.6065 0.0049 0.7951
vn 0.7417 0.0270 0.6702
vn 0.4584 0.0314 0.8882
vn 0.6003 0.0824 0.7955
vn 0.4952 0.1573 0.8544
vn 0.6390 0.1553 0.7533
vn 0.7818 0.1511 0.6049
vn 0.8698 0.2080 0.4474
vn 0.9223 0.0718 0.3798
vn 0.8373 0.0532 0.5442
vn 0.6455 0.2483 0.7222
vn 0.6900 0.4426 0.5726
vn 0.5235 0.3965 0.7541
vn 0.6548 0.5432 0.5255
vn 0.7911 0.4813 0.3775
vn 0.8297 0.3766 0.4119
vn 0.4436 0.6322 0.6353
vn 0.5601 0.6093 0.5613
vn 0.6373 0.6288 0.4454
vn 0.4455 0.6948 0.5646
vn 0.8595 0.4548 0.2332
vn 0.7537 0.5576 0.3479
vn 0.8274 0.5151 0.2236
vn 0.9201 0.3707 0.1263
vn 0.9121 0.3716 0.1729
vn 0.8352 0.4641 0.2950
vn 0.9170 0.3803 0.1205
vn 0.8154 0.3975 0.4209
vn 0.7648 0.5104 0.3931
vn 0.7559 0.3472 0.5550
vn 0.8352 0.2017 0.5116
vn 0.8813 0.3129 0.3541
vn 0.9194 0.0032 0.3933
vn 0.7477 0.0148 0.6639
vn 0.8343 -0.1563 0.5288
vn 0.6752 -0.1664 0.7186
vn 0.6961 0.1718 0.6971
vn 0.6473 -0.0152 0.7621
vn 0.5125 0.1987 0.8354
vn 0.3998 0.0103 0.9166
vn 0.5028 -0.2111 0.8382
vn 0.9479 -0.1368 0.2877
vn 0.9899 0.0017 0.1415
vn 0.9503 0.1243 0.2854
vn 0.9932 -0.0165 -0.1156
vn 0.9930 0.1182 0.0045
vn 0.9899 -0.1417 0.0033
vn 0.9736 -0.0721 -0.2166
vn 0.9867 0.0428 -0.1567
vn 0.9624 -0.1507 -0.2261
vn 0.9687 -0.1299 -0.2117
vn 0.9809 -0.0654 -0.1834
vn 0.9938 -0.0390 -0.1041
vn 0.9826 -0.0858 -0.1649
vn 0.9746 -0.1431 -0.1725
vn 0.9529 -0.2741 -0.1296
vn 0.9863 -0.1635 -0.0222
vn 0.9915 -0.1089 -0.0709
vn 0.9518 -0.1630 -0.2597
vn 0.9834 -0.1487 0.1039
vn 0.9440 -0.2881 0.1608
vn 0.9571 -0.1808 0.2262
vn 0.9814 -0.0847 0.1724
vn 0.9924 -0.1172 0.0383
vn 0.9704 -0.1287 0.2043
vn 0.9230 -0.3054 0.2340
vn 0.9749 -0.0400 0.2189
vn 0.9873 0.0343 0.1553
vn 0.9819 -0.0524 0.1820
vn 0.9563 -0.1626 0.2431
vn 0.9934 -0.0119 0.1140
vn 0.9895 -0.0010 -0.1448
vn 0.9916 0.1285 -0.0171
vn 0.9893 -0.1456 -0.0087
vn 0.9193 -0.0035 -0.3936
vn 0.9472 0.1336 -0.2913
vn 0.9507 -0.1288 -0.2822
vn 0.8829 0.3245 -0.3394
vn 0.9541 0.2541 -0.1585
vn 0.9558 -0.2670 -0.1230
vn 0.8908 -0.3216 -0.3210
vn 0.8363 -0.2011 -0.5101
vn 0.7477 -0.0148 -0.6638
vn 0.8342 0.1562 -0.5288
vn 0.6473 0.0152 -0.7621
vn 0.6752 0.1663 -0.7186
vn 0.6956 -0.1707 -0.6979
vn 0.5408 0.3403 -0.7693
vn 0.6265 0.4385 -0.6443
vn 0.7210 0.3196 -0.6148
vn 0.4346 0.6270 -0.6465
vn 0.6335 0.6179 -0.4657
vn 0.5597 -0.3393 -0.7560
vn 0.7560 -0.3393 -0.5597
vn 0.6366 -0.4362 -0.6360
vn 0.6407 -0.6326 -0.4351
vn 0.4401 -0.6239 -0.6459
vn 0.7655 -0.5361 -0.3557
vn 0.7063 -0.6850 -0.1787
vn 0.5740 -0.7504 -0.3277
vn 0.7531 -0.6577 -0.0191
vn 0.6879 -0.7105 0.1479
vn 0.6564 -0.7544 0.0045
vn 0.7775 -0.5762 0.2520
vn 0.6912 -0.6908 0.2119
vn 0.5462 -0.7994 0.2503
vn 0.8343 -0.5359 0.1293
vn 0.7067 -0.7075 -0.0000
vn 0.5355 -0.8345 0.1298
vn 0.8324 -0.5388 -0.1297
vn 0.6906 -0.6915 -0.2119
vn 0.5314 -0.8373 -0.1290
vn 0.7974 -0.5498 -0.2487
vn 0.7105 -0.6879 -0.1479
vn 0.5754 -0.7779 -0.2524
vn 0.7544 -0.6564 -0.0045
vn 0.6850 -0.7063 0.1787
vn 0.6577 -0.7531 0.0191
vn 0.7504 -0.5740 0.3277
vn 0.6327 -0.6410 0.4346
vn 0.5361 -0.7655 0.3557
vn 0.4358 -0.6374 0.6355
vn 0.6276 -0.4423 0.6407
vn 0.9217 -0.3878 0.0120
vn 0.8344 -0.5167 0.1917
vn 0.8413 -0.5139 -0.1680
vn 0.5189 -0.8346 0.1847
vn 0.3852 -0.9228 -0.0075
vn 0.5095 -0.8439 -0.1681
vn 0.9226 -0.3858 0.0073
vn 0.8436 -0.5101 0.1678
vn 0.8346 -0.5189 -0.1847
vn 0.5140 -0.8408 0.1695
vn 0.3877 -0.9217 -0.0120
vn 0.5167 -0.8344 -0.1917
vn 0.5125 -0.1987 -0.8354
vn 0.3998 -0.0103 -0.9166
vn 0.5028 0.2111 -0.8382
vn 0.9714 0.2361 -0.0264
vn 0.9235 0.3721 -0.0932
vn 0.9498 0.2956 -0.1025
vn 0.9857 0.1616 0.0479
vn 0.8725 0.4367 -0.2192
vn 0.9538 0.2927 -0.0675
vn 0.9570 0.2714 -0.1023
vn 0.9937 0.1115 -0.0135
vn 0.9905 0.1343 0.0307
vn 0.9923 0.1202 -0.0285
vn 0.9986 0.0528 -0.0008
vn 0.9999 0.0098 0.0088
vn 0.9923 0.1207 0.0283
vn 0.9929 0.1178 0.0145
vn 0.9995 0.0233 -0.0190
vn 0.9635 0.2550 0.0818
vn 0.9645 0.2612 0.0396
vn 0.9897 0.1405 -0.0271
vn 0.9914 0.1305 -0.0000
vn 0.9825 0.1627 0.0911
vn 0.9700 0.2150 0.1134
vn 0.9924 0.1234 -0.0007
vn 0.9803 0.0972 0.1722
vn 0.9432 0.2074 0.2595
vn 0.9390 0.2136 -0.2697
vn 0.9791 0.0947 -0.1800
vn 0.9823 0.1636 -0.0917
vn 0.8294 0.3668 -0.4215
vn 0.8539 0.2442 -0.4596
vn 0.9114 0.3124 -0.2680
vn 0.7499 0.4472 -0.4875
vn 0.8052 0.4532 -0.3824
vn 0.6600 0.5854 -0.4710
vn 0.5508 0.5841 -0.5962
vn 0.7279 0.3796 -0.5710
vn 0.4741 0.6823 -0.5565
vn 0.6626 0.6008 -0.4472
vn 0.6207 0.2974 -0.7254
vn 0.7629 0.2484 -0.5968
vn 0.8386 0.1027 -0.5350
vn 0.7471 0.1404 -0.6497
vn 0.8353 0.0355 -0.5486
vn 0.9206 0.0487 -0.3873
vn 0.7471 0.0171 -0.6645
vn 0.8244 0.0017 -0.5660
vn 0.9094 0.0089 -0.4158
vn 0.9758 0.0007 -0.2187
vn 1.0000 0.0030 0.0003
vn 0.9780 0.0168 -0.2080
vn 0.9758 0.0005 0.2188
vn 0.9095 0.0083 0.4156
vn 0.9771 0.0151 0.2121
vn 0.6054 -0.0000 -0.7959
vn 0.6054 0.0001 -0.7959
vn 0.6078 0.0044 -0.7941
vn 0.4489 0.0009 -0.8936
vn 0.7403 0.0003 -0.6722
vn 0.6344 0.0785 -0.7690
vn 0.4632 0.0389 -0.8854
vn 0.5808 0.1681 -0.7965
vn 0.9994 0.0347 0.0006
vn 0.9981 -0.0151 0.0595
vn 0.9995 -0.0327 -0.0034
vn 0.9980 -0.0590 0.0248
vn 0.9903 -0.0247 0.1367
vn 0.9934 0.0434 0.1062
vn 0.8121 0.5324 -0.2387
vn 0.8844 0.3870 -0.2610
vn 0.8168 0.5571 -0.1498
vn 0.7608 0.5945 -0.2602
vn 0.8403 0.4640 -0.2804
vn 0.9514 -0.2845 0.1183
vn 0.8977 -0.3446 0.2747
vn 0.9960 -0.0893 -0.0068
vn 0.9974 -0.0630 -0.0358
vn 0.9122 -0.4098 0.0051
vn 0.8847 -0.4038 -0.2330
vn 0.9957 0.0371 -0.0850
vn 0.9840 0.1691 -0.0561
vn 0.9563 -0.2692 -0.1141
vn 0.9034 -0.3287 -0.2755
vn 0.9114 -0.3060 -0.2751
vn 0.9513 -0.2779 0.1338
vn 0.8830 -0.3431 0.3203
vn 0.9645 0.2569 0.0606
vn 0.9592 0.2788 0.0460
vn 0.9481 0.2614 0.1810
vn 0.9135 0.3192 0.2524
vn 0.8246 0.0024 0.5657
vn 0.6056 -0.0011 -0.7958
vn 0.4506 -0.0101 -0.8926
vn 0.6131 -0.0289 -0.7894
vn 0.4820 -0.0796 -0.8725
vn 0.6276 -0.1408 -0.7657
vn 0.5630 -0.2889 -0.7743
vn 0.6706 -0.2733 -0.6896
vn 1.0000 -0.0002 -0.0000
vn 0.9083 -0.0012 0.4183
vn 0.6616 -0.1277 0.7389
vn 0.4852 -0.0786 0.8709
vn 0.6024 -0.2807 0.7472
vn 0.9979 -0.0629 -0.0178
vn 0.9996 -0.0188 0.0186
vn 0.9994 0.0208 -0.0289
vn 0.9958 -0.0712 -0.0571
vn 0.9818 -0.1898 0.0057
vn 0.9961 -0.0105 -0.0871
vn 0.9935 -0.0988 -0.0564
vn 0.9897 -0.1083 -0.0936
vn 0.9697 -0.2440 0.0076
vn 0.9747 -0.2223 0.0237
vn 0.9918 0.0712 -0.1059
vn 0.9793 0.0929 -0.1799
vn 0.9887 0.0018 -0.1497
vn 0.9974 -0.0714 0.0006
vn 0.9357 -0.1385 -0.3246
vn 0.7999 -0.2660 -0.5379
vn 0.7236 -0.3578 -0.5902
vn 0.6957 -0.5878 -0.4128
vn 0.5213 -0.7012 -0.4864
vn 0.5999 -0.4262 -0.6771
vn 0.4542 -0.6162 -0.6435
vn 0.4437 -0.7070 -0.5507
vn 0.8046 -0.4790 -0.3511
vn 0.7909 -0.3697 -0.4876
vn 0.7545 -0.1727 -0.6331
vn 0.8489 -0.0000 -0.5286
vn 0.6285 -0.1863 -0.7552
vn 0.7057 -0.0000 -0.7085
vn 0.6578 -0.3172 -0.6831
vn 0.6285 0.1863 -0.7552
vn 0.6578 0.3172 -0.6831
vn 0.7546 0.1727 -0.6331
vn 0.5258 0.4785 -0.7033
vn 0.6817 0.4578 -0.5707
vn 0.5328 -0.0000 -0.8462
vn 0.3939 0.1475 -0.9072
vn 0.4862 0.3690 -0.7921
vn 0.6820 -0.4588 -0.5695
vn 0.5258 -0.4786 -0.7032
vn 0.4862 -0.3690 -0.7921
vn 0.3939 -0.1475 -0.9072
vn 0.9850 0.1276 0.1165
vn -0.3860 0.9166 0.1044
vn -0.3467 0.9036 0.2518
vn -0.5018 0.8628 0.0609
vn -0.4466 0.8625 0.2382
vn -0.3329 0.9311 0.1492
vn 0.3339 0.9308 0.1488
vn 0.3238 0.9339 -0.1515
vn -0.3353 0.9280 -0.1626
vn 0.3340 0.8821 -0.3320
vn 0.4717 0.7697 -0.4302
vn 0.3010 0.8223 -0.4830
vn 0.6627 0.5846 -0.4680
vn 0.4575 0.6056 -0.6511
vn -0.3441 0.8801 -0.3271
vn -0.2852 0.8315 -0.4768
vn -0.4374 0.8082 -0.3943
vn -0.3164 0.6611 -0.6803
vn 0.3816 0.5434 -0.7477
vn 0.3169 0.4785 -0.8189
vn 0.3157 0.6583 -0.6833
vn -0.3816 0.5436 -0.7476
vn -0.3169 0.4786 -0.8189
vn -0.4578 0.6136 -0.6434
vn 0.2656 0.2336 -0.9354
vn -0.2656 0.2336 -0.9354
vn -0.2743 -0.0000 -0.9616
vn 0.2743 -0.0000 -0.9616
vn 0.2656 -0.2336 -0.9354
vn -0.2656 -0.2336 -0.9354
vn 0.3169 -0.4785 -0.8189
vn -0.3169 -0.4785 -0.8189
vn 0.3816 -0.5433 -0.7478
vn 0.4602 -0.5973 -0.6568
vn 0.3161 -0.6473 -0.6936
vn 0.4494 -0.7498 -0.4857
vn 0.6606 -0.5909 -0.4631
vn -0.3816 -0.5433 -0.7478
vn -0.3161 -0.6473 -0.6936
vn -0.4602 -0.5973 -0.6568
vn -0.2869 -0.7697 -0.5703
vn 0.3719 -0.7655 -0.5250
vn 0.3113 -0.7276 -0.6113
vn 0.2869 -0.7697 -0.5703
vn -0.3730 -0.7657 -0.5240
vn -0.3124 -0.7276 -0.6107
vn -0.4494 -0.7498 -0.4857
vn 0.3020 -0.6484 -0.6989
vn -0.3040 -0.6487 -0.6977
vn 0.4452 -0.4692 -0.7627
vn 0.4333 -0.2441 -0.8676
vn -0.4565 -0.4582 -0.7626
vn -0.4339 -0.2422 -0.8678
vn 0.3363 -0.0434 -0.9408
vn -0.3363 -0.0434 -0.9408
vn -0.3212 -0.0016 -0.9470
vn -0.3209 -0.0000 -0.9471
vn 0.3209 -0.0000 -0.9471
vn 0.3209 0.0002 -0.9471
vn -0.3209 0.0002 -0.9471
vn -0.3240 0.0093 -0.9460
vn 0.3238 0.0098 -0.9461
vn 0.3390 0.1464 -0.9293
vn -0.3589 0.1318 -0.9240
vn 0.4193 0.2426 -0.8748
vn 0.4518 0.4409 -0.7755
vn -0.5246 0.2451 -0.8153
vn -0.3801 0.4450 -0.8108
vn 0.3611 0.6917 -0.6254
vn -0.3418 0.6877 -0.6405
vn 0.3737 0.7583 -0.5341
vn -0.3529 0.7719 -0.5288
vn 0.3273 0.7349 -0.5940
vn 0.3399 0.5423 -0.7684
vn -0.3116 0.7315 -0.6065
vn -0.3394 0.5418 -0.7689
vn 0.4069 0.4069 -0.8179
vn 0.3262 0.3262 -0.8872
vn -0.4069 0.4069 -0.8179
vn -0.3262 0.3262 -0.8872
vn -0.5438 0.3402 -0.7672
vn -0.2757 0.1283 -0.9526
vn 0.2757 0.1285 -0.9526
vn 0.2811 -0.1297 -0.9509
vn -0.2871 -0.1382 -0.9479
vn 0.3210 -0.3216 -0.8908
vn -0.3203 -0.3431 -0.8830
vn 0.3941 -0.4131 -0.8210
vn 0.3557 -0.5336 -0.7673
vn -0.4379 -0.3880 -0.8110
vn -0.3280 -0.5694 -0.7537
vn -0.3215 -0.7216 -0.6131
vn -0.4438 -0.6272 -0.6400
vn 0.3880 -0.8110 -0.4379
vn 0.3431 -0.8830 -0.3203
vn 0.3210 -0.7199 -0.6153
vn -0.3880 -0.8110 -0.4379
vn -0.3431 -0.8830 -0.3203
vn 0.2778 -0.9513 -0.1337
vn -0.2778 -0.9513 -0.1337
vn 0.2666 -0.9568 0.1162
vn -0.2666 -0.9568 0.1162
vn -0.3199 -0.9013 0.2920
vn 0.4066 -0.8507 0.3331
vn 0.3745 -0.8996 0.2249
vn 0.3199 -0.9013 0.2920
vn -0.4066 -0.8507 0.3331
vn -0.3745 -0.8996 0.2249
vn -0.5480 -0.7985 0.2492
vn 0.3930 -0.9196 0.0008
vn -0.3930 -0.9196 0.0008
vn -0.3655 -0.9029 -0.2263
vn -0.5318 -0.8370 -0.1287
vn 0.3792 -0.8755 -0.2995
vn 0.3333 -0.9001 -0.2806
vn 0.3655 -0.9029 -0.2263
vn -0.3792 -0.8755 -0.2995
vn -0.3333 -0.9001 -0.2806
vn 0.2748 -0.9534 -0.1242
vn -0.2748 -0.9534 -0.1242
vn 0.2666 -0.9560 0.1225
vn -0.2666 -0.9560 0.1225
vn -0.3216 -0.8908 0.3210
vn 0.4131 -0.8210 0.3941
vn 0.3388 -0.7555 0.5607
vn 0.3216 -0.8908 0.3210
vn -0.4131 -0.8210 0.3941
vn -0.3394 -0.7579 0.5572
vn -0.5381 -0.7645 0.3549
vn 0.3400 -0.5434 0.7675
vn -0.3214 -0.6131 0.7217
vn 0.3262 -0.3262 0.8872
vn 0.2757 -0.1285 0.9526
vn -0.2778 -0.1338 0.9513
vn -0.3431 -0.3203 0.8830
vn 0.2811 0.1297 0.9509
vn -0.2667 0.1225 0.9560
vn -0.3216 0.3210 0.8908
vn 0.3941 0.4131 0.8210
vn 0.5601 0.3394 0.7557
vn 0.3549 0.5345 0.7671
vn 0.3210 0.3216 0.8908
vn 0.3117 0.7305 0.6076
vn 0.4658 0.7411 0.4835
vn 0.3529 0.7719 0.5288
vn -0.3278 0.7355 0.5930
vn -0.3737 0.7583 0.5341
vn -0.3599 0.6921 0.6257
vn -0.4741 0.6823 0.5565
vn 0.3425 0.6924 0.6351
vn 0.4020 0.5429 0.7373
vn -0.4025 0.4664 0.7877
vn 0.4452 0.3101 0.8400
vn 0.3647 0.1168 0.9238
vn -0.4342 0.2667 0.8604
vn -0.3804 0.0984 0.9196
vn -0.3243 0.0078 0.9459
vn -0.3209 0.0002 0.9471
vn 0.3209 0.0002 0.9471
vn 0.3209 -0.0000 0.9471
vn -0.3209 -0.0000 0.9471
vn -0.3212 -0.0016 0.9470
vn 0.3212 -0.0016 0.9470
vn 0.3363 -0.0434 0.9408
vn -0.3363 -0.0434 0.9408
vn -0.4333 -0.2441 0.8676
vn 0.4565 -0.4582 0.7626
vn 0.3040 -0.6487 0.6977
vn 0.4339 -0.2422 0.8678
vn -0.4452 -0.4692 0.7627
vn -0.3020 -0.6484 0.6989
vn -0.3113 -0.7276 0.6113
vn 0.3730 -0.7657 0.5240
vn 0.4494 -0.7498 0.4857
vn 0.2869 -0.7697 0.5703
vn 0.3124 -0.7276 0.6107
vn 0.6606 -0.5909 0.4631
vn 0.4602 -0.5973 0.6568
vn -0.3719 -0.7655 0.5250
vn -0.2869 -0.7697 0.5703
vn -0.5213 -0.7012 0.4864
vn 0.3161 -0.6473 0.6936
vn -0.3161 -0.6473 0.6936
vn -0.3169 -0.4785 0.8189
vn 0.6285 0.1863 0.7552
vn 0.4862 0.3690 0.7921
vn 0.3939 0.1475 0.9072
vn 0.8101 0.5106 -0.2882
vn 0.9034 0.4185 -0.0939
vn 0.5504 0.8277 -0.1089
vn 0.3331 0.9313 -0.1470
vn 0.3339 0.9146 -0.2282
vn 0.3433 0.9228 0.1747
vn 0.9078 0.4055 0.1074
vn 0.5031 0.8119 0.2962
vn 0.8992 0.1741 0.4014
vn 0.7546 0.1727 0.6331
vn 0.9200 0.2572 0.2957
vn 0.4517 0.7968 0.4014
vn 0.4443 0.6364 0.6306
vn 0.7726 0.5495 -0.3180
vn 0.5258 -0.4786 0.7032
vn 0.6820 -0.4588 0.5695
vn 0.7345 -0.5371 0.4148
vn 0.3819 0.5451 0.7463
vn 0.3247 0.8885 0.3243
vn 0.3816 -0.5433 0.7478
vn 0.3212 -0.0016 -0.9470
vn -0.3815 0.5429 0.7482
vn -0.4862 0.3690 0.7921
vn -0.9352 0.2691 -0.2302
vn -0.3816 -0.5433 0.7478
vn 0.8017 0.5871 0.1124
vn 0.8827 0.4450 0.1513
vn 0.7840 0.5580 0.2719
vn 0.7676 0.5618 0.3085
vn 0.8311 0.4511 0.3253
vn 0.9002 0.2854 0.3288
vn 0.9269 0.2494 0.2805
vn 0.7424 0.5379 -0.3994
vn 0.7912 0.3695 -0.4873
vn 0.9352 0.2691 0.2302
vn 0.9552 0.1730 0.2401
vn 0.9994 -0.0331 0.0117
vn 0.9865 -0.1601 -0.0342
vn 0.7345 -0.5364 -0.4156
vn 0.3589 0.9227 -0.1408
vn -0.9552 0.1730 -0.2401
vn -0.9576 0.1589 0.2402
vn 0.3242 0.0087 0.9459
vn 0.6404 0.4312 0.6356
vn 0.6130 0.6160 0.4947
vn 0.4189 0.6150 0.6681
vn 0.6632 0.6305 0.4033
vn 0.9988 -0.0312 -0.0366
vn 0.7210 -0.3208 0.6142
vn 0.5408 -0.3403 0.7692
vn 0.8110 -0.3880 0.4379
vn 0.8516 -0.4212 -0.3122
vn 0.4069 -0.4069 0.8179
vn -0.3391 0.5586 0.7569
vn -0.4131 0.3941 0.8210
vn -0.3880 -0.4379 0.8110
vn 0.9694 0.2158 -0.1170
vn 0.6880 0.6177 -0.3809
vn 0.7538 0.5358 -0.3803
vn 0.5195 0.7202 -0.4597
vn 0.8108 0.3816 -0.4438
vn 0.8875 -0.4045 0.2209
vn 0.8719 -0.3986 0.2844
vn 0.8210 -0.4131 -0.3941
vn 0.6254 0.4223 0.6562
vn 0.7494 0.5758 0.3270
vn 0.7308 0.5062 0.4580
vn 0.7847 0.6199 0.0008
vn 0.6089 0.7932 -0.0061
vn 0.6021 0.7602 -0.2442
vn 0.6224 0.7397 -0.2559
vn 0.8015 0.5862 -0.1184
vn 0.7613 0.5953 -0.2571
vn 0.9351 0.2891 -0.2048
vn 0.9658 0.2476 -0.0771
vn 0.8925 0.3292 -0.3083
vn 0.9608 0.1459 -0.2356
vn 0.9587 0.1781 -0.2217
vn 0.9918 0.1265 0.0157
vn 0.9937 -0.1112 0.0143
vn 0.9471 -0.1347 0.2913
vn 0.8868 -0.3717 0.2747
vn 0.8361 -0.1872 0.5157
vn 0.6905 -0.1674 0.7037
vn 0.5259 -0.1824 0.8307
vn 0.2709 -0.1171 0.9554
vn 0.2259 -0.3739 0.8995
vn -0.0000 -0.3993 0.9168
vn -0.0000 -0.6258 0.7800
vn -0.0000 -0.7493 0.6622
vn -0.0000 -0.8178 0.5754
vn -0.0000 -0.6983 0.7158
vn -0.0000 -0.5242 0.8516
vn -0.0000 -0.1630 0.9866
vn -0.0000 -0.0179 0.9998
vn -0.0000 0.0024 1.0000
vn -0.0057 0.0581 0.9983
vn 0.0023 0.3051 0.9523
vn 0.0078 0.6313 0.7755
vn -0.0000 0.7962 0.6050
vn -0.0000 0.7927 0.6097
vn 0.0068 0.6994 0.7147
vn -0.0089 0.5407 0.8412
vn -0.0076 0.2804 0.9599
vn -0.0070 -0.2849 0.9585
vn 0.0210 -0.5354 0.8443
vn 0.0124 -0.7045 0.7096
vn -0.0000 -0.8477 0.5305
vn -0.0000 -0.9569 0.2904
vn -0.0000 -1.0000 0.0007
vn -0.0000 -0.9644 -0.2646
vn -0.0000 -0.9647 -0.2634
vn -0.0000 -0.9918 -0.1275
vn -0.0000 -0.9920 0.1266
vn -0.0000 -0.9614 0.2750
vn -0.0000 -0.9645 0.2641
vn -0.0000 -1.0000 -0.0007
vn -0.0000 -0.9562 -0.2928
vn -0.0000 -0.8493 -0.5279
vn 0.0072 -0.6952 -0.7188
vn -0.0031 -0.5447 -0.8386
vn -0.0036 -0.2754 -0.9613
vn -0.0000 0.2771 -0.9608
vn -0.0000 0.5447 -0.8387
vn -0.0000 0.6918 -0.7221
vn -0.0000 0.7927 -0.6097
vn -0.0000 0.7962 -0.6050
vn -0.0005 0.6197 -0.7848
vn -0.0117 0.2970 -0.9548
vn -0.0026 0.0661 -0.9978
vn -0.0000 0.0024 -1.0000
vn -0.0000 -0.0179 -0.9998
vn -0.0000 -0.1630 -0.9866
vn -0.0000 -0.5242 -0.8516
vn -0.0000 -0.6983 -0.7158
vn -0.0000 -0.8178 -0.5754
vn -0.0000 -0.7493 -0.6622
vn -0.0000 -0.6258 -0.7800
vn -0.0000 -0.3993 -0.9168
vn -0.0000 -0.1225 -0.9925
vn -0.0000 0.1225 -0.9925
vn -0.0000 0.3993 -0.9168
vn -0.0000 0.6258 -0.7800
vn 0.0045 0.7852 -0.6192
vn -0.0117 0.9425 -0.3340
vn -0.0082 0.9999 -0.0111
vn -0.0009 0.9707 0.2402
vn -0.0179 0.9898 0.1416
vn -0.0070 0.9898 -0.1422
vn -0.0058 0.9701 -0.2426
vn 0.0047 0.9999 0.0146
vn -0.0090 0.9439 0.3300
vn -0.0028 0.7819 0.6234
vn -0.0000 0.6258 0.7800
vn -0.0000 0.3993 0.9168
vn -0.0000 0.1225 0.9925
vn -0.2709 0.1171 0.9554
vn -0.2709 -0.1171 0.9554
vn -0.5259 -0.1824 0.8307
vn -0.6905 -0.1674 0.7037
vn -0.8361 -0.1872 0.5157
vn -0.8362 0.1874 0.5154
vn -0.7443 0.5784 0.3339
vn -0.7307 0.5174 0.4455
vn -0.6254 0.4223 0.6562
vn -0.7835 0.6213 0.0124
vn -0.7742 0.5534 -0.3071
vn -0.7815 0.5663 -0.2619
vn -0.7863 0.5849 -0.1989
vn -0.7896 0.6112 -0.0532
vn -0.7969 0.5938 0.1109
vn -0.7479 0.5996 0.2848
vn -0.7669 0.5736 0.2880
vn -0.7872 0.5446 0.2894
vn -0.7847 0.6199 -0.0008
vn -0.7304 0.5203 -0.4425
vn -0.7426 0.5791 -0.3366
vn -0.6254 0.4223 -0.6562
vn -0.5968 0.7513 -0.2817
vn -0.8362 0.1874 -0.5154
vn -0.8361 -0.1872 -0.5157
vn -0.6905 -0.1674 -0.7037
vn -0.6254 -0.4223 -0.6562
vn -0.5259 -0.1824 -0.8307
vn -0.5259 0.1824 -0.8307
vn -0.7473 -0.5427 -0.3834
vn -0.7299 -0.5120 -0.4529
vn -0.8514 -0.4839 -0.2026
vn -0.9533 -0.2901 -0.0844
vn -0.9994 -0.0325 -0.0084
vn -0.9918 -0.1194 0.0450
vn -0.9971 -0.0764 0.0033
vn -0.9995 0.0027 -0.0310
vn -0.9588 -0.2703 0.0874
vn -0.8599 -0.4684 0.2027
vn -0.7915 -0.4915 0.3633
vn -0.6379 -0.6146 0.4641
vn -0.7105 -0.4130 0.5698
vn -0.8730 -0.2064 0.4418
vn -0.7159 -0.3015 0.6298
vn -0.9816 -0.0897 0.1686
vn -0.9809 -0.0814 -0.1769
vn -0.8381 -0.2909 -0.4614
vn -0.8637 -0.1191 -0.4898
vn -0.7316 -0.3854 -0.5624
vn -0.8345 -0.0329 -0.5500
vn -0.8250 -0.0033 -0.5651
vn -0.9758 -0.0003 -0.2187
vn -0.9758 -0.0003 0.2187
vn -0.8250 -0.0033 0.5651
vn -0.8240 0.0001 0.5665
vn -0.8272 0.0122 0.5618
vn -0.9763 0.0053 0.2162
vn -0.9761 0.0040 -0.2174
vn -0.8281 0.0169 -0.5603
vn -0.8240 0.0001 -0.5665
vn -0.6057 0.0006 -0.7957
vn -0.8531 0.1128 -0.5094
vn -0.7039 0.1805 -0.6870
vn -0.7123 0.3345 -0.6171
vn -0.7715 0.4470 -0.4529
vn -0.5560 0.5814 -0.5940
vn -0.5534 0.6438 -0.5285
vn -0.7067 0.5935 -0.3851
vn -0.5986 0.6686 -0.4412
vn -0.5763 0.5517 -0.6028
vn -0.8033 0.3793 -0.4591
vn -0.8286 0.4196 -0.3708
vn -0.8504 0.4880 -0.1968
vn -0.9749 0.2224 -0.0132
vn -0.9491 0.2955 -0.1087
vn -0.9500 0.3043 -0.0706
vn -0.9814 0.1903 -0.0258
vn -0.9976 0.0696 -0.0046
vn -0.9978 0.0659 0.0060
vn -0.9802 0.1956 0.0309
vn -0.9228 0.3634 0.1279
vn -0.9664 0.2527 0.0463
vn -0.9713 0.2320 0.0516
vn -0.9999 -0.0025 0.0115
vn -0.9563 0.0010 0.2923
vn -0.9385 -0.2391 0.2490
vn -0.8090 -0.3815 0.4472
vn -0.8342 -0.4494 0.3196
vn -0.6722 -0.3121 0.6714
vn -0.6989 0.0027 0.7152
vn -0.6476 0.3110 0.6956
vn -0.8216 0.4301 0.3740
vn -0.7952 0.2949 0.5298
vn -0.6657 0.6314 0.3977
vn -0.6989 0.6065 0.3791
vn -0.5738 0.5681 0.5900
vn -0.5447 -0.0031 0.8386
vn -0.5796 -0.5790 0.5735
vn -0.8408 -0.5414 0.0031
vn -0.8506 -0.4462 -0.2782
vn -0.8943 -0.3769 -0.2413
vn -0.9016 -0.4088 -0.1416
vn -0.9039 -0.4056 0.1356
vn -0.8710 -0.4069 0.2754
vn -0.8464 -0.4503 0.2842
vn -0.8406 -0.5416 -0.0065
vn -0.8228 -0.4549 -0.3407
vn -0.7950 -0.2958 -0.5296
vn -0.6724 -0.3094 -0.6724
vn -0.7008 0.0169 -0.7132
vn -0.5354 0.0210 -0.8443
vn -0.6716 -0.6716 -0.3129
vn -0.9306 -0.2576 -0.2603
vn -0.9572 0.0001 -0.2895
vn -0.7071 -0.7071 0.0072
vn -0.5416 -0.8406 -0.0065
vn -0.9612 -0.2759 -0.0046
vn -0.9378 -0.2238 0.2656
vn -0.9779 -0.0441 0.2045
vn -0.9776 -0.0848 0.1929
vn -0.9882 -0.0630 0.1393
vn -0.9453 -0.2474 0.2126
vn -0.9824 -0.1565 0.1018
vn -0.9647 -0.1332 0.2271
vn -0.9949 -0.0903 0.0448
vn -0.7012 -0.7018 0.1260
vn -0.9714 -0.1567 -0.1781
vn -0.9879 -0.1502 -0.0393
vn -0.9860 -0.0526 -0.1582
vn -0.9516 -0.2089 -0.2254
vn -0.6874 -0.6874 -0.2346
vn -0.9352 -0.2739 -0.2245
vn -0.7069 -0.7069 0.0236
vn -0.5414 -0.8408 0.0031
vn -0.8484 -0.0160 0.5290
vn -0.9804 -0.0567 -0.1888
vn -0.9739 -0.0475 -0.2220
vn -0.9607 -0.2776 0.0005
vn -0.8640 0.4755 0.1656
vn -0.8395 0.4484 0.3070
vn -0.7893 0.5897 0.1711
vn -0.7154 0.5112 0.4763
vn -0.7557 0.4098 0.5109
vn -0.8843 0.2960 0.3611
vn -0.7000 0.3041 0.6462
vn -0.9345 0.3046 0.1841
vn -0.9994 -0.0292 -0.0159
vn -0.9934 0.0021 -0.1150
vn -0.9866 0.1528 0.0564
vn -0.9982 -0.0101 0.0587
vn -0.9990 -0.0392 0.0205
vn -0.9866 0.1528 -0.0564
vn -0.9804 0.1454 -0.1327
vn -0.9409 0.2990 -0.1591
vn -1.0000 -0.0046 -0.0059
vn -0.8484 0.0159 -0.5291
vn -0.9342 0.2268 -0.2754
vn -0.8048 0.5127 -0.2990
vn -0.8993 0.4047 -0.1656
vn -0.6138 0.1431 -0.7764
vn -0.6110 0.0335 -0.7909
vn -0.9790 0.0447 -0.1988
vn -0.9794 0.0370 0.1985
vn -0.8164 0.1755 0.5501
vn -0.8528 0.0568 0.5191
vn -0.6448 0.1266 0.7538
vn -0.6149 0.0230 0.7882
vn -0.6057 0.0006 0.7957
vn -0.6073 -0.0087 0.7944
vn -0.6198 -0.0693 0.7817
vn -0.6073 -0.0087 -0.7944
vn -0.6325 -0.0604 -0.7722
vn -0.6861 -0.2150 -0.6950
vn -0.9768 -0.0154 -0.2136
vn -0.9769 -0.0159 0.2130
vn -0.8356 -0.0468 0.5473
vn -0.6252 -0.2273 0.7467
vn -0.4662 -0.6727 0.5746
vn -0.9467 -0.3160 0.0634
vn -0.8868 -0.3717 0.2747
vn -0.9936 -0.1121 0.0152
vn -0.9876 -0.0406 -0.1518
vn -0.9916 0.0473 -0.1200
vn -0.9670 0.1283 -0.2200
vn -0.9920 0.1258 0.0042
vn -0.9168 -0.3120 0.2492
vn -0.9861 -0.1624 -0.0337
vn -0.9936 0.0874 -0.0721
vn -0.9971 -0.0530 -0.0541
vn -0.9947 0.0804 0.0648
vn -0.9906 0.0466 0.1285
vn -0.9877 -0.0486 0.1486
vn -0.9937 -0.1112 -0.0143
vn -0.9918 0.1265 -0.0157
vn -0.9657 0.1287 0.2254
vn -0.9847 -0.1492 -0.0902
vn -0.9962 -0.0590 0.0647
vn -0.9859 -0.1636 0.0346
vn -0.7380 -0.5750 -0.3531
vn -0.7828 -0.4249 -0.4547
vn -0.5117 -0.6607 -0.5492
vn -0.9467 -0.3160 -0.0634
vn -0.6491 -0.6427 -0.4069
vn -0.8868 -0.3717 -0.2747
vn -0.9471 -0.1347 -0.2913
vn -0.9476 0.1359 -0.2893
vn -0.8831 0.3931 -0.2562
vn -0.6105 0.7920 0.0076
vn -0.9126 0.4088 -0.0039
vn -0.8925 0.3292 0.3083
vn -0.8796 0.4166 0.2295
vn -0.5961 0.7482 0.2914
vn -0.9351 0.2891 0.2048
vn -0.9658 0.2476 0.0771
vn -0.5956 0.7998 -0.0745
vn -0.5999 0.7625 -0.2423
vn -0.8801 0.3399 -0.3313
vn -0.9066 0.3642 -0.2131
vn -0.6104 0.7921 -0.0075
vn -0.9175 0.3977 0.0053
vn -0.5693 0.6656 0.4826
vn -0.8831 0.3931 0.2562
vn -0.7299 -0.5120 0.4529
vn -0.7483 -0.5384 0.3875
vn -0.5439 -0.6679 0.5080
vn -0.9471 -0.1347 0.2913
vn -0.6905 0.1674 0.7037
vn -0.6254 -0.4223 0.6562
vn 0.2259 0.3739 0.8995
vn -0.2259 0.3739 0.8995
vn 0.2657 0.7570 0.5969
vn -0.2408 0.7443 0.6229
vn -0.3329 0.8896 0.3127
vn -0.3742 0.8373 0.3987
vn -0.3333 0.9428 0.0061
vn -0.3358 0.9094 -0.2453
vn -0.3717 0.9228 -0.1017
vn -0.3959 0.8753 -0.2778
vn 0.4366 0.8834 0.1705
vn 0.3146 0.9442 0.0980
vn 0.6064 0.7900 0.0906
vn 0.6201 0.7402 0.2600
vn 0.6019 0.7614 0.2407
vn 0.6075 0.7943 0.0045
vn 0.5985 0.7549 -0.2683
vn 0.7835 0.6213 -0.0124
vn 0.9175 0.3977 -0.0053
vn 0.9066 0.3642 0.2131
vn 0.8831 0.3931 -0.2562
vn 0.9476 0.1359 -0.2893
vn 0.9471 -0.1347 -0.2913
vn 0.9936 -0.1121 -0.0152
vn 0.9876 -0.0406 0.1518
vn 0.9916 0.0473 0.1200
vn 0.9670 0.1283 0.2200
vn 0.9971 -0.0530 0.0541
vn 0.9936 0.0874 0.0721
vn 0.9861 -0.1624 0.0337
vn 0.9467 -0.3160 -0.0634
vn 0.8599 -0.4684 -0.2027
vn 0.7915 -0.4915 -0.3633
vn 0.6379 -0.6146 -0.4641
vn 0.9168 -0.3120 -0.2492
vn 0.9852 -0.1507 -0.0811
vn 0.9847 -0.1492 0.0902
vn 0.9158 -0.3136 0.2509
vn 0.7380 -0.5750 0.3531
vn 0.7828 -0.4249 0.4547
vn 0.6492 -0.6427 0.4069
vn 0.8514 -0.4839 0.2025
vn 0.7316 -0.3854 0.5624
vn 0.5117 -0.6607 0.5492
vn 0.8381 -0.2909 0.4614
vn 0.8637 -0.1191 0.4898
vn 0.8345 -0.0329 0.5500
vn 0.9768 -0.0154 0.2136
vn 0.9769 -0.0159 -0.2130
vn 0.8356 -0.0468 -0.5473
vn 0.8250 -0.0033 -0.5651
vn 0.6073 -0.0087 0.7944
vn 0.6057 0.0006 0.7957
vn 0.6050 0.0294 0.7957
vn 0.5845 0.1369 0.7998
vn 0.8531 0.1128 0.5094
vn 0.6637 0.1813 0.7257
vn 0.6253 0.3706 0.6868
vn 0.7563 0.4599 0.4653
vn 0.5539 0.5931 0.5843
vn 0.5534 0.6438 0.5285
vn 0.8048 0.5127 0.2990
vn 0.8993 0.4047 0.1656
vn 0.8504 0.4880 0.1968
vn 0.8033 0.3793 0.4591
vn 0.8286 0.4196 0.3708
vn 0.8484 0.0159 0.5291
vn 0.6972 -0.0031 0.7169
vn 0.5374 -0.0046 0.8433
vn 0.9572 0.0001 0.2895
vn 1.0000 -0.0046 0.0059
vn 0.9779 -0.0441 -0.2045
vn 0.9776 -0.0848 -0.1929
vn 0.9882 -0.0630 -0.1393
vn 0.9824 -0.1565 -0.1018
vn 0.9647 -0.1332 -0.2271
vn 0.9714 -0.1567 0.1781
vn 0.9879 -0.1502 0.0393
vn 0.9516 -0.2089 0.2254
vn 0.9804 -0.0567 0.1888
vn 0.9739 -0.0475 0.2220
vn 0.9999 -0.0025 -0.0115
vn 0.9563 0.0010 -0.2923
vn 0.9309 0.2436 -0.2723
vn 0.9385 -0.2391 -0.2490
vn 0.8484 -0.0160 -0.5290
vn 0.6972 0.0031 -0.7169
vn 0.6529 0.3079 -0.6921
vn 0.5746 0.5692 -0.5881
vn 0.6720 -0.3113 -0.6720
vn 0.5793 -0.5741 -0.5786
vn 0.6809 -0.6622 -0.3129
vn 0.7066 -0.7075 -0.0082
vn 0.6800 -0.6963 0.2297
vn 0.7030 -0.7002 0.1248
vn 0.6996 -0.7036 -0.1249
vn 0.6962 -0.6801 -0.2297
vn 0.7075 -0.7066 0.0082
vn 0.6622 -0.6809 0.3129
vn 0.5749 -0.5804 0.5767
vn 0.8406 -0.5416 0.0065
vn 0.5414 -0.8408 0.0031
vn 0.8408 -0.5414 -0.0031
vn 0.5416 -0.8406 -0.0065
vn 0.5374 0.0046 -0.8433
vn 0.9664 0.2527 -0.0463
vn 0.9713 0.2320 -0.0516
vn 0.9228 0.3634 -0.1279
vn 0.9802 0.1956 -0.0309
vn 0.9978 0.0659 -0.0060
vn 0.9976 0.0696 0.0046
vn 0.9814 0.1903 0.0258
vn 0.9866 0.1528 0.0564
vn 0.9804 0.1454 0.1327
vn 0.9791 0.1499 -0.1375
vn 0.8843 0.2960 -0.3611
vn 0.7148 0.5130 -0.4753
vn 0.7589 0.4099 -0.5059
vn 0.5935 0.6282 -0.5031
vn 0.7088 0.3187 -0.6293
vn 0.8168 0.1754 -0.5496
vn 0.8528 0.0568 -0.5191
vn 0.8272 0.0122 -0.5618
vn 0.9763 0.0053 -0.2162
vn 0.9761 0.0040 0.2174
vn 0.6057 0.0006 -0.7957
vn 0.8240 0.0001 -0.5665
vn 0.6185 0.0258 -0.7853
vn 0.6482 0.1361 -0.7492
vn 0.9794 0.0370 -0.1985
vn 0.9994 -0.0292 0.0159
vn 0.9934 0.0021 0.1150
vn 0.8395 0.4484 -0.3070
vn 0.7893 0.5897 -0.1711
vn 0.8640 0.4755 -0.1656
vn 0.9607 -0.2776 -0.0005
vn 0.9352 -0.2739 0.2245
vn 0.9860 -0.0526 0.1582
vn 0.9949 -0.0903 -0.0448
vn 0.9039 -0.4056 -0.1356
vn 0.9903 0.1044 -0.0921
vn 0.9453 -0.2474 -0.2126
vn 0.9378 -0.2238 -0.2656
vn 0.9612 -0.2759 0.0046
vn 0.9306 -0.2576 0.2603
vn 0.9749 0.2224 0.0132
vn 0.9491 0.2955 0.1087
vn 0.9500 0.3043 0.0706
vn 0.9790 0.0447 0.1988
vn 0.8884 0.2943 0.3523
vn 0.8281 0.0169 0.5603
vn 0.8240 0.0001 0.5665
vn 0.6073 -0.0087 -0.7944
vn 0.6198 -0.0693 -0.7817
vn 0.6252 -0.2273 -0.7467
vn 0.9758 -0.0003 -0.2187
vn 0.9758 -0.0003 0.2187
vn 0.8250 -0.0033 0.5651
vn 0.6325 -0.0604 0.7722
vn 0.6861 -0.2150 0.6950
vn 0.9994 -0.0325 0.0084
vn 0.9918 -0.1194 -0.0450
vn 0.9962 -0.0590 -0.0647
vn 0.9859 -0.1636 -0.0346
vn 0.9906 0.0466 -0.1285
vn 0.9809 -0.0814 0.1769
vn 0.9816 -0.0897 -0.1686
vn 0.8730 -0.2064 -0.4418
vn 0.7159 -0.3015 -0.6298
vn 0.6382 -0.6385 -0.4301
vn 0.7105 -0.4130 -0.5698
vn 0.4662 -0.6727 -0.5746
vn 0.8868 -0.3717 -0.2747
vn 0.8361 -0.1872 -0.5157
vn 0.6905 -0.1674 -0.7037
vn 0.6905 0.1674 -0.7037
vn 0.6254 0.4223 -0.6562
vn 0.5259 0.1824 -0.8307
vn 0.6254 -0.4223 -0.6562
vn 0.5259 -0.1824 -0.8307
vn 0.9920 0.1258 -0.0042
vn -0.3788 0.9029 0.2030
vn -0.3834 0.9227 0.0407
vn -0.3335 0.9109 0.2428
vn 0.3363 0.9418 0.0030
vn -0.3318 0.9434 0.0008
vn 0.3932 0.8413 -0.3710
vn 0.2847 0.9153 -0.2847
vn 0.5480 0.6667 -0.5052
vn -0.3310 0.8754 -0.3522
vn -0.3632 0.8814 -0.3021
vn -0.2512 0.7579 -0.6020
vn 0.3649 0.5338 -0.7629
vn 0.4062 0.5568 -0.7246
vn -0.3649 0.5338 -0.7629
vn -0.4060 0.5589 -0.7231
vn 0.2259 0.3739 -0.8995
vn -0.2259 0.3739 -0.8995
vn -0.2709 0.1171 -0.9554
vn 0.2709 -0.1171 -0.9554
vn -0.2709 -0.1171 -0.9554
vn 0.2259 -0.3739 -0.8995
vn -0.2259 -0.3739 -0.8995
vn 0.4064 -0.5555 -0.7254
vn 0.3649 -0.5338 -0.7629
vn 0.5439 -0.6679 -0.5080
vn -0.4064 -0.5555 -0.7254
vn -0.3649 -0.5338 -0.7629
vn -0.2540 -0.7266 -0.6383
vn 0.3977 -0.7371 -0.5465
vn 0.3435 -0.7893 -0.5088
vn -0.4054 -0.7373 -0.5404
vn -0.3435 -0.7893 -0.5088
vn 0.2303 -0.7024 -0.6735
vn -0.2303 -0.7024 -0.6735
vn 0.5020 -0.3760 -0.7789
vn 0.3823 -0.5616 -0.7338
vn -0.5120 -0.3629 -0.7785
vn -0.3943 -0.5605 -0.7283
vn 0.3745 -0.1148 -0.9201
vn -0.3745 -0.1148 -0.9201
vn -0.3240 -0.0126 -0.9460
vn -0.3214 0.0015 -0.9469
vn 0.3307 0.0521 -0.9423
vn -0.3345 0.0460 -0.9413
vn 0.5177 0.2618 -0.8145
vn 0.3283 0.2387 -0.9139
vn -0.3843 0.2643 -0.8846
vn -0.6295 0.2404 -0.7389
vn 0.3891 0.6041 -0.6955
vn -0.3481 0.6039 -0.7171
vn 0.3667 0.7294 -0.5775
vn -0.3542 0.7370 -0.5756
vn 0.3063 0.6608 -0.6852
vn -0.3014 0.6579 -0.6901
vn 0.3915 0.3915 -0.8327
vn 0.4135 0.4135 -0.8112
vn -0.3915 0.3915 -0.8327
vn -0.4135 0.4135 -0.8112
vn -0.2482 0.2482 -0.9364
vn 0.2836 -0.0052 -0.9589
vn -0.2849 -0.0070 -0.9585
vn 0.2490 -0.2391 -0.9385
vn -0.2603 -0.2575 -0.9306
vn 0.4472 -0.3815 -0.8090
vn 0.3196 -0.4494 -0.8342
vn -0.3407 -0.4549 -0.8228
vn -0.5296 -0.2958 -0.7950
vn -0.3111 -0.6577 -0.6861
vn 0.4549 -0.8228 -0.3407
vn 0.2958 -0.7950 -0.5296
vn -0.4549 -0.8228 -0.3407
vn -0.2958 -0.7950 -0.5296
vn 0.2575 -0.9306 -0.2603
vn -0.2575 -0.9306 -0.2603
vn 0.2753 -0.9613 -0.0041
vn -0.2753 -0.9613 -0.0041
vn -0.2406 -0.9435 0.2278
vn 0.3785 -0.8794 0.2887
vn 0.4474 -0.8455 0.2916
vn -0.3785 -0.8794 0.2887
vn -0.4474 -0.8455 0.2916
vn 0.3859 -0.9128 0.1339
vn -0.3859 -0.9128 0.1339
vn -0.3830 -0.9143 -0.1318
vn 0.4418 -0.8522 -0.2802
vn 0.3132 -0.9081 -0.2778
vn -0.4418 -0.8522 -0.2802
vn -0.3132 -0.9081 -0.2778
vn 0.2549 -0.9380 -0.2347
vn -0.2549 -0.9380 -0.2347
vn 0.2744 -0.9616 -0.0023
vn -0.2744 -0.9616 -0.0023
vn -0.2391 -0.9385 0.2490
vn 0.3815 -0.8090 0.4472
vn 0.4494 -0.8342 0.3196
vn -0.3815 -0.8090 0.4472
vn -0.4494 -0.8342 0.3196
vn 0.3091 -0.6680 0.6769
vn -0.3105 -0.6868 0.6572
vn 0.2482 -0.2482 0.9364
vn -0.2575 -0.2603 0.9306
vn 0.2836 0.0052 0.9589
vn -0.2754 -0.0036 0.9613
vn -0.2391 0.2490 0.9385
vn 0.4472 0.3815 0.8090
vn 0.3196 0.4494 0.8342
vn 0.3360 0.7735 0.5375
vn -0.3591 0.7683 0.5299
vn -0.3667 0.7294 0.5775
vn 0.3529 0.6349 0.6873
vn -0.3743 0.6116 0.6970
vn 0.4097 0.2056 0.8888
vn 0.4562 0.4262 0.7812
vn -0.4669 0.1938 0.8628
vn -0.3942 0.3309 0.8574
vn -0.3403 0.0367 0.9396
vn -0.3214 0.0015 0.9469
vn 0.3240 -0.0126 0.9460
vn -0.3240 -0.0126 0.9460
vn -0.3745 -0.1148 0.9201
vn 0.3943 -0.5605 0.7283
vn 0.5120 -0.3629 0.7785
vn -0.3823 -0.5616 0.7338
vn -0.5020 -0.3760 0.7789
vn -0.2303 -0.7024 0.6735
vn 0.3435 -0.7893 0.5088
vn 0.4054 -0.7373 0.5404
vn 0.5439 -0.6679 0.5080
vn -0.3435 -0.7893 0.5088
vn -0.3977 -0.7371 0.5465
vn 0.2540 -0.7266 0.6383
vn -0.2540 -0.7266 0.6383
vn -0.2259 -0.3739 0.8995
vn -0.0000 -0.1225 0.9925
vn 0.5259 0.1824 0.8307
vn 0.9467 -0.3160 0.0634
vn 0.8796 0.4166 -0.2295
vn 0.9877 -0.0486 -0.1486
vn 0.9947 0.0804 -0.0648
vn 0.6335 0.7690 -0.0851
vn 0.3326 0.9129 -0.2366
vn 0.3336 0.9427 0.0086
vn 0.9126 0.4088 0.0039
vn 0.6001 0.7531 0.2697
vn 0.8362 0.1874 0.5154
vn 0.8831 0.3931 0.2562
vn 0.5219 0.6961 0.4931
vn 0.7669 0.5736 -0.2880
vn 0.7872 0.5446 -0.2894
vn 0.6905 0.1674 0.7037
vn 0.9476 0.1359 0.2893
vn 0.9657 0.1287 -0.2254
vn 0.6254 -0.4223 0.6562
vn 0.7299 -0.5120 0.4529
vn 0.7473 -0.5427 0.3834
vn 0.9533 -0.2901 0.0844
vn 0.4041 0.5744 0.7118
vn 0.3649 0.5338 0.7629
vn 0.3857 0.8682 0.3122
vn 0.2819 0.8897 0.3591
vn 0.2709 0.1171 0.9554
vn 0.3649 -0.5338 0.7629
vn 0.4064 -0.5555 0.7254
vn 0.2303 -0.7024 0.6735
vn 0.3240 -0.0126 -0.9460
vn -0.4069 0.5504 0.7290
vn -0.3649 0.5338 0.7629
vn -0.5839 0.7622 0.2796
vn -0.5974 0.7466 -0.2928
vn -0.5259 0.1824 0.8307
vn -0.9476 0.1359 0.2893
vn -0.9512 0.2796 -0.1302
vn -0.9211 0.2401 -0.3063
vn -0.3649 -0.5338 0.7629
vn -0.4064 -0.5555 0.7254
vn -0.6382 -0.6385 0.4301
vn 0.7960 0.5754 0.1878
vn 0.7918 0.6069 0.0680
vn 0.7742 0.5534 0.3071
vn 0.7815 0.5663 0.2619
vn 0.8801 0.3399 0.3313
vn 0.7309 0.5044 -0.4597
vn 0.7501 0.5754 -0.3260
vn 0.9512 0.2796 0.1302
vn 0.9211 0.2401 0.3063
vn 0.9624 0.1504 0.2264
vn 0.9555 0.1682 0.2424
vn 0.8362 0.1874 -0.5154
vn 0.9971 -0.0764 -0.0033
vn 0.9995 0.0027 0.0310
vn 0.9588 -0.2703 -0.0874
vn 0.7483 -0.5384 -0.3875
vn 0.7299 -0.5120 -0.4529
vn 0.4338 0.8928 -0.1209
vn 0.3175 0.9326 -0.1718
vn 0.3387 0.9108 0.2361
vn 0.2512 0.7608 -0.5984
vn 0.2709 0.1171 -0.9554
vn 0.3745 -0.1148 0.9201
vn 0.2540 -0.7266 -0.6383
vn -0.6203 0.7809 0.0735
vn -0.6005 0.7609 0.2458
vn -0.5401 0.6989 -0.4689
vn -0.9624 0.1504 -0.2264
vn -0.9555 0.1682 -0.2424
vn -0.9608 0.1459 0.2356
vn -0.9587 0.1781 0.2217
vn -0.6905 0.1674 -0.7037
vn -0.9852 -0.1507 0.0811
vn -0.9158 -0.3136 -0.2509
vn -0.5439 -0.6679 -0.5080
vn 0.3214 0.0015 0.9469
vn 0.3214 0.0015 -0.9469
vn 0.5754 0.5509 0.6045
vn 0.7067 0.5935 0.3851
vn 0.5986 0.6686 0.4412
vn 0.9409 0.2990 0.1591
vn 0.6751 0.3167 0.6663
vn 0.9342 0.2268 0.2754
vn 0.9982 -0.0101 -0.0587
vn 0.9990 -0.0392 -0.0205
vn 0.6532 -0.3085 0.6915
vn 0.8228 -0.4549 0.3407
vn 0.7950 -0.2958 0.5296
vn 0.8710 -0.4069 -0.2754
vn 0.8464 -0.4503 -0.2842
vn 0.3044 0.6527 0.6938
vn 0.3542 0.7370 0.5756
vn 0.2490 0.2391 0.9385
vn 0.3915 -0.3915 0.8327
vn 0.4135 -0.4135 0.8112
vn 0.2391 -0.9385 0.2490
vn -0.3084 0.6648 0.6804
vn -0.5935 0.6282 0.5031
vn -0.3815 0.4472 0.8090
vn -0.4494 0.3196 0.8342
vn -0.9309 0.2436 0.2723
vn -0.9956 -0.0895 -0.0283
vn -0.4549 -0.3407 0.8228
vn -0.2958 -0.5296 0.7950
vn -0.6717 -0.6717 0.3124
vn 0.9866 0.1528 -0.0564
vn 0.9345 0.3046 -0.1841
vn 0.6657 0.6314 -0.3977
vn 0.6989 0.6065 -0.3791
vn 0.9956 -0.0896 0.0283
vn 0.9900 0.1029 0.0964
vn 0.8216 0.4301 -0.3740
vn 0.7952 0.2949 -0.5298
vn 0.9016 -0.4088 0.1416
vn 0.8506 -0.4462 0.2782
vn 0.8943 -0.3769 0.2413
vn 0.8090 -0.3815 -0.4472
vn 0.8342 -0.4494 -0.3196
vn 0.3360 0.0423 0.9409
vn 0.3591 0.7683 -0.5299
vn 0.2482 0.2482 -0.9364
vn 0.3830 -0.9143 -0.1318
vn 0.2406 -0.9435 0.2278
vn 0.3115 -0.6480 -0.6951
vn -0.9791 0.1499 0.1375
vn -0.8884 0.2943 -0.3523
vn -0.3360 0.7735 -0.5375
vn -0.9900 0.1029 -0.0964
vn -0.9903 0.1044 0.0921
vn -0.6713 0.3146 -0.6711
vn -0.7014 -0.7020 -0.1237
vn -0.6891 -0.6891 0.2242
vn -0.5774 -0.5780 -0.5767
s 1
usemtl Material.001
f 3//3 742//676 2345//2115 741//675
f 2//2 743//677 2345//2115 742//676
f 1//1 741//675 2345//2115 743//677
f 7//7 745//679 2346//2116 744//678
f 745//679 6//6 746//680 2346//2116
f 2346//2116 746//680 5//5 747//681
f 744//678 2346//2116 747//681 4//4
f 2//2 742//676 2347//2117 748//682
f 742//676 3//3 749//683 2347//2117
f 2347//2117 749//683 7//7 744//678
f 748//682 2347//2117 744//678 4//4
f 9//9 751//685 2348//2118 750//684
f 751//685 5//5 746//680 2348//2118
f 2348//2118 746//680 6//6 752//686
f 750//684 2348//2118 752//686 8//8
f 11//11 754//688 2349//2119 753//687
f 754//688 5//5 751//685 2349//2119
f 2349//2119 751//685 9//9 755//689
f 753//687 2349//2119 755//689 10//10
f 10//10 755//689 2350//2120 756//690
f 755//689 9//9 757//691 2350//2120
f 2350//2120 757//691 13//13 758//692
f 756//690 2350//2120 758//692 12//12
f 12//12 758//692 2351//2121 759//693
f 13//13 760//694 2351//2121 758//692
f 14//14 759//693 2351//2121 760//694
f 17//17 762//696 2352//2122 761//695
f 762//696 16//16 763//697 2352//2122
f 2352//2122 763//697 15//15 764//698
f 761//695 2352//2122 764//698 14//14
f 13//13 765//699 2353//2123 760//694
f 17//17 761//695 2353//2123 765//699
f 14//14 760//694 2353//2123 761//695
f 16//16 762//696 2354//2124 766//700
f 762//696 17//17 767//701 2354//2124
f 2354//2124 767//701 19//19 768//702
f 766//700 2354//2124 768//702 18//18
f 20//20 770//704 2355//2125 769//703
f 16//16 766//700 2355//2125 770//704
f 18//18 769//703 2355//2125 766//700
f 19//19 767//701 2356//2126 771//705
f 17//17 772//706 2356//2126 767//701
f 21//21 771//705 2356//2126 772//706
f 23//23 774//708 2357//2127 773//707
f 774//708 22//22 775//709 2357//2127
f 2357//2127 775//709 19//19 771//705
f 773//707 2357//2127 771//705 21//21
f 24//24 777//711 2358//2128 776//710
f 23//23 773//707 2358//2128 777//711
f 21//21 776//710 2358//2128 773//707
f 24//24 778//712 2359//2129 777//711
f 778//712 26//26 779//713 2359//2129
f 2359//2129 779//713 25//25 780//714
f 777//711 2359//2129 780//714 23//23
f 23//23 780//714 2360//2130 781//715
f 780//714 25//25 782//716 2360//2130
f 2360//2130 782//716 28//28 783//717
f 781//715 2360//2130 783//717 27//27
f 28//28 782//716 2361//2131 784//718
f 782//716 25//25 785//719 2361//2131
f 2361//2131 785//719 30//30 786//720
f 784//718 2361//2131 786//720 29//29
f 31//31 788//722 2362//2132 787//721
f 28//28 784//718 2362//2132 788//722
f 29//29 787//721 2362//2132 784//718
f 30//30 789//723 2363//2133 786//720
f 789//723 33//33 790//724 2363//2133
f 2363//2133 790//724 32//32 791//725
f 786//720 2363//2133 791//725 29//29
f 32//32 790//724 2364//2134 792//726
f 790//724 33//33 793//727 2364//2134
f 2364//2134 793//727 35//35 794//728
f 792//726 2364//2134 794//728 34//34
f 35//35 795//729 2365//2135 794//728
f 795//729 37//37 796//730 2365//2135
f 2365//2135 796//730 36//36 797//731
f 794//728 2365//2135 797//731 34//34
f 36//36 796//730 2366//2136 798//732
f 796//730 37//37 799//733 2366//2136
f 2366//2136 799//733 39//39 800//734
f 798//732 2366//2136 800//734 38//38
f 40//40 802//736 2367//2137 801//735
f 36//36 798//732 2367//2137 802//736
f 38//38 801//735 2367//2137 798//732
f 42//42 804//738 2368//2138 803//737
f 804//738 40//40 801//735 2368//2138
f 2368//2138 801//735 38//38 805//739
f 803//737 2368//2138 805//739 41//41
f 44//44 807//741 2369//2139 806//740
f 807//741 40//40 804//738 2369//2139
f 2369//2139 804//738 42//42 808//742
f 806//740 2369//2139 808//742 43//43
f 46//46 810//744 2370//2140 809//743
f 810//744 45//45 811//745 2370//2140
f 2370//2140 811//745 44//44 806//740
f 809//743 2370//2140 806//740 43//43
f 48//48 813//747 2371//2141 812//746
f 813//747 45//45 810//744 2371//2141
f 2371//2141 810//744 46//46 814//748
f 812//746 2371//2141 814//748 47//47
f 50//50 816//750 2372//2142 815//749
f 816//750 49//49 817//751 2372//2142
f 2372//2142 817//751 48//48 812//746
f 815//749 2372//2142 812//746 47//47
f 52//52 819//753 2373//2143 818//752
f 819//753 49//49 816//750 2373//2143
f 2373//2143 816//750 50//50 820//754
f 818//752 2373//2143 820//754 51//51
f 54//54 822//756 2374//2144 821//755
f 822//756 52//52 818//752 2374//2144
f 2374//2144 818//752 51//51 823//757
f 821//755 2374//2144 823//757 53//53
f 56//56 825//759 2375//2145 824//758
f 825//759 54//54 821//755 2375//2145
f 2375//2145 821//755 53//53 826//760
f 824//758 2375//2145 826//760 55//55
f 58//58 828//58 2376//761 827//761
f 828//58 56//56 824//758 2376//761
f 2376//761 824//758 55//55 829//57
f 827//761 2376//761 829//57 57//57
f 60//58 831//58 2377//761 830//761
f 831//58 58//58 827//761 2377//761
f 2377//761 827//761 57//57 832//57
f 830//761 2377//761 832//57 59//57
f 62//58 834//58 2378//761 833//761
f 834//58 60//58 830//761 2378//761
f 2378//761 830//761 59//57 835//57
f 833//761 2378//761 835//57 61//57
f 64//58 837//58 2379//761 836//761
f 837//58 62//58 833//761 2379//761
f 2379//761 833//761 61//57 838//57
f 836//761 2379//761 838//57 63//57
f 66//60 840//58 2380//761 839//762
f 840//58 64//58 836//761 2380//761
f 2380//761 836//761 63//57 841//57
f 839//762 2380//761 841//57 65//59
f 68//62 843//764 2381//2146 842//763
f 843//764 66//60 839//762 2381//2146
f 2381//2146 839//762 65//59 844//765
f 842//763 2381//2146 844//765 67//61
f 70//64 846//767 2382//2147 845//766
f 846//767 68//62 842//763 2382//2147
f 2382//2147 842//763 67//61 847//768
f 845//766 2382//2147 847//768 69//63
f 72//66 849//770 2383//2148 848//769
f 849//770 70//64 845//766 2383//2148
f 2383//2148 845//766 69//63 850//771
f 848//769 2383//2148 850//771 71//65
f 74//68 852//773 2384//2149 851//772
f 852//773 73//67 853//774 2384//2149
f 2384//2149 853//774 72//66 848//769
f 851//772 2384//2149 848//769 71//65
f 76//70 855//776 2385//2150 854//775
f 855//776 73//67 852//773 2385//2150
f 2385//2150 852//773 74//68 856//777
f 854//775 2385//2150 856//777 75//69
f 78//72 858//779 2386//2151 857//778
f 858//779 77//71 859//780 2386//2151
f 2386//2151 859//780 76//70 854//775
f 857//778 2386//2151 854//775 75//69
f 80//74 861//782 2387//2152 860//781
f 861//782 77//71 858//779 2387//2152
f 2387//2152 858//779 78//72 862//783
f 860//781 2387//2152 862//783 79//73
f 82//76 864//785 2388//2153 863//784
f 864//785 81//75 865//786 2388//2153
f 2388//2153 865//786 80//74 860//781
f 863//784 2388//2153 860//781 79//73
f 84//78 867//788 2389//2154 866//787
f 867//788 81//75 864//785 2389//2154
f 2389//2154 864//785 82//76 868//789
f 866//787 2389//2154 868//789 83//77
f 86//80 870//791 2390//761 869//790
f 870//791 84//78 866//787 2390//761
f 2390//761 866//787 83//77 871//792
f 869//790 2390//761 871//792 85//79
f 88//82 873//794 2391//2155 872//793
f 873//794 87//81 874//795 2391//2155
f 2391//2155 874//795 86//80 869//790
f 872//793 2391//2155 869//790 85//79
f 90//84 876//797 2392//2156 875//796
f 876//797 87//81 873//794 2392//2156
f 2392//2156 873//794 88//82 877//798
f 875//796 2392//2156 877//798 89//83
f 92//86 879//800 2393//2157 878//799
f 879//800 91//85 880//801 2393//2157
f 2393//2157 880//801 90//84 875//796
f 878//799 2393//2157 875//796 89//83
f 94//88 882//803 2394//2158 881//802
f 882//803 91//85 879//800 2394//2158
f 2394//2158 879//800 92//86 883//804
f 881//802 2394//2158 883//804 93//87
f 96//90 885//806 2395//2159 884//805
f 885//806 95//89 886//807 2395//2159
f 2395//2159 886//807 94//88 881//802
f 884//805 2395//2159 881//802 93//87
f 98//92 888//809 2396//2160 887//808
f 888//809 95//89 885//806 2396//2160
f 2396//2160 885//806 96//90 889//810
f 887//808 2396//2160 889//810 97//91
f 100//94 891//812 2397//2161 890//811
f 891//812 98//92 887//808 2397//2161
f 2397//2161 887//808 97//91 892//813
f 890//811 2397//2161 892//813 99//93
f 102//96 894//815 2398//2162 893//814
f 894//815 101//95 895//816 2398//2162
f 2398//2162 895//816 100//94 890//811
f 893//814 2398//2162 890//811 99//93
f 104//98 897//818 2399//2163 896//817
f 897//818 101//95 894//815 2399//2163
f 2399//2163 894//815 102//96 898//819
f 896//817 2399//2163 898//819 103//97
f 106//100 900//821 2400//2164 899//820
f 900//821 104//98 896//817 2400//2164
f 2400//2164 896//817 103//97 901//822
f 899//820 2400//2164 901//822 105//99
f 108//102 903//824 2401//2165 902//823
f 903//824 106//100 899//820 2401//2165
f 2401//2165 899//820 105//99 904//825
f 902//823 2401//2165 904//825 107//101
f 110//104 906//827 2402//2166 905//826
f 906//827 109//103 907//828 2402//2166
f 2402//2166 907//828 108//102 902//823
f 905//826 2402//2166 902//823 107//101
f 112//106 909//830 2403//2167 908//829
f 909//830 109//103 906//827 2403//2167
f 2403//2167 906//827 110//104 910//831
f 908//829 2403//2167 910//831 111//105
f 114//108 912//833 2404//2168 911//832
f 912//833 112//106 908//829 2404//2168
f 2404//2168 908//829 111//105 913//834
f 911//832 2404//2168 913//834 113//107
f 116//110 915//836 2405//2169 914//835
f 915//836 115//109 916//837 2405//2169
f 2405//2169 916//837 114//108 911//832
f 914//835 2405//2169 911//832 113//107
f 118//112 918//839 2406//2170 917//838
f 918//839 115//109 915//836 2406//2170
f 2406//2170 915//836 116//110 919//840
f 917//838 2406//2170 919//840 117//111
f 120//114 921//842 2407//2171 920//841
f 921//842 119//113 922//843 2407//2171
f 2407//2171 922//843 118//112 917//838
f 920//841 2407//2171 917//838 117//111
f 122//116 924//845 2408//2172 923//844
f 924//845 119//113 921//842 2408//2172
f 2408//2172 921//842 120//114 925//846
f 923//844 2408//2172 925//846 121//115
f 124//118 927//848 2409//877 926//847
f 927//848 123//117 928//849 2409//877
f 2409//877 928//849 122//116 923//844
f 926//847 2409//877 923//844 121//115
f 126//120 930//851 2410//2173 929//850
f 930//851 125//119 931//852 2410//2173
f 2410//2173 931//852 123//117 927//848
f 929//850 2410//2173 927//848 124//118
f 128//122 933//854 2411//2174 932//853
f 933//854 125//119 930//851 2411//2174
f 2411//2174 930//851 126//120 934//855
f 932//853 2411//2174 934//855 127//121
f 130//124 936//857 2412//2175 935//856
f 936//857 129//123 937//858 2412//2175
f 2412//2175 937//858 128//122 932//853
f 935//856 2412//2175 932//853 127//121
f 132//126 939//860 2413//2176 938//859
f 939//860 129//123 936//857 2413//2176
f 2413//2176 936//857 130//124 940//861
f 938//859 2413//2176 940//861 131//125
f 134//128 942//863 2414//2177 941//862
f 942//863 133//127 943//864 2414//2177
f 2414//2177 943//864 132//126 938//859
f 941//862 2414//2177 938//859 131//125
f 136//130 945//866 2415//2178 944//865
f 945//866 133//127 942//863 2415//2178
f 2415//2178 942//863 134//128 946//867
f 944//865 2415//2178 946//867 135//129
f 138//132 948//869 2416//2179 947//868
f 948//869 137//131 949//870 2416//2179
f 2416//2179 949//870 136//130 944//865
f 947//868 2416//2179 944//865 135//129
f 140//134 951//872 2417//2180 950//871
f 951//872 139//133 952//873 2417//2180
f 2417//2180 952//873 137//131 948//869
f 950//871 2417//2180 948//869 138//132
f 142//136 954//875 2418//2181 953//874
f 954//875 141//135 955//876 2418//2181
f 2418//2181 955//876 139//133 951//872
f 953//874 2418//2181 951//872 140//134
f 144//138 957//877 2419//877 956//138
f 957//877 143//137 958//137 2419//877
f 2419//877 958//137 141//135 954//875
f 956//138 2419//877 954//875 142//136
f 146//138 960//877 2420//877 959//138
f 960//877 145//137 961//137 2420//877
f 2420//877 961//137 143//137 957//877
f 959//138 2420//877 957//877 144//138
f 148//138 963//877 2421//877 962//138
f 963//877 147//137 964//137 2421//877
f 2421//877 964//137 145//137 960//877
f 962//138 2421//877 960//877 146//138
f 150//138 966//877 2422//877 965//138
f 966//877 149//137 967//137 2422//877
f 2422//877 967//137 147//137 963//877
f 965//138 2422//877 963//877 148//138
f 152//140 969//878 2423//877 968//138
f 969//878 151//139 970//137 2423//877
f 2423//877 970//137 149//137 966//877
f 968//138 2423//877 966//877 150//138
f 154//142 972//880 2424//2182 971//879
f 972//880 153//141 973//881 2424//2182
f 2424//2182 973//881 151//139 969//878
f 971//879 2424//2182 969//878 152//140
f 156//144 975//883 2425//2183 974//882
f 975//883 155//143 976//884 2425//2183
f 2425//2183 976//884 153//141 972//880
f 974//882 2425//2183 972//880 154//142
f 158//146 978//886 2426//2184 977//885
f 978//886 157//145 979//887 2426//2184
f 2426//2184 979//887 155//143 975//883
f 977//885 2426//2184 975//883 156//144
f 160//148 981//889 2427//2185 980//888
f 981//889 157//145 978//886 2427//2185
f 2427//2185 978//886 158//146 982//890
f 980//888 2427//2185 982//890 159//147
f 162//150 984//892 2428//2186 983//891
f 984//892 161//149 985//893 2428//2186
f 2428//2186 985//893 160//148 980//888
f 983//891 2428//2186 980//888 159//147
f 164//152 987//895 2429//2187 986//894
f 987//895 161//149 984//892 2429//2187
f 2429//2187 984//892 162//150 988//896
f 986//894 2429//2187 988//896 163//151
f 166//154 990//898 2430//2188 989//897
f 990//898 165//153 991//899 2430//2188
f 2430//2188 991//899 164//152 986//894
f 989//897 2430//2188 986//894 163//151
f 168//156 993//901 2431//2189 992//900
f 993//901 165//153 990//898 2431//2189
f 2431//2189 990//898 166//154 994//902
f 992//900 2431//2189 994//902 167//155
f 170//158 996//877 2432//2190 995//903
f 996//877 169//157 997//904 2432//2190
f 2432//2190 997//904 168//156 992//900
f 995//903 2432//2190 992//900 167//155
f 172//160 999//906 2433//2191 998//905
f 999//906 171//159 1000//907 2433//2191
f 2433//2191 1000//907 169//157 996//877
f 998//905 2433//2191 996//877 170//158
f 174//162 1002//909 2434//2192 1001//908
f 1002//909 173//161 1003//910 2434//2192
f 2434//2192 1003//910 171//159 999//906
f 1001//908 2434//2192 999//906 172//160
f 176//164 1005//912 2435//2193 1004//911
f 1005//912 173//161 1002//909 2435//2193
f 2435//2193 1002//909 174//162 1006//913
f 1004//911 2435//2193 1006//913 175//163
f 178//166 1008//915 2436//2194 1007//914
f 1008//915 177//165 1009//916 2436//2194
f 2436//2194 1009//916 176//164 1004//911
f 1007//914 2436//2194 1004//911 175//163
f 180//168 1011//918 2437//2195 1010//917
f 1011//918 179//167 1012//919 2437//2195
f 2437//2195 1012//919 177//165 1008//915
f 1010//917 2437//2195 1008//915 178//166
f 182//170 1014//921 2438//2196 1013//920
f 1014//921 181//169 1015//922 2438//2196
f 2438//2196 1015//922 179//167 1011//918
f 1013//920 2438//2196 1011//918 180//168
f 184//172 1017//924 2439//2197 1016//923
f 1017//924 183//171 1018//925 2439//2197
f 2439//2197 1018//925 181//169 1014//921
f 1016//923 2439//2197 1014//921 182//170
f 186//174 1020//927 2440//2198 1019//926
f 1020//927 185//173 1021//928 2440//2198
f 2440//2198 1021//928 183//171 1017//924
f 1019//926 2440//2198 1017//924 184//172
f 188//176 1023//930 2441//2199 1022//929
f 1023//930 187//175 1024//931 2441//2199
f 2441//2199 1024//931 185//173 1020//927
f 1022//929 2441//2199 1020//927 186//174
f 190//178 1026//933 2442//2200 1025//932
f 1026//933 189//177 1027//934 2442//2200
f 2442//2200 1027//934 187//175 1023//930
f 1025//932 2442//2200 1023//930 188//176
f 192//180 1029//936 2443//2201 1028//935
f 1029//936 191//179 1030//937 2443//2201
f 2443//2201 1030//937 189//177 1026//933
f 1028//935 2443//2201 1026//933 190//178
f 194//182 1032//939 2444//2202 1031//938
f 1032//939 193//181 1033//940 2444//2202
f 2444//2202 1033//940 191//179 1029//936
f 1031//938 2444//2202 1029//936 192//180
f 196//184 1035//942 2445//2203 1034//941
f 1035//942 193//181 1032//939 2445//2203
f 2445//2203 1032//939 194//182 1036//943
f 1034//941 2445//2203 1036//943 195//183
f 198//186 1038//945 2446//2204 1037//944
f 1038//945 197//185 1039//946 2446//2204
f 2446//2204 1039//946 196//184 1034//941
f 1037//944 2446//2204 1034//941 195//183
f 200//188 1041//948 2447//2205 1040//947
f 1041//948 197//185 1038//945 2447//2205
f 2447//2205 1038//945 198//186 1042//949
f 1040//947 2447//2205 1042//949 199//187
f 39//39 1044//950 2448//2206 1043//761
f 1044//950 200//188 1040//947 2448//2206
f 2448//2206 1040//947 199//187 1045//951
f 1043//761 2448//2206 1045//951 201//189
f 199//187 1046//952 2449//2207 1045//951
f 1046//952 203//191 1047//953 2449//2207
f 2449//2207 1047//953 202//190 1048//954
f 1045//951 2449//2207 1048//954 201//189
f 201//189 1048//954 2450//2208 1049//955
f 1048//954 202//190 1050//956 2450//2208
f 2450//2208 1050//956 204//192 1051//957
f 1049//955 2450//2208 1051//957 41//41
f 204//192 1050//956 2451//2209 1052//958
f 1050//956 202//190 1053//959 2451//2209
f 2451//2209 1053//959 206//194 1054//960
f 1052//958 2451//2209 1054//960 205//193
f 206//194 1055//961 2452//2210 1054//960
f 1055//961 208//196 1056//962 2452//2210
f 2452//2210 1056//962 207//195 1057//963
f 1054//960 2452//2210 1057//963 205//193
f 207//195 1056//962 2453//2211 1058//964
f 1056//962 208//196 1059//965 2453//2211
f 2453//2211 1059//965 210//198 1060//966
f 1058//964 2453//2211 1060//966 209//197
f 208//196 1061//967 2454//2212 1059//965
f 1061//967 212//200 1062//968 2454//2212
f 2454//2212 1062//968 211//199 1063//969
f 1059//965 2454//2212 1063//969 210//198
f 215//203 1065//971 2455//2213 1064//970
f 1065//971 214//202 1066//972 2455//2213
f 2455//2213 1066//972 213//201 1067//973
f 1064//970 2455//2213 1067//973 211//199
f 212//200 1068//974 2456//2214 1062//968
f 1068//974 216//204 1069//975 2456//2214
f 2456//2214 1069//975 215//203 1064//970
f 1062//968 2456//2214 1064//970 211//199
f 216//204 1068//974 2457//2215 1070//976
f 212//200 1071//977 2457//2215 1068//974
f 217//205 1070//976 2457//2215 1071//977
f 213//201 1066//972 2458//2216 1072//978
f 1066//972 214//202 1073//979 2458//2216
f 2458//2216 1073//979 219//207 1074//980
f 1072//978 2458//2216 1074//980 218//206
f 219//207 1076//982 2459//2217 1075//981
f 1076//982 222//210 1077//983 2459//2217
f 2459//2217 1077//983 221//209 1078//984
f 1075//981 2459//2217 1078//984 220//208
f 218//206 1074//980 2460//2218 1079//985
f 219//207 1075//981 2460//2218 1074//980
f 220//208 1079//985 2460//2218 1075//981
f 224//212 1081//987 2461//2219 1080//986
f 1081//987 221//209 1077//983 2461//2219
f 2461//2219 1077//983 222//210 1082//988
f 1080//986 2461//2219 1082//988 223//211
f 225//213 1084//990 2462//2220 1083//989
f 224//212 1080//986 2462//2220 1084//990
f 223//211 1083//989 2462//2220 1080//986
f 227//215 1086//992 2463//2221 1085//991
f 1086//992 224//212 1084//990 2463//2221
f 2463//2221 1084//990 225//213 1087//993
f 1085//991 2463//2221 1087//993 226//214
f 228//216 1089//995 2464//2222 1088//994
f 227//215 1085//991 2464//2222 1089//995
f 226//214 1088//994 2464//2222 1085//991
f 228//216 1091//997 2465//2223 1090//996
f 1091//997 231//219 1092//998 2465//2223
f 2465//2223 1092//998 230//218 1093//999
f 1090//996 2465//2223 1093//999 229//217
f 227//215 1089//995 2466//2224 1094//1000
f 228//216 1090//996 2466//2224 1089//995
f 229//217 1094//1000 2466//2224 1090//996
f 230//218 1092//998 2467//2225 1095//1001
f 1092//998 231//219 1096//1002 2467//2225
f 2467//2225 1096//1002 233//221 1097//1003
f 1095//1001 2467//2225 1097//1003 232//220
f 237//225 1099//1005 2468//2226 1098//1004
f 1099//1005 236//224 1100//1006 2468//2226
f 2468//2226 1100//1006 235//223 1101//1007
f 1098//1004 2468//2226 1101//1007 234//222
f 232//220 1097//1003 2469//2227 1102//1008
f 1097//1003 233//221 1103//1009 2469//2227
f 2469//2227 1103//1009 237//225 1098//1004
f 1102//1008 2469//2227 1098//1004 234//222
f 235//223 1100//1006 2470//2228 1104//1010
f 236//224 1105//1011 2470//2228 1100//1006
f 238//226 1104//1010 2470//2228 1105//1011
f 233//221 1106//1012 2471//2229 1103//1009
f 239//227 1107//1013 2471//2229 1106//1012
f 237//225 1103//1009 2471//2229 1107//1013
f 234//222 1101//1007 2472//2230 1108//1014
f 1101//1007 235//223 1109//1015 2472//2230
f 2472//2230 1109//1015 241//229 1110//1016
f 1108//1014 2472//2230 1110//1016 240//228
f 240//228 1110//1016 2473//2231 1111//1017
f 1110//1016 241//229 1112//1018 2473//2231
f 2473//2231 1112//1018 243//231 1113//1019
f 1111//1017 2473//2231 1113//1019 242//230
f 243//231 1112//1018 2474//2232 1114//1020
f 1112//1018 241//229 1115//1021 2474//2232
f 2474//2232 1115//1021 245//233 1116//1022
f 1114//1020 2474//2232 1116//1022 244//232
f 246//234 1118//1024 2475//2233 1117//1023
f 243//231 1114//1020 2475//2233 1118//1024
f 244//232 1117//1023 2475//2233 1114//1020
f 245//233 1119//1025 2476//2234 1116//1022
f 1119//1025 248//236 1120//1026 2476//2234
f 2476//2234 1120//1026 247//235 1121//1027
f 1116//1022 2476//2234 1121//1027 244//232
f 238//226 1123//1029 2477//2235 1122//1028
f 1123//1029 249//237 1124//1030 2477//2235
f 2477//2235 1124//1030 248//236 1119//1025
f 1122//1028 2477//2235 1119//1025 245//233
f 252//240 1126//1032 2478//2236 1125//1031
f 1126//1032 251//239 1127//1033 2478//2236
f 2478//2236 1127//1033 250//238 1128//1034
f 1125//1031 2478//2236 1128//1034 242//230
f 243//231 1118//1024 2479//2237 1113//1019
f 1118//1024 246//234 1129//1035 2479//2237
f 2479//2237 1129//1035 252//240 1125//1031
f 1113//1019 2479//2237 1125//1031 242//230
f 251//239 1130//1036 2480//2238 1127//1033
f 1130//1036 254//242 1131//1037 2480//2238
f 2480//2238 1131//1037 253//241 1132//1038
f 1127//1033 2480//2238 1132//1038 250//238
f 254//242 1133//1039 2481//2239 1131//1037
f 1133//1039 256//244 1134//1040 2481//2239
f 2481//2239 1134//1040 255//243 1135//1041
f 1131//1037 2481//2239 1135//1041 253//241
f 256//244 1137//1043 2482//2240 1136//1042
f 1137//1043 259//247 1138//1044 2482//2240
f 2482//2240 1138//1044 258//246 1139//1045
f 1136//1042 2482//2240 1139//1045 257//245
f 255//243 1134//1040 2483//2241 1140//1046
f 256//244 1136//1042 2483//2241 1134//1040
f 257//245 1140//1046 2483//2241 1136//1042
f 259//247 1142//1048 2484//2242 1141//1047
f 1142//1048 262//250 1143//1049 2484//2242
f 2484//2242 1143//1049 261//249 1144//1050
f 1141//1047 2484//2242 1144//1050 260//248
f 258//246 1138//1044 2485//2243 1145//1051
f 259//247 1141//1047 2485//2243 1138//1044
f 260//248 1145//1051 2485//2243 1141//1047
f 262//250 1146//1052 2486//2244 1143//1049
f 1146//1052 264//252 1147//1053 2486//2244
f 2486//2244 1147//1053 263//251 1148//1054
f 1143//1049 2486//2244 1148//1054 261//249
f 264//252 1149//1055 2487//2245 1147//1053
f 1149//1055 266//254 1150//1056 2487//2245
f 2487//2245 1150//1056 265//253 1151//1057
f 1147//1053 2487//2245 1151//1057 263//251
f 266//254 1149//1055 2488//2246 1152//1058
f 1149//1055 264//252 1153//1059 2488//2246
f 2488//2246 1153//1059 268//256 1154//1060
f 1152//1058 2488//2246 1154//1060 267//255
f 269//257 1156//1062 2489//2247 1155//1061
f 266//254 1152//1058 2489//2247 1156//1062
f 267//255 1155//1061 2489//2247 1152//1058
f 268//256 1157//1063 2490//2248 1154//1060
f 270//258 1158//1064 2490//2248 1157//1063
f 267//255 1154//1060 2490//2248 1158//1064
f 268//256 1160//1066 2491//2249 1159//1065
f 1160//1066 273//261 1161//1067 2491//2249
f 2491//2249 1161//1067 272//260 1162//1068
f 1159//1065 2491//2249 1162//1068 271//259
f 270//258 1157//1063 2492//2250 1163//1069
f 268//256 1159//1065 2492//2250 1157//1063
f 271//259 1163//1069 2492//2250 1159//1065
f 272//260 1161//1067 2493//2251 1164//1070
f 1161//1067 273//261 1165//1071 2493//2251
f 2493//2251 1165//1071 275//263 1166//1072
f 1164//1070 2493//2251 1166//1072 274//262
f 274//262 1166//1072 2494//2252 1167//1073
f 1166//1072 275//263 1168//1074 2494//2252
f 2494//2252 1168//1074 277//265 1169//1075
f 1167//1073 2494//2252 1169//1075 276//264
f 277//265 1171//1077 2495//2253 1170//1076
f 1171//1077 280//268 1172//1078 2495//2253
f 2495//2253 1172//1078 279//267 1173//1079
f 1170//1076 2495//2253 1173//1079 278//266
f 276//264 1169//1075 2496//2254 1174//1080
f 277//265 1170//1076 2496//2254 1169//1075
f 278//266 1174//1080 2496//2254 1170//1076
f 279//267 1172//1078 2497//2255 1175//1081
f 280//268 1176//1082 2497//2255 1172//1078
f 281//269 1175//1081 2497//2255 1176//1082
f 283//271 1178//1084 2498//2256 1177//1083
f 1178//1084 276//264 1174//1080 2498//2256
f 2498//2256 1174//1080 278//266 1179//1085
f 1177//1083 2498//2256 1179//1085 282//270
f 285//273 1181//1087 2499//2257 1180//1086
f 1181//1087 283//271 1177//1083 2499//2257
f 2499//2257 1177//1083 282//270 1182//1088
f 1180//1086 2499//2257 1182//1088 284//272
f 287//275 1184//1090 2500//2258 1183//1089
f 1184//1090 286//274 1185//1091 2500//2258
f 2500//2258 1185//1091 283//271 1181//1087
f 1183//1089 2500//2258 1181//1087 285//273
f 289//277 1187//1093 2501//2259 1186//1092
f 1187//1093 288//276 1188//1094 2501//2259
f 2501//2259 1188//1094 286//274 1184//1090
f 1186//1092 2501//2259 1184//1090 287//275
f 291//279 1190//1096 2502//2260 1189//1095
f 1190//1096 288//276 1187//1093 2502//2260
f 2502//2260 1187//1093 289//277 1191//1097
f 1189//1095 2502//2260 1191//1097 290//278
f 290//278 1191//1097 2503//1098 1192//280
f 1191//1097 289//277 1193//281 2503//1098
f 2503//1098 1193//281 293//281 1194//1098
f 1192//280 2503//1098 1194//1098 292//280
f 292//280 1194//1098 2504//1098 1195//280
f 1194//1098 293//281 1196//281 2504//1098
f 2504//1098 1196//281 295//281 1197//1098
f 1195//280 2504//1098 1197//1098 294//280
f 295//281 1196//281 2505//1092 1198//1092
f 1196//281 293//281 1199//1092 2505//1092
f 2505//1092 1199//1092 297//275 1200//275
f 1198//1092 2505//1092 1200//275 296//275
f 296//275 1200//275 2506//1089 1201//1089
f 1200//275 297//275 1202//1089 2506//1089
f 2506//1089 1202//1089 299//282 1203//282
f 1201//1089 2506//1089 1203//282 298//282
f 298//282 1203//282 2507//1099 1204//1099
f 1203//282 299//282 1205//1099 2507//1099
f 2507//1099 1205//1099 301//283 1206//283
f 1204//1099 2507//1099 1206//283 300//283
f 303//282 1208//282 2508//1099 1207//1099
f 1208//282 298//282 1204//1099 2508//1099
f 2508//1099 1204//1099 300//283 1209//283
f 1207//1099 2508//1099 1209//283 302//283
f 305//282 1211//282 2509//1099 1210//1099
f 1211//282 303//282 1207//1099 2509//1099
f 2509//1099 1207//1099 302//283 1212//283
f 1210//1099 2509//1099 1212//283 304//283
f 307//275 1214//275 2510//1089 1213//1089
f 1214//275 306//275 1215//1089 2510//1089
f 2510//1089 1215//1089 303//282 1211//282
f 1213//1089 2510//1089 1211//282 305//282
f 309//281 1217//281 2511//1092 1216//1092
f 1217//281 308//281 1218//1092 2511//1092
f 2511//1092 1218//1092 306//275 1214//275
f 1216//1092 2511//1092 1214//275 307//275
f 311//280 1220//1098 2512//1098 1219//280
f 1220//1098 308//281 1217//281 2512//1098
f 2512//1098 1217//281 309//281 1221//1098
f 1219//280 2512//1098 1221//1098 310//280
f 310//280 1221//1098 2513//1098 1222//280
f 1221//1098 309//281 1223//281 2513//1098
f 2513//1098 1223//281 313//281 1224//1098
f 1222//280 2513//1098 1224//1098 312//280
f 312//280 1224//1098 2514//2261 1225//1100
f 1224//1098 313//281 1226//281 2514//2261
f 2514//2261 1226//281 315//285 1227//1101
f 1225//1100 2514//2261 1227//1101 314//284
f 314//284 1227//1101 2515//2262 1228//1102
f 1227//1101 315//285 1229//1103 2515//2262
f 2515//2262 1229//1103 317//287 1230//1104
f 1228//1102 2515//2262 1230//1104 316//286
f 317//287 1229//1103 2516//2263 1231//1105
f 1229//1103 315//285 1232//1106 2516//2263
f 2516//2263 1232//1106 319//289 1233//1107
f 1231//1105 2516//2263 1233//1107 318//288
f 318//288 1233//1107 2517//2264 1234//1108
f 1233//1107 319//289 1235//1109 2517//2264
f 2517//2264 1235//1109 321//291 1236//1110
f 1234//1108 2517//2264 1236//1110 320//290
f 320//290 1236//1110 2518//2265 1237//1111
f 1236//1110 321//291 1238//1112 2518//2265
f 2518//2265 1238//1112 323//293 1239//1113
f 1237//1111 2518//2265 1239//1113 322//292
f 321//291 1240//282 2519//2266 1238//1112
f 1240//282 325//282 1241//1099 2519//2266
f 2519//2266 1241//1099 324//283 1242//1114
f 1238//1112 2519//2266 1242//1114 323//293
f 324//283 1243//1115 2520//2267 1242//1114
f 1243//1115 327//295 1244//1116 2520//2267
f 2520//2267 1244//1116 326//294 1245//1117
f 1242//1114 2520//2267 1245//1117 323//293
f 329//297 1247//1119 2521//2268 1246//1118
f 1247//1119 328//296 1248//1120 2521//2268
f 2521//2268 1248//1120 320//290 1237//1111
f 1246//1118 2521//2268 1237//1111 322//292
f 330//298 1250//1122 2522//2269 1249//1121
f 329//297 1246//1118 2522//2269 1250//1122
f 322//292 1249//1121 2522//2269 1246//1118
f 329//297 1250//1122 2523//2270 1251//1123
f 330//298 1252//1124 2523//2270 1250//1122
f 331//299 1251//1123 2523//2270 1252//1124
f 333//301 1254//1126 2524//2271 1253//1125
f 1254//1126 332//300 1255//1127 2524//2271
f 2524//2271 1255//1127 329//297 1251//1123
f 1253//1125 2524//2271 1251//1123 331//299
f 334//302 1257//1129 2525//2272 1256//1128
f 333//301 1253//1125 2525//2272 1257//1129
f 331//299 1256//1128 2525//2272 1253//1125
f 333//301 1257//1129 2526//2273 1258//1130
f 334//302 1259//1131 2526//2273 1257//1129
f 335//303 1258//1130 2526//2273 1259//1131
f 337//305 1261//1133 2527//2274 1260//1132
f 1261//1133 336//304 1262//1134 2527//2274
f 2527//2274 1262//1134 333//301 1258//1130
f 1260//1132 2527//2274 1258//1130 335//303
f 338//306 1264//1136 2528//2275 1263//1135
f 337//305 1260//1132 2528//2275 1264//1136
f 335//303 1263//1135 2528//2275 1260//1132
f 337//305 1264//1136 2529//2276 1265//1137
f 338//306 1266//1138 2529//2276 1264//1136
f 339//307 1265//1137 2529//2276 1266//1138
f 336//304 1261//1133 2530//2277 1267//1139
f 1261//1133 337//305 1268//1140 2530//2277
f 2530//2277 1268//1140 341//309 1269//1141
f 1267//1139 2530//2277 1269//1141 340//308
f 342//310 1271//1143 2531//2278 1270//1142
f 336//304 1267//1139 2531//2278 1271//1143
f 340//308 1270//1142 2531//2278 1267//1139
f 336//304 1271//1143 2532//2279 1272//1144
f 342//310 1273//1145 2532//2279 1271//1143
f 343//311 1272//1144 2532//2279 1273//1145
f 346//314 1275//1147 2533//2280 1274//1146
f 1275//1147 345//313 1276//1148 2533//2280
f 2533//2280 1276//1148 344//312 1277//1149
f 1274//1146 2533//2280 1277//1149 343//311
f 342//310 1278//1150 2534//2281 1273//1145
f 346//314 1274//1146 2534//2281 1278//1150
f 343//311 1273//1145 2534//2281 1274//1146
f 344//312 1279//1151 2535//2282 1277//1149
f 347//315 1280//1152 2535//2282 1279//1151
f 343//311 1277//1149 2535//2282 1280//1152
f 344//312 1281//1153 2536//2283 1279//1151
f 1281//1153 349//317 1282//1154 2536//2283
f 2536//2283 1282//1154 348//316 1283//1155
f 1279//1151 2536//2283 1283//1155 347//315
f 349//317 1284//1156 2537//2284 1282//1154
f 1284//1156 351//319 1285//1157 2537//2284
f 2537//2284 1285//1157 350//318 1286//1158
f 1282//1154 2537//2284 1286//1158 348//316
f 351//319 1287//1159 2538//2285 1285//1157
f 1287//1159 353//321 1288//1160 2538//2285
f 2538//2285 1288//1160 352//320 1289//1161
f 1285//1157 2538//2285 1289//1161 350//318
f 353//321 1290//1162 2539//2286 1288//1160
f 1290//1162 355//323 1291//1163 2539//2286
f 2539//2286 1291//1163 354//322 1292//1164
f 1288//1160 2539//2286 1292//1164 352//320
f 354//322 1291//1163 2540//2287 1293//1165
f 355//323 1294//1166 2540//2287 1291//1163
f 356//324 1293//1165 2540//2287 1294//1166
f 359//327 1296//1168 2541//2288 1295//1167
f 1296//1168 358//326 1297//1169 2541//2288
f 2541//2288 1297//1169 357//325 1298//1170
f 1295//1167 2541//2288 1298//1170 356//324
f 355//323 1299//1171 2542//2289 1294//1166
f 359//327 1295//1167 2542//2289 1299//1171
f 356//324 1294//1166 2542//2289 1295//1167
f 361//329 1301//1173 2543//2290 1300//1172
f 1301//1173 358//326 1296//1168 2543//2290
f 2543//2290 1296//1168 359//327 1302//1174
f 1300//1172 2543//2290 1302//1174 360//328
f 363//331 1304//1176 2544//2291 1303//1175
f 1304//1176 358//326 1301//1173 2544//2291
f 2544//2291 1301//1173 361//329 1305//1177
f 1303//1175 2544//2291 1305//1177 362//330
f 361//329 1306//1178 2545//2292 1305//1177
f 364//332 1307//1179 2545//2292 1306//1178
f 362//330 1305//1177 2545//2292 1307//1179
f 367//335 1309//1181 2546//2293 1308//1180
f 1309//1181 366//334 1310//1182 2546//2293
f 2546//2293 1310//1182 365//333 1311//1183
f 1308//1180 2546//2293 1311//1183 362//330
f 364//332 1312//1184 2547//2294 1307//1179
f 367//335 1308//1180 2547//2294 1312//1184
f 362//330 1307//1179 2547//2294 1308//1180
f 369//337 1314//1186 2548//2295 1313//1185
f 1314//1186 365//333 1310//1182 2548//2295
f 2548//2295 1310//1182 366//334 1315//1187
f 1313//1185 2548//2295 1315//1187 368//336
f 371//339 1317//1189 2549//2296 1316//1188
f 1317//1189 370//338 1318//1190 2549//2296
f 2549//2296 1318//1190 365//333 1314//1186
f 1316//1188 2549//2296 1314//1186 369//337
f 373//341 1320//1192 2550//2297 1319//1191
f 1320//1192 372//340 1321//1193 2550//2297
f 2550//2297 1321//1193 370//338 1317//1189
f 1319//1191 2550//2297 1317//1189 371//339
f 372//340 1323//1195 2551//2298 1322//1194
f 1323//1195 374//342 1324//1196 2551//2298
f 2551//2298 1324//1196 357//325 1325//1197
f 1322//1194 2551//2298 1325//1197 363//331
f 370//338 1321//1193 2552//2299 1326//1198
f 372//340 1322//1194 2552//2299 1321//1193
f 363//331 1326//1198 2552//2299 1322//1194
f 374//342 1323//1195 2553//2300 1327//1199
f 1323//1195 372//340 1328//1200 2553//2300
f 2553//2300 1328//1200 376//344 1329//1201
f 1327//1199 2553//2300 1329//1201 375//343
f 377//345 1331//1203 2554//2301 1330//1202
f 374//342 1327//1199 2554//2301 1331//1203
f 375//343 1330//1202 2554//2301 1327//1199
f 376//344 1328//1200 2555//2302 1332//1204
f 372//340 1320//1192 2555//2302 1328//1200
f 373//341 1332//1204 2555//2302 1320//1192
f 379//347 1334//1206 2556//2303 1333//1205
f 1334//1206 378//346 1335//1207 2556//2303
f 2556//2303 1335//1207 371//339 1316//1188
f 1333//1205 2556//2303 1316//1188 369//337
f 366//334 1336//1208 2557//2304 1315//1187
f 380//348 1337//1209 2557//2304 1336//1208
f 368//336 1315//1187 2557//2304 1337//1209
f 382//350 1339//1211 2558//2305 1338//1210
f 1339//1211 367//335 1312//1184 2558//2305
f 2558//2305 1312//1184 364//332 1340//1212
f 1338//1210 2558//2305 1340//1212 381//349
f 384//352 1342//1214 2559//2306 1341//1213
f 1342//1214 382//350 1338//1210 2559//2306
f 2559//2306 1338//1210 381//349 1343//1215
f 1341//1213 2559//2306 1343//1215 383//351
f 385//353 1345//1217 2560//2307 1344//1216
f 384//352 1341//1213 2560//2307 1345//1217
f 383//351 1344//1216 2560//2307 1341//1213
f 384//352 1345//1217 2561//2308 1346//1218
f 1345//1217 385//353 1347//1219 2561//2308
f 2561//2308 1347//1219 387//355 1348//1220
f 1346//1218 2561//2308 1348//1220 386//354
f 386//354 1348//1220 2562//2309 1349//1221
f 1348//1220 387//355 1350//1222 2562//2309
f 2562//2309 1350//1222 389//357 1351//1223
f 1349//1221 2562//2309 1351//1223 388//356
f 391//359 1353//1225 2563//2310 1352//1224
f 1353//1225 388//356 1351//1223 2563//2310
f 2563//2310 1351//1223 389//357 1354//1226
f 1352//1224 2563//2310 1354//1226 390//358
f 392//360 1356//1228 2564//2311 1355//1227
f 391//359 1352//1224 2564//2311 1356//1228
f 390//358 1355//1227 2564//2311 1352//1224
f 394//362 1358//1230 2565//2312 1357//1229
f 1358//1230 391//359 1356//1228 2565//2312
f 2565//2312 1356//1228 392//360 1359//1231
f 1357//1229 2565//2312 1359//1231 393//361
f 396//364 1361//1233 2566//2313 1360//1232
f 1361//1233 394//362 1357//1229 2566//2313
f 2566//2313 1357//1229 393//361 1362//1234
f 1360//1232 2566//2313 1362//1234 395//363
f 397//365 1364//1236 2567//2314 1363//1235
f 396//364 1360//1232 2567//2314 1364//1236
f 395//363 1363//1235 2567//2314 1360//1232
f 396//364 1364//1236 2568//2315 1365//1237
f 1364//1236 397//365 1366//1238 2568//2315
f 2568//2315 1366//1238 399//367 1367//1239
f 1365//1237 2568//2315 1367//1239 398//366
f 397//365 1368//1240 2569//2316 1366//1238
f 1368//1240 341//309 1369//1241 2569//2316
f 2569//2316 1369//1241 400//368 1370//1242
f 1366//1238 2569//2316 1370//1242 399//367
f 400//368 1371//1243 2570//2317 1370//1242
f 1371//1243 402//370 1372//1244 2570//2317
f 2570//2317 1372//1244 401//369 1373//1245
f 1370//1242 2570//2317 1373//1245 399//367
f 404//372 1375//1247 2571//2318 1374//1246
f 1375//1247 394//362 1361//1233 2571//2318
f 2571//2318 1361//1233 396//364 1376//1248
f 1374//1246 2571//2318 1376//1248 403//371
f 393//361 1377//1249 2572//2319 1362//1234
f 405//373 1378//1250 2572//2319 1377//1249
f 395//363 1362//1234 2572//2319 1378//1250
f 405//373 1379//1251 2573//2320 1378//1250
f 1379//1251 346//314 1380//1252 2573//2320
f 2573//2320 1380//1252 340//308 1381//1253
f 1378//1250 2573//2320 1381//1253 395//363
f 406//374 1383//1255 2574//2321 1382//1254
f 1383//1255 391//359 1358//1230 2574//2321
f 2574//2321 1358//1230 394//362 1375//1247
f 1382//1254 2574//2321 1375//1247 404//372
f 408//376 1385//1257 2575//2322 1384//1256
f 1385//1257 407//375 1386//1258 2575//2322
f 2575//2322 1386//1258 406//374 1382//1254
f 1384//1256 2575//2322 1382//1254 404//372
f 392//360 1387//1259 2576//2323 1359//1231
f 1387//1259 409//377 1388//1260 2576//2323
f 2576//2323 1388//1260 405//373 1377//1249
f 1359//1231 2576//2323 1377//1249 393//361
f 389//357 1389//1261 2577//2324 1354//1226
f 410//378 1390//1262 2577//2324 1389//1261
f 390//358 1354//1226 2577//2324 1390//1262
f 411//379 1392//1264 2578//2325 1391//1263
f 1392//1264 345//313 1393//1265 2578//2325
f 2578//2325 1393//1265 409//377 1394//1266
f 1391//1263 2578//2325 1394//1266 390//358
f 410//378 1395//1267 2579//2326 1390//1262
f 411//379 1391//1263 2579//2326 1395//1267
f 390//358 1390//1262 2579//2326 1391//1263
f 411//379 1395//1267 2580//2327 1396//1268
f 410//378 1397//1269 2580//2327 1395//1267
f 412//380 1396//1268 2580//2327 1397//1269
f 409//377 1387//1259 2581//2328 1394//1266
f 392//360 1355//1227 2581//2328 1387//1259
f 390//358 1394//1266 2581//2328 1355//1227
f 389//357 1350//1222 2582//2329 1398//1270
f 1350//1222 387//355 1399//1271 2582//2329
f 2582//2329 1399//1271 413//381 1400//1272
f 1398//1270 2582//2329 1400//1272 412//380
f 410//378 1389//1261 2583//2330 1397//1269
f 389//357 1398//1270 2583//2330 1389//1261
f 412//380 1397//1269 2583//2330 1398//1270
f 413//381 1401//1273 2584//2331 1400//1272
f 414//382 1402//1274 2584//2331 1401//1273
f 412//380 1400//1272 2584//2331 1402//1274
f 416//384 1404//1276 2585//2332 1403//1275
f 1404//1276 386//354 1349//1221 2585//2332
f 2585//2332 1349//1221 388//356 1405//1277
f 1403//1275 2585//2332 1405//1277 415//383
f 387//355 1347//1219 2586//2333 1406//1278
f 1347//1219 385//353 1407//1279 2586//2333
f 2586//2333 1407//1279 418//386 1408//1280
f 1406//1278 2586//2333 1408//1280 417//385
f 413//381 1399//1271 2587//2334 1409//1281
f 387//355 1406//1278 2587//2334 1399//1271
f 417//385 1409//1281 2587//2334 1406//1278
f 418//386 1410//1282 2588//2335 1408//1280
f 419//387 1411//1283 2588//2335 1410//1282
f 417//385 1408//1280 2588//2335 1411//1283
f 418//386 1407//1279 2589//2336 1412//1284
f 385//353 1344//1216 2589//2336 1407//1279
f 383//351 1412//1284 2589//2336 1344//1216
f 421//389 1414//1286 2590//2337 1413//1285
f 1414//1286 382//350 1342//1214 2590//2337
f 2590//2337 1342//1214 384//352 1415//1287
f 1413//1285 2590//2337 1415//1287 420//388
f 381//349 1416//1288 2591//2338 1343//1215
f 360//328 1417//1289 2591//2338 1416//1288
f 383//351 1343//1215 2591//2338 1417//1289
f 422//390 1419//1291 2592//2339 1418//1290
f 1419//1291 367//335 1339//1211 2592//2339
f 2592//2339 1339//1211 382//350 1414//1286
f 1418//1290 2592//2339 1414//1286 421//389
f 424//392 1421//1293 2593//2340 1420//1292
f 1421//1293 423//391 1422//1294 2593//2340
f 2593//2340 1422//1294 422//390 1418//1290
f 1420//1292 2593//2340 1418//1290 421//389
f 365//333 1318//1190 2594//2341 1311//1183
f 1318//1190 370//338 1326//1198 2594//2341
f 2594//2341 1326//1198 363//331 1303//1175
f 1311//1183 2594//2341 1303//1175 362//330
f 359//327 1424//1296 2595//2342 1423//1295
f 1424//1296 419//387 1410//1282 2595//2342
f 2595//2342 1410//1282 418//386 1412//1284
f 1423//1295 2595//2342 1412//1284 383//351
f 360//328 1302//1174 2596//2343 1417//1289
f 359//327 1423//1295 2596//2343 1302//1174
f 383//351 1417//1289 2596//2343 1423//1295
f 364//332 1306//1178 2597//2344 1340//1212
f 1306//1178 361//329 1300//1172 2597//2344
f 2597//2344 1300//1172 360//328 1416//1288
f 1340//1212 2597//2344 1416//1288 381//349
f 357//325 1324//1196 2598//2345 1298//1170
f 374//342 1425//1297 2598//2345 1324//1196
f 356//324 1298//1170 2598//2345 1425//1297
f 377//345 1427//1299 2599//2346 1426//1298
f 1427//1299 425//393 1428//1300 2599//2346
f 2599//2346 1428//1300 354//322 1293//1165
f 1426//1298 2599//2346 1293//1165 356//324
f 374//342 1331//1203 2600//2347 1425//1297
f 377//345 1426//1298 2600//2347 1331//1203
f 356//324 1425//1297 2600//2347 1426//1298
f 425//393 1427//1299 2601//2348 1429//1301
f 1427//1299 377//345 1430//1302 2601//2348
f 2601//2348 1430//1302 427//395 1431//1303
f 1429//1301 2601//2348 1431//1303 426//394
f 428//396 1433//1305 2602//2349 1432//1304
f 425//393 1429//1301 2602//2349 1433//1305
f 426//394 1432//1304 2602//2349 1429//1301
f 425//393 1433//1305 2603//2350 1434//1306
f 1433//1305 428//396 1435//1307 2603//2350
f 2603//2350 1435//1307 430//398 1436//1308
f 1434//1306 2603//2350 1436//1308 429//397
f 431//399 1438//1310 2604//2351 1437//1309
f 428//396 1432//1304 2604//2351 1438//1310
f 426//394 1437//1309 2604//2351 1432//1304
f 354//322 1428//1300 2605//2352 1292//1164
f 1428//1300 425//393 1434//1306 2605//2352
f 2605//2352 1434//1306 429//397 1439//1311
f 1292//1164 2605//2352 1439//1311 352//320
f 353//321 1287//1159 2606//2353 1440//1312
f 1287//1159 351//319 1441//1313 2606//2353
f 2606//2353 1441//1313 414//382 1442//1314
f 1440//1312 2606//2353 1442//1314 417//385
f 419//387 1443//1315 2607//2354 1411//1283
f 353//321 1440//1312 2607//2354 1443//1315
f 417//385 1411//1283 2607//2354 1440//1312
f 352//320 1439//1311 2608//2355 1289//1161
f 1439//1311 429//397 1444//1316 2608//2355
f 2608//2355 1444//1316 432//400 1445//1317
f 1289//1161 2608//2355 1445//1317 350//318
f 351//319 1284//1156 2609//2356 1446//1318
f 1284//1156 349//317 1447//1319 2609//2356
f 2609//2356 1447//1319 411//379 1396//1268
f 1446//1318 2609//2356 1396//1268 412//380
f 414//382 1441//1313 2610//2357 1402//1274
f 351//319 1446//1318 2610//2357 1441//1313
f 412//380 1402//1274 2610//2357 1446//1318
f 350//318 1445//1317 2611//2358 1286//1158
f 1445//1317 432//400 1448//1320 2611//2358
f 2611//2358 1448//1320 433//401 1449//1321
f 1286//1158 2611//2358 1449//1321 348//316
f 432//400 1450//1322 2612//2359 1448//1320
f 1450//1322 434//402 1451//1323 2612//2359
f 2612//2359 1451//1323 328//296 1452//1324
f 1448//1320 2612//2359 1452//1324 433//401
f 348//316 1449//1321 2613//2360 1283//1155
f 1449//1321 433//401 1453//1325 2613//2360
f 2613//2360 1453//1325 332//300 1454//1326
f 1283//1155 2613//2360 1454//1326 347//315
f 409//377 1393//1265 2614//2361 1388//1260
f 1393//1265 345//313 1275//1147 2614//2361
f 2614//2361 1275//1147 346//314 1379//1251
f 1388//1260 2614//2361 1379//1251 405//373
f 340//308 1269//1141 2615//2362 1381//1253
f 1269//1141 341//309 1368//1240 2615//2362
f 2615//2362 1368//1240 397//365 1363//1235
f 1381//1253 2615//2362 1363//1235 395//363
f 346//314 1278//1150 2616//2363 1380//1252
f 342//310 1270//1142 2616//2363 1278//1150
f 340//308 1380//1252 2616//2363 1270//1142
f 332//300 1254//1126 2617//2364 1455//1327
f 1254//1126 333//301 1262//1134 2617//2364
f 2617//2364 1262//1134 336//304 1272//1144
f 1455//1327 2617//2364 1272//1144 343//311
f 347//315 1454//1326 2618//2365 1280//1152
f 332//300 1455//1327 2618//2365 1454//1326
f 343//311 1280//1152 2618//2365 1455//1327
f 435//403 1457//1329 2619//2366 1456//1328
f 330//298 1249//1121 2619//2366 1457//1329
f 322//292 1456//1328 2619//2366 1249//1121
f 323//293 1245//1117 2620//2367 1239//1113
f 1245//1117 326//294 1458//1330 2620//2367
f 2620//2367 1458//1330 435//403 1456//1328
f 1239//1113 2620//2367 1456//1328 322//292
f 319//289 1459//275 2621//1089 1235//1109
f 1459//275 436//275 1460//1089 2621//1089
f 2621//1089 1460//1089 325//282 1240//282
f 1235//1109 2621//1089 1240//282 321//291
f 434//402 1461//1331 2622//2368 1451//1323
f 1461//1331 318//288 1234//1108 2622//2368
f 2622//2368 1234//1108 320//290 1248//1120
f 1451//1323 2622//2368 1248//1120 328//296
f 430//398 1463//1333 2623//2369 1462//1332
f 1463//1333 317//287 1231//1105 2623//2369
f 2623//2369 1231//1105 318//288 1461//1331
f 1462//1332 2623//2369 1461//1331 434//402
f 430//398 1435//1307 2624//2370 1464//1334
f 1435//1307 428//396 1438//1310 2624//2370
f 2624//2370 1438//1310 431//399 1465//1335
f 1464//1334 2624//2370 1465//1335 316//286
f 317//287 1463//1333 2625//2371 1230//1104
f 430//398 1464//1334 2625//2371 1463//1333
f 316//286 1230//1104 2625//2371 1464//1334
f 431//399 1466//1336 2626//2372 1465//1335
f 437//404 1467//1337 2626//2372 1466//1336
f 316//286 1465//1335 2626//2372 1467//1337
f 437//404 1468//1338 2627//2373 1467//1337
f 1468//1338 438//405 1469//1339 2627//2373
f 2627//2373 1469//1339 314//284 1228//1102
f 1467//1337 2627//2373 1228//1102 316//286
f 438//405 1470//1340 2628//2374 1469//1339
f 1470//1340 439//406 1471//1341 2628//2374
f 2628//2374 1471//1341 312//280 1225//1100
f 1469//1339 2628//2374 1225//1100 314//284
f 441//407 1473//407 2629//1342 1472//1342
f 1473//407 440//407 1474//1342 2629//1342
f 2629//1342 1474//1342 311//280 1219//280
f 1472//1342 2629//1342 1219//280 310//280
f 313//281 1223//281 2630//1092 1475//1092
f 1223//281 309//281 1216//1092 2630//1092
f 2630//1092 1216//1092 307//275 1476//275
f 1475//1092 2630//1092 1476//275 436//275
f 436//275 1476//275 2631//1089 1460//1089
f 1476//275 307//275 1213//1089 2631//1089
f 2631//1089 1213//1089 305//282 1477//282
f 1460//1089 2631//1089 1477//282 325//282
f 325//282 1477//282 2632//1099 1241//1099
f 1477//282 305//282 1210//1099 2632//1099
f 2632//1099 1210//1099 304//283 1478//283
f 1241//1099 2632//1099 1478//283 324//283
f 302//283 1479//1343 2633//1343 1212//283
f 1479//1343 443//408 1480//408 2633//1343
f 2633//1343 1480//408 442//408 1481//1343
f 1212//283 2633//1343 1481//1343 304//283
f 306//275 1482//275 2634//1089 1215//1089
f 1482//275 296//275 1201//1089 2634//1089
f 2634//1089 1201//1089 298//282 1208//282
f 1215//1089 2634//1089 1208//282 303//282
f 294//280 1197//1098 2635//1098 1483//280
f 1197//1098 295//281 1484//281 2635//1098
f 2635//1098 1484//281 308//281 1220//1098
f 1483//280 2635//1098 1220//1098 311//280
f 445//407 1486//407 2636//1342 1485//1342
f 1486//407 444//409 1487//1344 2636//1342
f 2636//1342 1487//1344 290//278 1192//280
f 1485//1342 2636//1342 1192//280 292//280
f 444//409 1488//1345 2637//2375 1487//1344
f 1488//1345 446//410 1489//1346 2637//2375
f 2637//2375 1489//1346 291//279 1189//1095
f 1487//1344 2637//2375 1189//1095 290//278
f 446//410 1490//1347 2638//2376 1489//1346
f 1490//1347 447//411 1491//1348 2638//2376
f 2638//2376 1491//1348 271//259 1492//1349
f 1489//1346 2638//2376 1492//1349 291//279
f 297//275 1493//275 2639//1089 1202//1089
f 1493//275 287//275 1183//1089 2639//1089
f 2639//1089 1183//1089 285//273 1494//282
f 1202//1089 2639//1089 1494//282 299//282
f 299//282 1494//282 2640//1099 1205//1099
f 1494//282 285//273 1180//1086 2640//1099
f 2640//1099 1180//1086 284//272 1495//283
f 1205//1099 2640//1099 1495//283 301//283
f 284//272 1496//1350 2641//1343 1495//283
f 1496//1350 449//412 1497//408 2641//1343
f 2641//1343 1497//408 448//408 1498//1343
f 1495//283 2641//1343 1498//1343 301//283
f 282//270 1499//1351 2642//2377 1182//1088
f 1499//1351 450//413 1500//1352 2642//2377
f 2642//2377 1500//1352 449//412 1496//1350
f 1182//1088 2642//2377 1496//1350 284//272
f 278//266 1501//1353 2643//2378 1179//1085
f 1501//1353 451//414 1502//1354 2643//2378
f 2643//2378 1502//1354 450//413 1499//1351
f 1179//1085 2643//2378 1499//1351 282//270
f 279//267 1503//1355 2644//2379 1173//1079
f 451//414 1501//1353 2644//2379 1503//1355
f 278//266 1173//1079 2644//2379 1501//1353
f 286//274 1504//1356 2645//2380 1185//1091
f 1504//1356 274//262 1167//1073 2645//2380
f 2645//2380 1167//1073 276//264 1178//1084
f 1185//1091 2645//2380 1178//1084 283//271
f 288//276 1505//1357 2646//2381 1188//1094
f 1505//1357 272//260 1164//1070 2646//2381
f 2646//2381 1164//1070 274//262 1504//1356
f 1188//1094 2646//2381 1504//1356 286//274
f 271//259 1162//1068 2647//2382 1492//1349
f 1162//1068 272//260 1505//1357 2647//2382
f 2647//2382 1505//1357 288//276 1190//1096
f 1492//1349 2647//2382 1190//1096 291//279
f 447//411 1506//1358 2648//2383 1491//1348
f 270//258 1163//1069 2648//2383 1506//1358
f 271//259 1491//1348 2648//2383 1163//1069
f 452//415 1508//1360 2649//2384 1507//1359
f 269//257 1155//1061 2649//2384 1508//1360
f 267//255 1507//1359 2649//2384 1155//1061
f 265//253 1509//1361 2650//2385 1151//1057
f 1509//1361 454//417 1510//1362 2650//2385
f 2650//2385 1510//1362 453//416 1511//1363
f 1151//1057 2650//2385 1511//1363 263//251
f 454//417 1509//1361 2651//2386 1512//1364
f 265//253 1513//1365 2651//2386 1509//1361
f 209//197 1512//1364 2651//2386 1513//1365
f 454//417 1514//1366 2652//2387 1510//1362
f 1514//1366 456//419 1515//1367 2652//2387
f 2652//2387 1515//1367 455//418 1516//1368
f 1510//1362 2652//2387 1516//1368 453//416
f 453//416 1516//1368 2653//2388 1517//1369
f 1516//1368 455//418 1518//1370 2653//2388
f 2653//2388 1518//1370 458//421 1519//1371
f 1517//1369 2653//2388 1519//1371 457//420
f 457//420 1519//1371 2654//2389 1520//1372
f 1519//1371 458//421 1521//1373 2654//2389
f 2654//2389 1521//1373 459//422 1522//1374
f 1520//1372 2654//2389 1522//1374 260//248
f 458//421 1523//1375 2655//2390 1521//1373
f 460//423 1524//1376 2655//2390 1523//1375
f 459//422 1521//1373 2655//2390 1524//1376
f 456//419 1525//1377 2656//2391 1515//1367
f 1525//1377 462//425 1526//1378 2656//2391
f 2656//2391 1526//1378 461//424 1527//1379
f 1515//1367 2656//2391 1527//1379 455//418
f 268//256 1153//1059 2657//2392 1160//1066
f 1153//1059 264//252 1146//1052 2657//2392
f 2657//2392 1146//1052 262//250 1528//1380
f 1160//1066 2657//2392 1528//1380 273//261
f 263//251 1511//1363 2658//2393 1148//1054
f 1511//1363 453//416 1517//1369 2658//2393
f 2658//2393 1517//1369 457//420 1529//1381
f 1148//1054 2658//2393 1529//1381 261//249
f 459//422 1530//1382 2659//2394 1522//1374
f 1530//1382 463//426 1531//1383 2659//2394
f 2659//2394 1531//1383 258//246 1145//1051
f 1522//1374 2659//2394 1145//1051 260//248
f 261//249 1529//1381 2660//2395 1144//1050
f 457//420 1520//1372 2660//2395 1529//1381
f 260//248 1144//1050 2660//2395 1520//1372
f 258//246 1531//1383 2661//2396 1139//1045
f 1531//1383 463//426 1532//1384 2661//2396
f 2661//2396 1532//1384 464//427 1533//1385
f 1139//1045 2661//2396 1533//1385 257//245
f 464//427 1534//1386 2662//2397 1533//1385
f 1534//1386 466//429 1535//1387 2662//2397
f 2662//2397 1535//1387 465//428 1536//1388
f 1533//1385 2662//2397 1536//1388 257//245
f 465//428 1535//1387 2663//2398 1537//1389
f 1535//1387 466//429 1538//1390 2663//2398
f 2663//2398 1538//1390 468//431 1539//1391
f 1537//1389 2663//2398 1539//1391 467//430
f 467//430 1539//1391 2664//2399 1540//1392
f 1539//1391 468//431 1541//1393 2664//2399
f 2664//2399 1541//1393 470//433 1542//1394
f 1540//1392 2664//2399 1542//1394 469//432
f 468//431 1543//1395 2665//2400 1541//1393
f 1543//1395 472//435 1544//1396 2665//2400
f 2665//2400 1544//1396 471//434 1545//1397
f 1541//1393 2665//2400 1545//1397 470//433
f 473//436 1547//1399 2666//2401 1546//1398
f 466//429 1534//1386 2666//2401 1547//1399
f 464//427 1546//1398 2666//2401 1534//1386
f 275//263 1548//1400 2667//2402 1168//1074
f 1548//1400 259//247 1137//1043 2667//2402
f 2667//2402 1137//1043 256//244 1549//1401
f 1168//1074 2667//2402 1549//1401 277//265
f 465//428 1550//1402 2668//2403 1536//1388
f 255//243 1140//1046 2668//2403 1550//1402
f 257//245 1536//1388 2668//2403 1140//1046
f 255//243 1550//1402 2669//2404 1135//1041
f 1550//1402 465//428 1537//1389 2669//2404
f 2669//2404 1537//1389 467//430 1551//1403
f 1135//1041 2669//2404 1551//1403 253//241
f 254//242 1130//1036 2670//2405 1552//1404
f 1130//1036 251//239 1553//1405 2670//2405
f 2670//2405 1553//1405 474//437 1554//1406
f 1552//1404 2670//2405 1554//1406 281//269
f 280//268 1555//1407 2671//2406 1176//1082
f 254//242 1552//1404 2671//2406 1555//1407
f 281//269 1176//1082 2671//2406 1552//1404
f 474//437 1556//1408 2672//2407 1554//1406
f 475//438 1557//1409 2672//2407 1556//1408
f 281//269 1554//1406 2672//2407 1557//1409
f 253//241 1551//1403 2673//2408 1132//1038
f 1551//1403 467//430 1540//1392 2673//2408
f 2673//2408 1540//1392 469//432 1558//1410
f 1132//1038 2673//2408 1558//1410 250//238
f 474//437 1553//1405 2674//2409 1559//1411
f 251//239 1126//1032 2674//2409 1553//1405
f 252//240 1559//1411 2674//2409 1126//1032
f 250//238 1558//1410 2675//2410 1128//1034
f 469//432 1560//1412 2675//2410 1558//1410
f 242//230 1128//1034 2675//2410 1560//1412
f 469//432 1542//1394 2676//2411 1560//1412
f 1542//1394 470//433 1561//1413 2676//2411
f 2676//2411 1561//1413 240//228 1111//1017
f 1560//1412 2676//2411 1111//1017 242//230
f 470//433 1545//1397 2677//2412 1561//1413
f 1545//1397 471//434 1562//1414 2677//2412
f 2677//2412 1562//1414 234//222 1108//1014
f 1561//1413 2677//2412 1108//1014 240//228
f 471//434 1563//1415 2678//2413 1562//1414
f 232//220 1102//1008 2678//2413 1563//1415
f 234//222 1562//1414 2678//2413 1102//1008
f 233//221 1096//1002 2679//2414 1106//1012
f 1096//1002 231//219 1564//1416 2679//2414
f 2679//2414 1564//1416 476//439 1565//1417
f 1106//1012 2679//2414 1565//1417 239//227
f 471//434 1544//1396 2680//2415 1563//1415
f 1544//1396 472//435 1566//1418 2680//2415
f 2680//2415 1566//1418 230//218 1095//1001
f 1563//1415 2680//2415 1095//1001 232//220
f 473//436 1568//1420 2681//2416 1567//1419
f 227//215 1094//1000 2681//2416 1568//1420
f 229//217 1567//1419 2681//2416 1094//1000
f 230//218 1566//1418 2682//2417 1093//999
f 472//435 1569//1421 2682//2417 1566//1418
f 229//217 1093//999 2682//2417 1569//1421
f 477//440 1571//1423 2683//2418 1570//1422
f 228//216 1088//994 2683//2418 1571//1423
f 226//214 1570//1422 2683//2418 1088//994
f 224//212 1086//992 2684//2419 1572//1424
f 1086//992 227//215 1568//1420 2684//2419
f 2684//2419 1568//1420 473//436 1546//1398
f 1572//1424 2684//2419 1546//1398 464//427
f 463//426 1573//1425 2685//2420 1532//1384
f 224//212 1572//1424 2685//2420 1573//1425
f 464//427 1532//1384 2685//2420 1572//1424
f 478//441 1575//1427 2686//2421 1574//1426
f 225//213 1083//989 2686//2421 1575//1427
f 223//211 1574//1426 2686//2421 1083//989
f 222//210 1076//982 2687//2422 1576//1428
f 1076//982 219//207 1577//1429 2687//2422
f 2687//2422 1577//1429 480//443 1578//1430
f 1576//1428 2687//2422 1578//1430 479//442
f 221//209 1579//1431 2688//2423 1078//984
f 460//423 1580//1432 2688//2423 1579//1431
f 220//208 1078//984 2688//2423 1580//1432
f 461//424 1582//1434 2689//2424 1581//1433
f 218//206 1079//985 2689//2424 1582//1434
f 220//208 1581//1433 2689//2424 1079//985
f 219//207 1073//979 2690//2425 1577//1429
f 1073//979 214//202 1583//1435 2690//2425
f 2690//2425 1583//1435 481//444 1584//1436
f 1577//1429 2690//2425 1584//1436 480//443
f 461//424 1526//1378 2691//2426 1582//1434
f 1526//1378 462//425 1585//1437 2691//2426
f 2691//2426 1585//1437 213//201 1072//978
f 1582//1434 2691//2426 1072//978 218//206
f 216//204 1586//1438 2692//2427 1069//975
f 482//445 1587//1439 2692//2427 1586//1438
f 215//203 1069//975 2692//2427 1587//1439
f 213//201 1585//1437 2693//2428 1067//973
f 462//425 1588//1440 2693//2428 1585//1437
f 211//199 1067//973 2693//2428 1588//1440
f 484//447 1590//1442 2694//2429 1589//1441
f 1590//1442 483//446 1591//1443 2694//2429
f 2694//2429 1591//1443 207//195 1058//964
f 1589//1441 2694//2429 1058//964 209//197
f 265//253 1150//1056 2695//2430 1513//1365
f 1150//1056 266//254 1592//1444 2695//2430
f 2695//2430 1592//1444 484//447 1589//1441
f 1513//1365 2695//2430 1589//1441 209//197
f 485//448 1594//1446 2696//2431 1593//1445
f 483//446 1590//1442 2696//2431 1594//1446
f 484//447 1593//1445 2696//2431 1590//1442
f 210//198 1595//1447 2697//2432 1060//966
f 1595//1447 456//419 1514//1366 2697//2432
f 2697//2432 1514//1366 454//417 1512//1364
f 1060//966 2697//2432 1512//1364 209//197
f 217//205 1071//977 2698//2433 1596//1448
f 1071//977 212//200 1061//967 2698//2433
f 2698//2433 1061//967 208//196 1055//961
f 1596//1448 2698//2433 1055//961 206//194
f 207//195 1591//1443 2699//2434 1057//963
f 483//446 1597//1449 2699//2434 1591//1443
f 205//193 1057//963 2699//2434 1597//1449
f 486//449 1599//1451 2700//2435 1598//1450
f 197//185 1041//948 2700//2435 1599//1451
f 200//188 1598//1450 2700//2435 1041//948
f 198//186 1600//1452 2701//2436 1042//949
f 203//191 1046//952 2701//2436 1600//1452
f 199//187 1042//949 2701//2436 1046//952
f 487//450 1602//1454 2702//2437 1601//1453
f 193//181 1035//942 2702//2437 1602//1454
f 196//184 1601//1453 2702//2437 1035//942
f 194//182 1603//1455 2703//2438 1036//943
f 482//445 1604//1456 2703//2438 1603//1455
f 195//183 1036//943 2703//2438 1604//1456
f 194//182 1031//938 2704//2439 1605//1457
f 1031//938 192//180 1606//1458 2704//2439
f 2704//2439 1606//1458 481//444 1607//1459
f 1605//1457 2704//2439 1607//1459 215//203
f 482//445 1603//1455 2705//2440 1587//1439
f 194//182 1605//1457 2705//2440 1603//1455
f 215//203 1587//1439 2705//2440 1605//1457
f 481//444 1606//1458 2706//2441 1584//1436
f 1606//1458 192//180 1028//935 2706//2441
f 2706//2441 1028//935 190//178 1608//1460
f 1584//1436 2706//2441 1608//1460 480//443
f 480//443 1608//1460 2707//2442 1578//1430
f 1608//1460 190//178 1025//932 2707//2442
f 2707//2442 1025//932 188//176 1609//1461
f 1578//1430 2707//2442 1609//1461 479//442
f 188//176 1022//929 2708//2443 1610//1462
f 1022//929 186//174 1611//1463 2708//2443
f 2708//2443 1611//1463 478//441 1574//1426
f 1610//1462 2708//2443 1574//1426 223//211
f 479//442 1609//1461 2709//2444 1612//1464
f 188//176 1610//1462 2709//2444 1609//1461
f 223//211 1612//1464 2709//2444 1610//1462
f 490//453 1614//1466 2710//2445 1613//1465
f 1614//1466 489//452 1615//1467 2710//2445
f 2710//2445 1615//1467 488//451 1616//1468
f 1613//1465 2710//2445 1616//1468 183//171
f 185//173 1617//1469 2711//2446 1021//928
f 490//453 1613//1465 2711//2446 1617//1469
f 183//171 1021//928 2711//2446 1613//1465
f 490//453 1618//1470 2712//2447 1614//1466
f 15//15 1619//1471 2712//2447 1618//1470
f 489//452 1614//1466 2712//2447 1619//1471
f 491//454 1621//1473 2713//2448 1620//1472
f 488//451 1615//1467 2713//2448 1621//1473
f 489//452 1620//1472 2713//2448 1615//1467
f 488//451 1621//1473 2714//2449 1622//1474
f 1621//1473 491//454 1623//1475 2714//2449
f 2714//2449 1623//1475 493//456 1624//1476
f 1622//1474 2714//2449 1624//1476 492//455
f 492//455 1624//1476 2715//2450 1625//1477
f 1624//1476 493//456 1626//1478 2715//2450
f 2715//2450 1626//1478 495//458 1627//1479
f 1625//1477 2715//2450 1627//1479 494//457
f 494//457 1627//1479 2716//2451 1628//1480
f 495//458 1629//1481 2716//2451 1627//1479
f 496//459 1628//1480 2716//2451 1629//1481
f 495//458 1626//1478 2717//2452 1630//1482
f 1626//1478 493//456 1631//1483 2717//2452
f 2717//2452 1631//1483 498//461 1632//1484
f 1630//1482 2717//2452 1632//1484 497//460
f 498//461 1633//1485 2718//2453 1632//1484
f 1633//1485 500//463 1634//1486 2718//2453
f 2718//2453 1634//1486 499//462 1635//1487
f 1632//1484 2718//2453 1635//1487 497//460
f 500//463 1633//1485 2719//2454 1636//1488
f 498//461 1637//1489 2719//2454 1633//1485
f 501//464 1636//1488 2719//2454 1637//1489
f 497//460 1635//1487 2720//2455 1638//1490
f 499//462 1639//1491 2720//2455 1635//1487
f 502//465 1638//1490 2720//2455 1639//1491
f 502//465 1639//1491 2721//2456 1640//1492
f 1639//1491 499//462 1641//1493 2721//2456
f 2721//2456 1641//1493 504//467 1642//1494
f 1640//1492 2721//2456 1642//1494 503//466
f 503//466 1642//1494 2722//2457 1643//1495
f 1642//1494 504//467 1644//1496 2722//2457
f 2722//2457 1644//1496 506//469 1645//1497
f 1643//1495 2722//2457 1645//1497 505//468
f 504//467 1646//1498 2723//2458 1644//1496
f 1646//1498 508//471 1647//1499 2723//2458
f 2723//2458 1647//1499 507//470 1648//1500
f 1644//1496 2723//2458 1648//1500 506//469
f 508//471 1649//1501 2724//2459 1647//1499
f 1649//1501 510//473 1650//1502 2724//2459
f 2724//2459 1650//1502 509//472 1651//1503
f 1647//1499 2724//2459 1651//1503 507//470
f 509//472 1650//1502 2725//2460 1652//1504
f 1650//1502 510//473 1653//1505 2725//2460
f 2725//2460 1653//1505 512//475 1654//1506
f 1652//1504 2725//2460 1654//1506 511//474
f 510//473 1655//1507 2726//2461 1653//1505
f 513//476 1656//1508 2726//2461 1655//1507
f 512//475 1653//1505 2726//2461 1656//1508
f 514//477 1658//1510 2727//2462 1657//1509
f 509//472 1652//1504 2727//2462 1658//1510
f 511//474 1657//1509 2727//2462 1652//1504
f 512//475 1659//1511 2728//2463 1654//1506
f 1659//1511 20//20 1660//1512 2728//2463
f 2728//2463 1660//1512 515//478 1661//1513
f 1654//1506 2728//2463 1661//1513 511//474
f 507//470 1651//1503 2729//2464 1662//1514
f 1651//1503 509//472 1658//1510 2729//2464
f 2729//2464 1658//1510 514//477 1663//1515
f 1662//1514 2729//2464 1663//1515 516//479
f 506//469 1648//1500 2730//2465 1664//1516
f 1648//1500 507//470 1662//1514 2730//2465
f 2730//2465 1662//1514 516//479 1665//1517
f 1664//1516 2730//2465 1665//1517 517//480
f 516//479 1666//1518 2731//2466 1665//1517
f 1666//1518 519//482 1667//1519 2731//2466
f 2731//2466 1667//1519 518//481 1668//1520
f 1665//1517 2731//2466 1668//1520 517//480
f 518//481 1667//1519 2732//2467 1669//1521
f 1667//1519 519//482 1670//1522 2732//2467
f 2732//2467 1670//1522 521//484 1671//1523
f 1669//1521 2732//2467 1671//1523 520//483
f 522//485 1673//1525 2733//2468 1672//1524
f 518//481 1669//1521 2733//2468 1673//1525
f 520//483 1672//1524 2733//2468 1669//1521
f 519//482 1674//1526 2734//2469 1670//1522
f 1674//1526 524//487 1675//1527 2734//2469
f 2734//2469 1675//1527 523//486 1676//1528
f 1670//1522 2734//2469 1676//1528 521//484
f 524//487 1677//1529 2735//2470 1675//1527
f 1677//1529 526//489 1678//1530 2735//2470
f 2735//2470 1678//1530 525//488 1679//1531
f 1675//1527 2735//2470 1679//1531 523//486
f 526//489 1680//1532 2736//2471 1678//1530
f 1680//1532 528//491 1681//1533 2736//2471
f 2736//2471 1681//1533 527//490 1682//1534
f 1678//1530 2736//2471 1682//1534 525//488
f 528//491 1683//1535 2737//2472 1681//1533
f 1683//1535 530//493 1684//1536 2737//2472
f 2737//2472 1684//1536 529//492 1685//1537
f 1681//1533 2737//2472 1685//1537 527//490
f 530//493 1687//1539 2738//2473 1686//1538
f 1687//1539 533//496 1688//1540 2738//2473
f 2738//2473 1688//1540 532//495 1689//1541
f 1686//1538 2738//2473 1689//1541 531//494
f 529//492 1684//1536 2739//2474 1690//1542
f 530//493 1686//1538 2739//2474 1684//1536
f 531//494 1690//1542 2739//2474 1686//1538
f 532//495 1688//1540 2740//2475 1691//1543
f 533//496 1692//1544 2740//2475 1688//1540
f 534//497 1691//1543 2740//2475 1692//1544
f 31//31 1694//1546 2741//2476 1693//1545
f 1694//1546 533//496 1687//1539 2741//2476
f 2741//2476 1687//1539 530//493 1695//1547
f 1693//1545 2741//2476 1695//1547 535//498
f 536//499 1697//1549 2742//2477 1696//1548
f 529//492 1690//1542 2742//2477 1697//1549
f 531//494 1696//1548 2742//2477 1690//1542
f 532//495 1698//1550 2743//2478 1689//1541
f 537//500 1699//1551 2743//2478 1698//1550
f 531//494 1689//1541 2743//2478 1699//1551
f 527//490 1685//1537 2744//2479 1700//1552
f 1685//1537 529//492 1697//1549 2744//2479
f 2744//2479 1697//1549 536//499 1701//1553
f 1700//1552 2744//2479 1701//1553 538//501
f 539//502 1703//1555 2745//2480 1702//1554
f 527//490 1700//1552 2745//2480 1703//1555
f 538//501 1702//1554 2745//2480 1700//1552
f 541//504 1705//1557 2746//2481 1704//1556
f 1705//1557 539//502 1702//1554 2746//2481
f 2746//2481 1702//1554 538//501 1706//1558
f 1704//1556 2746//2481 1706//1558 540//503
f 543//506 1708//1560 2747//2482 1707//1559
f 1708//1560 539//502 1705//1557 2747//2482
f 2747//2482 1705//1557 541//504 1709//1561
f 1707//1559 2747//2482 1709//1561 542//505
f 545//508 1711//1563 2748//2483 1710//1562
f 1711//1563 543//506 1707//1559 2748//2483
f 2748//2483 1707//1559 542//505 1712//1564
f 1710//1562 2748//2483 1712//1564 544//507
f 547//510 1714//1566 2749//2484 1713//1565
f 1714//1566 545//508 1710//1562 2749//2484
f 2749//2484 1710//1562 544//507 1715//1567
f 1713//1565 2749//2484 1715//1567 546//509
f 546//509 1715//1567 2750//2485 1716//1568
f 1715//1567 544//507 1717//1569 2750//2485
f 2750//2485 1717//1569 549//512 1718//1570
f 1716//1568 2750//2485 1718//1570 548//511
f 548//511 1718//1570 2751//1571 1719//513
f 1718//1570 549//512 1720//514 2751//1571
f 2751//1571 1720//514 551//514 1721//1571
f 1719//513 2751//1571 1721//1571 550//513
f 549//512 1722//1572 2752//1572 1720//514
f 1722//1572 553//515 1723//515 2752//1572
f 2752//1572 1723//515 552//515 1724//1572
f 1720//514 2752//1572 1724//1572 551//514
f 553//515 1725//1573 2753//1573 1723//515
f 1725//1573 555//517 1726//516 2753//1573
f 2753//1573 1726//516 554//516 1727//1573
f 1723//515 2753//1573 1727//1573 552//515
f 554//516 1726//516 2754//1574 1728//1574
f 1726//516 555//517 1729//1575 2754//1574
f 2754//1574 1729//1575 557//519 1730//518
f 1728//1574 2754//1574 1730//518 556//518
f 557//519 1731//1576 2755//1577 1730//518
f 1731//1576 559//521 1732//520 2755//1577
f 2755//1577 1732//520 558//520 1733//1577
f 1730//518 2755//1577 1733//1577 556//518
f 540//503 1735//1579 2756//2486 1734//1578
f 1735//1579 560//522 1736//1580 2756//2486
f 2756//2486 1736//1580 559//521 1731//1576
f 1734//1578 2756//2486 1731//1576 557//519
f 556//518 1733//1577 2757//1577 1737//518
f 1733//1577 558//520 1738//520 2757//1577
f 2757//1577 1738//520 562//520 1739//1577
f 1737//518 2757//1577 1739//1577 561//518
f 561//518 1739//1577 2758//1577 1740//518
f 1739//1577 562//520 1741//520 2758//1577
f 2758//1577 1741//520 564//520 1742//1577
f 1740//518 2758//1577 1742//1577 563//518
f 563//518 1742//1577 2759//1577 1743//518
f 1742//1577 564//520 1744//520 2759//1577
f 2759//1577 1744//520 566//520 1745//1577
f 1743//518 2759//1577 1745//1577 565//518
f 565//518 1745//1577 2760//1577 1746//518
f 1745//1577 566//520 1747//520 2760//1577
f 2760//1577 1747//520 568//523 1748//1581
f 1746//518 2760//1577 1748//1581 567//518
f 567//518 1748//1581 2761//2487 1749//1582
f 1748//1581 568//523 1750//1583 2761//2487
f 2761//2487 1750//1583 570//525 1751//1584
f 1749//1582 2761//2487 1751//1584 569//524
f 569//524 1751//1584 2762//2488 1752//1585
f 1751//1584 570//525 1753//1586 2762//2488
f 2762//2488 1753//1586 572//527 1754//1587
f 1752//1585 2762//2488 1754//1587 571//526
f 572//527 1755//1588 2763//2489 1754//1587
f 573//528 1756//1589 2763//2489 1755//1588
f 571//526 1754//1587 2763//2489 1756//1589
f 576//531 1758//1591 2764//2490 1757//1590
f 1758//1591 575//530 1759//1592 2764//2490
f 2764//2490 1759//1592 574//529 1760//1593
f 1757//1590 2764//2490 1760//1593 571//526
f 573//528 1761//1594 2765//2491 1756//1589
f 576//531 1757//1590 2765//2491 1761//1594
f 571//526 1756//1589 2765//2491 1757//1590
f 576//531 1761//1594 2766//2492 1762//1595
f 573//528 1763//1596 2766//2492 1761//1594
f 577//532 1762//1595 2766//2492 1763//1596
f 579//534 1765//1598 2767//2493 1764//1597
f 1765//1598 578//533 1766//1599 2767//2493
f 2767//2493 1766//1599 576//531 1762//1595
f 1764//1597 2767//2493 1762//1595 577//532
f 580//535 1768//1601 2768//2494 1767//1600
f 579//534 1764//1597 2768//2494 1768//1601
f 577//532 1767//1600 2768//2494 1764//1597
f 579//534 1768//1601 2769//2495 1769//1602
f 580//535 1770//1603 2769//2495 1768//1601
f 581//536 1769//1602 2769//2495 1770//1603
f 578//533 1765//1598 2770//2496 1771//1604
f 1765//1598 579//534 1772//1605 2770//2496
f 2770//2496 1772//1605 583//538 1773//1606
f 1771//1604 2770//2496 1773//1606 582//537
f 584//539 1775//1608 2771//2497 1774//1607
f 578//533 1771//1604 2771//2497 1775//1608
f 582//537 1774//1607 2771//2497 1771//1604
f 583//538 1776//1609 2772//2498 1773//1606
f 585//540 1777//1610 2772//2498 1776//1609
f 582//537 1773//1606 2772//2498 1777//1610
f 583//538 1779//1612 2773//2499 1778//1611
f 1779//1612 588//543 1780//1613 2773//2499
f 2773//2499 1780//1613 587//542 1781//1614
f 1778//1611 2773//2499 1781//1614 586//541
f 585//540 1776//1609 2774//2500 1782//1615
f 583//538 1778//1611 2774//2500 1776//1609
f 586//541 1782//1615 2774//2500 1778//1611
f 586//541 1781//1614 2775//2501 1783//1616
f 1781//1614 587//542 1784//1617 2775//2501
f 2775//2501 1784//1617 590//545 1785//1618
f 1783//1616 2775//2501 1785//1618 589//544
f 590//545 1784//1617 2776//2502 1786//1619
f 1784//1617 587//542 1787//1620 2776//2502
f 2776//2502 1787//1620 592//547 1788//1621
f 1786//1619 2776//2502 1788//1621 591//546
f 592//547 1789//1622 2777//2503 1788//1621
f 1789//1622 594//549 1790//1623 2777//2503
f 2777//2503 1790//1623 593//548 1791//1624
f 1788//1621 2777//2503 1791//1624 591//546
f 596//551 1793//1626 2778//2504 1792//1625
f 1793//1626 595//550 1794//1627 2778//2504
f 2778//2504 1794//1627 586//541 1783//1616
f 1792//1625 2778//2504 1783//1616 589//544
f 598//553 1796//1629 2779//2505 1795//1628
f 1796//1629 595//550 1793//1626 2779//2505
f 2779//2505 1793//1626 596//551 1797//1630
f 1795//1628 2779//2505 1797//1630 597//552
f 600//555 1799//1632 2780//2506 1798//1631
f 1799//1632 598//553 1795//1628 2780//2506
f 2780//2506 1795//1628 597//552 1800//1633
f 1798//1631 2780//2506 1800//1633 599//554
f 601//556 1802//1635 2781//2507 1801//1634
f 600//555 1798//1631 2781//2507 1802//1635
f 599//554 1801//1634 2781//2507 1798//1631
f 600//555 1802//1635 2782//2508 1803//1636
f 601//556 1804//1637 2782//2508 1802//1635
f 602//557 1803//1636 2782//2508 1804//1637
f 605//560 1806//1639 2783//2509 1805//1638
f 1806//1639 604//559 1807//1640 2783//2509
f 2783//2509 1807//1640 603//558 1808//1641
f 1805//1638 2783//2509 1808//1641 602//557
f 601//556 1809//1642 2784//2510 1804//1637
f 605//560 1805//1638 2784//2510 1809//1642
f 602//557 1804//1637 2784//2510 1805//1638
f 604//559 1811//1644 2785//2511 1810//1643
f 1811//1644 608//563 1812//1645 2785//2511
f 2785//2511 1812//1645 607//562 1813//1646
f 1810//1643 2785//2511 1813//1646 606//561
f 603//558 1807//1640 2786//2512 1814//1647
f 604//559 1810//1643 2786//2512 1807//1640
f 606//561 1814//1647 2786//2512 1810//1643
f 607//562 1812//1645 2787//2513 1815//1648
f 608//563 1816//1649 2787//2513 1812//1645
f 609//564 1815//1648 2787//2513 1816//1649
f 611//566 1818//1651 2788//2514 1817//1650
f 1818//1651 610//565 1819//1652 2788//2514
f 2788//2514 1819//1652 607//562 1815//1648
f 1817//1650 2788//2514 1815//1648 609//564
f 612//567 1821//1654 2789//2515 1820//1653
f 611//566 1817//1650 2789//2515 1821//1654
f 609//564 1820//1653 2789//2515 1817//1650
f 614//569 1823//1656 2790//2516 1822//1655
f 1823//1656 611//566 1821//1654 2790//2516
f 2790//2516 1821//1654 612//567 1824//1657
f 1822//1655 2790//2516 1824//1657 613//568
f 616//571 1826//1659 2791//2517 1825//1658
f 1826//1659 614//569 1822//1655 2791//2517
f 2791//2517 1822//1655 613//568 1827//1660
f 1825//1658 2791//2517 1827//1660 615//570
f 617//572 1829//1662 2792//2518 1828//1661
f 614//569 1826//1659 2792//2518 1829//1662
f 616//571 1828//1661 2792//2518 1826//1659
f 613//568 1830//1663 2793//2519 1827//1660
f 618//573 1831//1664 2793//2519 1830//1663
f 615//570 1827//1660 2793//2519 1831//1664
f 620//575 1833//1666 2794//2520 1832//1665
f 1833//1666 619//574 1834//1667 2794//2520
f 2794//2520 1834//1667 616//571 1825//1658
f 1832//1665 2794//2520 1825//1658 615//570
f 622//577 1836//1669 2795//2521 1835//1668
f 1836//1669 619//574 1833//1666 2795//2521
f 2795//2521 1833//1666 620//575 1837//1670
f 1835//1668 2795//2521 1837//1670 621//576
f 624//579 1839//1672 2796//2522 1838//1671
f 1839//1672 623//578 1840//1673 2796//2522
f 2796//2522 1840//1673 619//574 1836//1669
f 1838//1671 2796//2522 1836//1669 622//577
f 625//580 1842//1675 2797//2523 1841//1674
f 623//578 1839//1672 2797//2523 1842//1675
f 624//579 1841//1674 2797//2523 1839//1672
f 621//576 1837//1670 2798//2524 1843//1676
f 1837//1670 620//575 1844//1677 2798//2524
f 2798//2524 1844//1677 627//582 1845//1678
f 1843//1676 2798//2524 1845//1678 626//581
f 627//582 1846//1679 2799//2525 1845//1678
f 628//583 1847//1680 2799//2525 1846//1679
f 626//581 1845//1678 2799//2525 1847//1680
f 627//582 1848//1681 2800//2526 1846//1679
f 1848//1681 630//585 1849//1682 2800//2526
f 2800//2526 1849//1682 629//584 1850//1683
f 1846//1679 2800//2526 1850//1683 628//583
f 630//585 1851//1684 2801//2527 1849//1682
f 1851//1684 632//587 1852//1685 2801//2527
f 2801//2527 1852//1685 631//586 1853//1686
f 1849//1682 2801//2527 1853//1686 629//584
f 632//587 1854//1687 2802//2528 1852//1685
f 1854//1687 634//589 1855//1688 2802//2528
f 2802//2528 1855//1688 633//588 1856//1689
f 1852//1685 2802//2528 1856//1689 631//586
f 634//589 1857//1690 2803//2529 1855//1688
f 1857//1690 636//591 1858//1691 2803//2529
f 2803//2529 1858//1691 635//590 1859//1692
f 1855//1688 2803//2529 1859//1692 633//588
f 636//591 1860//1693 2804//2530 1858//1691
f 1860//1693 638//593 1861//1694 2804//2530
f 2804//2530 1861//1694 637//592 1862//1695
f 1858//1691 2804//2530 1862//1695 635//590
f 638//593 1863//1696 2805//2531 1861//1694
f 1863//1696 640//595 1864//1697 2805//2531
f 2805//2531 1864//1697 639//594 1865//1698
f 1861//1694 2805//2531 1865//1698 637//592
f 640//595 1866//1699 2806//2532 1864//1697
f 1866//1699 642//597 1867//1700 2806//2532
f 2806//2532 1867//1700 641//596 1868//1701
f 1864//1697 2806//2532 1868//1701 639//594
f 642//597 1869//1702 2807//2533 1867//1700
f 1869//1702 644//599 1870//1703 2807//2533
f 2807//2533 1870//1703 643//598 1871//1704
f 1867//1700 2807//2533 1871//1704 641//596
f 643//598 1870//1703 2808//2534 1872//1705
f 644//599 1873//1706 2808//2534 1870//1703
f 645//600 1872//1705 2808//2534 1873//1706
f 647//602 1875//1708 2809//2535 1874//1707
f 1875//1708 642//597 1866//1699 2809//2535
f 2809//2535 1866//1699 640//595 1876//1709
f 1874//1707 2809//2535 1876//1709 646//601
f 641//596 1877//1710 2810//2536 1868//1701
f 1877//1710 649//604 1878//1711 2810//2536
f 2810//2536 1878//1711 648//603 1879//1712
f 1868//1701 2810//2536 1879//1712 639//594
f 650//605 1881//1714 2811//2537 1880//1713
f 1881//1714 632//587 1851//1684 2811//2537
f 2811//2537 1851//1684 630//585 1882//1715
f 1880//1713 2811//2537 1882//1715 618//573
f 631//586 1883//1716 2812//2538 1853//1686
f 1883//1716 652//607 1884//1717 2812//2538
f 2812//2538 1884//1717 651//606 1885//1718
f 1853//1686 2812//2538 1885//1718 629//584
f 654//609 1887//1720 2813//2539 1886//1719
f 1887//1720 653//608 1888//1721 2813//2539
f 2813//2539 1888//1721 622//577 1835//1668
f 1886//1719 2813//2539 1835//1668 621//576
f 611//566 1823//1656 2814//2540 1889//1722
f 1823//1656 614//569 1829//1662 2814//2540
f 2814//2540 1829//1662 617//572 1890//1723
f 1889//1722 2814//2540 1890//1723 655//610
f 656//611 1892//1725 2815//2541 1891//1724
f 611//566 1889//1722 2815//2541 1892//1725
f 655//610 1891//1724 2815//2541 1889//1722
f 657//612 1894//1727 2816//2542 1893//1726
f 656//611 1891//1724 2816//2542 1894//1727
f 655//610 1893//1726 2816//2542 1891//1724
f 659//614 1896//1729 2817//2543 1895//1728
f 1896//1729 658//613 1897//1730 2817//2543
f 2817//2543 1897//1730 656//611 1894//1727
f 1895//1728 2817//2543 1894//1727 657//612
f 661//616 1899//1732 2818//2544 1898//1731
f 1899//1732 660//615 1900//1733 2818//2544
f 2818//2544 1900//1733 658//613 1896//1729
f 1898//1731 2818//2544 1896//1729 659//614
f 663//618 1902//1735 2819//2545 1901//1734
f 1902//1735 662//617 1903//1736 2819//2545
f 2819//2545 1903//1736 660//615 1899//1732
f 1901//1734 2819//2545 1899//1732 661//616
f 584//539 1905//1738 2820//2546 1904//1737
f 1905//1738 664//619 1906//1739 2820//2546
f 2820//2546 1906//1739 662//617 1902//1735
f 1904//1737 2820//2546 1902//1735 663//618
f 666//621 1908//1741 2821//2547 1907//1740
f 1908//1741 665//620 1909//1742 2821//2547
f 2821//2547 1909//1742 663//618 1901//1734
f 1907//1740 2821//2547 1901//1734 661//616
f 667//622 1911//1744 2822//2548 1910//1743
f 1911//1744 575//530 1912//1745 2822//2548
f 2822//2548 1912//1745 665//620 1908//1741
f 1910//1743 2822//2548 1908//1741 666//621
f 669//624 1914//1747 2823//2549 1913//1746
f 1914//1747 667//622 1910//1743 2823//2549
f 2823//2549 1910//1743 666//621 1915//1748
f 1913//1746 2823//2549 1915//1748 668//623
f 671//626 1917//1750 2824//2550 1916//1749
f 1917//1750 669//624 1913//1746 2824//2550
f 2824//2550 1913//1746 668//623 1918//1751
f 1916//1749 2824//2550 1918//1751 670//625
f 670//625 1920//1753 2825//2551 1919//1752
f 1920//1753 674//629 1921//1754 2825//2551
f 2825//2551 1921//1754 673//628 1922//1755
f 1919//1752 2825//2551 1922//1755 672//627
f 671//626 1916//1749 2826//2552 1923//1756
f 670//625 1919//1752 2826//2552 1916//1749
f 672//627 1923//1756 2826//2552 1919//1752
f 673//628 1921//1754 2827//2553 1924//1757
f 674//629 1925//1758 2827//2553 1921//1754
f 675//630 1924//1757 2827//2553 1925//1758
f 676//631 1927//1760 2828//2554 1926//1759
f 671//626 1923//1756 2828//2554 1927//1760
f 672//627 1926//1759 2828//2554 1923//1756
f 669//624 1917//1750 2829//2555 1928//1761
f 1917//1750 671//626 1927//1760 2829//2555
f 2829//2555 1927//1760 676//631 1929//1762
f 1928//1761 2829//2555 1929//1762 677//632
f 678//633 1931//1764 2830//2556 1930//1763
f 669//624 1928//1761 2830//2556 1931//1764
f 677//632 1930//1763 2830//2556 1928//1761
f 680//635 1933//1766 2831//2557 1932//1765
f 1933//1766 679//634 1934//1767 2831//2557
f 2831//2557 1934//1767 678//633 1930//1763
f 1932//1765 2831//2557 1930//1763 677//632
f 679//634 1935//1768 2832//2558 1934//1767
f 1935//1768 682//637 1936//1769 2832//2558
f 2832//2558 1936//1769 681//636 1937//1770
f 1934//1767 2832//2558 1937//1770 678//633
f 682//637 1938//1771 2833//2559 1936//1769
f 1938//1771 683//638 1939//1772 2833//2559
f 2833//2559 1939//1772 574//529 1940//1773
f 1936//1769 2833//2559 1940//1773 681//636
f 685//515 1942//1573 2834//1573 1941//515
f 1942//1573 684//516 1943//516 2834//1573
f 2834//1573 1943//516 683//638 1938//1771
f 1941//515 2834//1573 1938//1771 682//637
f 686//514 1945//1572 2835//1572 1944//514
f 1945//1572 685//515 1941//515 2835//1572
f 2835//1572 1941//515 682//637 1935//1768
f 1944//514 2835//1572 1935//1768 679//634
f 688//514 1947//1572 2836//1572 1946//514
f 1947//1572 687//515 1948//515 2836//1572
f 2836//1572 1948//515 685//515 1945//1572
f 1946//514 2836//1572 1945//1572 686//514
f 690//514 1950//1572 2837//1572 1949//514
f 1950//1572 689//515 1951//515 2837//1572
f 2837//1572 1951//515 687//515 1947//1572
f 1949//514 2837//1572 1947//1572 688//514
f 689//515 1952//1573 2838//1573 1951//515
f 1952//1573 692//516 1953//516 2838//1573
f 2838//1573 1953//516 691//516 1954//1573
f 1951//515 2838//1573 1954//1573 687//515
f 694//513 1956//1571 2839//1571 1955//513
f 1956//1571 690//514 1949//514 2839//1571
f 2839//1571 1949//514 688//514 1957//1571
f 1955//513 2839//1571 1957//1571 693//513
f 696//639 1959//639 2840//1774 1958//1774
f 1959//639 695//639 1960//1774 2840//1774
f 2840//1774 1960//1774 694//513 1955//513
f 1958//1774 2840//1774 1955//513 693//513
f 695//639 1961//639 2841//1774 1960//1774
f 1961//639 698//639 1962//1774 2841//1774
f 2841//1774 1962//1774 697//513 1963//513
f 1960//1774 2841//1774 1963//513 694//513
f 698//639 1964//639 2842//1774 1962//1774
f 1964//639 699//639 1965//1774 2842//1774
f 2842//1774 1965//1774 550//513 1966//513
f 1962//1774 2842//1774 1966//513 697//513
f 701//640 1968//639 2843//1774 1967//1775
f 1968//639 696//639 1958//1774 2843//1774
f 2843//1774 1958//1774 693//513 1969//513
f 1967//1775 2843//1774 1969//513 700//513
f 702//641 1971//1777 2844//2560 1970//1776
f 1971//1777 701//640 1967//1775 2844//2560
f 2844//2560 1967//1775 700//513 1972//1778
f 1970//1776 2844//2560 1972//1778 680//635
f 704//514 1974//1572 2845//1572 1973//514
f 1974//1572 703//515 1975//515 2845//1572
f 2845//1572 1975//515 689//515 1950//1572
f 1973//514 2845//1572 1950//1572 690//514
f 700//513 1976//1571 2846//2561 1972//1778
f 1976//1571 686//514 1944//514 2846//2561
f 2846//2561 1944//514 679//634 1933//1766
f 1972//1778 2846//2561 1933//1766 680//635
f 705//642 1978//1780 2847//2562 1977//1779
f 1978//1780 702//641 1970//1776 2847//2562
f 2847//2562 1970//1776 680//635 1932//1765
f 1977//1779 2847//2562 1932//1765 677//632
f 676//631 1979//1781 2848//2563 1929//1762
f 705//642 1977//1779 2848//2563 1979//1781
f 677//632 1929//1762 2848//2563 1977//1779
f 678//633 1937//1770 2849//2564 1931//1764
f 1937//1770 681//636 1980//1782 2849//2564
f 2849//2564 1980//1782 667//622 1914//1747
f 1931//1764 2849//2564 1914//1747 669//624
f 658//613 1900//1733 2850//2565 1981//1783
f 1900//1733 660//615 1982//1784 2850//2565
f 2850//2565 1982//1784 706//643 1983//1785
f 1981//1783 2850//2565 1983//1785 606//561
f 610//565 1985//1787 2851//2566 1984//1786
f 658//613 1981//1783 2851//2566 1985//1787
f 606//561 1984//1786 2851//2566 1981//1783
f 674//629 1920//1753 2852//2567 1986//1788
f 1920//1753 670//625 1987//1789 2852//2567
f 2852//2567 1987//1789 657//612 1893//1726
f 1986//1788 2852//2567 1893//1726 655//610
f 707//644 1989//1791 2853//2568 1988//1790
f 674//629 1986//1788 2853//2568 1989//1791
f 655//610 1988//1790 2853//2568 1986//1788
f 617//572 1990//1792 2854//2569 1890//1723
f 707//644 1988//1790 2854//2569 1990//1792
f 655//610 1890//1723 2854//2569 1988//1790
f 613//568 1824//1657 2855//2570 1830//1663
f 1824//1657 612//567 1991//1793 2855//2570
f 2855//2570 1991//1793 650//605 1880//1713
f 1830//1663 2855//2570 1880//1713 618//573
f 650//605 1991//1793 2856//2571 1992//1794
f 612//567 1820//1653 2856//2571 1991//1793
f 609//564 1992//1794 2856//2571 1820//1653
f 607//562 1819//1652 2857//2572 1813//1646
f 610//565 1984//1786 2857//2572 1819//1652
f 606//561 1813//1646 2857//2572 1984//1786
f 603//558 1993//1795 2858//2573 1808//1641
f 706//643 1994//1796 2858//2573 1993//1795
f 602//557 1808//1641 2858//2573 1994//1796
f 604//559 1806//1639 2859//2574 1995//1797
f 1806//1639 605//560 1996//1798 2859//2574
f 2859//2574 1996//1798 638//593 1860//1693
f 1995//1797 2859//2574 1860//1693 636//591
f 662//617 1906//1739 2860//2575 1997//1799
f 1906//1739 664//619 1998//1800 2860//2575
f 2860//2575 1998//1800 598//553 1799//1632
f 1997//1799 2860//2575 1799//1632 600//555
f 597//552 1999//1801 2861//2576 1800//1633
f 646//601 2000//1802 2861//2576 1999//1801
f 599//554 1800//1633 2861//2576 2000//1802
f 605//560 1809//1642 2862//2577 2001//1803
f 601//556 1801//1634 2862//2577 1809//1642
f 599//554 2001//1803 2862//2577 1801//1634
f 597//552 1797//1630 2863//2578 1999//1801
f 1797//1630 596//551 2002//1804 2863//2578
f 2863//2578 2002//1804 647//602 1874//1707
f 1999//1801 2863//2578 1874//1707 646//601
f 647//602 2002//1804 2864//2579 2003//1805
f 596//551 1792//1625 2864//2579 2002//1804
f 589//544 2003//1805 2864//2579 1792//1625
f 595//550 1796//1629 2865//2580 2004//1806
f 1796//1629 598//553 1998//1800 2865//2580
f 2865//2580 1998//1800 664//619 2005//1807
f 2004//1806 2865//2580 2005//1807 582//537
f 585//540 2006//1808 2866//2581 1777//1610
f 595//550 2004//1806 2866//2581 2006//1808
f 582//537 1777//1610 2866//2581 2004//1806
f 664//619 1905//1738 2867//2582 2005//1807
f 584//539 1774//1607 2867//2582 1905//1738
f 582//537 2005//1807 2867//2582 1774//1607
f 681//636 1940//1773 2868//2583 1980//1782
f 1940//1773 574//529 1759//1592 2868//2583
f 2868//2583 1759//1592 575//530 1911//1744
f 1980//1782 2868//2583 1911//1744 667//622
f 575//530 1758//1591 2869//2584 1912//1745
f 1758//1591 576//531 1766//1599 2869//2584
f 2869//2584 1766//1599 578//533 2007//1809
f 1912//1745 2869//2584 2007//1809 665//620
f 574//529 1939//1772 2870//2585 1760//1593
f 1939//1772 683//638 2008//1810 2870//2585
f 2870//2585 2008//1810 569//524 1752//1585
f 1760//1593 2870//2585 1752//1585 571//526
f 683//638 1943//516 2871//2586 2008//1810
f 1943//516 684//516 2009//1574 2871//2586
f 2871//2586 2009//1574 567//518 1749//1582
f 2008//1810 2871//2586 1749//1582 569//524
f 691//516 1953//516 2872//1574 2010//1574
f 1953//516 692//516 2011//1574 2872//1574
f 2872//1574 2011//1574 563//518 1743//518
f 2010//1574 2872//1574 1743//518 565//518
f 551//514 1724//1572 2873//1572 2012//514
f 1724//1572 552//515 2013//515 2873//1572
f 2873//1572 2013//515 703//515 1974//1572
f 2012//514 2873//1572 1974//1572 704//514
f 699//639 2014//639 2874//1774 1965//1774
f 2014//639 708//645 2015//1811 2874//1774
f 2874//1774 2015//1811 548//511 1719//513
f 1965//1774 2874//1774 1719//513 550//513
f 708//645 2016//1812 2875//2587 2015//1811
f 2016//1812 709//646 2017//1813 2875//2587
f 2875//2587 2017//1813 546//509 1716//1568
f 2015//1811 2875//2587 1716//1568 548//511
f 709//646 2018//1814 2876//2588 2017//1813
f 2018//1814 710//647 2019//1815 2876//2588
f 2876//2588 2019//1815 547//510 1713//1565
f 2017//1813 2876//2588 1713//1565 546//509
f 710//647 2020//1816 2877//2589 2019//1815
f 711//648 2021//1817 2877//2589 2020//1816
f 547//510 2019//1815 2877//2589 2021//1817
f 544//507 1712//1564 2878//2590 1717//1569
f 1712//1564 542//505 2022//1818 2878//2590
f 2878//2590 2022//1818 553//515 1722//1572
f 1717//1569 2878//2590 1722//1572 549//512
f 542//505 1709//1561 2879//2591 2022//1818
f 1709//1561 541//504 2023//1819 2879//2591
f 2879//2591 2023//1819 555//517 1725//1573
f 2022//1818 2879//2591 1725//1573 553//515
f 555//517 2023//1819 2880//2592 1729//1575
f 2023//1819 541//504 1704//1556 2880//2592
f 2880//2592 1704//1556 540//503 1734//1578
f 1729//1575 2880//2592 1734//1578 557//519
f 538//501 2024//1820 2881//2593 1706//1558
f 2024//1820 712//649 2025//1821 2881//2593
f 2881//2593 2025//1821 560//522 1735//1579
f 1706//1558 2881//2593 1735//1579 540//503
f 536//499 2026//1822 2882//2594 1701//1553
f 712//649 2024//1820 2882//2594 2026//1822
f 538//501 1701//1553 2882//2594 2024//1820
f 528//491 1680//1532 2883//2595 2027//1823
f 1680//1532 526//489 2028//1824 2883//2595
f 2883//2595 2028//1824 515//478 2029//1825
f 2027//1823 2883//2595 2029//1825 713//650
f 714//651 2031//1827 2884//2596 2030//1826
f 528//491 2027//1823 2884//2596 2031//1827
f 713//650 2030//1826 2884//2596 2027//1823
f 715//652 2033//1829 2885//2597 2032//1828
f 714//651 2030//1826 2885//2597 2033//1829
f 713//650 2032//1828 2885//2597 2030//1826
f 715//652 2034//1830 2886//2598 2033//1829
f 2034//1830 27//27 2035//1831 2886//2598
f 2886//2598 2035//1831 535//498 2036//1832
f 2033//1829 2886//2598 2036//1832 714//651
f 18//18 2038//1834 2887//2599 2037//1833
f 2038//1834 22//22 2039//1835 2887//2599
f 2887//2599 2039//1835 715//652 2032//1828
f 2037//1833 2887//2599 2032//1828 713//650
f 525//488 1682//1534 2888//2600 2040//1836
f 1682//1534 527//490 1703//1555 2888//2600
f 2888//2600 1703//1555 539//502 1708//1560
f 2040//1836 2888//2600 1708//1560 543//506
f 523//486 1679//1531 2889//2601 2041//1837
f 1679//1531 525//488 2040//1836 2889//2601
f 2889//2601 2040//1836 543//506 1711//1563
f 2041//1837 2889//2601 1711//1563 545//508
f 521//484 1676//1528 2890//2602 2042//1838
f 1676//1528 523//486 2041//1837 2890//2602
f 2890//2602 2041//1837 545//508 1714//1566
f 2042//1838 2890//2602 1714//1566 547//510
f 711//648 2043//1839 2891//2603 2021//1817
f 521//484 2042//1838 2891//2603 2043//1839
f 547//510 2021//1817 2891//2603 2042//1838
f 518//481 1673//1525 2892//2604 2044//1840
f 522//485 2045//1841 2892//2604 1673//1525
f 716//653 2044//1840 2892//2604 2045//1841
f 521//484 2043//1839 2893//2605 1671//1523
f 711//648 2046//1842 2893//2605 2043//1839
f 520//483 1671//1523 2893//2605 2046//1842
f 717//654 2048//1844 2894//2606 2047//1843
f 522//485 1672//1524 2894//2606 2048//1844
f 520//483 2047//1843 2894//2606 1672//1524
f 506//469 1664//1516 2895//2607 1645//1497
f 517//480 2049//1845 2895//2607 1664//1516
f 505//468 1645//1497 2895//2607 2049//1845
f 719//656 2051//1847 2896//2608 2050//1846
f 2051//1847 718//655 2052//1848 2896//2608
f 2896//2608 2052//1848 503//466 1643//1495
f 2050//1846 2896//2608 1643//1495 505//468
f 721//658 2054//1850 2897//2609 2053//1849
f 2054//1850 718//655 2051//1847 2897//2609
f 2897//2609 2051//1847 719//656 2055//1851
f 2053//1849 2897//2609 2055//1851 720//657
f 723//660 2057//1853 2898//2610 2056//1852
f 2057//1853 722//659 2058//1854 2898//2610
f 2898//2610 2058//1854 718//655 2054//1850
f 2056//1852 2898//2610 2054//1850 721//658
f 724//661 2060//1856 2899//2611 2059//1855
f 722//659 2057//1853 2899//2611 2060//1856
f 723//660 2059//1855 2899//2611 2057//1853
f 726//663 2062//1858 2900//2612 2061//1857
f 2062//1858 725//662 2063//1859 2900//2612
f 2900//2612 2063//1859 723//660 2056//1852
f 2061//1857 2900//2612 2056//1852 721//658
f 719//656 2064//1860 2901//2613 2055//1851
f 727//664 2065//1861 2901//2613 2064//1860
f 720//657 2055//1851 2901//2613 2065//1861
f 728//665 2067//1863 2902//2614 2066//1862
f 2067//1863 726//663 2061//1857 2902//2614
f 2902//2614 2061//1857 721//658 2053//1849
f 2066//1862 2902//2614 2053//1849 720//657
f 499//462 1634//1486 2903//2615 1641//1493
f 1634//1486 500//463 2068//1864 2903//2615
f 2903//2615 2068//1864 508//471 1646//1498
f 1641//1493 2903//2615 1646//1498 504//467
f 186//174 1019//926 2904//2616 2069//1865
f 1019//926 184//172 2070//1866 2904//2616
f 2904//2616 2070//1866 477//440 1570//1422
f 2069//1865 2904//2616 1570//1422 226//214
f 478//441 1611//1463 2905//2617 2071//1867
f 186//174 2069//1865 2905//2617 1611//1463
f 226//214 2071//1867 2905//2617 2069//1865
f 477//440 2070//1866 2906//2618 2072//1868
f 2070//1866 184//172 1016//923 2906//2618
f 2906//2618 1016//923 182//170 2073//1869
f 2072//1868 2906//2618 2073//1869 476//439
f 181//169 2074//1870 2907//2619 1015//922
f 2074//1870 492//455 1625//1477 2907//2619
f 2907//2619 1625//1477 494//457 2075//1871
f 1015//922 2907//2619 2075//1871 179//167
f 476//439 2073//1869 2908//2620 1565//1417
f 2073//1869 182//170 1013//920 2908//2620
f 2908//2620 1013//920 180//168 2076//1872
f 1565//1417 2908//2620 2076//1872 239//227
f 494//457 1628//1480 2909//2621 2077//1873
f 1628//1480 496//459 2078//1874 2909//2621
f 2909//2621 2078//1874 729//666 2079//1875
f 2077//1873 2909//2621 2079//1875 177//165
f 179//167 2075//1871 2910//2622 1012//919
f 494//457 2077//1873 2910//2622 2075//1871
f 177//165 1012//919 2910//2622 2077//1873
f 724//661 2081//1877 2911//2623 2080//1876
f 729//666 2078//1874 2911//2623 2081//1877
f 496//459 2080//1876 2911//2623 2078//1874
f 180//168 1010//917 2912//2624 2082//1878
f 1010//917 178//166 2083//1879 2912//2624
f 2912//2624 2083//1879 730//667 2084//1880
f 2082//1878 2912//2624 2084//1880 237//225
f 239//227 2076//1872 2913//2625 1107//1013
f 180//168 2082//1878 2913//2625 2076//1872
f 237//225 1107//1013 2913//2625 2082//1878
f 730//667 2083//1879 2914//2626 2085//1881
f 178//166 1007//914 2914//2626 2083//1879
f 175//163 2085//1881 2914//2626 1007//914
f 723//660 2063//1859 2915//2627 2086//1882
f 2063//1859 725//662 2087//1883 2915//2627
f 2915//2627 2087//1883 173//161 1005//912
f 2086//1882 2915//2627 1005//912 176//164
f 729//666 2081//1877 2916//2628 2088//1884
f 2081//1877 724//661 2059//1855 2916//2628
f 2916//2628 2059//1855 723//660 2086//1882
f 2088//1884 2916//2628 2086//1882 176//164
f 175//163 1006//913 2917//2629 2089//1885
f 1006//913 174//162 2090//1886 2917//2629
f 2917//2629 2090//1886 249//237 1123//1029
f 2089//1885 2917//2629 1123//1029 238//226
f 236//224 2091//1887 2918//2630 1105//1011
f 2091//1887 730//667 2085//1881 2918//2630
f 2918//2630 2085//1881 175//163 2089//1885
f 1105//1011 2918//2630 2089//1885 238//226
f 173//161 2087//1883 2919//2631 1003//910
f 725//662 2092//1888 2919//2631 2087//1883
f 171//159 1003//910 2919//2631 2092//1888
f 249//237 2090//1886 2920//2632 2093//1889
f 174//162 1001//908 2920//2632 2090//1886
f 172//160 2093//1889 2920//2632 1001//908
f 248//236 1124//1030 2921//2633 2094//1890
f 1124//1030 249//237 2093//1889 2921//2633
f 2921//2633 2093//1889 172//160 998//905
f 2094//1890 2921//2633 998//905 170//158
f 169//157 2095//1891 2922//2634 997//904
f 2095//1891 726//663 2067//1863 2922//2634
f 2922//2634 2067//1863 728//665 2096//1892
f 997//904 2922//2634 2096//1892 168//156
f 247//235 1120//1026 2923//2635 2097//1893
f 1120//1026 248//236 2094//1890 2923//2635
f 2923//2635 2094//1890 170//158 995//903
f 2097//1893 2923//2635 995//903 167//155
f 728//665 2098//1894 2924//2636 2096//1892
f 165//153 993//901 2924//2636 2098//1894
f 168//156 2096//1892 2924//2636 993//901
f 166//154 2099//1895 2925//2637 994//902
f 247//235 2097//1893 2925//2637 2099//1895
f 167//155 994//902 2925//2637 2097//1893
f 720//657 2065//1861 2926//2638 2100//1896
f 2065//1861 727//664 2101//1897 2926//2638
f 2926//2638 2101//1897 731//668 2102//1898
f 2100//1896 2926//2638 2102//1898 164//152
f 165//153 2098//1894 2927//2639 991//899
f 2098//1894 728//665 2066//1862 2927//2639
f 2927//2639 2066//1862 720//657 2100//1896
f 991//899 2927//2639 2100//1896 164//152
f 731//668 2101//1897 2928//2640 2103//1899
f 727//664 2104//1900 2928//2640 2101//1897
f 716//653 2103//1899 2928//2640 2104//1900
f 163//151 2106//1902 2929//2641 2105//1901
f 2106//1902 732//669 2107//1903 2929//2641
f 2929//2641 2107//1903 246//234 1117//1023
f 2105//1901 2929//2641 1117//1023 244//232
f 247//235 2099//1895 2930//2642 1121//1027
f 2099//1895 166//154 989//897 2930//2642
f 2930//2642 989//897 163//151 2105//1901
f 1121//1027 2930//2642 2105//1901 244//232
f 162//150 2108//1904 2931//2643 988//896
f 732//669 2106//1902 2931//2643 2108//1904
f 163//151 988//896 2931//2643 2106//1902
f 716//653 2045//1841 2932//2644 2109//1905
f 2045//1841 522//485 2048//1844 2932//2644
f 2932//2644 2048//1844 717//654 2110//1906
f 2109//1905 2932//2644 2110//1906 160//148
f 161//149 2111//1907 2933//2645 985//893
f 2111//1907 731//668 2103//1899 2933//2645
f 2933//2645 2103//1899 716//653 2109//1905
f 985//893 2933//2645 2109//1905 160//148
f 159//147 2113//1909 2934//2646 2112//1908
f 2113//1909 475//438 1556//1408 2934//2646
f 2934//2646 1556//1408 474//437 1559//1411
f 2112//1908 2934//2646 1559//1411 252//240
f 732//669 2108//1904 2935//2647 2114//1910
f 2108//1904 162//150 983//891 2935//2647
f 2935//2647 983//891 159//147 2112//1908
f 2114//1910 2935//2647 2112//1908 252//240
f 717//654 2115//1911 2936//2648 2110//1906
f 157//145 981//889 2936//2648 2115//1911
f 160//148 2110//1906 2936//2648 981//889
f 158//146 2116//1912 2937//2649 982//890
f 475//438 2113//1909 2937//2649 2116//1912
f 159//147 982//890 2937//2649 2113//1909
f 520//483 2046//1842 2938//2650 2117//1913
f 2046//1842 711//648 2020//1816 2938//2650
f 2938//2650 2020//1816 710//647 2118//1914
f 2117//1913 2938//2650 2118//1914 155//143
f 157//145 2115//1911 2939//2651 979//887
f 2115//1911 717//654 2047//1843 2939//2651
f 2939//2651 2047//1843 520//483 2117//1913
f 979//887 2939//2651 2117//1913 155//143
f 156//144 2120//1916 2940//2652 2119//1915
f 2120//1916 451//414 1503//1355 2940//2652
f 2940//2652 1503//1355 279//267 1175//1081
f 2119//1915 2940//2652 1175//1081 281//269
f 475//438 2116//1912 2941//2653 1557//1409
f 2116//1912 158//146 977//885 2941//2653
f 2941//2653 977//885 156//144 2119//1915
f 1557//1409 2941//2653 2119//1915 281//269
f 155//143 2118//1914 2942//2654 976//884
f 2118//1914 710//647 2018//1814 2942//2654
f 2942//2654 2018//1814 709//646 2121//1917
f 976//884 2942//2654 2121//1917 153//141
f 450//413 1502//1354 2943//2655 2122//1918
f 1502//1354 451//414 2120//1916 2943//2655
f 2943//2655 2120//1916 156//144 974//882
f 2122//1918 2943//2655 974//882 154//142
f 449//412 1500//1352 2944//2656 2123//1919
f 1500//1352 450//413 2122//1918 2944//2656
f 2944//2656 2122//1918 154//142 971//879
f 2123//1919 2944//2656 971//879 152//140
f 448//408 1497//408 2945//1920 2124//1920
f 1497//408 449//412 2123//1919 2945//1920
f 2945//1920 2123//1919 152//140 968//138
f 2124//1920 2945//1920 968//138 150//138
f 149//137 2125//1921 2946//1921 967//137
f 2125//1921 699//639 1964//639 2946//1921
f 2946//1921 1964//639 698//639 2126//1921
f 967//137 2946//1921 2126//1921 147//137
f 733//408 2128//408 2947//1920 2127//1920
f 2128//408 448//408 2124//1920 2947//1920
f 2947//1920 2124//1920 150//138 965//138
f 2127//1920 2947//1920 965//138 148//138
f 443//408 2130//408 2948//1920 2129//1920
f 2130//408 733//408 2127//1920 2948//1920
f 2948//1920 2127//1920 148//138 962//138
f 2129//1920 2948//1920 962//138 146//138
f 145//137 2131//1921 2949//1921 961//137
f 2131//1921 695//639 1959//639 2949//1921
f 2949//1921 1959//639 696//639 2132//1921
f 961//137 2949//1921 2132//1921 143//137
f 442//408 1480//408 2950//1920 2133//1920
f 1480//408 443//408 2129//1920 2950//1920
f 2950//1920 2129//1920 146//138 959//138
f 2133//1920 2950//1920 959//138 144//138
f 143//137 2132//1921 2951//1921 958//137
f 2132//1921 696//639 1968//639 2951//1921
f 2951//1921 1968//639 701//640 2134//1922
f 958//137 2951//1921 2134//1922 141//135
f 327//295 2136//408 2952//1920 2135//1923
f 2136//408 442//408 2133//1920 2952//1920
f 2952//1920 2133//1920 144//138 956//138
f 2135//1923 2952//1920 956//138 142//136
f 326//294 1244//1116 2953//2657 2137//1924
f 1244//1116 327//295 2135//1923 2953//2657
f 2953//2657 2135//1923 142//136 953//874
f 2137//1924 2953//2657 953//874 140//134
f 139//133 2138//1925 2954//2658 952//873
f 2138//1925 702//641 1978//1780 2954//2658
f 2954//2658 1978//1780 705//642 2139//1926
f 952//873 2954//2658 2139//1926 137//131
f 435//403 1458//1330 2955//2659 2140//1927
f 1458//1330 326//294 2137//1924 2955//2659
f 2955//2659 2137//1924 140//134 950//871
f 2140//1927 2955//2659 950//871 138//132
f 705//642 1979//1781 2956//2660 2141//1928
f 1979//1781 676//631 1926//1759 2956//2660
f 2956//2660 1926//1759 672//627 2142//1929
f 2141//1928 2956//2660 2142//1929 136//130
f 137//131 2139//1926 2957//2661 949//870
f 705//642 2141//1928 2957//2661 2139//1926
f 136//130 949//870 2957//2661 2141//1928
f 435//403 2140//1927 2958//2662 2143//1930
f 2140//1927 138//132 947//868 2958//2662
f 2958//2662 947//868 135//129 2144//1931
f 2143//1930 2958//2662 2144//1931 331//299
f 330//298 1457//1329 2959//2663 1252//1124
f 435//403 2143//1930 2959//2663 1457//1329
f 331//299 1252//1124 2959//2663 2143//1930
f 672//627 1922//1755 2960//2664 2142//1929
f 1922//1755 673//628 2145//1932 2960//2664
f 2960//2664 2145//1932 133//127 945//866
f 2142//1929 2960//2664 945//866 136//130
f 135//129 946//867 2961//2665 2144//1931
f 946//867 134//128 2146//1933 2961//2665
f 2961//2665 2146//1933 334//302 1256//1128
f 2144//1931 2961//2665 1256//1128 331//299
f 133//127 2145//1932 2962//2666 943//864
f 2145//1932 673//628 1924//1757 2962//2666
f 2962//2666 1924//1757 675//630 2147//1934
f 943//864 2962//2666 2147//1934 132//126
f 334//302 2146//1933 2963//2667 1259//1131
f 2146//1933 134//128 941//862 2963//2667
f 2963//2667 941//862 131//125 2148//1935
f 1259//1131 2963//2667 2148//1935 335//303
f 129//123 2149//1936 2964//2668 937//858
f 2149//1936 625//580 1841//1674 2964//2668
f 2964//2668 1841//1674 624//579 2150//1937
f 937//858 2964//2668 2150//1937 128//122
f 338//306 2151//1938 2965//2669 1266//1138
f 2151//1938 130//124 935//856 2965//2669
f 2965//2669 935//856 127//121 2152//1939
f 1266//1138 2965//2669 2152//1939 339//307
f 622//577 1888//1721 2966//2670 2153//1940
f 1888//1721 653//608 2154//1941 2966//2670
f 2966//2670 2154//1941 125//119 933//854
f 2153//1940 2966//2670 933//854 128//122
f 624//579 1838//1671 2967//2671 2150//1937
f 622//577 2153//1940 2967//2671 1838//1671
f 128//122 2150//1937 2967//2671 2153//1940
f 127//121 934//855 2968//2672 2155//1942
f 934//855 126//120 2156//1943 2968//2672
f 2968//2672 2156//1943 402//370 1371//1243
f 2155//1942 2968//2672 1371//1243 400//368
f 339//307 2152//1939 2969//2673 2157//1944
f 127//121 2155//1942 2969//2673 2152//1939
f 400//368 2157//1944 2969//2673 2155//1942
f 402//370 2156//1943 2970//2674 2158//1945
f 126//120 929//850 2970//2674 2156//1943
f 124//118 2158//1945 2970//2674 929//850
f 123//117 2159//1946 2971//2675 928//849
f 2159//1946 653//608 1887//1720 2971//2675
f 2971//2675 1887//1720 654//609 2160//1947
f 928//849 2971//2675 2160//1947 122//116
f 401//369 1372//1244 2972//2676 2161//1948
f 1372//1244 402//370 2158//1945 2972//2676
f 2972//2676 2158//1945 124//118 926//847
f 2161//1948 2972//2676 926//847 121//115
f 654//609 2162//1949 2973//2677 2160//1947
f 119//113 924//845 2973//2677 2162//1949
f 122//116 2160//1947 2973//2677 924//845
f 120//114 2163//1950 2974//2678 925//846
f 401//369 2161//1948 2974//2678 2163//1950
f 121//115 925//846 2974//2678 2161//1948
f 654//609 1886//1719 2975//2679 2164//1951
f 1886//1719 621//576 1843//1676 2975//2679
f 2975//2679 1843//1676 626//581 2165//1952
f 2164//1951 2975//2679 2165//1952 118//112
f 119//113 2162//1949 2976//2680 922//843
f 654//609 2164//1951 2976//2680 2162//1949
f 118//112 922//843 2976//2680 2164//1951
f 401//369 2163//1950 2977//2681 2166//1953
f 2163//1950 120//114 920//841 2977//2681
f 2977//2681 920//841 117//111 2167//1954
f 2166//1953 2977//2681 2167//1954 398//366
f 399//367 1373//1245 2978//2682 1367//1239
f 401//369 2166//1953 2978//2682 1373//1245
f 398//366 1367//1239 2978//2682 2166//1953
f 117//111 919//840 2979//2683 2167//1954
f 919//840 116//110 2168//1955 2979//2683
f 2979//2683 2168//1955 403//371 2169//1956
f 2167//1954 2979//2683 2169//1956 398//366
f 628//583 1850//1683 2980//2684 2170//1957
f 1850//1683 629//584 1885//1718 2980//2684
f 2980//2684 1885//1718 651//606 2171//1958
f 2170//1957 2980//2684 2171//1958 114//108
f 115//109 2172//1959 2981//2685 916//837
f 628//583 2170//1957 2981//2685 2172//1959
f 114//108 916//837 2981//2685 2170//1957
f 113//107 2174//1961 2982//2686 2173//1960
f 2174//1961 408//376 1384//1256 2982//2686
f 2982//2686 1384//1256 404//372 1374//1246
f 2173//1960 2982//2686 1374//1246 403//371
f 116//110 914//835 2983//2687 2168//1955
f 113//107 2173//1960 2983//2687 914//835
f 403//371 2168//1955 2983//2687 2173//1960
f 651//606 2175//1962 2984//2688 2171//1958
f 112//106 912//833 2984//2688 2175//1962
f 114//108 2171//1958 2984//2688 912//833
f 111//105 2176//1963 2985//2689 913//834
f 408//376 2174//1961 2985//2689 2176//1963
f 113//107 913//834 2985//2689 2174//1961
f 651//606 1884//1717 2986//2690 2175//1962
f 1884//1717 652//607 2177//1964 2986//2690
f 2986//2690 2177//1964 109//103 909//830
f 2175//1962 2986//2690 909//830 112//106
f 110//104 2178//1965 2987//2691 910//831
f 2178//1965 407//375 1385//1257 2987//2691
f 2987//2691 1385//1257 408//376 2176//1963
f 910//831 2987//2691 2176//1963 111//105
f 407//375 2178//1965 2988//2692 2179//1966
f 110//104 905//826 2988//2692 2178//1965
f 107//101 2179//1966 2988//2692 905//826
f 631//586 1856//1689 2989//2693 2180//1967
f 1856//1689 633//588 2181//1968 2989//2693
f 2989//2693 2181//1968 106//100 903//824
f 2180//1967 2989//2693 903//824 108//102
f 652//607 1883//1716 2990//2694 2182//1969
f 631//586 2180//1967 2990//2694 1883//1716
f 108//102 2182//1969 2990//2694 2180//1967
f 107//101 904//825 2991//2695 2183//1970
f 904//825 105//99 2184//1971 2991//2695
f 2991//2695 2184//1971 415//383 2185//1972
f 2183//1970 2991//2695 2185//1972 406//374
f 407//375 2179//1966 2992//2696 1386//1258
f 107//101 2183//1970 2992//2696 2179//1966
f 406//374 1386//1258 2992//2696 2183//1970
f 633//588 1859//1692 2993//2697 2181//1968
f 1859//1692 635//590 2186//1973 2993//2697
f 2993//2697 2186//1973 104//98 900//821
f 2181//1968 2993//2697 900//821 106//100
f 105//99 901//822 2994//2698 2184//1971
f 901//822 103//97 2187//1974 2994//2698
f 2994//2698 2187//1974 416//384 1403//1275
f 2184//1971 2994//2698 1403//1275 415//383
f 103//97 898//819 2995//2699 2187//1974
f 898//819 102//96 2188//1975 2995//2699
f 2995//2699 2188//1975 420//388 2189//1976
f 2187//1974 2995//2699 2189//1976 416//384
f 637//592 1865//1698 2996//2700 2190//1977
f 1865//1698 639//594 1879//1712 2996//2700
f 2996//2700 1879//1712 648//603 2191//1978
f 2190//1977 2996//2700 2191//1978 100//94
f 101//95 2192//1979 2997//2701 895//816
f 637//592 2190//1977 2997//2701 2192//1979
f 100//94 895//816 2997//2701 2190//1977
f 99//93 2194//1981 2998//2702 2193//1980
f 2194//1981 424//392 1420//1292 2998//2702
f 2998//2702 1420//1292 421//389 1413//1285
f 2193//1980 2998//2702 1413//1285 420//388
f 102//96 893//814 2999//2703 2188//1975
f 99//93 2193//1980 2999//2703 893//814
f 420//388 2188//1975 2999//2703 2193//1980
f 648//603 2195//1982 3000//2704 2191//1978
f 98//92 891//812 3000//2704 2195//1982
f 100//94 2191//1978 3000//2704 891//812
f 97//91 2196//1983 3001//2705 892//813
f 424//392 2194//1981 3001//2705 2196//1983
f 99//93 892//813 3001//2705 2194//1981
f 648//603 1878//1711 3002//2706 2195//1982
f 1878//1711 649//604 2197//1984 3002//2706
f 3002//2706 2197//1984 95//89 888//809
f 2195//1982 3002//2706 888//809 98//92
f 96//90 2198//1985 3003//2707 889//810
f 2198//1985 423//391 1421//1293 3003//2707
f 3003//2707 1421//1293 424//392 2196//1983
f 889//810 3003//2707 2196//1983 97//91
f 423//391 2198//1985 3004//2708 2199//1986
f 96//90 884//805 3004//2708 2198//1985
f 93//87 2199//1986 3004//2708 884//805
f 641//596 1871//1704 3005//2709 2200//1987
f 1871//1704 643//598 2201//1988 3005//2709
f 3005//2709 2201//1988 91//85 882//803
f 2200//1987 3005//2709 882//803 94//88
f 649//604 1877//1710 3006//2710 2202//1989
f 641//596 2200//1987 3006//2710 1877//1710
f 94//88 2202//1989 3006//2710 2200//1987
f 93//87 883//804 3007//2711 2203//1990
f 883//804 92//86 2204//1991 3007//2711
f 3007//2711 2204//1991 380//348 2205//1992
f 2203//1990 3007//2711 2205//1992 422//390
f 423//391 2199//1986 3008//2712 1422//1294
f 93//87 2203//1990 3008//2712 2199//1986
f 422//390 1422//1294 3008//2712 2203//1990
f 91//85 2201//1988 3009//2713 880//801
f 2201//1988 643//598 1872//1705 3009//2713
f 3009//2713 1872//1705 645//600 2206//1993
f 880//801 3009//2713 2206//1993 90//84
f 380//348 2204//1991 3010//2714 1337//1209
f 2204//1991 92//86 878//799 3010//2714
f 3010//2714 878//799 89//83 2207//1994
f 1337//1209 3010//2714 2207//1994 368//336
f 87//81 2208//1995 3011//2715 874//795
f 593//548 2209//1996 3011//2715 2208//1995
f 86//80 874//795 3011//2715 2209//1996
f 379//347 2211//1998 3012//2716 2210//1997
f 88//82 872//793 3012//2716 2211//1998
f 85//79 2210//1997 3012//2716 872//793
f 593//548 1790//1623 3013//2717 2209//1996
f 1790//1623 594//549 2212//1999 3013//2717
f 3013//2717 2212//1999 84//78 870//791
f 2209//1996 3013//2717 870//791 86//80
f 83//77 2213//2000 3014//2718 871//792
f 2213//2000 378//346 1334//1206 3014//2718
f 3014//2718 1334//1206 379//347 2210//1997
f 871//792 3014//2718 2210//1997 85//79
f 82//76 2214//2001 3015//2719 868//789
f 378//346 2213//2000 3015//2719 2214//2001
f 83//77 868//789 3015//2719 2213//2000
f 594//549 1789//1622 3016//2720 2215//2002
f 1789//1622 592//547 2216//2003 3016//2720
f 3016//2720 2216//2003 734//670 2217//2004
f 2215//2002 3016//2720 2217//2004 80//74
f 81//75 2218//2005 3017//2721 865//786
f 594//549 2215//2002 3017//2721 2218//2005
f 80//74 865//786 3017//2721 2215//2002
f 77//71 2219//2006 3018//2722 859//780
f 2219//2006 735//671 2220//2007 3018//2722
f 3018//2722 2220//2007 581//536 2221//2008
f 859//780 3018//2722 2221//2008 76//70
f 376//344 2222//2009 3019//2723 1329//1201
f 2222//2009 78//72 857//778 3019//2723
f 3019//2723 857//778 75//69 2223//2010
f 1329//1201 3019//2723 2223//2010 375//343
f 75//69 856//777 3020//2724 2223//2010
f 856//777 74//68 2224//2011 3020//2724
f 3020//2724 2224//2011 427//395 2225//2012
f 2223//2010 3020//2724 2225//2012 375//343
f 73//67 2226//2013 3021//2725 853//774
f 2226//2013 580//535 1767//1600 3021//2725
f 3021//2725 1767//1600 577//532 2227//2014
f 853//774 3021//2725 2227//2014 72//66
f 427//395 2224//2011 3022//2726 1431//1303
f 2224//2011 74//68 851//772 3022//2726
f 3022//2726 851//772 71//65 2228//2015
f 1431//1303 3022//2726 2228//2015 426//394
f 573//528 1755//1588 3023//2727 2229//2016
f 1755//1588 572//527 2230//2017 3023//2727
f 3023//2727 2230//2017 70//64 849//770
f 2229//2016 3023//2727 849//770 72//66
f 577//532 1763//1596 3024//2728 2227//2014
f 573//528 2229//2016 3024//2728 1763//1596
f 72//66 2227//2014 3024//2728 2229//2016
f 69//63 2232//2019 3025//2729 2231//2018
f 2232//2019 437//404 1466//1336 3025//2729
f 3025//2729 1466//1336 431//399 1437//1309
f 2231//2018 3025//2729 1437//1309 426//394
f 71//65 850//771 3026//2730 2228//2015
f 69//63 2231//2018 3026//2730 850//771
f 426//394 2228//2015 3026//2730 2231//2018
f 67//61 2233//2020 3027//2731 847//768
f 2233//2020 438//405 1468//1338 3027//2731
f 3027//2731 1468//1338 437//404 2232//2019
f 847//768 3027//2731 2232//2019 69//63
f 65//59 2234//2021 3028//2732 844//765
f 2234//2021 439//406 1470//1340 3028//2732
f 3028//2732 1470//1340 438//405 2233//2020
f 844//765 3028//2732 2233//2020 67//61
f 568//523 1747//520 3029//2023 2235//2022
f 1747//520 566//520 2236//2023 3029//2023
f 3029//2023 2236//2023 64//58 840//58
f 2235//2022 3029//2023 840//58 66//60
f 63//57 2237//2024 3030//2024 841//57
f 2237//2024 441//407 2238//407 3030//2024
f 3030//2024 2238//407 439//406 2234//2021
f 841//57 3030//2024 2234//2021 65//59
f 566//520 1744//520 3031//2023 2236//2023
f 1744//520 564//520 2239//2023 3031//2023
f 3031//2023 2239//2023 62//58 837//58
f 2236//2023 3031//2023 837//58 64//58
f 61//57 2240//2024 3032//2024 838//57
f 2240//2024 440//407 1473//407 3032//2024
f 3032//2024 1473//407 441//407 2237//2024
f 838//57 3032//2024 2237//2024 63//57
f 59//57 2241//2024 3033//2024 835//57
f 2241//2024 736//407 2242//407 3033//2024
f 3033//2024 2242//407 440//407 2240//2024
f 835//57 3033//2024 2240//2024 61//57
f 562//520 1738//520 3034//2023 2243//2023
f 1738//520 558//520 2244//2023 3034//2023
f 3034//2023 2244//2023 58//58 831//58
f 2243//2023 3034//2023 831//58 60//58
f 57//57 2245//2024 3035//2024 832//57
f 2245//2024 445//407 2246//407 3035//2024
f 3035//2024 2246//407 736//407 2241//2024
f 832//57 3035//2024 2241//2024 59//57
f 55//55 2247//2025 3036//2024 829//57
f 2247//2025 444//409 1486//407 3036//2024
f 3036//2024 1486//407 445//407 2245//2024
f 829//57 3036//2024 2245//2024 57//57
f 559//521 1736//1580 3037//2733 2248//2026
f 1736//1580 560//522 2249//2027 3037//2733
f 3037//2733 2249//2027 54//54 825//759
f 2248//2026 3037//2733 825//759 56//56
f 53//53 2250//2028 3038//2734 826//760
f 2250//2028 446//410 1488//1345 3038//2734
f 3038//2734 1488//1345 444//409 2247//2025
f 826//760 3038//2734 2247//2025 55//55
f 51//51 2251//2029 3039//2735 823//757
f 2251//2029 447//411 1490//1347 3039//2735
f 3039//2735 1490//1347 446//410 2250//2028
f 823//757 3039//2735 2250//2028 53//53
f 531//494 1699//1551 3040//2736 2252//2030
f 1699//1551 537//500 2253//2031 3040//2736
f 3040//2736 2253//2031 49//49 819//753
f 2252//2030 3040//2736 819//753 52//52
f 712//649 2026//1822 3041//2737 2254//2032
f 2026//1822 536//499 1696//1548 3041//2737
f 3041//2737 1696//1548 531//494 2252//2030
f 2254//2032 3041//2737 2252//2030 52//52
f 51//51 820//754 3042//2738 2255//2033
f 820//754 50//50 2256//2034 3042//2738
f 3042//2738 2256//2034 452//415 1507//1359
f 2255//2033 3042//2738 1507//1359 267//255
f 270//258 1506//1358 3043//2739 1158//1064
f 1506//1358 447//411 2251//2029 3043//2739
f 3043//2739 2251//2029 51//51 2255//2033
f 1158//1064 3043//2739 2255//2033 267//255
f 452//415 2256//2034 3044//2740 2257//2035
f 50//50 815//749 3044//2740 2256//2034
f 47//47 2257//2035 3044//2740 815//749
f 534//497 2259//2037 3045//2741 2258//2036
f 2259//2037 737//672 2260//2038 3045//2741
f 3045//2741 2260//2038 45//45 813//747
f 2258//2036 3045//2741 813//747 48//48
f 537//500 1698//1550 3046//2742 2261//2039
f 1698//1550 532//495 1691//1543 3046//2742
f 3046//2742 1691//1543 534//497 2258//2036
f 2261//2039 3046//2742 2258//2036 48//48
f 738//673 2263//2041 3047//2743 2262//2040
f 737//672 2259//2037 3047//2743 2263//2041
f 534//497 2262//2040 3047//2743 2259//2037
f 47//47 814//748 3048//2744 2264//2042
f 814//748 46//46 2265//2043 3048//2744
f 3048//2744 2265//2043 485//448 1593//1445
f 2264//2042 3048//2744 1593//1445 484//447
f 269//257 1508//1360 3049//2745 2266//2044
f 1508//1360 452//415 2257//2035 3049//2745
f 3049//2745 2257//2035 47//47 2264//2042
f 2266//2044 3049//2745 2264//2042 484//447
f 45//45 2260//2038 3050//2746 811//745
f 737//672 2267//2045 3050//2746 2260//2038
f 44//44 811//745 3050//2746 2267//2045
f 485//448 2265//2043 3051//2747 2268//2046
f 46//46 809//743 3051//2747 2265//2043
f 43//43 2268//2046 3051//2747 809//743
f 204//192 2269//2047 3052//2748 1051//957
f 42//42 803//737 3052//2748 2269//2047
f 41//41 1051//957 3052//2748 803//737
f 38//38 800//734 3053//2749 805//739
f 800//734 39//39 1043//761 3053//2749
f 3053//2749 1043//761 201//189 1049//955
f 805//739 3053//2749 1049//955 41//41
f 1//1 2271//2049 3054//2750 2270//2048
f 2271//2049 486//449 2272//2050 3054//2750
f 3054//2750 2272//2050 37//37 795//729
f 2270//2048 3054//2750 795//729 35//35
f 27//27 783//717 3055//2751 2035//1831
f 783//717 28//28 788//722 3055//2751
f 3055//2751 788//722 31//31 1693//1545
f 2035//1831 3055//2751 1693//1545 535//498
f 8//8 2274//2052 3056//2752 2273//2051
f 24//24 776//710 3056//2752 2274//2052
f 21//21 2273//2051 3056//2752 776//710
f 22//22 774//708 3057//2753 2039//1835
f 774//708 23//23 781//715 3057//2753
f 3057//2753 781//715 27//27 2034//1830
f 2039//1835 3057//2753 2034//1830 715//652
f 515//478 1660//1512 3058//2754 2029//1825
f 1660//1512 20//20 769//703 3058//2754
f 3058//2754 769//703 18//18 2037//1833
f 2029//1825 3058//2754 2037//1833 713//650
f 15//15 1618//1470 3059//2755 764//698
f 490//453 2275//2053 3059//2755 1618//1470
f 14//14 764//698 3059//2755 2275//2053
f 189//177 2276//2054 3060//2756 1027//934
f 2276//2054 10//10 756//690 3060//2756
f 3060//2756 756//690 12//12 2277//2055
f 1027//934 3060//2756 2277//2055 187//175
f 191//179 2278//2056 3061//2757 1030//937
f 2278//2056 11//11 753//687 3061//2757
f 3061//2757 753//687 10//10 2276//2054
f 1030//937 3061//2757 2276//2054 189//177
f 6//6 2279//2057 3062//2758 752//686
f 2279//2057 26//26 778//712 3062//2758
f 3062//2758 778//712 24//24 2274//2052
f 752//686 3062//2758 2274//2052 8//8
f 5//5 754//688 3063//2759 747//681
f 11//11 2280//2058 3063//2759 754//688
f 4//4 747//681 3063//2759 2280//2058
f 7//7 749//683 3064//2760 2281//2059
f 749//683 3//3 2282//2060 3064//2760
f 3064//2760 2282//2060 33//33 789//723
f 2281//2059 3064//2760 789//723 30//30
f 26//26 2279//2057 3065//2761 2283//2061
f 6//6 745//679 3065//2761 2279//2057
f 7//7 2283//2061 3065//2761 745//679
f 487//450 2285//2063 3066//2762 2284//2062
f 2//2 748//682 3066//2762 2285//2063
f 4//4 2284//2062 3066//2762 748//682
f 13//13 757//691 3067//2763 2286//2064
f 757//691 9//9 750//684 3067//2763
f 3067//2763 750//684 8//8 2273//2051
f 2286//2064 3067//2763 2273//2051 21//21
f 17//17 765//699 3068//2764 772//706
f 13//13 2286//2064 3068//2764 765//699
f 21//21 772//706 3068//2764 2286//2064
f 33//33 2282//2060 3069//2765 793//727
f 2282//2060 3//3 741//675 3069//2765
f 3069//2765 741//675 1//1 2270//2048
f 793//727 3069//2765 2270//2048 35//35
f 25//25 779//713 3070//2766 785//719
f 779//713 26//26 2283//2061 3070//2766
f 3070//2766 2283//2061 7//7 2281//2059
f 785//719 3070//2766 2281//2059 30//30
f 19//19 775//709 3071//2767 768//702
f 22//22 2038//1834 3071//2767 775//709
f 18//18 768//702 3071//2767 2038//1834
f 738//673 2288//2066 3072//2768 2287//2065
f 32//32 792//726 3072//2768 2288//2066
f 34//34 2287//2065 3072//2768 792//726
f 29//29 791//725 3073//2769 2289//2067
f 791//725 32//32 2288//2066 3073//2769
f 3073//2769 2288//2066 738//673 2262//2040
f 2289//2067 3073//2769 2262//2040 534//497
f 533//496 1694//1546 3074//2770 1692//1544
f 1694//1546 31//31 787//721 3074//2770
f 3074//2770 787//721 29//29 2289//2067
f 1692//1544 3074//2770 2289//2067 534//497
f 535//498 1695//1547 3075//2771 2036//1832
f 1695//1547 530//493 1683//1535 3075//2771
f 3075//2771 1683//1535 528//491 2031//1827
f 2036//1832 3075//2771 2031//1827 714//651
f 1//1 743//677 3076//2772 2290//2068
f 743//677 2//2 2285//2063 3076//2772
f 3076//2772 2285//2063 487//450 1601//1453
f 2290//2068 3076//2772 1601//1453 196//184
f 197//185 1599//1451 3077//2773 1039//946
f 1599//1451 486//449 2271//2049 3077//2773
f 3077//2773 2271//2049 1//1 2290//2068
f 1039//946 3077//2773 2290//2068 196//184
f 487//450 2284//2062 3078//2774 2291//2069
f 2284//2062 4//4 2280//2058 3078//2774
f 3078//2774 2280//2058 11//11 2278//2056
f 2291//2069 3078//2774 2278//2056 191//179
f 193//181 1602//1454 3079//2775 1033//940
f 487//450 2291//2069 3079//2775 1602//1454
f 191//179 1033//940 3079//2775 2291//2069
f 37//37 2272//2050 3080//2776 799//733
f 2272//2050 486//449 1598//1450 3080//2776
f 3080//2776 1598//1450 200//188 1044//950
f 799//733 3080//2776 1044//950 39//39
f 34//34 797//731 3081//2777 2292//2070
f 797//731 36//36 802//736 3081//2777
f 3081//2777 802//736 40//40 807//741
f 2292//2070 3081//2777 807//741 44//44
f 737//672 2263//2041 3082//2778 2267//2045
f 2263//2041 738//673 2287//2065 3082//2778
f 3082//2778 2287//2065 34//34 2292//2070
f 2267//2045 3082//2778 2292//2070 44//44
f 49//49 2253//2031 3083//2779 817//751
f 537//500 2261//2039 3083//2779 2253//2031
f 48//48 817//751 3083//2779 2261//2039
f 153//141 2121//1917 3084//2780 973//881
f 2121//1917 709//646 2016//1812 3084//2780
f 3084//2780 2016//1812 708//645 2293//2071
f 973//881 3084//2780 2293//2071 151//139
f 195//183 1604//1456 3085//2781 2294//2072
f 1604//1456 482//445 1586//1438 3085//2781
f 3085//2781 1586//1438 216//204 1070//976
f 2294//2072 3085//2781 1070//976 217//205
f 203//191 1600//1452 3086//2782 2295//2073
f 1600//1452 198//186 1037//944 3086//2782
f 3086//2782 1037//944 195//183 2294//2072
f 2295//2073 3086//2782 2294//2072 217//205
f 481//444 1583//1435 3087//2783 1607//1459
f 214//202 1065//971 3087//2783 1583//1435
f 215//203 1607//1459 3087//2783 1065//971
f 222//210 1576//1428 3088//2784 1082//988
f 479//442 1612//1464 3088//2784 1576//1428
f 223//211 1082//988 3088//2784 1612//1464
f 202//190 1047//953 3089//2785 1053//959
f 1047//953 203//191 2295//2073 3089//2785
f 3089//2785 2295//2073 217//205 1596//1448
f 1053//959 3089//2785 1596//1448 206//194
f 211//199 1588//1440 3090//2786 1063//969
f 1588//1440 462//425 1525//1377 3090//2786
f 3090//2786 1525//1377 456//419 1595//1447
f 1063//969 3090//2786 1595//1447 210//198
f 221//209 1081//987 3091//2787 2296//2074
f 1081//987 224//212 1573//1425 3091//2787
f 3091//2787 1573//1425 463//426 1530//1382
f 2296//2074 3091//2787 1530//1382 459//422
f 460//423 1579//1431 3092//2788 1524//1376
f 221//209 2296//2074 3092//2788 1579//1431
f 459//422 1524//1376 3092//2788 2296//2074
f 43//43 808//742 3093//2789 2297//2075
f 808//742 42//42 2269//2047 3093//2789
f 3093//2789 2269//2047 204//192 1052//958
f 2297//2075 3093//2789 1052//958 205//193
f 483//446 1594//1446 3094//2790 1597//1449
f 1594//1446 485//448 2268//2046 3094//2790
f 3094//2790 2268//2046 43//43 2297//2075
f 1597//1449 3094//2790 2297//2075 205//193
f 266//254 1156//1062 3095//2791 1592//1444
f 269//257 2266//2044 3095//2791 1156//1062
f 484//447 1592//1444 3095//2791 2266//2044
f 16//16 2299//2077 3096//2792 2298//2076
f 2299//2077 739//674 2300//2078 3096//2792
f 3096//2792 2300//2078 491//454 1620//1472
f 2298//2076 3096//2792 1620//1472 489//452
f 15//15 763//697 3097//2793 1619//1471
f 16//16 2298//2076 3097//2793 763//697
f 489//452 1619//1471 3097//2793 2298//2076
f 493//456 1623//1475 3098//2794 2301//2079
f 1623//1475 491//454 2300//2078 3098//2794
f 3098//2794 2300//2078 739//674 2302//2080
f 2301//2079 3098//2794 2302//2080 501//464
f 498//461 1631//1483 3099//2795 1637//1489
f 493//456 2301//2079 3099//2795 1631//1483
f 501//464 1637//1489 3099//2795 2301//2079
f 739//674 2303//2081 3100//2796 2302//2080
f 513//476 2304//2082 3100//2796 2303//2081
f 501//464 2302//2080 3100//2796 2304//2082
f 502//465 2306//2084 3101//2797 2305//2083
f 2306//2084 722//659 2060//1856 3101//2797
f 3101//2797 2060//1856 724//661 2080//1876
f 2305//2083 3101//2797 2080//1876 496//459
f 495//458 1630//1482 3102//2798 1629//1481
f 1630//1482 497//460 1638//1490 3102//2798
f 3102//2798 1638//1490 502//465 2305//2083
f 1629//1481 3102//2798 2305//2083 496//459
f 739//674 2299//2077 3103//2799 2307//2085
f 2299//2077 16//16 770//704 3103//2799
f 3103//2799 770//704 20//20 1659//1511
f 2307//2085 3103//2799 1659//1511 512//475
f 513//476 2303//2081 3104//2800 1656//1508
f 739//674 2307//2085 3104//2800 2303//2081
f 512//475 1656//1508 3104//2800 2307//2085
f 510//473 1649//1501 3105//2801 2308//2086
f 1649//1501 508//471 2068//1864 3105//2801
f 3105//2801 2068//1864 500//463 1636//1488
f 2308//2086 3105//2801 1636//1488 501//464
f 513//476 1655//1507 3106//2802 2304//2082
f 510//473 2308//2086 3106//2802 1655//1507
f 501//464 2304//2082 3106//2802 2308//2086
f 718//655 2058//1854 3107//2803 2052//1848
f 2058//1854 722//659 2306//2084 3107//2803
f 3107//2803 2306//2084 502//465 1640//1492
f 2052//1848 3107//2803 1640//1492 503//466
f 526//489 1677//1529 3108//2804 2309//2087
f 1677//1529 524//487 2310//2088 3108//2804
f 3108//2804 2310//2088 514//477 1657//1509
f 2309//2087 3108//2804 1657//1509 511//474
f 515//478 2028//1824 3109//2805 1661//1513
f 526//489 2309//2087 3109//2805 2028//1824
f 511//474 1661//1513 3109//2805 2309//2087
f 514//477 2310//2088 3110//2806 1663//1515
f 2310//2088 524//487 1674//1526 3110//2806
f 3110//2806 1674//1526 519//482 1666//1518
f 1663//1515 3110//2806 1666//1518 516//479
f 505//468 2049//1845 3111//2807 2311//2089
f 2049//1845 517//480 1668//1520 3111//2807
f 3111//2807 1668//1520 518//481 2044//1840
f 2311//2089 3111//2807 2044//1840 716//653
f 727//664 2064//1860 3112//2808 2104//1900
f 2064//1860 719//656 2050//1846 3112//2808
f 3112//2808 2050//1846 505//468 2311//2089
f 2104//1900 3112//2808 2311//2089 716//653
f 12//12 759//693 3113//2809 2312//2090
f 759//693 14//14 2275//2053 3113//2809
f 3113//2809 2275//2053 490//453 1617//1469
f 2312//2090 3113//2809 1617//1469 185//173
f 187//175 2277//2055 3114//2810 1024//931
f 12//12 2312//2090 3114//2810 2277//2055
f 185//173 1024//931 3114//2810 2312//2090
f 183//171 1616//1468 3115//2811 1018//925
f 1616//1468 488//451 1622//1474 3115//2811
f 3115//2811 1622//1474 492//455 2074//1870
f 1018//925 3115//2811 2074//1870 181//169
f 177//165 2079//1875 3116//2812 1009//916
f 729//666 2088//1884 3116//2812 2079//1875
f 176//164 1009//916 3116//2812 2088//1884
f 171//159 2092//1888 3117//2813 1000//907
f 2092//1888 725//662 2062//1858 3117//2813
f 3117//2813 2062//1858 726//663 2095//1891
f 1000//907 3117//2813 2095//1891 169//157
f 560//522 2025//1821 3118//2814 2249//2027
f 2025//1821 712//649 2254//2032 3118//2814
f 3118//2814 2254//2032 52//52 822//756
f 2249//2027 3118//2814 822//756 54//54
f 731//668 2111//1907 3119//2815 2102//1898
f 161//149 987//895 3119//2815 2111//1907
f 164//152 2102//1898 3119//2815 987//895
f 225//213 1575//1427 3120//2816 1087//993
f 478//441 2071//1867 3120//2816 1575//1427
f 226//214 1087//993 3120//2816 2071//1867
f 231//219 1091//997 3121//2817 1564//1416
f 1091//997 228//216 1571//1423 3121//2817
f 3121//2817 1571//1423 477//440 2072//1868
f 1564//1416 3121//2817 2072//1868 476//439
f 730//667 2091//1887 3122//2818 2084//1880
f 236//224 1099//1005 3122//2818 2091//1887
f 237//225 2084//1880 3122//2818 1099//1005
f 458//421 1518//1370 3123//2819 2313//2091
f 1518//1370 455//418 1527//1379 3123//2819
f 3123//2819 1527//1379 461//424 1581//1433
f 2313//2091 3123//2819 1581//1433 220//208
f 460//423 1523//1375 3124//2820 1580//1432
f 458//421 2313//2091 3124//2820 1523//1375
f 220//208 1580//1432 3124//2820 2313//2091
f 468//431 1538//1390 3125//2821 2314//2092
f 1538//1390 466//429 1547//1399 3125//2821
f 3125//2821 1547//1399 473//436 1567//1419
f 2314//2092 3125//2821 1567//1419 229//217
f 472//435 1543//1395 3126//2822 1569//1421
f 468//431 2314//2092 3126//2822 1543//1395
f 229//217 1569//1421 3126//2822 2314//2092
f 241//229 1109//1015 3127//2823 1115//1021
f 1109//1015 235//223 1104//1010 3127//2823
f 3127//2823 1104//1010 238//226 1122//1028
f 1115//1021 3127//2823 1122//1028 245//233
f 273//261 1528//1380 3128//2824 1165//1071
f 1528//1380 262//250 1142//1048 3128//2824
f 3128//2824 1142//1048 259//247 1548//1400
f 1165//1071 3128//2824 1548//1400 275//263
f 277//265 1549//1401 3129//2825 1171//1077
f 1549//1401 256//244 1133//1039 3129//2825
f 3129//2825 1133//1039 254//242 1555//1407
f 1171//1077 3129//2825 1555//1407 280//268
f 246//234 2107//1903 3130//2826 1129//1035
f 732//669 2114//1910 3130//2826 2107//1903
f 252//240 1129//1035 3130//2826 2114//1910
f 740//516 2316//516 3131//1574 2315//1574
f 2316//516 554//516 1728//1574 3131//1574
f 3131//1574 1728//1574 556//518 1737//518
f 2315//1574 3131//1574 1737//518 561//518
f 552//515 1727//1573 3132//1573 2013//515
f 1727//1573 554//516 2316//516 3132//1573
f 3132//1573 2316//516 740//516 2317//1573
f 2013//515 3132//1573 2317//1573 703//515
f 550//513 1721//1571 3133//1571 1966//513
f 1721//1571 551//514 2012//514 3133//1571
f 3133//1571 2012//514 704//514 2318//1571
f 1966//513 3133//1571 2318//1571 697//513
f 692//516 2319//516 3134//1574 2011//1574
f 2319//516 740//516 2315//1574 3134//1574
f 3134//1574 2315//1574 561//518 1740//518
f 2011//1574 3134//1574 1740//518 563//518
f 703//515 2317//1573 3135//1573 1975//515
f 2317//1573 740//516 2319//516 3135//1573
f 3135//1573 2319//516 692//516 1952//1573
f 1975//515 3135//1573 1952//1573 689//515
f 697//513 2318//1571 3136//1571 1963//513
f 2318//1571 704//514 1973//514 3136//1571
f 3136//1571 1973//514 690//514 1956//1571
f 1963//513 3136//1571 1956//1571 694//513
f 684//516 2320//516 3137//1574 2009//1574
f 2320//516 691//516 2010//1574 3137//1574
f 3137//1574 2010//1574 565//518 1746//518
f 2009//1574 3137//1574 1746//518 567//518
f 687//515 1954//1573 3138//1573 1948//515
f 1954//1573 691//516 2320//516 3138//1573
f 3138//1573 2320//516 684//516 1942//1573
f 1948//515 3138//1573 1942//1573 685//515
f 693//513 1957//1571 3139//1571 1969//513
f 1957//1571 688//514 1946//514 3139//1571
f 3139//1571 1946//514 686//514 1976//1571
f 1969//513 3139//1571 1976//1571 700//513
f 558//520 1732//520 3140//2023 2244//2023
f 1732//520 559//521 2248//2026 3140//2023
f 3140//2023 2248//2026 56//56 828//58
f 2244//2023 3140//2023 828//58 58//58
f 151//139 2293//2071 3141//1921 970//137
f 2293//2071 708//645 2014//639 3141//1921
f 3141//1921 2014//639 699//639 2125//1921
f 970//137 3141//1921 2125//1921 149//137
f 564//520 1741//520 3142//2023 2239//2023
f 1741//520 562//520 2243//2023 3142//2023
f 3142//2023 2243//2023 60//58 834//58
f 2239//2023 3142//2023 834//58 62//58
f 147//137 2126//1921 3143//1921 964//137
f 2126//1921 698//639 1961//639 3143//1921
f 3143//1921 1961//639 695//639 2131//1921
f 964//137 3143//1921 2131//1921 145//137
f 570//525 1750//1583 3144//2827 2321//2093
f 1750//1583 568//523 2235//2022 3144//2827
f 3144//2827 2235//2022 66//60 843//764
f 2321//2093 3144//2827 843//764 68//62
f 141//135 2134//1922 3145//2828 955//876
f 2134//1922 701//640 1971//1777 3145//2828
f 3145//2828 1971//1777 702//641 2138//1925
f 955//876 3145//2828 2138//1925 139//133
f 736//407 2246//407 3146//1342 2322//1342
f 2246//407 445//407 1485//1342 3146//1342
f 3146//1342 1485//1342 292//280 1195//280
f 2322//1342 3146//1342 1195//280 294//280
f 293//281 1193//281 3147//1092 1199//1092
f 1193//281 289//277 1186//1092 3147//1092
f 3147//1092 1186//1092 287//275 1493//275
f 1199//1092 3147//1092 1493//275 297//275
f 301//283 1498//1343 3148//1343 1206//283
f 1498//1343 448//408 2128//408 3148//1343
f 3148//1343 2128//408 733//408 2323//1343
f 1206//283 3148//1343 2323//1343 300//283
f 440//407 2242//407 3149//1342 1474//1342
f 2242//407 736//407 2322//1342 3149//1342
f 3149//1342 2322//1342 294//280 1483//280
f 1474//1342 3149//1342 1483//280 311//280
f 308//281 1484//281 3150//1092 1218//1092
f 1484//281 295//281 1198//1092 3150//1092
f 3150//1092 1198//1092 296//275 1482//275
f 1218//1092 3150//1092 1482//275 306//275
f 300//283 2323//1343 3151//1343 1209//283
f 2323//1343 733//408 2130//408 3151//1343
f 3151//1343 2130//408 443//408 1479//1343
f 1209//283 3151//1343 1479//1343 302//283
f 439//406 2238//407 3152//1342 1471//1341
f 2238//407 441//407 1472//1342 3152//1342
f 3152//1342 1472//1342 310//280 1222//280
f 1471//1341 3152//1342 1222//280 312//280
f 315//285 1226//281 3153//1092 1232//1106
f 1226//281 313//281 1475//1092 3153//1092
f 3153//1092 1475//1092 436//275 1459//275
f 1232//1106 3153//1092 1459//275 319//289
f 304//283 1481//1343 3154//1343 1478//283
f 1481//1343 442//408 2136//408 3154//1343
f 3154//1343 2136//408 327//295 1243//1115
f 1478//283 3154//1343 1243//1115 324//283
f 588//543 2325//2095 3155//2829 2324//2094
f 735//671 2326//2096 3155//2829 2325//2095
f 734//670 2324//2094 3155//2829 2326//2096
f 588//543 1779//1612 3156//2830 2327//2097
f 1779//1612 583//538 1772//1605 3156//2830
f 3156//2830 1772//1605 579//534 1769//1602
f 2327//2097 3156//2830 1769//1602 581//536
f 735//671 2325//2095 3157//2831 2220//2007
f 588//543 2327//2097 3157//2831 2325//2095
f 581//536 2220//2007 3157//2831 2327//2097
f 665//620 2007//1809 3158//2832 1909//1742
f 2007//1809 578//533 1775//1608 3158//2832
f 3158//2832 1775//1608 584//539 1904//1737
f 1909//1742 3158//2832 1904//1737 663//618
f 587//542 1780//1613 3159//2833 1787//1620
f 1780//1613 588//543 2324//2094 3159//2833
f 3159//2833 2324//2094 734//670 2216//2003
f 1787//1620 3159//2833 2216//2003 592//547
f 595//550 2006//1808 3160//2834 1794//1627
f 585//540 1782//1615 3160//2834 2006//1808
f 586//541 1794//1627 3160//2834 1782//1615
f 660//615 1903//1736 3161//2835 2328//2098
f 1903//1736 662//617 1997//1799 3161//2835
f 3161//2835 1997//1799 600//555 1803//1636
f 2328//2098 3161//2835 1803//1636 602//557
f 706//643 1982//1784 3162//2836 1994//1796
f 660//615 2328//2098 3162//2836 1982//1784
f 602//557 1994//1796 3162//2836 2328//2098
f 644//599 2329//2099 3163//2837 1873//1706
f 2329//2099 590//545 1786//1619 3163//2837
f 3163//2837 1786//1619 591//546 2330//2100
f 1873//1706 3163//2837 2330//2100 645//600
f 644//599 1869//1702 3164//2838 2331//2101
f 1869//1702 642//597 1875//1708 3164//2838
f 3164//2838 1875//1708 647//602 2003//1805
f 2331//2101 3164//2838 2003//1805 589//544
f 590//545 2329//2099 3165//2839 1785//1618
f 644//599 2331//2101 3165//2839 2329//2099
f 589//544 1785//1618 3165//2839 2331//2101
f 640//595 1863//1696 3166//2840 2332//2102
f 1863//1696 638//593 1996//1798 3166//2840
f 3166//2840 1996//1798 605//560 2001//1803
f 2332//2102 3166//2840 2001//1803 599//554
f 646//601 1876//1709 3167//2841 2000//1802
f 640//595 2332//2102 3167//2841 1876//1709
f 599//554 2000//1802 3167//2841 2332//2102
f 734//670 2326//2096 3168//2842 2217//2004
f 2326//2096 735//671 2219//2006 3168//2842
f 3168//2842 2219//2006 77//71 861//782
f 2217//2004 3168//2842 861//782 80//74
f 581//536 1770//1603 3169//2843 2221//2008
f 1770//1603 580//535 2226//2013 3169//2843
f 3169//2843 2226//2013 73//67 855//776
f 2221//2008 3169//2843 855//776 76//70
f 594//549 2218//2005 3170//2844 2212//1999
f 81//75 867//788 3170//2844 2218//2005
f 84//78 2212//1999 3170//2844 867//788
f 591//546 1791//1624 3171//2845 2333//2103
f 1791//1624 593//548 2208//1995 3171//2845
f 3171//2845 2208//1995 87//81 876//797
f 2333//2103 3171//2845 876//797 90//84
f 645//600 2330//2100 3172//2846 2206//1993
f 591//546 2333//2103 3172//2846 2330//2100
f 90//84 2206//1993 3172//2846 2333//2103
f 95//89 2197//1984 3173//2847 886//807
f 649//604 2202//1989 3173//2847 2197//1984
f 94//88 886//807 3173//2847 2202//1989
f 79//73 862//783 3174//2848 2334//2104
f 862//783 78//72 2222//2009 3174//2848
f 3174//2848 2222//2009 376//344 1332//1204
f 2334//2104 3174//2848 1332//1204 373//341
f 427//395 1430//1302 3175//2849 2225//2012
f 377//345 1330//1202 3175//2849 1430//1302
f 375//343 2225//2012 3175//2849 1330//1202
f 82//76 863//784 3176//2850 2335//2105
f 863//784 79//73 2334//2104 3176//2850
f 3176//2850 2334//2104 373//341 1319//1191
f 2335//2105 3176//2850 1319//1191 371//339
f 378//346 2214//2001 3177//2851 1335//1207
f 82//76 2335//2105 3177//2851 2214//2001
f 371//339 1335//1207 3177//2851 2335//2105
f 357//325 1297//1169 3178//2852 1325//1197
f 358//326 1304//1176 3178//2852 1297//1169
f 363//331 1325//1197 3178//2852 1304//1176
f 414//382 1401//1273 3179//2853 1442//1314
f 413//381 1409//1281 3179//2853 1401//1273
f 417//385 1442//1314 3179//2853 1409//1281
f 88//82 2211//1998 3180//2854 2336//2106
f 2211//1998 379//347 1333//1205 3180//2854
f 3180//2854 1333//1205 369//337 1313//1185
f 2336//2106 3180//2854 1313//1185 368//336
f 89//83 877//798 3181//2855 2207//1994
f 88//82 2336//2106 3181//2855 877//798
f 368//336 2207//1994 3181//2855 2336//2106
f 380//348 1336//1208 3182//2856 2205//1992
f 1336//1208 366//334 1309//1181 3182//2856
f 3182//2856 1309//1181 367//335 1419//1291
f 2205//1992 3182//2856 1419//1291 422//390
f 668//623 1915//1748 3183//2857 2337//2107
f 1915//1748 666//621 1907//1740 3183//2857
f 3183//2857 1907//1740 661//616 1898//1731
f 2337//2107 3183//2857 1898//1731 659//614
f 670//625 1918//1751 3184//2858 1987//1789
f 1918//1751 668//623 2337//2107 3184//2858
f 3184//2858 2337//2107 659//614 1895//1728
f 1987//1789 3184//2858 1895//1728 657//612
f 707//644 2339//2109 3185//2859 2338//2108
f 2339//2109 623//578 1842//1675 3185//2859
f 3185//2859 1842//1675 625//580 2340//2110
f 2338//2108 3185//2859 2340//2110 675//630
f 674//629 1989//1791 3186//2860 1925//1758
f 707//644 2338//2108 3186//2860 1989//1791
f 675//630 1925//1758 3186//2860 2338//2108
f 706//643 1993//1795 3187//2861 1983//1785
f 603//558 1814//1647 3187//2861 1993//1795
f 606//561 1983//1785 3187//2861 1814//1647
f 656//611 1897//1730 3188//2862 1892//1725
f 1897//1730 658//613 1985//1787 3188//2862
f 3188//2862 1985//1787 610//565 1818//1651
f 1892//1725 3188//2862 1818//1651 611//566
f 623//578 2339//2109 3189//2863 2341//2111
f 2339//2109 707//644 1990//1792 3189//2863
f 3189//2863 1990//1792 617//572 1828//1661
f 2341//2111 3189//2863 1828//1661 616//571
f 619//574 1840//1673 3190//2864 1834//1667
f 623//578 2341//2111 3190//2864 1840//1673
f 616//571 1834//1667 3190//2864 2341//2111
f 608//563 1811//1644 3191//2865 2342//2112
f 1811//1644 604//559 1995//1797 3191//2865
f 3191//2865 1995//1797 636//591 1857//1690
f 2342//2112 3191//2865 1857//1690 634//589
f 634//589 1854//1687 3192//2866 2343//2113
f 1854//1687 632//587 1881//1714 3192//2866
f 3192//2866 1881//1714 650//605 1992//1794
f 2343//2113 3192//2866 1992//1794 609//564
f 608//563 2342//2112 3193//2867 1816//1649
f 634//589 2343//2113 3193//2867 2342//2112
f 609//564 1816//1649 3193//2867 2343//2113
f 630//585 1848//1681 3194//2868 2344//2114
f 1848//1681 627//582 1844//1677 3194//2868
f 3194//2868 1844//1677 620//575 1832//1665
f 2344//2114 3194//2868 1832//1665 615//570
f 618//573 1882//1715 3195//2869 1831//1664
f 630//585 2344//2114 3195//2869 1882//1715
f 615//570 1831//1664 3195//2869 2344//2114
f 572//527 1753//1586 3196//2870 2230//2017
f 1753//1586 570//525 2321//2093 3196//2870
f 3196//2870 2321//2093 68//62 846//767
f 2230//2017 3196//2870 846//767 70//64
f 675//630 2340//2110 3197//2871 2147//1934
f 2340//2110 625//580 2149//1936 3197//2871
f 3197//2871 2149//1936 129//123 939//860
f 2147//1934 3197//2871 939//860 132//126
f 125//119 2154//1941 3198//2872 931//852
f 653//608 2159//1946 3198//2872 2154//1941
f 123//117 931//852 3198//2872 2159//1946
f 635//590 1862//1695 3199//2873 2186//1973
f 1862//1695 637//592 2192//1979 3199//2873
f 3199//2873 2192//1979 101//95 897//818
f 2186//1973 3199//2873 897//818 104//98
f 109//103 2177//1964 3200//2874 907//828
f 652//607 2182//1969 3200//2874 2177//1964
f 108//102 907//828 3200//2874 2182//1969
f 626//581 1847//1680 3201//2875 2165//1952
f 1847//1680 628//583 2172//1959 3201//2875
f 3201//2875 2172//1959 115//109 918//839
f 2165//1952 3201//2875 918//839 118//112
f 429//397 1436//1308 3202//2876 1444//1316
f 1436//1308 430//398 1462//1332 3202//2876
f 3202//2876 1462//1332 434//402 1450//1322
f 1444//1316 3202//2876 1450//1322 432//400
f 433//401 1452//1324 3203//2877 1453//1325
f 1452//1324 328//296 1247//1119 3203//2877
f 3203//2877 1247//1119 329//297 1255//1127
f 1453//1325 3203//2877 1255//1127 332//300
f 131//125 940//861 3204//2878 2148//1935
f 940//861 130//124 2151//1938 3204//2878
f 3204//2878 2151//1938 338//306 1263//1135
f 2148//1935 3204//2878 1263//1135 335//303
f 359//327 1299//1171 3205//2879 1424//1296
f 1299//1171 355//323 1290//1162 3205//2879
f 3205//2879 1290//1162 353//321 1443//1315
f 1424//1296 3205//2879 1443//1315 419//387
f 411//379 1447//1319 3206//2880 1392//1264
f 1447//1319 349//317 1281//1153 3206//2880
f 3206//2880 1281//1153 344//312 1276//1148
f 1392//1264 3206//2880 1276//1148 345//313
f 341//309 1268//1140 3207//2881 1369//1241
f 1268//1140 337//305 1265//1137 3207//2881
f 3207//2881 1265//1137 339//307 2157//1944
f 1369//1241 3207//2881 2157//1944 400//368
f 420//388 1415//1287 3208//2882 2189//1976
f 1415//1287 384//352 1346//1218 3208//2882
f 3208//2882 1346//1218 386//354 1404//1276
f 2189//1976 3208//2882 1404//1276 416//384
f 415//383 1405//1277 3209//2883 2185//1972
f 1405//1277 388//356 1353//1225 3209//2883
f 3209//2883 1353//1225 391//359 1383//1255
f 2185//1972 3209//2883 1383//1255 406//374
f 403//371 1376//1248 3210//2884 2169//1956
f 396//364 1365//1237 3210//2884 1376//1248
f 398//366 2169//1956 3210//2884 1365//1237
