# Blender 4.2.3 LTS
# www.blender.org
mtllib cloud.mtl
o cloud
v 0.019088 0.656067 0.806517
v 0.725988 0.910127 0.552906
v 0.663471 0.206657 0.913167
v -0.001624 0.964161 0.420825
v 0.372309 0.859856 0.755975
v 0.409886 1.076989 0.345091
v 0.748855 0.597244 0.818295
v 0.335778 0.448786 0.966492
v -0.280530 0.547738 0.542992
v -0.250352 0.780140 0.256511
v -0.068159 0.253305 0.839980
v 0.313057 -0.012567 0.903074
v 1.068754 0.580945 0.417749
v 0.989724 0.230625 0.660305
v 0.814337 0.941235 0.150187
v 0.717333 -0.089100 0.767016
v 1.050991 0.665864 0.078333
v 0.362240 0.954535 0.632861
v 0.112504 0.831524 0.826522
v 0.034064 1.014488 0.571925
v -0.133578 0.745589 0.635452
v 0.255985 0.743234 0.831445
v 0.376480 0.834894 0.738844
v 0.240555 0.921056 0.766154
v 0.081108 0.665965 0.829792
v 0.301398 1.010033 0.495138
v 0.059025 0.954695 0.726390
v 0.194719 1.027972 0.617382
v -0.064474 0.615126 0.716756
v -0.038937 0.797564 0.763512
v 0.134498 1.026614 0.437121
v -0.084772 0.904478 0.614738
v -0.136153 0.634588 0.556474
v -0.040379 0.949344 0.435468
v -0.139556 0.790265 0.473050
v 0.929106 0.185878 0.846006
v 1.093121 -0.529363 0.519649
v 1.538500 0.110958 0.328308
v 1.051583 0.748215 0.285866
v 0.590870 -0.687611 -0.048677
v 1.316970 -0.409069 -0.242204
v 1.291298 0.380512 -0.386689
v 1.044851 -0.208529 0.780409
v 0.596854 -0.068811 0.833644
v 0.613624 -0.466515 0.648554
v 0.581666 0.398302 0.748167
v 1.305107 0.165640 0.668600
v 1.400951 -0.252310 0.477893
v 1.020578 0.538017 0.643799
v 1.376678 0.494239 0.341283
v 0.654122 0.730980 0.416789
v 0.835397 -0.700219 0.240994
v 0.443635 -0.611629 0.297715
v 1.531757 -0.182017 0.032706
v 1.271501 -0.556190 0.144515
v 1.232226 0.651755 -0.076526
v 1.516755 0.279374 -0.051723
v 0.786550 0.802147 -0.033922
v 0.920673 -0.629525 -0.265153
v 1.387302 -0.024504 -0.385101
v 0.928365 0.584613 -0.431804
v 1.040582 -0.305636 -0.539400
v 1.025394 0.161477 -0.624877
v 0.181448 -0.037490 -1.017039
v 0.377246 -0.698266 -1.125288
v 0.358493 -1.027290 -0.512084
v 0.261351 -0.648180 -0.002718
v 0.854524 -0.189481 -1.119794
v 0.988859 -0.797171 -0.804601
v 0.889410 -0.711278 -0.119470
v 1.176451 -0.177804 -0.462452
v 0.065814 -0.670623 -0.939257
v -0.050019 -0.279711 -0.875218
v 0.236147 -0.366780 -1.156003
v 0.068239 0.065996 -0.766078
v 0.303187 -0.951599 -0.832178
v 0.261832 -0.873455 -0.200384
v 0.406839 0.207316 -0.869962
v 0.629458 -0.455596 -1.216049
v 0.515043 -0.069471 -1.152795
v 0.720556 -0.999147 -0.670600
v 0.707957 -0.810701 -1.031867
v 0.546889 -0.628669 0.057824
v 0.662443 -0.948956 -0.270244
v 0.785813 0.165993 -0.879117
v 0.986853 -0.513392 -1.028655
v 1.007237 -0.818302 -0.444117
v 0.859042 -0.451665 0.015387
v 1.093317 -0.162987 -0.849587
v 1.022569 0.091596 -0.616478
v 1.171815 -0.518089 -0.665406
v 1.120070 -0.411475 -0.231226
v 0.129774 0.842483 0.482300
v -0.034996 0.354105 0.892473
v -0.417840 0.639241 0.483464
v 0.256325 0.376489 0.841752
v 0.143577 0.665129 0.739570
v 0.128700 0.160171 0.887916
v -0.027565 0.873742 0.227385
v -0.268282 0.533706 0.752972
v -0.162413 0.790502 0.503297
v -0.319948 0.765227 0.228006
v -0.675160 -0.832706 0.439578
v -0.766323 -0.532447 0.114191
v -0.483695 -1.207407 0.267557
v -0.831566 -0.962273 0.049836
v -0.500977 -1.159789 -0.191724
v -0.750773 -0.643425 0.321425
v -0.794237 -0.906112 0.276111
v -0.847921 -0.729295 0.084497
v -0.604498 -1.053789 0.399142
v -0.775275 -0.601184 -0.092290
v -0.705548 -1.128708 0.160138
v -0.310162 -1.235862 0.125296
v -0.796962 -0.842978 -0.152677
v -0.509907 -1.230713 0.011197
v -0.705436 -1.075632 -0.144022
v -0.309208 -1.202611 -0.097765
v -0.941204 -0.765639 -0.901364
v -0.934516 -0.327788 -0.149650
v -0.596110 -0.014597 -0.836563
v -0.219150 -0.607420 -1.276815
v -0.333319 -1.329170 -0.885149
v -0.780833 -1.182409 -0.202838
v 0.225019 -0.115418 -0.829180
v 0.461869 -0.837529 -0.774378
v 0.040347 -1.281770 -0.146574
v 0.440650 -0.633521 -0.107933
v -0.851450 -0.346586 -0.932629
v -1.054298 -0.554242 -0.544768
v -0.839060 -0.075846 -0.440397
v -0.960584 -0.797780 -0.136584
v -0.959392 -1.028992 -0.562315
v -0.631174 -0.692999 -1.189889
v -0.429518 -0.254129 -1.152024
v -0.697889 -1.114750 -0.961020
v -0.275957 -1.022296 -1.180416
v -0.604176 -1.358291 -0.552838
v -0.761230 -0.558869 0.143655
v -0.563394 -0.936382 0.196081
v -0.472697 0.124526 -0.540600
v 0.050337 -0.312190 -1.119147
v -0.137641 0.077855 -0.805114
v 0.078530 -1.208696 -0.907825
v 0.145242 -0.786941 -1.136694
v -0.385825 -1.330595 -0.121251
v -0.124320 -1.416354 -0.519960
v 0.423535 -0.494486 -0.856283
v 0.296879 -1.180996 -0.476238
v -0.124365 -1.047126 0.177081
v 0.519816 -0.744699 -0.436911
v 0.281723 -0.915551 0.018793
v 0.228375 0.175738 -1.015176
v 0.587320 0.393379 -0.960914
v 0.611389 -0.048510 -0.998573
v 0.408832 0.061914 -1.066206
v 0.401687 0.307811 -1.040566
v 0.618582 0.189091 -1.034497
v 0.374279 0.506770 -0.854469
v 0.198076 0.367709 -0.910522
v 0.213511 -0.073574 -0.930333
v 0.419728 -0.131873 -0.976583
v 0.079796 0.154545 -0.853319
v 0.092831 -0.033254 -0.793257
v 0.635740 0.491631 -0.769272
v 0.463550 0.557475 -0.698137
v 0.763323 0.076456 -0.924640
v 0.765724 0.301987 -0.868477
v 0.860913 0.521346 -0.588044
v 0.275472 1.109746 -0.795284
v 0.872567 1.270441 -0.259943
v 1.008447 0.587037 0.168341
v 0.137914 1.499788 -0.136566
v 0.559451 1.209393 0.451226
v -0.187736 1.003483 0.368562
v 0.523435 0.463462 -0.768395
v 1.045911 0.562048 -0.232231
v 0.628312 0.842563 -0.784786
v 0.259377 0.728855 -0.861870
v 0.951853 0.940833 -0.479646
v 0.640172 1.254091 -0.589978
v 1.038734 0.979519 -0.034223
v 0.764688 0.570888 0.468499
v 0.534421 1.486382 -0.212742
v 0.151490 1.367899 -0.556836
v 0.855767 0.943846 0.381349
v 0.780746 1.316689 0.130735
v -0.178302 1.297986 -0.293112
v 0.351451 1.450706 0.202829
v 0.452068 0.770076 0.628452
v -0.292868 0.701068 0.294550
v 0.032549 0.726397 0.568370
v -0.370956 1.004374 0.005722
v -0.085166 1.330382 0.154526
v 0.161157 1.160690 0.497999
v -0.204125 -1.054129 -0.185680
v 0.385122 -0.719521 -0.069012
v 0.278052 -1.354917 0.267885
v -0.393884 -1.381883 0.435009
v -0.693715 -0.762819 0.199319
v 0.583749 -0.799075 0.623249
v 0.077717 -1.229214 0.919210
v -0.520268 -0.879911 0.895672
v 0.094158 -0.507765 1.008248
v 0.133325 -0.935109 -0.205177
v -0.519395 -0.961305 -0.042830
v 0.058217 -1.287616 -0.008023
v 0.405214 -1.090573 0.060681
v -0.334427 -1.303372 0.089634
v -0.057347 -1.462094 0.338612
v -0.622739 -1.131826 0.316355
v -0.665446 -0.520746 0.442168
v 0.468392 -0.526784 0.115031
v 0.504109 -1.143271 0.449784
v 0.592572 -0.731842 0.298963
v -0.174413 -1.388642 0.719214
v 0.218232 -1.372883 0.621554
v -0.696595 -0.838500 0.585544
v -0.523846 -1.184525 0.705459
v 0.387042 -1.069815 0.830384
v -0.248266 -1.095313 0.988401
v -0.520968 -0.467877 0.766438
v -0.207332 -0.372445 0.912524
v 0.396830 -0.664699 0.897884
v 0.098731 -0.898267 1.057105
v -0.250699 -0.694153 1.043350
v -0.295976 0.891948 0.354612
v -0.772789 0.796815 -0.293788
v 0.359209 1.303460 0.119152
v -0.328982 1.470041 -0.212434
v -0.410269 0.271009 -0.789951
v 0.777450 0.765985 -0.453138
v 0.326359 1.396445 -0.683554
v -0.388166 1.108610 -0.935413
v 0.287565 0.677731 -1.056071
v -0.368292 0.562065 0.302675
v -0.632117 0.718732 0.120722
v -0.700585 0.495765 -0.149196
v -0.643108 1.192233 -0.236643
v -0.364484 1.247823 0.142249
v -0.020824 0.702036 0.425152
v 0.115266 1.093937 0.361059
v 0.032467 1.464382 0.001488
v -0.677694 0.981033 -0.659116
v -0.418356 1.374431 -0.611577
v -0.676353 0.439942 -0.564547
v -0.000823 1.542629 -0.464403
v 0.483441 1.392398 -0.253118
v -0.455028 0.694890 -0.963794
v -0.035143 0.125992 -0.776665
v 0.658950 0.405601 -0.532006
v 0.672084 1.149973 -0.511245
v -0.035409 1.331424 -0.886874
v -0.060163 0.443106 -1.034300
v -0.058076 0.911445 -1.104554
v 0.364018 0.255236 -0.790113
v 0.615410 0.715253 -0.796170
v 0.359455 1.079639 -0.957381
v -1.002975 0.147386 0.010732
v -0.976791 0.592014 -0.209167
v -1.154580 0.533851 0.252129
v -0.871641 0.928406 0.142353
v -0.383254 0.832923 0.301062
v -0.804971 0.686156 0.572061
v -0.836413 0.465825 -0.300895
v -0.999999 0.314041 -0.171756
v -0.756928 0.722043 -0.255434
v -0.450043 0.898156 0.072220
v -1.003579 0.132904 0.248281
v -1.128539 0.575210 -0.001195
v -1.127558 0.312163 0.122957
v -0.657408 0.905453 -0.080823
v -0.963203 0.805768 -0.065343
v -0.386230 0.666269 0.483550
v -1.040044 0.309227 0.432827
v -1.067093 0.771780 0.204216
v -0.632649 0.949772 0.237156
v -0.591467 0.545850 0.618070
v -0.593693 0.808213 0.488255
v -0.863298 0.434482 0.597458
v -1.028134 0.630222 0.455315
v -0.862799 0.860779 0.391168
v -0.037788 0.500708 0.543412
v -0.442018 1.016762 0.001198
v -0.373245 0.080074 -0.962553
v -0.352024 0.825839 -0.792968
v -0.925964 0.445031 -0.459875
v 0.139890 0.773859 0.315687
v 0.240743 -0.081769 -0.800212
v 0.038334 0.588461 -0.921673
v -0.274419 0.770771 0.384409
v -0.104673 1.011248 0.084848
v -0.425359 0.412205 0.542608
v 0.122054 0.231865 -0.950337
v -0.113726 -0.238279 -0.823498
v -0.496652 1.005386 -0.341894
v -0.751420 0.540030 0.291939
v -0.592849 -0.202668 -0.717884
v -0.256777 0.621410 -0.946656
v -0.806219 0.762816 -0.194557
v -0.583765 0.837315 -0.649273
v -0.969800 0.326974 -0.044941
v -0.919837 0.013242 -0.420501
v -0.726369 0.261405 -0.794784
v 0.312614 0.735367 -0.962688
v 0.504687 0.414836 -0.864437
v 0.200552 0.368326 -1.104429
v -0.092644 0.643492 -1.029001
v 0.188580 0.073739 -0.848822
v -0.149933 0.236256 -0.939838
v 0.277916 0.571570 -1.072580
v 0.464097 0.587877 -0.904414
v 0.403417 0.329087 -0.982809
v 0.102030 0.744321 -1.023276
v 0.039265 0.517466 -1.111631
v 0.260794 0.175188 -0.975765
v -0.177823 0.442347 -1.009452
v 0.005529 0.277650 -1.059126
v 0.011285 0.099268 -0.882046
v -0.125156 0.602916 0.764881
v -0.000438 0.519163 0.826426
v -0.143718 0.550442 0.804596
v -0.004172 0.452650 0.838907
v -0.077798 0.490319 0.844769
v -0.059418 0.584690 0.799608
v -0.793519 0.452792 1.194439
v -0.050069 0.398466 0.930910
v -0.643394 0.623924 0.396641
v -1.275645 0.207089 0.617979
v -1.098304 -0.276366 1.217932
v -0.340856 -0.158087 1.411329
v -1.120951 -0.555648 0.478591
v -0.543223 -0.781342 0.968909
v 0.115234 -0.367245 0.836839
v -0.731771 0.642573 0.836540
v -0.394177 0.510689 1.123055
v -0.297336 0.610828 0.682546
v -0.129664 0.153723 1.249793
v -0.564098 0.185470 1.403787
v -1.110339 0.398858 0.940195
v -1.000030 0.502104 0.426067
v -1.006709 0.116354 1.290775
v -1.288441 -0.027223 0.953921
v -0.742197 -0.240614 1.417515
v 0.164744 0.021901 0.821882
v -0.039266 -0.291981 1.168343
v -0.284518 0.497687 0.299774
v 0.034627 0.320641 0.534948
v -1.185442 0.159159 0.300674
v -1.198047 -0.472930 0.872472
v -1.282324 -0.162611 0.391176
v -0.417836 -0.535698 1.272002
v -0.860451 -0.604814 1.158989
v -1.077632 -0.372393 0.203535
v -0.873684 -0.768010 0.726955
v -0.127006 -0.676070 0.844362
v -0.779216 -0.675181 0.281255
v -0.437434 -0.808701 0.571325
v -1.074847 -0.463759 -0.013977
v -1.365491 -0.076286 0.404527
v -1.069707 0.171826 -0.077460
v -0.552037 -0.697449 0.269014
v -1.030762 -0.584543 0.701432
v -1.024559 0.429433 0.501398
v -1.063894 -0.134187 -0.163126
v -1.297982 -0.295345 0.164678
v -1.273142 0.075709 0.124455
v -1.286754 -0.372971 0.530416
v -1.116917 -0.599390 0.285864
v -0.861240 -0.396598 -0.164628
v -0.762892 -0.639631 0.038332
v -0.799105 -0.720297 0.441725
v -1.222767 -0.045594 0.775772
v -1.128520 -0.361386 0.812129
v -1.059907 0.385530 0.175182
v -1.246557 0.227410 0.465334
v -0.769081 -0.617393 0.746757
v -0.509340 -0.654060 0.568947
v -1.087216 0.255451 0.745263
v 0.820155 -0.503137 0.672938
v 0.590504 -0.612442 -0.038981
v 0.534971 0.140580 0.952653
v 0.207161 -0.522174 1.117701
v 0.282062 -0.971657 0.514482
v -0.194391 0.103777 0.981787
v 0.907792 -0.186745 0.453153
v 0.824349 -0.537755 0.246030
v 0.395077 -0.885284 0.166261
v 0.588991 -0.814065 0.609211
v 0.760686 -0.170782 0.873384
v 0.739078 0.194079 0.618632
v 0.569132 -0.558060 0.969829
v 0.402484 -0.181904 1.133281
v 0.168615 -0.858000 0.854635
v 0.327451 -0.709671 -0.105252
v 0.358657 0.407760 0.721089
v -0.108423 -0.232682 1.126355
v 0.152699 0.170724 1.037131
v -0.084929 -0.610628 1.023470
v -0.051175 0.369323 0.781368
v 0.359879 0.228710 -0.890599
v 0.767709 -0.277580 -0.936736
v 0.634349 0.673599 -0.501338
v 0.987676 0.314453 -0.885631
v 1.211811 0.442261 -0.306885
v 1.280825 -0.164499 -0.544930
v 0.510600 -0.060817 -0.984604
v 0.894969 0.001571 -0.982559
v 0.654804 0.299716 -0.955391
v 0.429915 0.514667 -0.721178
v 0.816436 0.561704 -0.726162
v 1.044511 -0.335899 -0.774456
v 1.205032 0.079290 -0.770118
v 1.156496 0.425474 -0.611653
v 0.945356 0.643874 -0.368016
v 1.157305 -0.397107 -0.459381
v 1.342330 0.146834 -0.352072
v 1.291813 -0.179082 -0.268615
v -1.306090 -0.311751 -0.329910
v -1.258928 0.191753 -0.385949
v -1.029083 -0.123235 -0.712807
v -0.888305 -0.537189 -0.454710
v -0.976425 -0.454347 0.065104
v -1.220621 -0.014258 0.105109
v -0.757828 0.300686 -0.534578
v -0.934344 0.369647 -0.063548
v -1.215177 -0.239773 -0.566755
v -1.349486 -0.055711 -0.375757
v -1.187617 0.054449 -0.599502
v -1.306564 0.117002 -0.137585
v -1.334124 -0.177220 -0.104840
v -1.116806 -0.475040 -0.413879
v -0.909680 -0.377041 -0.648919
v -1.190321 -0.436379 -0.128399
v -0.884516 -0.576087 -0.205122
v -1.154580 -0.268552 0.119699
v -1.118165 0.333905 -0.214129
v -1.108761 0.220561 0.065261
v -0.910342 0.111181 -0.690611
v -1.044652 0.295245 -0.499612
v -0.765062 -0.148756 -0.719901
v -0.795592 -0.512419 -0.012080
v -0.839667 0.403687 -0.306688
v -0.657150 0.098832 -0.648335
v -0.006385 0.802510 0.669660
v 0.566632 0.909646 0.666382
v 0.751912 0.780426 0.697046
v 0.514295 0.320738 0.967973
v -0.139447 0.615287 0.699377
v -0.036193 0.472135 0.843770
v 0.503599 0.095669 0.933111
v 0.888311 0.797455 0.510697
v 0.700354 0.034546 0.843554
v 0.178107 0.770010 0.805770
v 0.585064 1.012355 0.463658
v 0.717552 0.393787 0.895051
v 0.160131 0.567741 0.909356
v 0.832591 0.213908 0.815077
v 0.781708 0.946351 0.368897
v 0.878057 0.033921 0.714877
v 0.960891 0.790066 0.071265
v 0.947505 0.803367 0.294152
v 1.077747 0.627108 0.223653
v 0.522471 -0.093875 0.842452
v 0.624259 1.043840 0.248659
v 1.045818 0.436121 0.566690
v 0.915232 0.623719 0.649964
v 0.893343 0.422325 0.758365
v 0.316307 0.214940 0.965387
v 0.126801 0.347107 0.934022
v 0.109628 0.109778 0.904360
v -0.202300 0.404215 0.715138
v -0.295004 0.672292 0.356353
v -0.165743 0.756725 0.518207
v -0.151120 0.876112 0.321913
v 0.548374 0.538005 0.924295
v 0.566753 0.744815 0.818384
v 0.358933 0.670125 0.892942
v 0.192795 1.040878 0.420637
v 0.178391 0.924463 0.633754
v 0.385725 0.996057 0.565362
v 0.380375 0.897383 0.689383
v 0.173624 0.879594 0.808833
v 0.340921 0.989419 0.561317
v 0.084302 0.896146 0.789267
v 0.107958 1.032763 0.595698
v -0.099152 0.771598 0.702517
v 0.078409 1.030509 0.507607
v -0.121706 0.824206 0.629312
v -0.006616 0.992941 0.506803
v -0.147047 0.767688 0.560018
v 0.180622 0.792091 0.839368
v 0.302797 0.948230 0.705809
v 0.095597 0.754523 0.838564
v 0.041190 0.996707 0.649336
v 0.280173 1.001004 0.632375
v -0.110543 0.682536 0.678508
v 0.036099 0.818830 0.807533
v -0.029566 0.971997 0.594397
v -0.141088 0.682153 0.592177
v -0.148525 0.701475 0.505173
v -0.102602 0.876670 0.449979
v -0.123094 0.854282 0.542894
v -0.073793 0.933362 0.524212
v 0.041412 1.000871 0.431099
v -0.109070 0.609440 0.633239
v -0.071263 0.858487 0.697389
v 0.001082 0.883751 0.753561
v -0.021978 0.937540 0.678713
v 0.167405 1.039936 0.526493
v 0.257427 1.024609 0.547884
v 0.227776 1.025764 0.455343
v -0.059067 0.704931 0.750719
v 0.000694 0.635721 0.785262
v 0.013303 0.730203 0.806910
v 0.126992 1.003363 0.680122
v 0.150053 0.949573 0.754969
v 0.218320 0.986438 0.700127
v 0.169094 0.703041 0.845530
v 0.254501 0.836776 0.809190
v 0.331071 0.784814 0.790625
v 0.321526 0.875090 0.755937
v 0.990976 -0.002377 0.844633
v 0.902424 -0.529671 0.593978
v 1.119035 0.181735 0.789617
v 1.501130 -0.065096 0.411243
v 0.979032 0.364964 0.777413
v 1.221567 0.652494 0.320697
v 0.978058 -0.637424 0.399841
v 0.469987 -0.656058 0.109615
v 1.565493 -0.030508 0.192188
v 1.315676 -0.500438 -0.066361
v 1.150490 0.730001 0.115112
v 1.422245 0.344672 -0.242332
v 1.161746 -0.536303 -0.242910
v 1.358546 0.195147 -0.406371
v 1.200928 -0.375289 -0.399264
v 1.179423 0.286132 -0.520297
v 1.081121 -0.395486 0.665262
v 0.771844 0.067108 0.866879
v 0.764459 0.294216 0.825321
v 1.453969 0.140558 0.505082
v 1.256341 -0.417028 0.516408
v 1.046347 0.674035 0.469552
v 1.489186 0.302246 0.344024
v 0.867055 0.765279 0.356099
v 0.692618 -0.709853 0.074316
v 1.443736 -0.316325 -0.121377
v 1.192645 -0.566554 0.352368
v 1.282241 0.527904 -0.254536
v 1.558112 0.196521 0.150644
v 0.931441 0.799880 0.136965
v 0.763238 -0.687015 -0.159214
v 1.372656 -0.238819 -0.326960
v 1.132248 0.491859 -0.426426
v 0.985332 0.389704 -0.560604
v 1.044301 -0.078118 -0.617145
v 1.222632 0.063316 -0.532320
v 1.230182 -0.168890 -0.489829
v 1.008276 -0.497305 -0.405232
v 0.859820 0.726374 -0.250061
v 1.018307 0.755060 -0.068233
v 1.088805 0.646922 -0.266024
v 1.485945 0.126949 -0.231139
v 1.558620 0.047704 -0.020940
v 1.493492 -0.105177 -0.188663
v 1.126399 -0.626692 -0.037458
v 1.064517 -0.662672 0.191332
v 0.907248 -0.699493 0.010865
v 0.715706 0.803290 0.195872
v 1.403289 0.487399 -0.066667
v 1.332816 0.595499 0.131056
v 1.475963 0.408152 0.143534
v 1.431770 -0.388569 0.093626
v 1.496896 -0.235686 0.261349
v 1.365961 -0.423934 0.317600
v 0.608136 -0.666289 0.278141
v 0.750491 -0.623034 0.453203
v 0.522803 -0.561075 0.484665
v 0.608041 0.591070 0.606857
v 0.799638 0.491527 0.718133
v 0.835656 0.656904 0.553403
v 1.220006 0.534875 0.514993
v 1.183999 0.369556 0.679666
v 1.363153 0.347531 0.527470
v 1.376091 -0.050383 0.600284
v 1.196936 -0.028358 0.752480
v 1.245155 -0.238629 0.656536
v 0.577947 0.170783 0.825912
v 0.862131 -0.360960 0.740714
v 0.820586 -0.152735 0.836026
v 0.626884 -0.293859 0.770369
v 0.056077 -0.143044 -0.964355
v 0.301226 -0.548653 -1.163614
v 0.109200 0.028828 -0.882422
v 0.359363 -1.018584 -0.687031
v 0.230506 -0.742631 -0.084132
v 0.278200 0.093746 -0.961799
v 0.494756 -0.592356 -1.193160
v 0.700779 -0.122725 -1.159016
v 0.548009 -1.037671 -0.585717
v 0.869535 -0.821447 -0.926277
v 0.382378 -0.638708 0.039977
v 0.792481 -0.842268 -0.174957
v 0.840287 -0.029606 -1.043332
v 1.006767 -0.675155 -0.924697
v 0.962138 -0.777979 -0.260513
v 0.985321 -0.168740 -1.009821
v 1.115634 -0.025221 -0.530699
v 1.097779 -0.677465 -0.745958
v 1.014713 -0.600925 -0.169648
v 0.220094 -0.696567 -1.055034
v 0.193611 -0.185479 -1.104118
v 0.358805 -0.831882 -1.014819
v 0.316068 -0.975887 -0.345400
v 0.757077 -0.312719 -1.190141
v 0.330843 -0.039187 -1.102540
v 0.875735 -0.914173 -0.748514
v 0.533382 -0.767087 -1.102533
v 0.739407 -0.705247 -0.030814
v 0.519324 -1.012897 -0.388101
v 0.932935 -0.341158 -1.097932
v 1.016797 -0.825187 -0.637072
v 0.879326 -0.569383 -0.032846
v 1.159704 -0.171185 -0.665233
v 1.198451 -0.346463 -0.574321
v 1.179322 -0.321072 -0.361710
v 1.004779 -0.429680 -0.091922
v 1.172051 -0.499297 -0.456835
v 1.088977 -0.650168 -0.345764
v 1.118180 -0.680202 -0.549741
v 1.160877 -0.341394 -0.771213
v 1.107315 -0.517683 -0.861302
v 1.067822 -0.339031 -0.953964
v 1.065018 -0.009398 -0.721171
v 0.967653 -0.001612 -0.895200
v 0.918563 0.143419 -0.756213
v 0.706927 -0.542545 0.058283
v 0.848419 -0.911358 -0.351090
v 0.704189 -1.002342 -0.465033
v 0.877656 -0.936609 -0.552509
v 0.860076 -0.673647 -1.056629
v 0.680270 -0.644570 -1.150907
v 0.820583 -0.494994 -1.149291
v 0.659430 0.048232 -1.056811
v 0.463087 0.088882 -1.030895
v 0.607127 0.195801 -0.910836
v 0.607047 -0.832787 -0.102733
v 0.408835 -0.789389 -0.071595
v 0.463004 -0.929124 -0.218812
v 0.718138 -0.932558 -0.865782
v 0.539716 -0.998915 -0.776209
v 0.533482 -0.903847 -0.957660
v 0.569105 -0.258382 -1.215458
v 0.428792 -0.407958 -1.217072
v 0.371229 -0.213698 -1.185249
v 0.218155 0.166337 -0.801861
v 0.189769 -0.832093 -0.913684
v -0.021922 -0.089594 -0.804623
v 0.131075 -0.520762 -1.067212
v -0.019002 -0.480306 -0.924523
v 0.073493 -0.326436 -1.035377
v 0.038958 0.515288 0.835537
v 0.079506 0.878046 0.336601
v -0.147982 0.459238 0.842885
v -0.316535 0.713723 0.496560
v -0.403492 0.698786 0.337628
v 0.141065 0.375431 0.870648
v 0.131560 0.770653 0.625950
v 0.050267 0.227118 0.901957
v -0.366374 0.588530 0.628575
v 0.004455 0.832855 0.495877
v -0.258165 0.788549 0.347852
v -0.089156 0.851276 0.347493
v -0.177781 0.830105 0.188935
v -0.219776 0.678859 0.641704
v -0.090733 0.611193 0.760129
v -0.040810 0.743494 0.640279
v 0.215567 0.229523 0.867161
v 0.208733 0.530005 0.806116
v -0.716416 -0.731403 0.397420
v -0.732847 -0.865207 0.376541
v -0.856533 -0.853856 0.065891
v -0.555292 -1.145037 0.336302
v -0.767167 -0.540871 0.000119
v -0.602388 -1.183467 0.212677
v -0.829461 -0.909684 -0.049495
v -0.505820 -1.233817 0.139159
v -0.611743 -1.131809 -0.170768
v -0.764843 -0.571899 0.224567
v -0.830118 -0.940859 0.160176
v -0.809723 -0.612002 0.102146
v -0.640405 -0.944647 0.437805
v -0.786478 -1.050389 0.103111
v -0.390149 -1.234718 0.204356
v -0.506596 -1.198665 -0.109176
v -0.785945 -1.029752 -0.029706
v -0.390956 -1.181621 -0.169312
v -0.768784 -0.973678 -0.144190
v -0.394859 -1.224430 -0.053276
v -0.280668 -1.222543 0.013397
v -0.395411 -1.243651 0.075661
v -0.617988 -1.176073 -0.052313
v -0.618475 -1.197085 0.083449
v -0.716180 -1.124631 0.022666
v -0.839282 -0.781521 -0.039511
v -0.815795 -0.653134 -0.018459
v -0.792050 -0.709607 -0.140985
v -0.666731 -1.099747 0.286278
v -0.711285 -0.987924 0.344538
v -0.764208 -1.028295 0.228069
v -0.840094 -0.815405 0.187752
v -0.787508 -0.774083 0.304040
v -0.814477 -0.685258 0.207782
v -0.924681 -0.564337 -0.933825
v -1.024950 -0.445225 -0.340869
v -0.734112 -0.034668 -0.683323
v -0.978692 -0.565436 -0.139389
v -0.889653 -1.129181 -0.367688
v -0.816294 -0.734791 -1.060410
v -0.320214 -0.431883 -1.248134
v -0.849121 -0.942315 -0.947795
v -0.307404 -1.206549 -1.046838
v -0.714867 -1.291214 -0.363025
v -0.860146 -0.428561 0.020639
v -0.531930 0.078300 -0.673991
v -0.084101 -0.460452 -1.231957
v 0.049015 0.001204 -0.839499
v -0.132978 -1.298269 -0.912708
v 0.302377 -0.861620 -0.981310
v -0.607427 -1.277587 -0.150661
v -0.027417 -1.374395 -0.315924
v 0.447280 -0.704132 -0.844932
v 0.179836 -1.258586 -0.294410
v 0.497313 -0.834154 -0.627007
v 0.177731 -1.141981 -0.079382
v -0.735013 -0.151551 -0.898209
v -1.024494 -0.666515 -0.742976
v -0.931359 -0.208407 -0.320159
v -0.890239 -1.015412 -0.158206
v -0.977795 -0.900117 -0.751610
v -0.419441 -0.647831 -1.266766
v -0.527399 -0.106057 -1.006163
v -0.515018 -1.252042 -0.938883
v -0.244654 -0.809862 -1.262104
v -0.468906 -1.371877 -0.738035
v -0.711973 -1.102859 -0.019609
v 0.160213 -0.189188 -0.963491
v -0.397212 0.039156 -0.858501
v 0.269189 -1.069412 -0.868494
v -0.037402 -0.694055 -1.240591
v -0.156092 -1.332198 -0.119737
v -0.232791 -1.400447 -0.721858
v 0.352207 -0.286377 -0.839678
v 0.377080 -1.055750 -0.655939
v -0.028199 -1.190655 0.023292
v 0.493847 -0.649380 -0.250138
v 0.381839 -0.754934 -0.035912
v 0.105303 -1.013535 0.102433
v 0.430236 -0.858563 -0.229701
v 0.326967 -1.078746 -0.248942
v 0.432234 -0.977486 -0.449206
v -0.365979 -1.030085 0.200221
v -0.497754 -1.177410 0.040080
v -0.260153 -1.210961 0.052269
v 0.104758 -1.330544 -0.504559
v -0.005095 -1.344480 -0.721691
v 0.206812 -1.226070 -0.699694
v 0.301238 -0.637066 -1.019768
v 0.121562 -0.543768 -1.156205
v 0.253562 -0.398574 -1.010954
v -0.303200 0.127321 -0.675530
v -0.259128 -1.410281 -0.315349
v -0.500544 -1.381069 -0.331890
v -0.368981 -1.424215 -0.532481
v 0.125988 -1.016036 -1.051721
v -0.085918 -1.134444 -1.073718
v -0.052354 -0.922258 -1.188862
v -0.051712 -0.111235 -1.013586
v -0.184788 -0.259776 -1.164377
v -0.293011 -0.082443 -1.029899
v -0.667691 0.047450 -0.486005
v -0.678632 -0.753017 0.189827
v -0.860461 -0.663069 0.035366
v -0.804105 -0.893416 0.031907
v -0.806259 -1.220312 -0.566979
v -0.853406 -1.097786 -0.772336
v -0.674696 -1.263458 -0.767568
v -0.499754 -1.084371 -1.102070
v -0.678463 -0.918701 -1.106837
v -0.466189 -0.872186 -1.217215
v -0.548038 -0.462750 -1.202082
v -0.760312 -0.509264 -1.091704
v -0.658859 -0.288468 -1.072654
v -0.996226 -0.921557 -0.345114
v -1.043973 -0.682710 -0.336286
v -1.043373 -0.799033 -0.550471
v -0.882761 -0.211674 -0.723244
v -0.985839 -0.435307 -0.747850
v -0.985073 -0.315759 -0.528264
v 0.308169 0.120940 -1.054389
v 0.501936 0.361553 -1.011950
v 0.616563 0.070136 -1.032527
v 0.503422 0.453191 -0.928988
v 0.211909 0.071063 -0.994986
v 0.148307 0.166486 -0.948751
v 0.616044 0.450090 -0.878041
v 0.699266 0.005816 -0.967380
v 0.513030 0.007362 -1.048178
v 0.304654 0.241934 -1.041773
v 0.608660 0.303137 -1.008964
v 0.205814 0.270125 -0.976563
v 0.518708 -0.103661 -0.994676
v 0.679242 0.357886 -0.926274
v 0.713805 0.409562 -0.826124
v 0.784708 0.182010 -0.895672
v 0.707178 0.124956 -0.978941
v 0.704143 0.246771 -0.963457
v 0.542704 0.540599 -0.711341
v 0.521760 0.509404 -0.824694
v 0.419785 0.544427 -0.765704
v 0.123362 0.266961 -0.892384
v 0.071264 0.044985 -0.805012
v 0.132654 0.051220 -0.907250
v 0.140036 -0.059482 -0.854369
v 0.312469 -0.109414 -0.964359
v 0.305888 0.001903 -1.021860
v 0.413849 -0.052897 -1.023284
v 0.292589 0.447926 -0.902581
v 0.398146 0.413473 -0.969939
v 0.295598 0.348608 -0.987893
v 0.515573 0.127145 -1.069283
v 0.406453 0.186873 -1.072335
v 0.511978 0.250856 -1.056383
v 0.701232 0.471200 -0.695191
v 1.057174 0.582891 -0.026175
v 0.764241 0.689134 -0.707364
v 0.253666 0.921028 -0.853626
v 0.923941 0.737640 -0.556747
v 0.780732 1.282632 -0.428488
v 1.048204 0.792970 0.080325
v 0.728697 1.396932 -0.242867
v 0.160788 1.472738 -0.328111
v 0.957891 0.775361 0.285452
v 0.677807 1.279881 0.317014
v -0.022875 1.427589 -0.213555
v 0.466571 1.345824 0.352488
v -0.099485 0.876691 0.483142
v 0.020047 1.446224 0.005659
v 0.372935 1.203121 0.497727
v 0.978800 0.547995 -0.427983
v 0.466841 0.988038 -0.812642
v 0.934096 1.128492 -0.374198
v 0.472695 1.191168 -0.716484
v 0.976846 1.147527 -0.155026
v 0.901986 0.560589 0.334055
v 0.324917 1.522985 -0.175057
v 0.247959 1.270894 -0.687691
v 0.714721 1.096422 0.440330
v 0.849902 1.313434 -0.073858
v 0.234887 1.505430 0.029427
v 0.524448 1.042481 0.553074
v -0.258789 0.834595 0.336079
v -0.295667 1.011842 0.209585
v -0.158935 1.173446 0.283286
v -0.037731 1.089949 0.452294
v 0.092312 0.950432 0.563358
v 0.246738 0.777662 0.630179
v 0.310174 1.004476 0.588601
v 0.027657 1.272126 0.346813
v 0.247319 1.332662 0.371115
v 0.123394 1.418034 0.198313
v -0.251782 1.187479 0.083553
v -0.156012 1.333436 -0.064999
v -0.305575 1.169860 -0.145291
v -0.366636 0.826482 0.149462
v -0.154596 0.680406 0.445131
v 0.619893 0.670300 0.570397
v 0.814619 0.730858 0.444403
v 0.680405 0.888897 0.526426
v 0.577564 1.415811 0.175361
v 0.669617 1.433759 -0.033713
v 0.453638 1.501184 0.002558
v -0.007851 1.371983 -0.427328
v 0.846367 1.145651 0.270513
v 0.976162 0.976020 0.187523
v 0.938419 1.163598 0.061438
v 0.373867 1.465616 -0.384484
v 0.594691 1.400393 -0.417858
v 0.426961 1.349188 -0.574368
v 1.068723 0.775237 -0.138215
v 1.025077 0.755804 -0.361975
v 1.029619 0.963264 -0.263898
v 0.817184 1.109612 -0.560119
v 0.811216 0.902573 -0.658127
v 0.654409 1.060173 -0.713636
v 0.420902 0.776916 -0.845637
v 0.573537 0.623509 -0.791605
v 0.359434 0.559893 -0.827778
v -0.032362 -1.015550 -0.214006
v -0.631627 -0.874413 0.074877
v -0.076977 -1.192581 -0.111158
v 0.354764 -1.247428 0.159277
v -0.270786 -1.200358 -0.062954
v -0.242149 -1.445057 0.387888
v -0.683149 -0.955001 0.261316
v 0.433353 -0.588159 0.024975
v 0.403425 -1.273358 0.350736
v 0.611908 -0.800160 0.451556
v -0.299753 -1.408915 0.575165
v 0.152650 -1.317251 0.793236
v -0.719604 -0.810215 0.394187
v -0.541155 -1.032586 0.821586
v 0.235714 -1.168125 0.895992
v -0.405555 -0.988689 0.960808
v -0.054211 -0.418385 0.973441
v 0.510636 -0.743578 0.776117
v 0.093850 -1.083714 1.007551
v -0.406752 -0.791296 0.987847
v 0.280659 -0.837799 -0.152030
v -0.371545 -1.029163 -0.129643
v 0.184022 -1.344383 0.125471
v 0.419321 -0.910756 -0.012893
v -0.378488 -1.366957 0.265377
v 0.127159 -1.430236 0.296034
v -0.520353 -1.282547 0.376936
v -0.698337 -0.626903 0.312102
v 0.563750 -0.985163 0.546692
v 0.503848 -0.756516 0.092571
v -0.040552 -1.325005 0.841290
v 0.262758 -1.386340 0.435257
v -0.626157 -0.862323 0.762581
v -0.471693 -1.308479 0.568397
v 0.505965 -0.948905 0.734556
v -0.076892 -1.180671 0.973745
v -0.542122 -0.707806 0.862693
v 0.250554 -0.588828 0.980636
v 0.093604 -0.703547 1.058825
v -0.078875 -0.602796 1.052036
v -0.230724 -0.504080 0.981656
v -0.374601 -0.409808 0.855859
v -0.402047 -0.594912 0.940542
v -0.079310 -0.799825 1.081098
v -0.253885 -0.898959 1.046533
v -0.078086 -1.001649 1.053452
v 0.260314 -0.786009 0.997708
v 0.260536 -0.988058 0.969229
v 0.405148 -0.872187 0.883815
v -0.612659 -0.486872 0.611440
v -0.693446 -0.653874 0.506572
v -0.639712 -0.671849 0.696528
v -0.399474 -1.160331 0.866435
v -0.362319 -1.307904 0.731007
v -0.223674 -1.263021 0.873355
v 0.324231 -1.241031 0.737078
v 0.383128 -1.277987 0.545597
v 0.468056 -1.125514 0.650660
v 0.531867 -0.606331 0.195609
v -0.638436 -1.023448 0.651710
v -0.688190 -0.996934 0.455951
v -0.601280 -1.171020 0.516280
v 0.024972 -1.410968 0.677823
v -0.113672 -1.455850 0.535475
v 0.083869 -1.447922 0.486342
v 0.569053 -0.970390 0.354064
v 0.482790 -1.127515 0.246649
v 0.518966 -0.943911 0.158543
v -0.588014 -1.060635 0.126709
v -0.443179 -1.146812 0.012815
v -0.500318 -1.234366 0.188042
v -0.198960 -1.410401 0.199905
v -0.140820 -1.322620 0.025513
v -0.001420 -1.402473 0.150774
v 0.245127 -1.204451 0.002635
v 0.106237 -1.124763 -0.123836
v 0.280552 -1.025777 -0.089322
v -0.343485 0.705000 0.339434
v -0.732011 0.814300 -0.098443
v -0.741007 0.991882 -0.263297
v -0.359985 1.389251 -0.032148
v -0.144236 0.785264 0.409667
v -0.131916 1.008892 0.375364
v -0.164663 1.495810 -0.101410
v -0.758025 0.887959 -0.471176
v -0.419022 1.252900 -0.800433
v -0.569118 0.374591 -0.716134
v -0.181045 1.534312 -0.330654
v 0.389408 1.431504 -0.494295
v -0.440936 0.475104 -0.905449
v 0.745260 0.565066 -0.455402
v 0.495945 1.294595 -0.640072
v -0.230591 1.231739 -0.935894
v -0.246030 0.350824 -0.940251
v 0.129650 0.788268 -1.109319
v 0.724520 0.743403 -0.605256
v 0.356420 1.266046 -0.832161
v -0.469738 0.866627 0.258212
v -0.747299 0.624431 -0.209695
v -0.497083 1.361898 -0.218584
v -0.341844 1.071521 0.279511
v 0.235057 1.219425 0.261363
v 0.224826 1.385552 0.078490
v -0.546630 1.059327 -0.823825
v -0.386493 1.451550 -0.403071
v -0.758524 0.651687 -0.434352
v 0.179143 1.493863 -0.589590
v 0.428532 1.376266 -0.061384
v -0.437066 0.918529 -0.973742
v -0.229912 0.170164 -0.788907
v 0.748274 0.965368 -0.498897
v 0.162125 1.389938 -0.797468
v 0.128622 0.557820 -1.074751
v -0.241744 1.025086 -1.043004
v 0.333786 0.493004 -0.976080
v 0.461041 0.691730 -0.957578
v 0.335097 0.871028 -1.036903
v 0.155816 1.011323 -1.063545
v -0.042841 1.137996 -1.028073
v 0.167220 1.222615 -0.954031
v 0.514787 0.906751 -0.899175
v 0.528475 1.118970 -0.783860
v 0.657524 0.935986 -0.702947
v 0.513479 0.497395 -0.833757
v 0.655050 0.532828 -0.653611
v 0.529849 0.318327 -0.674456
v 0.153395 0.352339 -0.960682
v 0.169166 0.173029 -0.801592
v -0.046020 0.250410 -0.900729
v -0.067844 0.672047 -1.104543
v -0.267550 0.563097 -1.033727
v -0.266500 0.798720 -1.069072
v -0.234872 1.384770 -0.765314
v -0.217472 1.491028 -0.552768
v -0.024810 1.469391 -0.691271
v 0.571853 1.306591 -0.419753
v -0.597422 0.594306 -0.794101
v -0.708969 0.738317 -0.640791
v -0.596760 0.835810 -0.831651
v 0.220790 1.514375 -0.362845
v 0.022819 1.538973 -0.226000
v 0.237770 1.475408 -0.128584
v -0.709620 0.453174 -0.356471
v -0.577213 1.198010 -0.643918
v -0.690287 1.106346 -0.455288
v -0.559813 1.304265 -0.431371
v -0.171014 1.381839 0.097348
v -0.156067 1.208873 0.265816
v 0.043524 1.317942 0.195450
v 0.053183 0.900352 0.418041
v -0.177402 0.575777 0.379555
v -0.531099 1.236782 -0.029577
v -0.661730 1.027496 -0.051709
v -0.521554 1.055463 0.138912
v -0.526888 0.657413 0.216463
v -0.681398 0.626585 0.006352
v -1.009545 0.472773 -0.195590
v -0.401855 0.875655 0.183012
v -0.992798 0.110998 0.129870
v -1.063281 0.587990 -0.122047
v -1.160513 0.426589 0.192580
v -0.924134 0.886325 0.039591
v -1.127538 0.440365 0.333504
v -0.975253 0.869600 0.172229
v -0.506000 0.907380 0.278923
v -0.705672 0.754382 0.548166
v -1.111591 0.583091 0.356118
v -0.874730 0.913392 0.264219
v -0.902167 0.521762 -0.269326
v -1.017908 0.226510 -0.087370
v -0.880178 0.658926 -0.244896
v -1.160996 0.556022 0.131490
v -1.064439 0.211518 0.056424
v -0.788908 0.939227 0.046795
v -0.981926 0.701437 -0.153611
v -0.368322 0.753799 0.399165
v -1.130761 0.652746 0.232564
v -0.761484 0.957182 0.188437
v -0.705222 0.625045 0.609516
v -0.486771 0.837506 0.402865
v -0.837384 0.570898 0.599495
v -0.919440 0.666801 0.531958
v -0.838087 0.780247 0.500394
v -0.728610 0.853801 0.451174
v -0.612821 0.898573 0.373690
v -0.748210 0.925020 0.324846
v -0.960169 0.758931 0.433617
v -0.979770 0.830149 0.307289
v -1.062950 0.714155 0.339562
v -0.959430 0.531940 0.540907
v -1.059738 0.484219 0.448872
v -0.976902 0.379900 0.523593
v -0.729130 0.490167 0.630805
v -0.584511 0.685543 0.569334
v -0.467312 0.599825 0.562376
v -0.470803 0.732844 0.493830
v -0.525282 0.930808 0.142675
v -0.550441 0.916899 -0.007687
v -0.655427 0.953233 0.089417
v -1.033286 0.800828 0.063966
v -1.064200 0.701934 -0.039377
v -1.116467 0.684834 0.096239
v -1.112732 0.314691 0.271723
v -1.065895 0.203838 0.195598
v -1.034750 0.213241 0.345186
v -0.831614 0.876478 -0.071817
v -0.722829 0.836496 -0.171296
v -0.865646 0.778848 -0.172416
v -1.148695 0.439855 0.052927
v -1.094171 0.454402 -0.084524
v -1.093870 0.322077 -0.022285
v -0.785270 0.586664 -0.302453
v -0.924124 0.384405 -0.249909
v 0.098372 0.626681 0.447598
v -0.137536 0.623905 0.491298
v -0.298904 1.027761 0.052532
v -0.253545 -0.081570 -0.922015
v -0.481167 1.025034 -0.145895
v -0.486493 -0.064256 -0.870665
v -0.307989 0.722039 -0.882980
v -0.663169 0.886513 -0.056840
v -0.819489 0.598154 -0.565893
v -0.554447 0.161411 -0.911119
v -0.401180 0.890433 0.228385
v -0.226647 0.418730 0.578078
v -0.170975 0.135744 -0.992429
v -0.621680 0.806581 0.169109
v -0.356725 0.292595 -0.986760
v -0.897521 0.608719 -0.339495
v -0.479820 0.835496 -0.726706
v -0.973790 0.394000 -0.266983
v -0.949499 0.241465 -0.449579
v -0.858230 0.361998 -0.634838
v -0.707300 0.512859 -0.754137
v -0.505820 0.646922 -0.832176
v -0.544752 0.405530 -0.901969
v -0.847416 0.126901 -0.627985
v -0.684868 0.019570 -0.775817
v -0.784990 -0.113277 -0.587211
v -0.983075 0.165047 -0.233583
v -0.916326 0.559613 -0.109996
v -0.883452 0.473379 0.130154
v -0.796280 0.698077 0.046469
v -0.749891 0.780376 -0.434436
v -0.640859 0.915508 -0.280681
v -0.561159 0.916846 -0.519008
v -0.110737 0.611145 -0.940555
v 0.089892 0.438794 -0.946345
v -0.129699 0.377829 -0.990646
v -0.361382 -0.245451 -0.798986
v -0.599772 0.487257 0.438350
v -0.365031 0.574266 0.490482
v -0.512827 0.702317 0.355062
v -0.017103 -0.027174 -0.919971
v 0.205915 0.054613 -0.876722
v 0.113968 -0.181161 -0.801051
v -0.176669 0.922451 0.224678
v -0.035302 0.785232 0.358112
v 0.060452 0.916856 0.179871
v 0.301941 0.670035 -1.016165
v 0.501519 0.492690 -0.869494
v 0.298886 0.359834 -1.065829
v 0.210945 0.756355 -0.996311
v -0.039810 0.592558 -1.072086
v 0.218339 0.272920 -1.061851
v -0.149762 0.550629 -1.024354
v -0.088122 0.249138 -0.996897
v -0.081926 0.156016 -0.910782
v 0.242132 0.464349 -1.104703
v 0.399092 0.675058 -0.934545
v 0.468332 0.371392 -0.918379
v -0.004337 0.707549 -1.031538
v 0.124703 0.437726 -1.123918
v 0.226592 0.110542 -0.906439
v -0.180196 0.334296 -0.976988
v 0.108103 0.319724 -1.098083
v 0.110562 0.070827 -0.850181
v 0.007441 0.178612 -0.981615
v 0.115865 0.216407 -1.035380
v 0.119943 0.130780 -0.944702
v -0.091104 0.357391 -1.048006
v -0.074156 0.477864 -1.074383
v 0.014728 0.394846 -1.102693
v 0.325305 0.257258 -1.005109
v 0.071676 0.635223 -1.081587
v 0.191563 0.662403 -1.061969
v 0.159912 0.551507 -1.109864
v 0.348490 0.467421 -1.046870
v 0.380237 0.580879 -1.000030
v 0.438220 0.474219 -0.960424
v -0.144227 0.581789 0.777966
v -0.094714 0.602292 0.777102
v 0.007531 0.477799 0.832915
v -0.032602 0.507732 0.837041
v -0.025271 0.556363 0.816338
v -0.070069 0.539767 0.826787
v -0.108274 0.566303 0.804382
v -0.118225 0.520086 0.829753
v -0.035910 0.462024 0.845465
v -0.771804 0.568317 1.038740
v -0.197076 0.473566 1.034880
v -0.467960 0.646853 0.544735
v -0.066922 0.297919 1.097242
v -0.440508 0.007650 1.437062
v -0.958079 0.448397 1.089743
v -1.174227 0.362515 0.550160
v -0.907088 0.309390 1.262247
v -1.213230 -0.162016 1.109410
v -0.528143 -0.202007 1.443817
v 0.063629 0.237802 0.913493
v 0.063752 -0.340964 0.984600
v -0.460688 0.577899 0.324956
v -1.238210 0.185520 0.434229
v -1.168752 -0.381328 1.069332
v -1.230195 -0.393611 0.479637
v -0.368539 -0.347204 1.372217
v -0.697554 -0.723766 1.073446
v -1.107197 -0.460441 0.316182
v -0.704066 -0.804067 0.860862
v 0.011121 -0.538705 0.856836
v -0.974211 -0.631059 0.374448
v -0.490256 -0.820120 0.785181
v -0.682397 0.662522 0.620748
v -0.605690 0.503424 1.179720
v -0.149425 0.522840 0.818126
v -0.226743 -0.007972 1.361289
v -0.689300 0.343398 1.317855
v -1.223065 0.313355 0.772911
v -0.835141 0.599278 0.441774
v -1.074603 -0.091368 1.275160
v -1.310700 0.103700 0.779664
v -0.944449 -0.267016 1.337523
v 0.164434 -0.171924 0.845024
v -0.182263 -0.227283 1.321211
v 0.010520 0.377921 0.746594
v -1.181199 -0.534826 0.662977
v -1.315286 0.025936 0.556308
v -0.479764 -0.689758 1.129055
v -1.002636 -0.446222 1.210314
v -1.021595 -0.680021 0.591375
v -0.349480 -0.750508 0.945324
v -0.276849 -0.771138 0.735234
v -0.609489 -0.775766 0.412091
v -0.661773 -0.818517 0.641487
v -0.831676 -0.752143 0.497291
v -0.933646 -0.523017 0.198558
v -0.076014 -0.496784 1.054160
v -0.209263 -0.434580 1.241849
v -0.266581 -0.618970 1.106152
v -0.886393 -0.714255 0.954081
v -1.049580 -0.565800 1.027291
v -1.056238 -0.647904 0.809934
v -1.209336 -0.265357 0.307762
v -1.259466 -0.018195 0.352930
v 0.124531 0.189108 0.704305
v -0.643423 -0.590431 1.244594
v -0.583929 -0.407201 1.374660
v -0.806609 -0.441974 1.317803
v -1.282131 -0.337632 0.689897
v -1.277701 -0.257940 0.917989
v -1.327608 -0.113396 0.730875
v -1.107335 0.344429 0.348289
v -0.110528 0.416604 0.380720
v -0.282187 0.561075 0.459372
v -0.114452 0.490878 0.599313
v 0.077909 -0.128540 1.042300
v 0.032047 0.095463 1.083141
v -0.055665 -0.067115 1.230012
v -0.661887 -0.022815 1.444901
v -0.794964 0.156776 1.381138
v -0.884566 -0.057587 1.388045
v -1.175717 0.056151 1.140947
v -1.086114 0.270513 1.134041
v -1.227853 0.198280 0.964569
v -1.079818 0.478520 0.716501
v -0.939570 0.550991 0.891931
v -0.889750 0.601379 0.664271
v -0.335404 0.187369 1.355504
v -0.249917 0.350987 1.214268
v -0.468481 0.366959 1.291742
v -0.509130 0.660978 0.767776
v -0.557852 0.610597 0.989397
v -0.339287 0.594627 0.911923
v -1.098572 -0.322798 -0.085800
v -1.357551 -0.182257 0.287670
v -1.165623 0.136510 0.000350
v -1.352025 -0.220453 0.467633
v -1.095993 -0.616692 0.468673
v -0.958899 -0.432366 -0.108453
v -0.953998 -0.565568 0.010962
v -0.939495 -0.676405 0.545650
v -1.333276 -0.061183 0.563735
v -1.064389 0.296564 0.029988
v -1.127551 0.353748 0.488496
v -0.919288 -0.614254 0.722945
v -1.036450 0.366223 0.648696
v -1.085739 0.019640 -0.134205
v -1.197807 -0.395219 0.057653
v -1.345328 0.000322 0.267878
v -1.179733 -0.505296 0.589344
v -1.108714 -0.544825 0.117283
v -0.662519 -0.691034 0.149054
v -0.655200 -0.720595 0.341973
v -1.086420 -0.495215 0.753342
v -1.040405 0.433410 0.337490
v -1.332247 0.074967 0.435609
v -0.491182 -0.680354 0.416791
v -1.165805 0.251436 0.630628
v -1.269628 0.102103 0.609344
v -1.170485 0.113232 0.770745
v -0.615710 -0.630267 0.691054
v -0.781868 -0.674772 0.620751
v -0.631728 -0.695966 0.517970
v -1.171596 0.318735 0.316715
v -1.184952 0.242527 0.145473
v -1.282318 0.168718 0.289011
v -1.191948 -0.207305 0.805491
v -1.291054 -0.217904 0.644033
v -1.207521 -0.371602 0.698166
v -0.965970 -0.687155 0.358835
v -0.967621 -0.647398 0.171952
v -0.807878 -0.708485 0.250133
v -0.810488 -0.530946 -0.078846
v -0.966902 -0.268294 -0.183533
v -1.225889 -0.502028 0.406107
v -1.316983 -0.349063 0.345139
v -1.231537 -0.462974 0.222104
v -1.208414 -0.035902 -0.017944
v -1.220701 -0.222423 0.002567
v -1.309727 -0.109914 0.128760
v 0.885795 -0.358720 0.574029
v 0.725302 -0.595793 0.098364
v 0.535354 -0.727898 0.047506
v 0.418298 -0.919449 0.557232
v 0.817368 -0.350420 0.780707
v 0.646900 0.180515 0.808343
v 0.723113 -0.540981 0.828163
v 0.304201 -0.366356 1.153040
v 0.236293 -0.936116 0.698744
v 0.429915 -0.646807 -0.115598
v 0.461941 0.284405 0.858157
v 0.081442 -0.384895 1.152291
v -0.051484 0.140929 1.017996
v -0.164709 0.254207 0.869208
v 0.835561 -0.550124 0.490179
v 0.355298 -0.950453 0.337007
v 0.732885 -0.666949 0.650720
v 0.660626 0.003379 0.934443
v 0.386201 -0.551445 1.072613
v 0.484371 -0.002094 1.062327
v 0.214507 -0.685243 1.021779
v -0.153232 -0.056895 1.080791
v 0.361464 0.171418 1.015016
v 0.040130 -0.578667 1.077416
v -0.109968 -0.427391 1.094142
v 0.033992 0.296590 0.901935
v 0.253106 0.313869 0.896755
v 0.137344 0.422114 0.742381
v 0.033994 -0.752335 0.952942
v 0.049915 -0.015513 1.117572
v 0.175619 -0.192805 1.165514
v 0.277597 0.003404 1.118177
v 0.567431 0.328681 0.680887
v 0.351513 -0.796771 0.004179
v 0.418561 -0.847610 0.756000
v 0.593983 -0.710739 0.807860
v 0.408550 -0.718571 0.937051
v 0.505286 -0.373462 1.079420
v 0.685497 -0.367865 0.948665
v 0.601657 -0.178621 1.030899
v 0.777794 0.019153 0.755442
v 0.861664 -0.170158 0.673181
v 0.855999 0.016271 0.540087
v 0.538040 -0.862004 0.392821
v 0.642862 -0.742451 0.228992
v 0.715314 -0.720872 0.441936
v 0.891201 -0.388927 0.361040
v 0.629583 -0.188581 -0.976314
v 0.824485 -0.163147 -0.969207
v 0.835261 0.318246 -0.940601
v 0.371007 0.379420 -0.814917
v 0.914793 0.447158 -0.827808
v 0.919420 -0.312342 -0.874924
v 1.267123 -0.053456 -0.662181
v 1.082120 0.380126 -0.771464
v 1.091420 0.560005 -0.321315
v 1.328461 -0.020902 -0.481253
v 0.412935 0.080372 -0.951805
v 0.953435 0.171542 -0.953969
v 0.480565 0.263803 -0.930300
v 0.516812 0.615755 -0.608133
v 0.712024 0.638974 -0.602040
v 1.196977 -0.234023 -0.667731
v 1.106003 0.209785 -0.849437
v 1.198995 0.443890 -0.438060
v 0.784659 0.682897 -0.424613
v 1.221717 -0.302313 -0.499077
v 1.298603 0.302272 -0.337144
v 1.298849 -0.177290 -0.389685
v 1.336972 -0.017349 -0.304187
v 1.222810 -0.319945 -0.326363
v 1.293626 0.120363 -0.596854
v 1.206760 0.261149 -0.702076
v 1.269582 0.294455 -0.517202
v 1.111358 -0.383047 -0.624166
v 1.061723 0.552851 -0.498761
v 0.999636 0.518279 -0.678647
v 0.890893 0.621287 -0.556285
v 1.151432 -0.110117 -0.798520
v 0.995760 -0.149379 -0.905550
v 1.067365 0.035206 -0.899771
v 0.732232 0.451248 -0.861862
v 0.541099 0.422346 -0.855472
v 0.622295 0.553957 -0.740319
v 0.774090 0.152695 -0.998523
v 0.703792 -0.027315 -1.006392
v 0.583144 0.122460 -0.992744
v -1.278883 -0.285766 -0.449687
v -1.319049 0.081537 -0.386505
v -1.113075 -0.037380 -0.676247
v -1.297929 0.166522 -0.269312
v -1.296036 -0.092599 0.004007
v -1.230480 -0.401529 -0.374464
v -0.907048 -0.469191 -0.563587
v -1.266653 -0.382506 -0.233992
v -0.958114 -0.525991 -0.065075
v -1.207148 -0.143781 0.118693
v -1.205227 0.273250 -0.306975
v -1.017592 0.307996 0.016521
v -0.976640 -0.009465 -0.721077
v -0.906073 0.308755 -0.532372
v -0.861982 -0.490158 0.034422
v -0.804981 0.367868 -0.432570
v -1.126636 -0.182154 -0.660133
v -1.344970 -0.195197 -0.355706
v -1.239401 0.135742 -0.496600
v -1.282432 0.052630 -0.012156
v -1.337412 -0.254986 -0.222400
v -0.988143 -0.520354 -0.441498
v -0.994815 -0.244504 -0.695816
v -1.090360 -0.463266 -0.029688
v -0.893824 -0.573788 -0.330374
v -1.077425 -0.377565 0.097442
v -1.015723 0.364418 -0.124995
v -1.183338 0.110385 0.090405
v -0.839778 0.217901 -0.626649
v -1.169054 0.254227 -0.447449
v -0.905923 -0.137014 -0.732952
v -0.877758 0.403157 -0.176761
v -0.694052 0.209004 -0.600582
v -0.687464 -0.023403 -0.694299
v -0.832652 -0.013355 -0.724282
v -0.763563 0.108155 -0.676691
v -0.948256 0.365648 -0.407276
v -1.087816 0.336136 -0.361440
v -0.985186 0.385069 -0.263862
v -0.827837 -0.547538 -0.094613
v -0.853388 -0.268467 -0.703838
v -0.985336 0.215727 -0.612683
v -1.057263 0.094582 -0.662938
v -1.124834 0.187184 -0.566846
v -1.125411 0.289642 -0.070039
v -1.227417 0.241132 -0.168477
v -1.220054 0.180680 -0.031587
v -1.258620 -0.231020 0.014234
v -1.279742 -0.317457 -0.106309
v -1.186380 -0.361210 0.002400
v -1.066133 -0.520497 -0.163590
v -1.163910 -0.476197 -0.271029
v -1.029201 -0.540210 -0.307078
v -1.042477 -0.435196 -0.541221
v -1.177158 -0.371406 -0.504675
v -1.091891 -0.316758 -0.617852
v -1.342983 -0.027667 -0.118327
v -1.350712 0.033464 -0.254627
v -1.364577 -0.114559 -0.238152
v -1.219742 -0.092479 -0.596922
v -1.301178 -0.147901 -0.484356
v -1.287313 0.000123 -0.500831
v 0.113189 0.842767 0.712318
v 0.631790 0.819158 0.738712
v -0.114127 0.731823 0.635908
v -0.136103 0.497037 0.759826
v 0.079266 0.462235 0.908918
v 0.860976 0.740650 0.628019
v 0.576983 0.001555 0.879687
v 0.882183 0.859284 0.392867
v 0.812603 0.086237 0.795153
v 1.000600 0.743313 0.193212
v 0.667010 1.012663 0.359093
v 0.956773 0.499527 0.666437
v 0.824359 0.345462 0.832376
v 0.443147 0.208455 0.969143
v 0.182454 0.223769 0.944687
v -0.210296 0.770864 0.398087
v 0.596489 0.421940 0.942135
v 0.493231 0.656143 0.888946
v 0.232633 0.675702 0.881915
v 0.251027 0.994193 0.548415
v 0.512164 0.985063 0.571427
v 0.135906 0.912624 0.788295
v 0.294157 1.008861 0.581147
v 0.037396 0.869098 0.787364
v 0.035971 1.012153 0.479418
v -0.135755 0.817767 0.577375
v -0.149891 0.715347 0.550373
v -0.103356 0.890344 0.505864
v -0.041088 0.969612 0.541502
v -0.123747 0.654362 0.635233
v -0.101556 0.820574 0.679475
v -0.033734 0.895787 0.712632
v -0.006896 0.972410 0.643604
v 0.118314 1.040045 0.543010
v 0.218874 1.033500 0.509471
v -0.093456 0.719099 0.714672
v -0.017584 0.690270 0.784268
v 0.045505 0.767626 0.822569
v 0.091614 1.015936 0.644536
v 0.165239 0.983702 0.714514
v 0.267553 0.983331 0.682727
v 0.148917 0.748695 0.846020
v 0.204909 0.838058 0.824075
v 0.304646 0.833426 0.787874
v 0.336881 0.909200 0.719824
v 0.861213 -0.033535 0.862606
v 1.109933 0.048609 0.807537
v 1.101378 0.311737 0.759388
v 0.847370 0.392244 0.784693
v 0.877499 -0.609936 0.488442
v 1.533918 -0.116230 0.291089
v 1.245133 0.669353 0.189215
v 1.083096 -0.635665 0.315633
v 1.574734 0.071167 0.104420
v 1.037241 0.774663 0.057559
v 1.126980 -0.478893 -0.355582
v 1.261051 0.181328 -0.498220
v 1.100054 0.394604 -0.513687
v 1.171947 -0.062528 -0.554634
v 1.275548 -0.264543 -0.416630
v 0.992865 0.718421 -0.198291
v 1.172607 0.567022 -0.322231
v 1.435148 0.223372 -0.299309
v 1.523901 0.022788 -0.150931
v 1.449644 -0.222470 -0.217725
v 1.208021 -0.567508 -0.116359
v 1.037365 -0.674362 0.055651
v 0.788792 -0.709647 -0.023517
v 0.834780 0.801513 0.230579
v 1.380491 0.461727 -0.190548
v 1.413501 0.504221 0.068747
v 1.520075 0.309521 0.213181
v 1.408829 -0.409869 -0.031056
v 1.441460 -0.355722 0.226107
v 1.282431 -0.477794 0.399131
v 0.585690 -0.685952 0.153951
v 0.626687 -0.625726 0.407827
v 0.748453 0.587076 0.633549
v 0.916530 0.709794 0.468385
v 1.170535 0.629265 0.443102
v 1.262826 0.423251 0.581551
v 1.445477 0.269434 0.467066
v 1.454033 0.006305 0.515216
v 1.280106 -0.108222 0.678805
v 1.202546 -0.355256 0.623258
v 0.699245 0.179217 0.850447
v 0.951323 -0.436634 0.678564
v 0.773975 -0.274248 0.791557
v 0.037675 -0.063483 -0.883311
v 0.196755 0.106103 -0.881481
v 0.406345 -0.516503 -1.203542
v 0.487263 -1.028102 -0.685580
v 0.335607 -0.724327 -0.034012
v 0.356495 0.056480 -1.040316
v 0.572640 -0.672968 -1.159789
v 0.595197 -1.029087 -0.477501
v 0.939798 -0.060791 -0.989859
v 1.081484 -0.625681 -0.849546
v 1.032526 -0.682857 -0.255697
v 0.973309 -0.532132 -0.091434
v 1.193306 -0.393164 -0.466866
v 1.135746 -0.615043 -0.449763
v 1.088668 -0.733150 -0.643520
v 1.184457 -0.286488 -0.675406
v 1.121222 -0.399769 -0.866858
v 1.005631 -0.282546 -1.027522
v 1.121105 -0.064615 -0.641158
v 0.990179 0.047622 -0.794239
v 0.776378 -0.606755 0.007877
v 0.873463 -0.854205 -0.258486
v 0.814479 -0.959306 -0.454419
v 0.929617 -0.902705 -0.645350
v 0.917992 -0.728816 -0.978710
v 0.790997 -0.608081 -1.127746
v 0.842139 -0.385679 -1.156686
v 0.735979 -0.027830 -1.096728
v 0.577517 0.114861 -1.008442
v 0.714068 -0.803531 -0.095103
v 0.492679 -0.858926 -0.125355
v 0.434776 -0.981444 -0.313143
v 0.824133 -0.900026 -0.852509
v 0.599600 -0.954031 -0.871942
v 0.476962 -0.844315 -1.032687
v 0.675844 -0.229214 -1.200440
v 0.455112 -0.292050 -1.216120
v 0.295786 -0.143391 -1.142418
v 0.252215 -0.794532 -0.999927
v 0.209681 -0.591031 -1.104405
v 0.056212 -0.443023 -1.016060
v 0.099115 -0.217895 -1.043276
v -0.067021 0.534106 0.819813
v -0.000880 0.861601 0.393733
v -0.331629 0.738847 0.394436
v -0.177149 0.828999 0.292707
v -0.305316 0.666107 0.592354
v -0.120692 0.683963 0.686600
v 0.029168 0.789577 0.591251
v 0.141197 0.273394 0.883410
v 0.134268 0.478563 0.843492
v -0.749887 -0.790494 0.363202
v -0.698814 -0.933777 0.390338
v -0.801659 -0.598475 0.026945
v -0.579730 -1.211816 0.144430
v -0.799812 -0.974294 -0.077309
v -0.430256 -1.206033 -0.113753
v -0.354769 -1.234237 0.011336
v -0.430740 -1.243190 0.139873
v -0.580596 -1.174725 -0.111713
v -0.654450 -1.171950 0.018040
v -0.768108 -1.074739 0.032045
v -0.849384 -0.847480 -0.009888
v -0.820105 -0.712731 -0.068176
v -0.612288 -1.147638 0.279641
v -0.718543 -1.042069 0.289430
v -0.799823 -1.010637 0.166940
v -0.850004 -0.869859 0.140280
v -0.819975 -0.757510 0.235540
v -0.801489 -0.620536 0.179020
v -0.991629 -0.550903 -0.812768
v -1.030480 -0.566716 -0.270176
v -0.842495 -0.599809 -1.040148
v -0.788371 -0.870556 -1.050155
v -0.904055 -0.988980 -0.828959
v -0.908388 -0.552444 -0.021696
v -0.650199 0.040246 -0.611963
v -0.194577 -0.376249 -1.227216
v -0.171468 -1.221871 -1.022251
v -0.611341 -1.330617 -0.279074
v -0.409208 0.093054 -0.737272
v 0.008004 -0.564044 -1.221813
v -0.118022 -1.360761 -0.789466
v -0.610579 -1.197155 -0.034608
v 0.240386 -1.168379 -0.204937
v 0.092095 -1.121159 0.023392
v 0.441579 -0.750513 -0.168522
v 0.407032 -0.977516 -0.308127
v 0.442394 -0.965937 -0.579424
v -0.377863 -1.149485 0.102505
v -0.148324 -1.254887 -0.004470
v 0.092972 -1.333995 -0.372424
v 0.108234 -1.310790 -0.644386
v 0.291235 -1.130526 -0.746058
v 0.355330 -0.739684 -0.958637
v 0.232937 -0.524647 -1.071140
v 0.261741 -0.285974 -0.944414
v -0.147655 -1.386723 -0.247305
v -0.377789 -1.417290 -0.391668
v -0.358649 -1.413487 -0.664347
v 0.237789 -0.991637 -0.978843
v 0.000282 -1.030258 -1.114570
v -0.107002 -0.814328 -1.243408
v 0.056474 -0.094058 -0.947824
v -0.175629 -0.144269 -1.079972
v -0.406455 -0.040362 -0.976731
v -0.788795 -0.771735 0.091029
v -0.813159 -1.009358 -0.040012
v -0.813501 -1.224313 -0.434532
v -0.786117 -1.202575 -0.705663
v -0.560809 -1.307183 -0.819803
v -0.445125 -1.188758 -1.041000
v -0.552455 -0.963378 -1.152439
v -0.380658 -0.781217 -1.262157
v -0.434782 -0.510469 -1.252150
v -0.661776 -0.416516 -1.132227
v -0.647636 -0.175728 -1.003558
v -0.939121 -1.026755 -0.287819
v -1.039846 -0.803544 -0.409330
v -1.029675 -0.791424 -0.682247
v -0.796161 -0.125758 -0.774093
v -0.962392 -0.316670 -0.670876
v -0.993379 -0.322804 -0.399537
v 0.339324 0.184016 -1.063643
v 0.467653 0.414079 -0.976386
v 0.272798 0.062725 -1.030744
v 0.158377 0.095341 -0.954958
v 0.153620 0.236879 -0.941915
v 0.549333 0.477401 -0.880371
v 0.677358 0.066585 -0.997398
v 0.674554 0.410008 -0.878403
v 0.735686 0.184232 -0.949115
v 0.668946 0.304195 -0.971533
v 0.495411 0.534997 -0.766504
v 0.111193 0.011056 -0.855660
v 0.343290 -0.054962 -1.007759
v 0.481840 -0.051962 -1.026955
v 0.328976 0.405988 -0.958780
v 0.266089 0.290856 -1.007776
v 0.549262 0.068658 -1.057549
v 0.478539 0.188956 -1.072223
v 0.542005 0.306908 -1.033004
v 0.683846 0.593147 -0.740274
v 0.841726 0.780361 -0.651117
v 0.985195 0.682799 -0.454707
v 0.705848 1.371683 -0.369019
v 1.005796 0.853417 0.190044
v 0.755395 1.393746 -0.114996
v 0.898734 0.688831 0.361435
v -0.062359 1.412252 -0.089913
v 0.360209 1.304291 0.416017
v -0.018930 0.975389 0.512308
v 0.215340 0.917084 0.602969
v 0.402299 1.089223 0.559338
v -0.061695 1.188021 0.369341
v 0.129601 1.349830 0.312093
v 0.122185 1.468263 0.084117
v -0.246251 1.131991 0.195330
v -0.244910 1.237078 -0.040135
v -0.318839 0.887608 0.233085
v -0.178336 0.790814 0.429002
v 0.710785 0.764697 0.520487
v 0.647122 1.012794 0.518224
v 0.578590 1.359274 0.286571
v 0.570691 1.460888 0.050633
v 0.340566 1.523248 -0.045330
v 0.039659 1.433646 -0.328061
v 0.756342 1.180626 0.349493
v 0.929717 1.100049 0.177723
v 0.933145 1.215096 -0.052075
v 0.289203 1.500359 -0.300440
v 0.468799 1.415498 -0.463535
v 0.389375 1.278723 -0.665871
v 1.068706 0.719983 -0.026561
v 1.051899 0.832359 -0.256875
v 0.993453 1.082621 -0.267210
v 0.852976 1.179397 -0.463092
v 0.767789 1.027944 -0.652458
v 0.538981 1.084637 -0.758286
v 0.382300 0.896217 -0.847020
v 0.450652 0.650256 -0.828906
v 0.000539 -1.118223 -0.156256
v -0.164036 -1.249133 -0.055970
v -0.365756 -1.132924 -0.065151
v 0.424136 -1.221625 0.248810
v -0.219073 -1.448728 0.501680
v -0.708501 -0.925175 0.372182
v 0.494858 -0.647226 0.103495
v 0.358232 -1.321128 0.446495
v -0.383496 -1.350896 0.630979
v -0.712513 -0.695856 0.405072
v 0.202992 -1.082865 0.967785
v -0.358585 -0.894616 1.010189
v -0.123000 -0.505018 1.010337
v -0.338611 -0.500730 0.933180
v -0.456740 -0.695259 0.940811
v -0.022652 -0.703149 1.076356
v -0.138305 -0.901537 1.070477
v -0.020929 -1.091852 1.023480
v 0.203710 -0.693965 1.021997
v 0.314212 -0.883308 0.958229
v 0.480839 -0.858860 0.804071
v -0.656285 -0.603568 0.607019
v -0.613901 -0.746135 0.779452
v -0.454859 -1.067453 0.891096
v -0.332761 -1.250638 0.829931
v -0.117202 -1.264690 0.904387
v 0.245111 -1.250148 0.814270
v 0.399048 -1.221268 0.647913
v 0.521810 -1.027109 0.648204
v -0.612878 -0.976937 0.749105
v -0.651929 -1.067810 0.543133
v -0.541513 -1.260378 0.488987
v 0.047220 -1.362522 0.775087
v -0.000656 -1.448242 0.568769
v 0.160341 -1.433501 0.407312
v 0.590088 -0.925667 0.450065
v 0.532538 -1.018558 0.249594
v 0.491628 -0.875294 0.074747
v -0.642886 -0.968031 0.152775
v -0.517316 -1.152495 0.104477
v -0.474750 -1.302267 0.271933
v -0.275471 -1.418673 0.279777
v -0.114572 -1.387538 0.120567
v 0.103942 -1.403447 0.185411
v 0.266977 -1.272501 0.087451
v 0.214829 -1.123113 -0.077623
v 0.334077 -0.928822 -0.090217
v -0.456148 0.742244 0.276879
v -0.723531 0.952989 -0.132424
v -0.220932 0.678766 0.385349
v -0.071170 0.899643 0.411856
v -0.214157 1.105759 0.317623
v -0.742460 1.001876 -0.398788
v -0.106585 1.537223 -0.217046
v -0.755063 0.760178 -0.522094
v -0.265482 1.505519 -0.433127
v -0.322369 0.460261 -0.973502
v 0.717586 0.610919 -0.572348
v 0.469780 1.231973 -0.762035
v -0.171917 1.138248 -1.015117
v 0.209640 0.894949 -1.083247
v 0.094958 1.129399 -1.025839
v 0.231546 1.300775 -0.872904
v 0.447018 0.825799 -0.974554
v 0.575275 0.990076 -0.804123
v 0.719102 0.881691 -0.608828
v 0.445957 0.556778 -0.932655
v 0.573546 0.447538 -0.725965
v 0.207845 0.460857 -1.016587
v 0.092240 0.253649 -0.895619
v -0.175400 0.250673 -0.884557
v 0.061741 0.670596 -1.110358
v -0.203771 0.676246 -1.080598
v -0.319816 0.913895 -1.042228
v -0.298901 1.301432 -0.841363
v -0.161527 1.459004 -0.674885
v 0.104562 1.463962 -0.699149
v 0.492361 1.352914 -0.521354
v -0.543295 0.482292 -0.815815
v -0.644558 0.723599 -0.762651
v -0.538207 0.938422 -0.885229
v 0.265451 1.494556 -0.482445
v 0.161409 1.521931 -0.237817
v 0.298213 1.422571 -0.032912
v -0.747563 0.569589 -0.333868
v -0.525281 1.177933 -0.761087
v -0.618774 1.209556 -0.512741
v -0.491862 1.382017 -0.352851
v -0.234761 1.433315 -0.003225
v -0.097509 1.312037 0.194102
v 0.167926 1.316954 0.184428
v -0.472874 1.337393 -0.087157
v -0.580481 1.115160 0.024583
v -0.454296 1.006706 0.233699
v -0.728222 0.687960 -0.093102
v -1.063999 0.504957 -0.137727
v -1.044572 0.170600 0.126986
v -1.043534 0.667912 -0.108398
v -1.107058 0.503337 0.384567
v -0.948771 0.877246 0.250993
v -0.534769 0.888975 0.356169
v -0.758002 0.803193 0.505240
v -0.696602 0.898896 0.386871
v -0.795647 0.939982 0.262603
v -0.911125 0.740458 0.493631
v -1.005884 0.772182 0.363421
v -1.108534 0.654458 0.312979
v -0.910577 0.590442 0.564461
v -1.004310 0.467312 0.508109
v -0.757395 0.560981 0.620950
v -0.662801 0.691956 0.583248
v -0.504421 0.674903 0.546047
v -0.439263 0.778604 0.436171
v -0.475575 0.910557 0.202110
v -0.576155 0.939319 0.075113
v -0.735234 0.958905 0.107822
v -0.984160 0.857858 0.090091
v -1.077363 0.733020 0.038428
v -1.143923 0.635069 0.152077
v -1.142102 0.391234 0.267424
v -1.076336 0.241501 0.271082
v -0.851741 0.908150 0.001203
v -0.810632 0.835845 -0.140926
v -0.912284 0.718678 -0.196257
v -1.165235 0.473071 0.123437
v -1.119562 0.404857 -0.020110
v -1.065048 0.251073 -0.018844
v -0.854528 0.589290 -0.279999
v -0.947968 0.456832 -0.244078
v -0.020847 0.682829 0.440523
v -0.243414 0.540428 0.529873
v -0.602860 0.949006 -0.158312
v -0.584782 0.034297 -0.862554
v -0.435129 0.735281 -0.818598
v -0.806396 0.492799 -0.662440
v -0.596220 0.520232 -0.839594
v -0.494279 0.286710 -0.946300
v -0.896899 0.240387 -0.578694
v -0.780265 0.008876 -0.670703
v -0.981318 0.263713 -0.315772
v -0.942441 0.526358 -0.236367
v -0.873344 0.585452 0.023275
v -0.706201 0.804742 0.058634
v -0.834540 0.669527 -0.450884
v -0.658219 0.874932 -0.413678
v -0.052021 0.476338 -0.965045
v -0.221879 0.267527 -1.005139
v -0.369662 -0.140159 -0.872048
v -0.494529 0.593526 0.435528
v -0.518762 0.807546 0.262697
v -0.145549 0.002714 -0.958169
v 0.105045 -0.055810 -0.869628
v -0.295820 0.953599 0.175960
v -0.046849 0.881754 0.257449
v 0.363283 0.644487 -0.987404
v 0.236864 0.699111 -1.028905
v 0.282941 0.294491 -1.049413
v -0.090243 0.541669 -1.061615
v 0.146341 0.264982 -1.071179
v -0.056643 0.191366 -0.966660
v 0.079669 0.171116 -0.991639
v 0.153204 0.100060 -0.899787
v -0.122672 0.311155 -1.011145
v -0.052602 0.409189 -1.080443
v 0.080330 0.382849 -1.115343
v 0.007470 0.647106 -1.066442
v 0.141458 0.618589 -1.090029
v 0.176335 0.486444 -1.120085
v 0.300824 0.431678 -1.078809
v 0.392806 0.509008 -1.007107
v 0.473424 0.445596 -0.915605
v -0.117039 0.585028 0.785997
v -0.042286 0.535370 0.828775
v -0.099567 0.542973 0.821817
v -0.019491 0.481372 0.839769
v -0.644236 0.573894 1.074287
v -0.165344 0.382108 1.125416
v -0.896655 0.534478 1.009836
v -0.993560 0.349007 1.169936
v -0.801031 0.273796 1.333333
v 0.020473 0.213435 1.040318
v -0.400271 0.604436 0.440499
v -1.179191 0.304023 0.437498
v -1.233099 -0.270416 1.035766
v -0.493881 -0.325324 1.409354
v 0.077145 0.271819 0.789678
v -1.280484 0.062024 0.443532
v -1.082249 -0.473995 1.108044
v -0.246125 -0.343430 1.321530
v -1.008078 -0.542425 0.285010
v -0.620352 -0.827888 0.760870
v -0.367005 -0.790749 0.823902
v -0.703588 -0.791928 0.515526
v -0.946591 -0.700439 0.483990
v 0.007136 -0.462913 0.971794
v -0.178227 -0.523287 1.142565
v -0.359578 -0.695791 1.069603
v -0.768818 -0.759132 0.967430
v -1.003988 -0.651670 0.934043
v -1.095037 -0.631692 0.690569
v -1.192213 -0.373199 0.363996
v -0.608149 -0.677252 1.159538
v -0.679465 -0.486284 1.322065
v -0.921579 -0.392112 1.300151
v -1.245051 -0.427209 0.614265
v -1.307842 -0.239574 0.784029
v -1.332400 0.003477 0.692971
v -0.164922 0.496427 0.475787
v -0.075943 0.474536 0.718921
v 0.110377 -0.215921 0.963839
v 0.026944 -0.032439 1.126755
v -0.144556 -0.100435 1.313703
v -0.545432 -0.071141 1.455802
v -0.783589 0.027121 1.415884
v -0.973130 -0.137928 1.346600
v -1.165659 -0.062717 1.183202
v -1.172463 0.179035 1.085849
v -1.265797 0.210269 0.844433
v -1.168332 0.395652 0.682098
v -0.976173 0.553565 0.760240
v -0.805347 0.632540 0.580109
v -0.329539 0.067847 1.396687
v -0.347523 0.307852 1.296482
v -0.585139 0.412783 1.274218
v -0.551142 0.670574 0.647278
v -0.466890 0.633268 0.892655
v -0.224442 0.543219 0.925483
v -1.182280 -0.315411 -0.014446
v -1.352535 -0.255290 0.366134
v -1.010105 -0.341890 -0.134663
v -0.906688 -0.515548 -0.065446
v -1.015045 -0.596233 0.097483
v -1.336209 -0.168666 0.562287
v -1.143751 0.229171 0.054032
v -0.882686 -0.662930 0.630290
v -1.322042 0.042945 0.539349
v -1.113113 0.329898 0.592795
v -1.207931 0.159523 0.672169
v -0.674397 -0.671753 0.613882
v -0.589105 -0.705790 0.426043
v -1.118195 0.374988 0.381690
v -1.219972 0.248728 0.248544
v -1.329612 0.087103 0.329019
v -1.236571 -0.268213 0.718536
v -1.164236 -0.462397 0.681497
v -1.004885 -0.671078 0.454747
v -0.917457 -0.690107 0.259396
v -0.709518 -0.715396 0.247214
v -1.176762 -0.548659 0.486007
v -1.266117 -0.443107 0.323616
v -1.188421 -0.474079 0.129823
v -1.160673 0.042185 -0.054741
v -1.255083 -0.123163 0.033425
v -1.347737 -0.097148 0.223049
v 0.881205 -0.436331 0.473675
v 0.640724 -0.696597 0.122226
v 0.867425 -0.291238 0.680075
v 0.751137 -0.421870 0.862181
v 0.690621 -0.648602 0.769070
v 0.438222 -0.726584 -0.027126
v 0.564862 0.274416 0.784522
v 0.188612 -0.312765 1.170591
v 0.359628 0.267039 0.931420
v -0.002304 -0.465609 1.116386
v -0.065344 0.236755 0.934625
v 0.139530 0.351422 0.851292
v 0.092880 -0.680454 1.023028
v -0.052123 0.027951 1.081110
v 0.169144 -0.065051 1.144839
v 0.375814 0.061977 1.077839
v 0.363111 -0.909302 0.673846
v 0.479888 -0.766456 0.840056
v 0.342532 -0.660191 1.019623
v 0.405006 -0.432620 1.113320
v 0.604076 -0.307659 1.028710
v 0.590105 -0.058390 1.020125
v 0.706383 0.072267 0.838029
v 0.840485 -0.042847 0.660322
v 0.443250 -0.918956 0.430250
v 0.639936 -0.784056 0.354642
v 0.770251 -0.656514 0.528102
v 0.720164 -0.128804 -0.991898
v 0.461143 0.358714 -0.873805
v 0.916566 -0.209397 -0.924816
v 1.004190 0.457592 -0.764376
v 1.141155 0.287560 -0.779868
v 1.330191 -0.071843 -0.388844
v 1.252364 -0.274508 -0.399131
v 1.306940 0.017123 -0.585591
v 1.264986 0.228153 -0.610322
v 1.262675 0.351606 -0.433948
v 1.180896 -0.313835 -0.600582
v 1.123345 0.524707 -0.420089
v 0.988206 0.571890 -0.580916
v 0.796476 0.655654 -0.530157
v 1.213714 -0.133988 -0.717811
v 1.077754 -0.075328 -0.875863
v 1.048977 0.138150 -0.910598
v 0.827364 0.413267 -0.885530
v 0.630780 0.482294 -0.825810
v 0.616505 0.610540 -0.653468
v 0.855043 0.215842 -0.975900
v 0.686730 0.083233 -1.008477
v 0.489315 0.157778 -0.965783
v -1.316100 -0.210536 -0.434488
v -1.331394 0.095818 -0.303324
v -1.234090 -0.358333 -0.447925
v -1.225329 -0.427629 -0.293422
v -1.301925 -0.322659 -0.184498
v -1.249862 0.233143 -0.246356
v -1.052244 0.019609 -0.694348
v -0.880933 -0.525248 -0.040772
v -1.157549 0.295967 -0.373956
v -0.903823 -0.051744 -0.734795
v -0.758980 0.025681 -0.703416
v -0.764757 0.181441 -0.640244
v -0.888782 0.353119 -0.461307
v -1.009067 0.369049 -0.345618
v -0.961060 0.390384 -0.187327
v -0.918480 -0.219926 -0.717555
v -0.913275 0.252618 -0.597564
v -1.058534 0.169848 -0.619941
v -1.182028 0.197469 -0.509785
v -1.055017 0.326444 -0.057457
v -1.195665 0.242062 -0.087696
v -1.235057 0.117467 0.017326
v -1.260769 -0.157013 0.047875
v -1.247057 -0.306563 -0.026636
v -1.122544 -0.406121 0.025230
v -1.043132 -0.511258 -0.085405
v -1.090768 -0.518792 -0.247037
v -0.973606 -0.550706 -0.361364
v -0.982511 -0.480270 -0.518411
v -1.108465 -0.378814 -0.559136
v -1.076240 -0.252177 -0.664359
v -1.316135 -0.021543 -0.040715
v -1.360227 -0.035468 -0.202926
v -1.358024 -0.188489 -0.271682
v -1.159687 -0.104089 -0.650694
v -1.275548 -0.080000 -0.531767
v -1.289470 0.073771 -0.466131
vn -0.4694 0.4400 0.7655
vn 0.4712 0.7686 0.4328
vn 0.3820 -0.1529 0.9114
vn -0.5003 0.7523 0.4288
vn -0.0029 0.7091 0.7051
vn 0.0904 0.9516 0.2938
vn 0.5003 0.3599 0.7875
vn -0.0501 0.1621 0.9855
vn -0.7789 0.4094 0.4751
vn -0.7688 0.5860 0.2559
vn -0.4979 0.0075 0.8672
vn -0.0254 -0.3177 0.9478
vn 0.8140 0.4804 0.3264
vn 0.7368 -0.0425 0.6748
vn 0.6363 0.7704 0.0406
vn 0.4400 -0.4465 0.7792
vn 0.8223 0.5686 -0.0226
vn 0.4967 0.7701 0.4004
vn -0.1484 0.3157 0.9372
vn -0.4025 0.9085 0.1123
vn -0.9462 0.0411 0.3210
vn 0.2598 0.1671 0.9511
vn 0.5497 0.4156 0.7246
vn 0.2652 0.6109 0.7459
vn -0.3169 -0.0922 0.9440
vn 0.3221 0.9466 -0.0142
vn -0.3233 0.7184 0.6159
vn 0.1166 0.9575 0.2636
vn -0.7601 -0.2426 0.6028
vn -0.6440 0.2055 0.7370
vn -0.0886 0.9797 -0.1797
vn -0.7934 0.5541 0.2518
vn -0.9646 -0.2268 0.1342
vn -0.6659 0.7218 -0.1888
vn -0.9677 0.2417 -0.0711
vn 0.1570 0.1827 0.9706
vn 0.3654 -0.7542 0.5456
vn 0.9523 0.0846 0.2932
vn 0.3171 0.9180 0.2381
vn -0.1630 -0.9846 -0.0636
vn 0.6636 -0.5960 -0.4521
vn 0.6306 0.4372 -0.6413
vn 0.3079 -0.3365 0.8899
vn -0.1323 -0.1501 0.9798
vn -0.0752 -0.7189 0.6911
vn -0.1540 0.4777 0.8649
vn 0.6505 0.1571 0.7430
vn 0.7768 -0.3933 0.4919
vn 0.2771 0.6471 0.7103
vn 0.7448 0.5899 0.3120
vn -0.0648 0.8870 0.4573
vn 0.0406 -0.9823 0.1831
vn -0.2877 -0.9187 0.2705
vn 0.9490 -0.3007 -0.0944
vn 0.6050 -0.7946 0.0511
vn 0.5556 0.7968 -0.2376
vn 0.9293 0.3069 -0.2056
vn 0.1130 0.9825 -0.1479
vn 0.2898 -0.8973 -0.3331
vn 0.7596 -0.0931 -0.6436
vn 0.2874 0.7149 -0.6374
vn 0.4383 -0.4273 -0.7908
vn 0.4177 0.1467 -0.8966
vn -0.5292 0.5038 -0.6828
vn -0.2366 -0.4876 -0.8404
vn -0.0750 -0.9910 0.1111
vn -0.2519 -0.5677 0.7837
vn 0.4809 0.2827 -0.8300
vn 0.6834 -0.6372 -0.3562
vn 0.5335 -0.5146 0.6713
vn 0.9792 0.2023 -0.0127
vn -0.6309 -0.3847 -0.6737
vn -0.7932 0.1640 -0.5865
vn -0.4526 0.0119 -0.8916
vn -0.6629 0.6262 -0.4104
vn -0.1710 -0.8478 -0.5019
vn -0.1907 -0.7572 0.6247
vn -0.2076 0.7871 -0.5808
vn 0.1426 -0.1231 -0.9821
vn -0.0300 0.4621 -0.8863
vn 0.2810 -0.9470 -0.1558
vn 0.2597 -0.6629 -0.7022
vn 0.0720 -0.5613 0.8245
vn 0.1944 -0.8697 0.4536
vn 0.4192 0.6821 -0.5992
vn 0.6844 -0.2107 -0.6980
vn 0.7166 -0.6713 0.1894
vn 0.5069 -0.2335 0.8298
vn 0.8452 0.3168 -0.4306
vn 0.7735 0.5897 -0.2325
vn 0.9646 -0.2186 -0.1472
vn 0.8742 -0.2491 0.4167
vn -0.0182 0.9365 0.3503
vn 0.0327 0.2660 0.9634
vn -0.5956 0.7238 0.3485
vn 0.2507 0.1964 0.9479
vn -0.0198 0.6262 0.7794
vn 0.2057 0.0162 0.9785
vn -0.2149 0.9748 0.0604
vn -0.3463 0.6035 0.7182
vn -0.3219 0.8726 0.3673
vn -0.4728 0.8790 0.0609
vn -0.6911 -0.1111 0.7142
vn -0.8730 0.4820 0.0741
vn -0.2602 -0.9192 0.2955
vn -0.9371 -0.3450 -0.0533
vn -0.1940 -0.8754 -0.4428
vn -0.8613 0.2296 0.4532
vn -0.8588 -0.2183 0.4635
vn -0.9822 0.1857 0.0271
vn -0.5814 -0.5495 0.6000
vn -0.8974 0.3558 -0.2608
vn -0.6514 -0.7331 0.1957
vn 0.1064 -0.9943 -0.0021
vn -0.9220 -0.0628 -0.3821
vn -0.2055 -0.9685 -0.1409
vn -0.6703 -0.6762 -0.3059
vn 0.1090 -0.9536 -0.2808
vn -0.8412 -0.1490 -0.5197
vn -0.9053 0.2457 0.3466
vn -0.4060 0.7987 -0.4442
vn 0.0745 0.0517 -0.9959
vn -0.0703 -0.8637 -0.4992
vn -0.6369 -0.6763 0.3701
vn 0.5618 0.5943 -0.5755
vn 0.8200 -0.3887 -0.4202
vn 0.4038 -0.8045 0.4357
vn 0.9054 -0.1896 0.3800
vn -0.7324 0.3862 -0.5608
vn -0.9904 0.1199 -0.0686
vn -0.7584 0.6397 -0.1250
vn -0.8720 -0.1948 0.4492
vn -0.8694 -0.4858 -0.0902
vn -0.4507 -0.0572 -0.8908
vn -0.1921 0.5046 -0.8417
vn -0.5358 -0.5952 -0.5989
vn 0.0025 -0.4773 -0.8788
vn -0.4162 -0.9059 -0.0782
vn -0.7099 -0.0282 0.7037
vn -0.4566 -0.4778 0.7504
vn -0.2962 0.9392 -0.1738
vn 0.4139 0.4265 -0.8042
vn 0.0766 0.8237 -0.5618
vn 0.4576 -0.7134 -0.5307
vn 0.5377 -0.1783 -0.8241
vn -0.1386 -0.8704 0.4724
vn 0.1959 -0.9800 -0.0362
vn 0.7475 0.1714 -0.6417
vn 0.7321 -0.6809 0.0218
vn 0.1659 -0.6275 0.7607
vn 0.9319 -0.3219 0.1672
vn 0.7477 -0.4636 0.4754
vn -0.5357 0.0667 -0.8418
vn 0.3501 0.6149 -0.7067
vn 0.3310 -0.3251 -0.8859
vn -0.0903 -0.2067 -0.9742
vn -0.1059 0.4030 -0.9090
vn 0.4304 0.1089 -0.8960
vn -0.0209 0.8364 -0.5477
vn -0.5335 0.4856 -0.6925
vn -0.5801 -0.3710 -0.7251
vn -0.1078 -0.5254 -0.8440
vn -0.8288 -0.0524 -0.5571
vn -0.8230 -0.3200 -0.4694
vn 0.3794 0.8540 -0.3559
vn 0.1403 0.9581 -0.2497
vn 0.6886 -0.0433 -0.7238
vn 0.7050 0.3820 -0.5975
vn 0.7058 -0.1641 -0.6891
vn 0.1181 0.4280 -0.8960
vn 0.7289 0.6551 -0.1991
vn 0.9169 -0.0701 0.3929
vn -0.2606 0.9649 -0.0314
vn 0.3059 0.5695 0.7630
vn -0.6974 0.3026 0.6496
vn 0.2966 -0.2400 -0.9244
vn 0.9797 -0.0789 -0.1842
vn 0.4074 0.0851 -0.9093
vn 0.0994 -0.0418 -0.9942
vn 0.8398 0.2139 -0.4990
vn 0.4181 0.6372 -0.6475
vn 0.9579 0.2665 0.1066
vn 0.6194 -0.0925 0.7796
vn 0.2728 0.9521 -0.1381
vn -0.0875 0.8680 -0.4888
vn 0.7098 0.2212 0.6688
vn 0.6086 0.7217 0.3299
vn -0.6403 0.7591 -0.1172
vn 0.0260 0.9035 0.4277
vn 0.2076 0.1619 0.9647
vn -0.8119 0.0032 0.5838
vn -0.4194 0.0751 0.9047
vn -0.8823 0.3925 0.2596
vn -0.5655 0.7405 0.3630
vn -0.2313 0.5102 0.8284
vn -0.1849 -0.5284 -0.8286
vn 0.7673 -0.0010 -0.6413
vn 0.5149 -0.8223 -0.2422
vn -0.5047 -0.8632 0.0114
vn -0.9764 -0.0622 -0.2066
vn 0.9338 -0.1662 0.3169
vn 0.2109 -0.6316 0.7461
vn -0.6974 -0.0974 0.7100
vn 0.1433 0.3003 0.9430
vn 0.3754 -0.3639 -0.8524
vn -0.7019 -0.4072 -0.5845
vn 0.1823 -0.7261 -0.6630
vn 0.7146 -0.4233 -0.5569
vn -0.4158 -0.7501 -0.5142
vn 0.0060 -0.9907 -0.1357
vn -0.8568 -0.4878 -0.1675
vn -0.9491 0.2837 0.1371
vn 0.8529 0.2322 -0.4677
vn 0.8628 -0.5044 0.0333
vn 0.9498 -0.0609 -0.3070
vn -0.1727 -0.8786 0.4452
vn 0.4266 -0.8546 0.2962
vn -0.9687 -0.0434 0.2443
vn -0.7060 -0.5671 0.4242
vn 0.6834 -0.3943 0.6144
vn -0.2854 -0.4309 0.8561
vn -0.7241 0.3476 0.5957
vn -0.2854 0.4985 0.8186
vn 0.6263 0.0228 0.7792
vn 0.2425 -0.1319 0.9611
vn -0.2907 0.1761 0.9405
vn -0.3813 0.1509 0.9121
vn -0.9973 0.0233 0.0692
vn 0.3187 0.7633 0.5620
vn -0.4214 0.8890 0.1794
vn -0.4726 -0.5321 -0.7025
vn 0.9505 -0.0412 -0.3079
vn 0.4279 0.7936 -0.4326
vn -0.4981 0.4201 -0.7586
vn 0.3797 -0.1429 -0.9140
vn -0.4509 -0.1610 0.8780
vn -0.8083 0.1111 0.5781
vn -0.9429 -0.2638 0.2036
vn -0.8347 0.5291 0.1528
vn -0.4719 0.6010 0.6451
vn -0.1251 -0.0292 0.9917
vn -0.0330 0.4925 0.8697
vn 0.0435 0.8881 0.4577
vn -0.8796 0.2537 -0.4025
vn -0.5405 0.7694 -0.3404
vn -0.9065 -0.2468 -0.3425
vn 0.0066 0.9891 -0.1473
vn 0.4604 0.8863 0.0512
vn -0.5886 -0.1167 -0.7999
vn -0.0186 -0.7178 -0.6960
vn 0.8377 -0.3739 -0.3981
vn 0.7913 0.4609 -0.4017
vn -0.0407 0.7133 -0.6997
vn -0.0720 -0.4411 -0.8946
vn -0.0703 0.1652 -0.9837
vn 0.4650 -0.5415 -0.7004
vn 0.8038 -0.0874 -0.5884
vn 0.4765 0.3852 -0.7903
vn -0.7683 -0.5979 -0.2285
vn -0.6047 0.2192 -0.7657
vn -0.9744 0.0892 0.2061
vn -0.3745 0.9267 -0.0318
vn 0.4794 0.7942 0.3734
vn -0.2371 0.4161 0.8779
vn -0.3917 0.0271 -0.9197
vn -0.7694 -0.2187 -0.6001
vn -0.2778 0.5124 -0.8126
vn 0.3568 0.9312 -0.0746
vn -0.7820 -0.6087 0.1338
vn -0.9250 0.1788 -0.3352
vn -0.9266 -0.3696 -0.0697
vn -0.0633 0.9237 -0.3778
vn -0.5736 0.6712 -0.4695
vn 0.4832 0.4745 0.7358
vn -0.8334 -0.2484 0.4937
vn -0.7946 0.5984 0.1027
vn 0.1235 0.9768 0.1751
vn 0.1612 0.2589 0.9524
vn 0.2058 0.6785 0.7052
vn -0.4218 0.0167 0.9065
vn -0.7125 0.2973 0.6356
vn -0.3605 0.7875 0.4999
vn 0.0845 0.4315 0.8982
vn -0.4336 0.8137 0.3871
vn -0.2221 -0.2310 -0.9473
vn -0.3464 0.5358 -0.7700
vn -0.9220 0.2276 -0.3131
vn 0.2245 0.6756 0.7022
vn 0.3528 -0.4079 -0.8421
vn 0.1717 0.2320 -0.9574
vn -0.1107 0.6393 0.7610
vn 0.0594 0.8346 0.5477
vn -0.2632 0.3693 0.8913
vn 0.2114 -0.1128 -0.9709
vn 0.0906 -0.5100 -0.8554
vn -0.5526 0.8248 -0.1195
vn -0.6392 0.5122 0.5737
vn -0.5197 -0.4709 -0.7129
vn -0.1988 0.2604 -0.9448
vn -0.7813 0.6234 0.0309
vn -0.6275 0.5520 -0.5491
vn -0.9727 0.1939 0.1272
vn -0.9082 -0.2144 -0.3596
vn -0.6738 -0.0028 -0.7389
vn 0.4622 0.5290 -0.7117
vn 0.8481 -0.0187 -0.5294
vn 0.2081 -0.2363 -0.9491
vn -0.4017 0.3332 -0.8530
vn 0.0598 -0.8694 -0.4905
vn -0.5238 -0.5349 -0.6630
vn 0.4029 0.2602 -0.8774
vn 0.7547 0.1921 -0.6273
vn 0.6429 -0.1558 -0.7499
vn 0.0262 0.5066 -0.8618
vn -0.1870 0.1287 -0.9739
vn 0.1705 -0.6656 -0.7266
vn -0.5418 -0.1063 -0.8337
vn -0.2682 -0.4639 -0.8443
vn -0.1618 -0.7969 -0.5820
vn -0.2701 0.6810 0.6807
vn 0.2216 0.2852 0.9325
vn -0.2585 0.5594 0.7875
vn 0.2424 0.1003 0.9650
vn 0.0098 0.2911 0.9566
vn -0.0907 0.5672 0.8185
vn -0.2766 0.7067 0.6512
vn 0.7110 0.6348 0.3025
vn -0.0163 0.9738 -0.2270
vn -0.9184 0.3812 -0.1064
vn -0.6820 -0.2630 0.6825
vn 0.3254 -0.1057 0.9397
vn -0.7122 -0.6381 -0.2924
vn 0.0552 -0.9340 0.3530
vn 0.8697 -0.3524 0.3457
vn -0.1961 0.9645 0.1768
vn 0.2559 0.7883 0.5596
vn 0.3846 0.9228 -0.0237
vn 0.6117 0.3102 0.7277
vn 0.0286 0.3532 0.9351
vn -0.7020 0.6398 0.3128
vn -0.6123 0.7731 -0.1658
vn -0.5634 0.2608 0.7839
vn -0.9419 0.0667 0.3293
vn -0.2096 -0.2167 0.9535
vn 0.9200 0.1885 0.3435
vn 0.7279 -0.2842 0.6240
vn 0.4343 0.8289 -0.3526
vn 0.7627 0.6339 -0.1279
vn -0.8417 0.3437 -0.4165
vn -0.8219 -0.5250 0.2211
vn -0.9621 -0.1540 -0.2250
vn 0.2260 -0.6125 0.7574
vn -0.3678 -0.7039 0.6076
vn -0.6747 -0.4722 -0.5673
vn -0.3862 -0.9219 0.0307
vn 0.5205 -0.7675 0.3743
vn -0.3431 -0.8297 -0.4403
vn 0.0814 -0.9933 -0.0825
vn -0.5250 -0.5660 -0.6357
vn -0.9961 0.0721 0.0500
vn -0.6466 0.4243 -0.6339
vn 0.1841 -0.9798 -0.0781
vn -0.5049 -0.7949 0.3366
vn -0.5852 0.7907 0.1798
vn -0.6517 -0.0993 -0.7519
vn -0.8901 -0.2890 -0.3524
vn -0.8529 0.3190 -0.4132
vn -0.8742 -0.4168 0.2490
vn -0.5897 -0.7939 -0.1481
vn -0.2737 -0.4923 -0.8262
vn -0.1886 -0.8770 -0.4420
vn -0.0758 -0.9919 0.1017
vn -0.8649 0.1110 0.4895
vn -0.7368 -0.3776 0.5609
vn -0.6672 0.6985 -0.2588
vn -0.8112 0.5670 0.1430
vn -0.0069 -0.9056 0.4241
vn 0.2203 -0.9374 0.2699
vn -0.6732 0.5807 0.4579
vn 0.8808 -0.3616 0.3058
vn 0.5161 -0.6468 -0.5615
vn 0.4854 0.5313 0.6943
vn 0.0389 -0.3837 0.9226
vn 0.2987 -0.9447 0.1357
vn -0.3492 0.5186 0.7805
vn 0.9892 0.0328 0.1426
vn 0.8201 -0.5528 -0.1477
vn 0.4849 -0.8046 -0.3427
vn 0.5695 -0.7929 0.2165
vn 0.8033 0.1009 0.5869
vn 0.7695 0.5300 0.3564
vn 0.5350 -0.4411 0.7205
vn 0.3015 0.0860 0.9496
vn 0.1615 -0.7633 0.6256
vn 0.3444 -0.6892 -0.6375
vn 0.2335 0.8307 0.5053
vn -0.1987 0.0496 0.9788
vn -0.0373 0.5741 0.8179
vn -0.2589 -0.4791 0.8387
vn -0.1929 0.7839 0.5901
vn -0.3970 0.3354 -0.8543
vn 0.1668 -0.3633 -0.9166
vn -0.0193 0.9477 -0.3186
vn 0.4370 0.4243 -0.7931
vn 0.7776 0.6267 -0.0503
vn 0.9067 -0.3343 -0.2573
vn -0.1523 -0.0327 -0.9878
vn 0.2944 -0.0722 -0.9529
vn -0.0894 0.4042 -0.9103
vn -0.2581 0.7214 -0.6426
vn 0.1679 0.8212 -0.5454
vn 0.6280 -0.4285 -0.6496
vn 0.7906 0.0464 -0.6105
vn 0.7109 0.6028 -0.3623
vn 0.4174 0.8908 -0.1798
vn 0.7740 -0.6128 -0.1594
vn 0.9784 0.1395 -0.1526
vn 0.9320 -0.3567 0.0646
vn -0.8692 -0.4677 -0.1605
vn -0.7717 0.5728 -0.2763
vn -0.2986 -0.0774 -0.9512
vn -0.1849 -0.9006 -0.3934
vn -0.2787 -0.8278 0.4869
vn -0.8033 0.1397 0.5789
vn 0.0864 0.7502 -0.6555
vn -0.2480 0.9282 0.2776
vn -0.6836 -0.3223 -0.6548
vn -0.9645 0.0618 -0.2567
vn -0.6280 0.2908 -0.7218
vn -0.8762 0.4200 0.2362
vn -0.9334 -0.1904 0.3041
vn -0.4851 -0.8078 -0.3348
vn -0.2516 -0.5457 -0.7993
vn -0.6322 -0.7318 0.2545
vn -0.2109 -0.9676 0.1385
vn -0.6812 -0.4317 0.5913
vn -0.4885 0.8694 0.0746
vn -0.5824 0.6648 0.4678
vn -0.0578 0.4086 -0.9109
vn -0.3327 0.7899 -0.5151
vn 0.1308 -0.0334 -0.9908
vn 0.0007 -0.9137 0.4065
vn -0.1220 0.9781 -0.1685
vn 0.2846 0.3685 -0.8850
vn -0.5066 0.6469 0.5699
vn 0.2352 0.7686 0.5950
vn 0.5073 0.5812 0.6363
vn 0.1674 0.0052 0.9859
vn -0.6801 0.3963 0.6168
vn -0.5337 0.1875 0.8246
vn 0.1599 -0.2930 0.9426
vn 0.7015 0.6085 0.3709
vn 0.4263 -0.3558 0.8317
vn -0.2419 0.6013 0.7615
vn 0.2710 0.9069 0.3225
vn 0.4606 0.1106 0.8807
vn -0.2645 0.3064 0.9144
vn 0.6108 -0.1310 0.7809
vn 0.5555 0.8099 0.1887
vn 0.6308 -0.2970 0.7169
vn 0.7666 0.6421 -0.0071
vn 0.7614 0.6378 0.1161
vn 0.8253 0.5577 0.0884
vn 0.2065 -0.4495 0.8691
vn 0.3670 0.9226 0.1190
vn 0.8024 0.2295 0.5509
vn 0.7198 0.3927 0.5724
vn 0.6884 0.1491 0.7099
vn -0.0863 -0.1308 0.9876
vn -0.3088 0.0243 0.9508
vn -0.2760 -0.1714 0.9458
vn -0.7087 0.1775 0.6828
vn -0.7825 0.5288 0.3287
vn -0.7044 0.5798 0.4094
vn -0.6974 0.6402 0.3223
vn 0.2251 0.2993 0.9272
vn 0.2469 0.5442 0.8018
vn 0.0007 0.4558 0.8901
vn -0.1962 0.8948 0.4011
vn -0.2533 0.7979 0.5470
vn 0.0035 0.8830 0.4694
vn 0.5623 0.5854 0.5840
vn 0.0697 0.4839 0.8723
vn 0.4336 0.8856 0.1663
vn -0.2471 0.5422 0.8031
vn -0.1391 0.9710 0.1946
vn -0.8231 0.1269 0.5536
vn -0.2473 0.9644 -0.0933
vn -0.9029 0.3132 0.2944
vn -0.5451 0.8328 -0.0962
vn -0.9892 0.1261 0.0744
vn 0.0826 0.1950 0.9773
vn 0.4265 0.6989 0.5742
vn -0.2152 0.0634 0.9745
vn -0.3761 0.8431 0.3844
vn 0.3488 0.8802 0.3218
vn -0.8665 -0.1603 0.4728
vn -0.4185 0.2682 0.8677
vn -0.6273 0.7553 0.1900
vn -0.9701 -0.1419 0.1969
vn -0.9995 -0.0288 -0.0149
vn -0.8547 0.4987 -0.1445
vn -0.9120 0.4096 0.0233
vn -0.7700 0.6373 -0.0304
vn -0.3893 0.8865 -0.2502
vn -0.8840 -0.2983 0.3601
vn -0.7381 0.4192 0.5286
vn -0.5279 0.4926 0.6918
vn -0.5949 0.6489 0.4744
vn 0.0398 0.9990 -0.0200
vn 0.2621 0.9628 0.0653
vn 0.1452 0.9824 -0.1179
vn -0.7009 -0.0827 0.7085
vn -0.5617 -0.1847 0.8065
vn -0.4925 -0.0100 0.8702
vn -0.0867 0.8734 0.4792
vn -0.0197 0.7171 0.6966
vn 0.1791 0.8242 0.5372
vn -0.0042 -0.0119 0.9999
vn 0.3172 0.3518 0.8807
vn 0.4431 0.2874 0.8492
vn 0.4708 0.4759 0.7429
vn 0.2432 -0.0867 0.9661
vn 0.0971 -0.7540 0.6496
vn 0.4255 0.1763 0.8876
vn 0.8962 -0.1673 0.4109
vn 0.2261 0.4380 0.8701
vn 0.5569 0.7795 0.2867
vn 0.2006 -0.9052 0.3746
vn -0.2700 -0.9576 0.1010
vn 0.9882 -0.1178 0.0978
vn 0.6560 -0.7275 -0.2013
vn 0.4559 0.8900 -0.0068
vn 0.8141 0.3851 -0.4348
vn 0.4637 -0.7722 -0.4344
vn 0.7235 0.1714 -0.6687
vn 0.5186 -0.5396 -0.6632
vn 0.4888 0.3026 -0.8182
vn 0.3466 -0.5624 0.7507
vn -0.0451 0.0157 0.9989
vn -0.0555 0.3358 0.9403
vn 0.8288 0.1267 0.5450
vn 0.6015 -0.5910 0.5375
vn 0.3072 0.8100 0.4995
vn 0.8791 0.3578 0.3148
vn 0.0754 0.9368 0.3417
vn -0.0939 -0.9954 0.0206
vn 0.8416 -0.4620 -0.2798
vn 0.5104 -0.8048 0.3031
vn 0.6145 0.6467 -0.4518
vn 0.9777 0.2067 0.0384
vn 0.1662 0.9856 0.0328
vn 0.0772 -0.9793 -0.1870
vn 0.7405 -0.3510 -0.5731
vn 0.4223 0.5926 -0.6859
vn 0.3214 0.4531 -0.8315
vn 0.4400 -0.1478 -0.8858
vn 0.5547 0.0050 -0.8320
vn 0.5634 -0.2641 -0.7828
vn 0.3687 -0.6940 -0.6184
vn 0.2025 0.8878 -0.4132
vn 0.2904 0.9264 -0.2396
vn 0.3721 0.8011 -0.4688
vn 0.8977 0.0907 -0.4312
vn 0.9826 -0.0020 -0.1855
vn 0.9065 -0.1807 -0.3816
vn 0.4069 -0.8977 -0.1690
vn 0.3310 -0.9393 0.0906
vn 0.1723 -0.9804 -0.0955
vn -0.0277 0.9886 0.1479
vn 0.7842 0.5855 -0.2054
vn 0.7018 0.7119 0.0257
vn 0.8692 0.4929 0.0403
vn 0.8218 -0.5698 0.0060
vn 0.8979 -0.3911 0.2021
vn 0.7448 -0.6111 0.2678
vn -0.1942 -0.9479 0.2523
vn -0.0718 -0.8870 0.4561
vn -0.2022 -0.8622 0.4645
vn -0.1216 0.7137 0.6899
vn -0.0005 0.6009 0.7993
vn 0.0413 0.7925 0.6085
vn 0.5469 0.6287 0.5528
vn 0.5048 0.4354 0.7454
vn 0.7143 0.4096 0.5674
vn 0.7321 -0.1367 0.6674
vn 0.5226 -0.1109 0.8453
vn 0.5790 -0.3567 0.7332
vn -0.2061 0.1696 0.9637
vn 0.0725 -0.5314 0.8440
vn 0.0295 -0.2786 0.9600
vn -0.0827 -0.4445 0.8919
vn -0.7183 0.3336 -0.6106
vn -0.3622 -0.2403 -0.9006
vn -0.6270 0.5936 -0.5044
vn -0.0811 -0.9689 -0.2339
vn -0.2353 -0.6388 0.7325
vn -0.3723 0.7025 -0.6066
vn -0.0444 -0.3125 -0.9489
vn 0.2287 0.3916 -0.8913
vn 0.0708 -0.9969 -0.0354
vn 0.4851 -0.6754 -0.5554
vn -0.1282 -0.5935 0.7946
vn 0.3696 -0.7218 0.5851
vn 0.4575 0.5412 -0.7056
vn 0.7109 -0.4347 -0.5528
vn 0.6543 -0.6139 0.4416
vn 0.6929 0.3165 -0.6479
vn 0.8902 0.4402 -0.1176
vn 0.8607 -0.4385 -0.2587
vn 0.7330 -0.3586 0.5780
vn -0.4785 -0.4722 -0.7404
vn -0.5114 0.2630 -0.8181
vn -0.2445 -0.6966 -0.6745
vn -0.1529 -0.9033 0.4009
vn 0.3192 0.0751 -0.9447
vn -0.2863 0.5029 -0.8156
vn 0.4953 -0.8279 -0.2629
vn 0.0187 -0.6028 -0.7977
vn 0.2958 -0.5243 0.7985
vn 0.0240 -0.9564 0.2912
vn 0.6086 0.0283 -0.7930
vn 0.7275 -0.6815 -0.0796
vn 0.5216 -0.3288 0.7873
vn 0.9369 0.2888 -0.1970
vn 0.9989 0.0045 -0.0461
vn 0.9786 -0.0710 0.1929
vn 0.7006 -0.2194 0.6789
vn 0.9586 -0.2364 0.1590
vn 0.8507 -0.4186 0.3178
vn 0.8903 -0.4528 0.0492
vn 0.9448 0.0402 -0.3252
vn 0.8726 -0.1973 -0.4469
vn 0.8194 0.0431 -0.5716
vn 0.8024 0.5172 -0.2978
vn 0.6611 0.5585 -0.5010
vn 0.6422 0.6500 -0.4062
vn 0.3070 -0.3686 0.8774
vn 0.4703 -0.8254 0.3123
vn 0.2756 -0.9480 0.1589
vn 0.5096 -0.8594 0.0412
vn 0.4818 -0.4438 -0.7556
vn 0.2398 -0.4047 -0.8824
vn 0.4287 -0.2034 -0.8803
vn 0.1809 0.6399 -0.7469
vn -0.0940 0.6917 -0.7160
vn 0.0912 0.7616 -0.6416
vn 0.0925 -0.7063 0.7019
vn -0.1169 -0.6650 0.7377
vn -0.0585 -0.8279 0.5579
vn 0.2538 -0.8536 -0.4549
vn 0.0415 -0.9368 -0.3473
vn 0.0137 -0.8143 -0.5802
vn 0.0312 0.1706 -0.9848
vn -0.1576 -0.0307 -0.9870
vn -0.2351 0.2307 -0.9442
vn -0.4577 0.7606 -0.4604
vn -0.4516 -0.6488 -0.6124
vn -0.7833 0.4135 -0.4641
vn -0.6127 -0.2008 -0.7643
vn -0.7510 -0.1161 -0.6500
vn -0.6895 0.0584 -0.7219
vn 0.0110 0.4383 0.8987
vn -0.0956 0.9802 0.1732
vn -0.1749 0.4575 0.8719
vn -0.5067 0.7844 0.3577
vn -0.5664 0.8055 0.1742
vn 0.1711 0.2060 0.9635
vn -0.0400 0.8085 0.5871
vn 0.1518 0.0884 0.9844
vn -0.5072 0.6623 0.5514
vn -0.1267 0.9244 0.3598
vn -0.4322 0.8897 0.1468
vn -0.2524 0.9565 0.1464
vn -0.3478 0.9372 0.0262
vn -0.3672 0.7207 0.5880
vn -0.1826 0.6146 0.7674
vn -0.1648 0.7784 0.6057
vn 0.2312 0.0642 0.9708
vn 0.1647 0.4036 0.9000
vn -0.7837 0.0821 0.6156
vn -0.7576 -0.1497 0.6353
vn -0.9974 -0.0704 -0.0140
vn -0.4420 -0.7567 0.4816
vn -0.8826 0.4549 -0.1186
vn -0.4476 -0.8470 0.2867
vn -0.9373 -0.2101 -0.2782
vn -0.2105 -0.9721 0.1031
vn -0.4467 -0.8152 -0.3687
vn -0.8767 0.3884 0.2837
vn -0.9308 -0.2896 0.2228
vn -0.9205 0.3862 0.0589
vn -0.6336 -0.3390 0.6954
vn -0.8197 -0.5677 0.0765
vn -0.0402 -0.9879 0.1499
vn -0.1992 -0.9183 -0.3422
vn -0.8260 -0.5171 -0.2246
vn -0.0081 -0.9203 -0.3911
vn -0.8415 -0.3724 -0.3914
vn 0.0234 -0.9701 -0.2415
vn 0.1442 -0.9788 -0.1453
vn 0.0195 -0.9987 -0.0468
vn -0.4643 -0.8517 -0.2431
vn -0.4614 -0.8872 0.0028
vn -0.6612 -0.7413 -0.1153
vn -0.9655 0.0836 -0.2466
vn -0.9338 0.3079 -0.1824
vn -0.9206 0.1760 -0.3486
vn -0.6037 -0.6512 0.4599
vn -0.6993 -0.4165 0.5809
vn -0.7783 -0.5047 0.3736
vn -0.9610 0.0079 0.2765
vn -0.8693 0.0603 0.4906
vn -0.9249 0.2434 0.2922
vn -0.8160 0.1302 -0.5632
vn -0.9626 0.2224 0.1548
vn -0.5974 0.7593 -0.2581
vn -0.9012 0.0552 0.4299
vn -0.7867 -0.6019 0.1369
vn -0.6659 -0.1058 -0.7385
vn -0.0656 0.2946 -0.9534
vn -0.7114 -0.3932 -0.5825
vn -0.0342 -0.6915 -0.7216
vn -0.5447 -0.8263 0.1434
vn -0.8128 0.1165 0.5708
vn -0.3358 0.9039 -0.2649
vn 0.2613 0.2550 -0.9310
vn 0.3217 0.7276 -0.6059
vn 0.2073 -0.8184 -0.5359
vn 0.6998 -0.2805 -0.6570
vn -0.3968 -0.8048 0.4414
vn 0.3086 -0.9295 0.2018
vn 0.7888 -0.0934 -0.6075
vn 0.5980 -0.7670 0.2329
vn 0.9096 -0.4074 -0.0812
vn 0.5920 -0.6282 0.5049
vn -0.5972 0.6115 -0.5191
vn -0.9542 -0.0113 -0.2990
vn -0.8908 0.4486 0.0717
vn -0.7850 -0.4449 0.4311
vn -0.8895 -0.3347 -0.3109
vn -0.2030 -0.0044 -0.9792
vn -0.3040 0.6757 -0.6715
vn -0.3217 -0.7544 -0.5721
vn 0.0390 -0.2287 -0.9727
vn -0.2578 -0.9204 -0.2941
vn -0.5426 -0.5675 0.6193
vn 0.5161 0.5422 -0.6631
vn -0.1471 0.8580 -0.4922
vn 0.6742 -0.5558 -0.4864
vn 0.3259 -0.0684 -0.9429
vn 0.1304 -0.8715 0.4728
vn 0.0691 -0.9599 -0.2717
vn 0.6929 0.3961 -0.6025
vn 0.8070 -0.5591 -0.1899
vn 0.3032 -0.6952 0.6518
vn 0.9231 -0.2344 0.3049
vn 0.8645 -0.3084 0.3969
vn 0.4741 -0.5599 0.6795
vn 0.8826 -0.3482 0.3159
vn 0.7862 -0.5412 0.2984
vn 0.8819 -0.4613 0.0969
vn -0.1437 -0.6078 0.7810
vn -0.2755 -0.6830 0.6765
vn 0.0022 -0.7277 0.6859
vn 0.4904 -0.8707 -0.0373
vn 0.3660 -0.8865 -0.2832
vn 0.6084 -0.7495 -0.2611
vn 0.6966 0.0228 -0.7171
vn 0.5255 0.1361 -0.8398
vn 0.6432 0.2953 -0.7064
vn -0.1135 0.9342 -0.3383
vn 0.0065 -0.9767 0.2143
vn -0.2669 -0.9437 0.1956
vn -0.1179 -0.9925 -0.0316
vn 0.5022 -0.4736 -0.7236
vn 0.2585 -0.6072 -0.7514
vn 0.2965 -0.3669 -0.8818
vn 0.2511 0.6682 -0.7003
vn 0.1200 0.5175 -0.8472
vn -0.0044 0.7128 -0.7013
vn -0.5187 0.8454 -0.1276
vn -0.6223 -0.2317 0.7477
vn -0.7657 -0.0820 0.6379
vn -0.6793 -0.3162 0.6623
vn -0.6735 -0.7299 -0.1170
vn -0.7269 -0.5911 -0.3496
vn -0.5245 -0.7787 -0.3442
vn -0.2918 -0.5406 -0.7891
vn -0.4942 -0.3529 -0.7945
vn -0.2538 -0.3003 -0.9195
vn -0.3627 0.2442 -0.8993
vn -0.6031 0.1916 -0.7743
vn -0.4882 0.4416 -0.7528
vn -0.9261 -0.3326 0.1780
vn -0.9802 -0.0616 0.1883
vn -0.9795 -0.1938 -0.0546
vn -0.7879 0.5411 -0.2939
vn -0.9023 0.2935 -0.3157
vn -0.9056 0.4136 -0.0940
vn -0.3216 -0.0804 -0.9435
vn 0.1208 0.5287 -0.8402
vn 0.4110 -0.1418 -0.9006
vn 0.1274 0.7742 -0.6199
vn -0.5804 -0.2116 -0.7864
vn -0.7355 0.0313 -0.6768
vn 0.4111 0.7625 -0.4996
vn 0.5535 -0.1953 -0.8097
vn 0.1393 -0.3065 -0.9416
vn -0.3277 0.2509 -0.9109
vn 0.4114 0.3662 -0.8347
vn -0.5825 0.3132 -0.7501
vn 0.1037 -0.4680 -0.8776
vn 0.5845 0.5141 -0.6278
vn 0.6080 0.6530 -0.4516
vn 0.7325 0.1511 -0.6638
vn 0.6224 0.0050 -0.7827
vn 0.6393 0.2395 -0.7307
vn 0.2241 0.9327 -0.2826
vn 0.1914 0.8980 -0.3963
vn 0.1014 0.9310 -0.3507
vn -0.7498 0.2519 -0.6118
vn -0.8353 -0.2320 -0.4985
vn -0.7651 -0.2342 -0.5998
vn -0.7589 -0.3324 -0.5599
vn -0.3265 -0.4755 -0.8169
vn -0.3441 -0.3546 -0.8694
vn -0.1081 -0.4364 -0.8933
vn -0.2897 0.6783 -0.6752
vn -0.1182 0.6617 -0.7404
vn -0.3500 0.5089 -0.7865
vn 0.1681 -0.0317 -0.9853
vn -0.0742 0.1013 -0.9921
vn 0.1599 0.2432 -0.9567
vn 0.4899 -0.2357 -0.8393
vn 0.9918 -0.0847 0.0958
vn 0.5699 -0.0790 -0.8179
vn 0.0874 0.1688 -0.9818
vn 0.8005 -0.0112 -0.5992
vn 0.5916 0.6712 -0.4467
vn 0.9662 0.0625 0.2501
vn 0.5149 0.8395 -0.1734
vn -0.2091 0.9335 -0.2914
vn 0.8362 0.0396 0.5471
vn 0.4799 0.6749 0.5605
vn -0.4855 0.8656 -0.1226
vn 0.1688 0.7720 0.6127
vn -0.5687 0.1373 0.8110
vn -0.4345 0.8830 0.1775
vn 0.0326 0.5580 0.8292
vn 0.8866 -0.1316 -0.4434
vn 0.2330 0.2597 -0.9372
vn 0.8174 0.4442 -0.3668
vn 0.2382 0.5557 -0.7965
vn 0.8804 0.4722 -0.0440
vn 0.7750 -0.1088 0.6225
vn 0.0143 0.9956 -0.0927
vn 0.0581 0.7059 -0.7059
vn 0.5316 0.4023 0.7454
vn 0.6934 0.7165 0.0755
vn -0.1186 0.9701 0.2119
vn 0.2550 0.3273 0.9099
vn -0.7841 0.1012 0.6123
vn -0.8422 0.3258 0.4296
vn -0.6565 0.5447 0.5218
vn -0.4786 0.4221 0.7699
vn -0.3105 0.2431 0.9190
vn -0.1319 0.1478 0.9802
vn -0.0376 0.3035 0.9521
vn -0.3988 0.6758 0.6199
vn -0.1342 0.7487 0.6491
vn -0.2835 0.8516 0.4410
vn -0.7814 0.5658 0.2633
vn -0.6671 0.7400 0.0859
vn -0.8010 0.5948 0.0680
vn -0.8995 0.1576 0.4074
vn -0.6422 -0.0197 0.7663
vn 0.4571 0.0202 0.8892
vn 0.6513 0.0018 0.7588
vn 0.4785 0.1493 0.8653
vn 0.3330 0.8664 0.3722
vn 0.4439 0.8880 0.1204
vn 0.1837 0.9692 0.1641
vn -0.4109 0.8503 -0.3288
vn 0.7132 0.4842 0.5068
vn 0.8697 0.2793 0.4069
vn 0.8241 0.5058 0.2550
vn 0.0761 0.9217 -0.3804
vn 0.3342 0.8418 -0.4238
vn 0.1565 0.7886 -0.5946
vn 0.9978 0.0413 -0.0519
vn 0.9432 0.0170 -0.3318
vn 0.9524 0.2251 -0.2053
vn 0.6526 0.4294 -0.6243
vn 0.6456 0.1795 -0.7423
vn 0.4560 0.3700 -0.8094
vn 0.1908 -0.0092 -0.9816
vn 0.3289 -0.1480 -0.9327
vn 0.1745 -0.1681 -0.9702
vn 0.1129 -0.4579 -0.8818
vn -0.8699 -0.2480 -0.4262
vn -0.0017 -0.6142 -0.7891
vn 0.6405 -0.6419 -0.4215
vn -0.3213 -0.6271 -0.7096
vn -0.2519 -0.9654 -0.0667
vn -0.9397 -0.2591 -0.2233
vn 0.8332 0.1618 -0.5288
vn 0.7211 -0.6849 -0.1043
vn 0.9869 -0.1595 -0.0246
vn -0.3473 -0.9056 0.2435
vn 0.3345 -0.7756 0.5353
vn -0.9997 -0.0255 -0.0056
vn -0.7291 -0.3542 0.5856
vn 0.4721 -0.5286 0.7055
vn -0.5045 -0.2814 0.8163
vn -0.0845 0.4416 0.8932
vn 0.8084 -0.0654 0.5850
vn 0.2370 -0.3888 0.8903
vn -0.5092 0.0492 0.8593
vn 0.5854 -0.1896 -0.7882
vn -0.4773 -0.4816 -0.7350
vn 0.3577 -0.8025 -0.4775
vn 0.7448 -0.1917 -0.6392
vn -0.4778 -0.8361 -0.2697
vn 0.2635 -0.9448 -0.1949
vn -0.7128 -0.6962 -0.0849
vn -0.9882 0.1490 -0.0347
vn 0.9352 -0.3109 0.1694
vn 0.8712 0.0286 -0.4900
vn 0.0144 -0.7885 0.6149
vn 0.4881 -0.8720 0.0357
vn -0.8695 -0.0674 0.4893
vn -0.6322 -0.7392 0.2323
vn 0.8393 -0.2514 0.4820
vn -0.0458 -0.5494 0.8343
vn -0.7325 0.1831 0.6557
vn 0.4157 0.1682 0.8938
vn 0.2210 0.1166 0.9683
vn -0.0606 0.2785 0.9585
vn -0.2946 0.4081 0.8641
vn -0.4932 0.4480 0.7457
vn -0.5196 0.3254 0.7901
vn -0.0378 0.0027 0.9993
vn -0.2746 -0.1321 0.9524
vn -0.0364 -0.2713 0.9618
vn 0.4802 -0.0143 0.8770
vn 0.5010 -0.2521 0.8279
vn 0.6840 -0.1355 0.7168
vn -0.8799 0.3228 0.3486
vn -0.9660 0.1907 0.1748
vn -0.8873 0.2063 0.4125
vn -0.5063 -0.5480 0.6659
vn -0.4559 -0.7480 0.4824
vn -0.2680 -0.6872 0.6752
vn 0.6038 -0.6522 0.4584
vn 0.6836 -0.7022 0.1990
vn 0.7989 -0.4952 0.3413
vn 0.8899 0.1539 -0.4293
vn -0.8865 -0.3302 0.3242
vn -0.9540 -0.2939 0.0586
vn -0.8361 -0.5302 0.1407
vn 0.1276 -0.9226 0.3641
vn -0.0603 -0.9834 0.1712
vn 0.2074 -0.9726 0.1047
vn 0.9510 -0.2722 -0.1468
vn 0.8438 -0.4593 -0.2774
vn 0.8904 -0.2183 -0.3993
vn -0.7945 -0.4270 -0.4318
vn -0.5908 -0.5482 -0.5920
vn -0.6749 -0.6328 -0.3795
vn -0.1960 -0.9111 -0.3627
vn -0.1173 -0.7918 -0.5994
vn 0.0717 -0.9003 -0.4293
vn 0.4646 -0.5870 -0.6630
vn 0.2847 -0.5131 -0.8098
vn 0.5299 -0.3738 -0.7612
vn -0.4324 -0.0639 0.8994
vn -0.9395 0.0780 0.3336
vn -0.9482 0.2930 0.1225
vn -0.4641 0.7720 0.4343
vn -0.2096 0.0271 0.9774
vn -0.1786 0.3163 0.9317
vn -0.1874 0.9230 0.3362
vn -0.9734 0.1420 -0.1800
vn -0.5404 0.6232 -0.5652
vn -0.7383 -0.3643 -0.5676
vn -0.2106 0.9775 0.0115
vn 0.4906 0.8525 -0.1806
vn -0.5617 -0.3567 -0.7464
vn 0.9159 -0.2355 -0.3252
vn 0.6487 0.6492 -0.3971
vn -0.2736 0.5933 -0.7571
vn -0.2880 -0.5293 -0.7981
vn 0.1538 0.0180 -0.9879
vn 0.9109 -0.0569 -0.4088
vn 0.4733 0.6050 -0.6404
vn -0.6139 0.1430 0.7763
vn -0.9716 -0.1730 0.1615
vn -0.6583 0.7333 0.1702
vn -0.4448 0.3949 0.8038
vn 0.1294 0.6600 0.7400
vn 0.2240 0.8170 0.5313
vn -0.7212 0.3491 -0.5984
vn -0.5016 0.8603 -0.0911
vn -0.9791 -0.1541 -0.1325
vn 0.2203 0.9300 -0.2943
vn 0.3862 0.8682 0.3117
vn -0.5660 0.1496 -0.8107
vn -0.2350 -0.6701 -0.7041
vn 0.8973 0.2114 -0.3876
vn 0.1950 0.7820 -0.5919
vn 0.1557 -0.3116 -0.9374
vn -0.2894 0.3006 -0.9088
vn 0.4438 -0.4001 -0.8018
vn 0.6224 -0.1236 -0.7728
vn 0.4448 0.1352 -0.8854
vn 0.2004 0.3145 -0.9279
vn -0.0298 0.4612 -0.8868
vn 0.2136 0.5593 -0.8010
vn 0.6902 0.1751 -0.7021
vn 0.7030 0.4175 -0.5758
vn 0.8376 0.2074 -0.5053
vn 0.6786 -0.3672 -0.6362
vn 0.8360 -0.2970 -0.4614
vn 0.7002 -0.4614 -0.5448
vn 0.2022 -0.5591 -0.8041
vn 0.1992 -0.6633 -0.7214
vn -0.0306 -0.6437 -0.7646
vn -0.1039 -0.1471 -0.9837
vn -0.3355 -0.2737 -0.9014
vn -0.3340 -0.0003 -0.9426
vn -0.2910 0.7970 -0.5293
vn -0.2709 0.9201 -0.2831
vn -0.0477 0.8950 -0.4435
vn 0.6640 0.7224 -0.1932
vn -0.7874 -0.2022 -0.5824
vn -0.9145 -0.0579 -0.4004
vn -0.7852 0.0475 -0.6174
vn 0.2811 0.9597 0.0015
vn 0.0598 0.9852 0.1605
vn 0.2794 0.9247 0.2585
vn -0.9543 -0.2968 -0.0343
vn -0.7568 0.5429 -0.3642
vn -0.8878 0.4367 -0.1456
vn -0.7366 0.6660 -0.1179
vn -0.2063 0.7695 0.6044
vn -0.1949 0.5739 0.7954
vn 0.0101 0.7064 0.7078
vn -0.0569 0.1994 0.9783
vn -0.2746 -0.1495 0.9499
vn -0.7017 0.5659 0.4330
vn -0.8476 0.3279 0.4172
vn -0.6989 0.3576 0.6194
vn -0.6168 -0.0322 0.7865
vn -0.9257 -0.0939 0.3663
vn -0.6908 -0.0317 -0.7224
vn 0.4465 0.8862 0.1232
vn -0.7631 -0.6452 -0.0362
vn -0.7980 0.2019 -0.5678
vn -0.9851 -0.1569 0.0700
vn -0.4930 0.8280 -0.2673
vn -0.9123 -0.1229 0.3905
vn -0.6150 0.7875 0.0404
vn 0.3451 0.8995 0.2680
vn -0.0070 0.5707 0.8211
vn -0.8733 0.2009 0.4438
vn -0.3832 0.8885 0.2525
vn -0.4658 0.0911 -0.8802
vn -0.8088 -0.4117 -0.4200
vn -0.4007 0.3737 -0.8365
vn -0.9868 0.1432 -0.0755
vn -0.8322 -0.5255 -0.1768
vn -0.1866 0.9505 -0.2486
vn -0.6100 0.4667 -0.6404
vn 0.5175 0.6282 0.5810
vn -0.9171 0.3662 0.1576
vn -0.1211 0.9900 0.0730
vn -0.0166 0.2942 0.9556
vn 0.3880 0.7436 0.5445
vn -0.3172 0.1710 0.9328
vn -0.4997 0.3689 0.7838
vn -0.3120 0.6298 0.7113
vn -0.0678 0.7865 0.6138
vn 0.1511 0.8709 0.4676
vn -0.1048 0.9209 0.3755
vn -0.5807 0.5764 0.5749
vn -0.6177 0.7107 0.3366
vn -0.7746 0.4919 0.3975
vn -0.5850 0.0954 0.8054
vn -0.7787 -0.0045 0.6274
vn -0.6636 -0.0906 0.7426
vn -0.1132 0.0932 0.9892
vn 0.2330 0.4336 0.8705
vn 0.3589 0.3629 0.8599
vn 0.4052 0.5384 0.7388
vn 0.2886 0.9574 -0.0038
vn 0.1796 0.9607 -0.2115
vn 0.0758 0.9882 -0.1329
vn -0.7362 0.6458 -0.2023
vn -0.7945 0.4592 -0.3972
vn -0.8931 0.4270 -0.1414
vn -0.8981 -0.3689 0.2392
vn -0.8351 -0.5443 0.0794
vn -0.8319 -0.4695 0.2958
vn -0.3027 0.8189 -0.4876
vn -0.2094 0.7480 -0.6298
vn -0.3759 0.6282 -0.6812
vn -0.9635 -0.1166 -0.2410
vn -0.8651 -0.0847 -0.4944
vn -0.8763 -0.3109 -0.3680
vn -0.2953 0.2558 -0.9205
vn -0.5674 -0.1136 -0.8156
vn 0.1967 0.5539 0.8090
vn 0.0211 0.5075 0.8614
vn -0.1445 0.8438 0.5168
vn -0.0598 -0.4354 -0.8982
vn -0.5387 0.8379 0.0877
vn -0.3802 -0.4149 -0.8266
vn -0.3600 0.4288 -0.8286
vn -0.6347 0.7451 0.2050
vn -0.7796 0.4250 -0.4600
vn -0.4725 -0.1179 -0.8734
vn -0.2683 0.7506 0.6039
vn -0.0915 0.3695 0.9247
vn 0.0499 -0.1599 -0.9859
vn -0.5572 0.6609 0.5027
vn -0.2078 0.0488 -0.9770
vn -0.8822 0.4478 -0.1457
vn -0.4576 0.4933 -0.7398
vn -0.9838 0.1694 -0.0592
vn -0.9507 -0.0382 -0.3078
vn -0.8257 0.1153 -0.5522
vn -0.6427 0.3107 -0.7003
vn -0.4585 0.3993 -0.7940
vn -0.4563 0.1876 -0.8698
vn -0.8195 -0.1802 -0.5440
vn -0.6376 -0.3003 -0.7094
vn -0.7467 -0.3643 -0.5565
vn -0.9947 -0.0541 -0.0871
vn -0.9098 0.3914 0.1382
vn -0.8565 0.3859 0.3428
vn -0.7671 0.5510 0.3285
vn -0.7231 0.6419 -0.2550
vn -0.6278 0.7742 -0.0806
vn -0.6160 0.7422 -0.2641
vn 0.0964 0.2146 -0.9719
vn 0.1771 0.1244 -0.9763
vn 0.0710 0.0968 -0.9928
vn -0.2172 -0.5675 -0.7942
vn -0.4375 0.4447 0.7816
vn -0.2233 0.4556 0.8617
vn -0.4018 0.5626 0.7226
vn 0.2078 -0.3607 -0.9092
vn 0.3058 -0.3221 -0.8959
vn 0.2698 -0.4501 -0.8512
vn 0.0151 0.7855 0.6187
vn 0.1319 0.6752 0.7257
vn 0.1718 0.7720 0.6119
vn 0.4465 0.4423 -0.7778
vn 0.8228 0.0589 -0.5653
vn 0.4581 -0.2343 -0.8575
vn 0.2430 0.5571 -0.7941
vn -0.3317 0.2659 -0.9051
vn 0.2295 -0.4809 -0.8462
vn -0.5096 0.1235 -0.8515
vn -0.4417 -0.5160 -0.7339
vn -0.3639 -0.7010 -0.6134
vn 0.3243 0.0231 -0.9457
vn 0.6422 0.3846 -0.6631
vn 0.7755 -0.0459 -0.6297
vn -0.2010 0.4564 -0.8668
vn 0.0031 -0.0486 -0.9988
vn 0.0767 -0.7999 -0.5952
vn -0.5723 -0.3228 -0.7538
vn -0.0412 -0.3712 -0.9276
vn -0.0211 -0.8517 -0.5236
vn -0.2261 -0.6902 -0.6874
vn -0.0152 -0.6302 -0.7763
vn -0.0095 -0.7825 -0.6226
vn -0.4657 -0.2620 -0.8453
vn -0.4282 0.0048 -0.9037
vn -0.2709 -0.1694 -0.9476
vn 0.4341 -0.4383 -0.7871
vn -0.0789 0.3817 -0.9209
vn 0.1865 0.4419 -0.8775
vn 0.1046 0.2358 -0.9661
vn 0.5911 0.0241 -0.8062
vn 0.6387 0.2430 -0.7301
vn 0.7502 0.0373 -0.6601
vn -0.2757 0.6412 0.7162
vn -0.2079 0.6527 0.7286
vn 0.2475 0.1554 0.9564
vn 0.1394 0.2665 0.9537
vn 0.0854 0.4526 0.8876
vn -0.0443 0.4401 0.8969
vn -0.1993 0.5780 0.7913
vn -0.1578 0.4306 0.8886
vn 0.1639 0.1438 0.9759
vn -0.2443 0.8724 0.4233
vn 0.4966 0.7417 0.4509
vn 0.1824 0.9692 -0.1658
vn 0.6878 0.4839 0.5411
vn 0.1798 0.1352 0.9744
vn -0.5148 0.6983 0.4974
vn -0.7795 0.6004 -0.1786
vn -0.4407 0.4965 0.7478
vn -0.8469 -0.0963 0.5230
vn 0.0525 -0.1692 0.9842
vn 0.8601 0.4134 0.2990
vn 0.8292 -0.3321 0.4495
vn 0.2330 0.9158 -0.3271
vn -0.8763 0.3604 -0.3198
vn -0.7823 -0.4147 0.4648
vn -0.8711 -0.4157 -0.2613
vn 0.2843 -0.3800 0.8802
vn -0.1680 -0.8483 0.5021
vn -0.6939 -0.5326 -0.4846
vn -0.1779 -0.9647 0.1940
vn 0.7132 -0.5787 0.3956
vn -0.5105 -0.7477 -0.4246
vn 0.1121 -0.9884 0.1029
vn -0.1269 0.9901 -0.0593
vn -0.0032 0.7782 0.6280
vn 0.5653 0.8134 0.1367
vn 0.4901 0.1125 0.8644
vn -0.1245 0.5459 0.8286
vn -0.8372 0.5359 0.1086
vn -0.3478 0.9239 -0.1594
vn -0.6456 0.0063 0.7636
vn -0.9676 0.2231 0.1185
vn -0.4567 -0.2487 0.8542
vn 0.9217 -0.0798 0.3795
vn 0.5547 -0.2059 0.8062
vn 0.7839 0.6188 0.0511
vn -0.8011 -0.5977 -0.0315
vn -0.9794 0.1181 -0.1638
vn 0.1517 -0.7986 0.5824
vn -0.5411 -0.5089 0.6695
vn -0.5662 -0.8131 -0.1355
vn 0.3174 -0.8849 0.3408
vn 0.3246 -0.9374 0.1259
vn -0.1315 -0.9502 -0.2825
vn -0.1243 -0.9883 -0.0879
vn -0.3242 -0.9102 -0.2576
vn -0.5054 -0.6461 -0.5719
vn 0.6500 -0.5629 0.5105
vn 0.5102 -0.4946 0.7036
vn 0.4400 -0.7099 0.5499
vn -0.4222 -0.8437 0.3316
vn -0.6160 -0.6674 0.4186
vn -0.6239 -0.7649 0.1604
vn -0.8299 -0.3631 -0.4236
vn -0.9326 0.1435 -0.3310
vn 0.8976 0.4333 0.0817
vn -0.0833 -0.6710 0.7368
vn -0.0127 -0.4534 0.8912
vn -0.2771 -0.4947 0.8237
vn -0.9469 -0.3212 -0.0099
vn -0.9371 -0.2369 0.2565
vn -0.9964 -0.0774 0.0346
vn -0.7550 0.5567 -0.3463
vn 0.6086 0.7433 -0.2778
vn 0.4289 0.8655 -0.2587
vn 0.6161 0.7757 -0.1368
vn 0.8688 -0.0396 0.4936
vn 0.8266 0.2150 0.5201
vn 0.7264 0.0225 0.6869
vn -0.1214 0.0826 0.9892
vn -0.2794 0.2959 0.9134
vn -0.3858 0.0413 0.9216
vn -0.7919 0.1999 0.5771
vn -0.6854 0.4545 0.5689
vn -0.8538 0.3687 0.3676
vn -0.6492 0.7601 0.0280
vn -0.4829 0.8456 0.2277
vn -0.4300 0.9028 -0.0120
vn 0.3339 0.3757 0.8645
vn 0.4354 0.5700 0.6968
vn 0.1759 0.5890 0.7888
vn 0.1089 0.9887 0.1035
vn 0.0512 0.9288 0.3671
vn 0.3108 0.9098 0.2751
vn -0.5831 -0.3259 -0.7442
vn -0.9793 -0.1186 -0.1639
vn -0.7272 0.3920 -0.5635
vn -0.9693 -0.1843 0.1629
vn -0.5610 -0.8188 0.1219
vn -0.3597 -0.5224 -0.7731
vn -0.3329 -0.7461 -0.5767
vn -0.2816 -0.9317 0.2293
vn -0.9385 0.0987 0.3308
vn -0.6532 0.5959 -0.4672
vn -0.6691 0.7237 0.1688
vn -0.2093 -0.8995 0.3836
vn -0.6123 0.7072 0.3536
vn -0.6883 0.1613 -0.7073
vn -0.7386 -0.4373 -0.5131
vn -0.9574 0.2088 -0.1994
vn -0.7235 -0.6170 0.3097
vn -0.5757 -0.7109 -0.4040
vn -0.0170 -0.9660 -0.2579
vn 0.0959 -0.9953 -0.0150
vn -0.6788 -0.5651 0.4689
vn -0.6204 0.7829 -0.0470
vn -0.9341 0.3409 0.1059
vn 0.2454 -0.9632 0.1096
vn -0.7239 0.5809 0.3722
vn -0.8494 0.3700 0.3764
vn -0.7801 0.3916 0.4879
vn 0.1282 -0.9175 0.3765
vn -0.0218 -0.9419 0.3353
vn 0.1379 -0.9636 0.2291
vn -0.7248 0.6822 -0.0958
vn -0.7444 0.5704 -0.3470
vn -0.8574 0.4917 -0.1520
vn -0.8179 -0.1722 0.5490
vn -0.8853 -0.1660 0.4345
vn -0.7888 -0.3897 0.4752
vn -0.3363 -0.9405 -0.0486
vn -0.3412 -0.8840 -0.3196
vn -0.1322 -0.9721 -0.1938
vn -0.2140 -0.6895 -0.6920
vn -0.4393 -0.3112 -0.8427
vn -0.7795 -0.6254 0.0356
vn -0.9157 -0.3980 -0.0564
vn -0.7903 -0.5651 -0.2368
vn -0.7744 0.1063 -0.6237
vn -0.7767 -0.1527 -0.6111
vn -0.9016 0.0128 -0.4324
vn 0.9722 -0.1508 0.1794
vn 0.6781 -0.6432 -0.3555
vn 0.4935 -0.7118 -0.4998
vn 0.3987 -0.9018 0.1669
vn 0.8747 -0.1282 0.4674
vn 0.6496 0.5784 0.4935
vn 0.7322 -0.4167 0.5387
vn 0.1756 -0.1471 0.9734
vn 0.2558 -0.8783 0.4039
vn 0.3965 -0.6723 -0.6252
vn 0.3732 0.7336 0.5679
vn -0.1231 -0.1748 0.9769
vn -0.2450 0.5437 0.8027
vn -0.3045 0.6769 0.6701
vn 0.8934 -0.4461 0.0529
vn 0.4247 -0.8987 -0.1096
vn 0.7475 -0.6084 0.2665
vn 0.6747 0.3232 0.6636
vn 0.3023 -0.4331 0.8491
vn 0.4079 0.3154 0.8568
vn 0.0715 -0.6141 0.7860
vn -0.2663 0.3001 0.9160
vn 0.2217 0.5777 0.7856
vn -0.1639 -0.4533 0.8762
vn -0.2732 -0.2507 0.9287
vn -0.1467 0.7347 0.6623
vn 0.0844 0.7694 0.6332
vn -0.0051 0.8395 0.5434
vn -0.0980 -0.6462 0.7569
vn -0.1370 0.3114 0.9403
vn -0.0086 0.0930 0.9956
vn 0.1100 0.3325 0.9367
vn 0.5283 0.7465 0.4046
vn 0.3834 -0.7290 -0.5671
vn 0.3624 -0.8159 0.4505
vn 0.5519 -0.6649 0.5033
vn 0.3301 -0.6715 0.6634
vn 0.4650 -0.1714 0.8686
vn 0.6883 -0.1645 0.7065
vn 0.5844 0.0700 0.8084
vn 0.8358 0.3462 0.4261
vn 0.9388 0.1136 0.3251
vn 0.9204 0.2977 0.2533
vn 0.5427 -0.8352 -0.0890
vn 0.6373 -0.7225 -0.2680
vn 0.7280 -0.6849 -0.0302
vn 0.9682 -0.2497 -0.0168
vn -0.0167 -0.2214 -0.9751
vn 0.2140 -0.2649 -0.9402
vn 0.1694 0.4297 -0.8869
vn -0.3626 0.5465 -0.7549
vn 0.3084 0.6550 -0.6898
vn 0.4224 -0.3938 -0.8164
vn 0.8794 -0.1460 -0.4532
vn 0.6008 0.5379 -0.5913
vn 0.6070 0.7895 -0.0906
vn 0.9804 -0.0966 -0.1716
vn -0.3052 0.1368 -0.9424
vn 0.3760 0.1733 -0.9103
vn -0.2946 0.3633 -0.8839
vn -0.1684 0.8612 -0.4795
vn 0.0456 0.9148 -0.4013
vn 0.7745 -0.4303 -0.4636
vn 0.6426 0.2402 -0.7276
vn 0.7634 0.6256 -0.1611
vn 0.1985 0.9532 -0.2281
vn 0.8259 -0.5304 -0.1915
vn 0.9097 0.3960 -0.1253
vn 0.9342 -0.3548 -0.0379
vn 0.9909 -0.1347 -0.0011
vn 0.8523 -0.5230 -0.0033
vn 0.9299 0.1348 -0.3422
vn 0.8083 0.3344 -0.4846
vn 0.8911 0.3757 -0.2545
vn 0.7175 -0.5779 -0.3889
vn 0.5543 0.7987 -0.2340
vn 0.4585 0.7662 -0.4502
vn 0.3101 0.8966 -0.3162
vn 0.6947 -0.2464 -0.6757
vn 0.4871 -0.2792 -0.8275
vn 0.5732 -0.0469 -0.8181
vn 0.0120 0.6542 -0.7562
vn -0.2213 0.6043 -0.7654
vn -0.1052 0.7925 -0.6008
vn 0.0819 0.1557 -0.9844
vn 0.0162 -0.0735 -0.9972
vn -0.1563 0.1406 -0.9777
vn -0.8054 -0.4078 -0.4303
vn -0.9052 0.3225 -0.2768
vn -0.4854 0.1158 -0.8666
vn -0.8575 0.5143 -0.0124
vn -0.8733 -0.0306 0.4862
vn -0.6962 -0.6689 -0.2605
vn -0.2496 -0.7461 -0.6173
vn -0.7778 -0.6260 0.0564
vn -0.1960 -0.9174 0.3464
vn -0.7698 -0.1669 0.6161
vn -0.6484 0.7550 -0.0973
vn -0.4106 0.8162 0.4065
vn -0.1782 0.1791 -0.9675
vn -0.0938 0.8053 -0.5854
vn -0.0873 -0.8948 0.4379
vn -0.0163 0.9099 -0.4145
vn -0.5151 -0.2142 -0.8300
vn -0.9545 -0.2034 -0.2182
vn -0.7255 0.4448 -0.5251
vn -0.8428 0.2956 0.4499
vn -0.9374 -0.3383 0.0825
vn -0.2946 -0.8781 -0.3771
vn -0.2464 -0.3358 -0.9091
vn -0.4524 -0.7895 0.4147
vn -0.2217 -0.9672 -0.1244
vn -0.5031 -0.6475 0.5724
vn -0.3346 0.9186 0.2102
vn -0.7134 0.4355 0.5490
vn 0.0508 0.6038 -0.7955
vn -0.5668 0.7121 -0.4143
vn -0.0405 -0.0915 -0.9950
vn -0.1634 0.9844 0.0647
vn 0.2229 0.5614 -0.7970
vn 0.2441 0.1762 -0.9536
vn 0.1020 0.1684 -0.9804
vn 0.1866 0.3811 -0.9055
vn -0.1866 0.9279 -0.3227
vn -0.4056 0.8861 -0.2244
vn -0.2584 0.9646 -0.0536
vn -0.0577 -0.9399 0.3366
vn -0.0310 -0.3066 -0.9513
vn -0.2255 0.6175 -0.7536
vn -0.3587 0.3937 -0.8464
vn -0.4834 0.5645 -0.6691
vn -0.5383 0.7741 0.3333
vn -0.7065 0.6813 0.1915
vn -0.7147 0.5685 0.4074
vn -0.7984 -0.3250 0.5068
vn -0.8155 -0.4817 0.3210
vn -0.6600 -0.5744 0.4842
vn -0.3883 -0.9064 0.1663
vn -0.5607 -0.8274 -0.0316
vn -0.3444 -0.9347 -0.0883
vn -0.3737 -0.7027 -0.6054
vn -0.5897 -0.5982 -0.5426
vn -0.4402 -0.4966 -0.7481
vn -0.9584 0.1187 0.2595
vn -0.9728 0.2314 0.0075
vn -0.9984 -0.0417 0.0379
vn -0.7107 -0.0117 -0.7034
vn -0.8610 -0.1140 -0.4956
vn -0.8354 0.1592 -0.5260
vn -0.3357 0.7021 0.6280
vn 0.3291 0.6373 0.6968
vn -0.6492 0.5518 0.5235
vn -0.6670 0.2328 0.7078
vn -0.3743 0.1640 0.9127
vn 0.6608 0.5258 0.5357
vn 0.2594 -0.4000 0.8790
vn 0.6923 0.6895 0.2131
vn 0.5770 -0.2859 0.7651
vn 0.7967 0.6030 0.0405
vn 0.3917 0.9013 0.1851
vn 0.7554 0.2481 0.6065
vn 0.6044 0.0444 0.7954
vn 0.0717 -0.1470 0.9865
vn -0.2374 -0.1114 0.9650
vn -0.7425 0.5844 0.3275
vn 0.2858 0.1497 0.9465
vn 0.1596 0.4387 0.8843
vn -0.1608 0.4612 0.8726
vn -0.1539 0.8746 0.4598
vn 0.1621 0.8700 0.4657
vn -0.0640 0.5985 0.7986
vn 0.3730 0.9120 0.1709
vn -0.4120 0.4447 0.7953
vn -0.3963 0.9007 -0.1782
vn -0.9490 0.2907 0.1221
vn -0.9978 -0.0322 0.0581
vn -0.8540 0.5153 -0.0725
vn -0.6643 0.7473 0.0142
vn -0.9113 -0.2339 0.3388
vn -0.8304 0.2986 0.4704
vn -0.6284 0.5269 0.5723
vn -0.5453 0.7558 0.3624
vn -0.1055 0.9942 0.0195
vn 0.1562 0.9866 -0.0482
vn -0.8040 -0.0475 0.5927
vn -0.5840 -0.1144 0.8036
vn -0.3861 0.0984 0.9172
vn -0.1974 0.9096 0.3657
vn 0.0244 0.8154 0.5784
vn 0.3202 0.8133 0.4858
vn -0.0339 0.0555 0.9979
vn 0.1727 0.3453 0.9225
vn 0.4273 0.3541 0.8319
vn 0.5144 0.5823 0.6296
vn 0.0696 -0.1274 0.9894
vn 0.4108 -0.0133 0.9116
vn 0.3986 0.3607 0.8432
vn 0.0501 0.4733 0.8795
vn 0.0611 -0.8641 0.4996
vn 0.9413 -0.2387 0.2389
vn 0.5884 0.8025 0.0991
vn 0.3532 -0.9012 0.2511
vn 0.9993 0.0276 -0.0265
vn 0.3040 0.9490 -0.0829
vn 0.4327 -0.6768 -0.5956
vn 0.5926 0.1537 -0.7907
vn 0.3886 0.4548 -0.8014
vn 0.5050 -0.1394 -0.8518
vn 0.6102 -0.3859 -0.6920
vn 0.2708 0.8820 -0.3857
vn 0.4678 0.6978 -0.5424
vn 0.8301 0.2121 -0.5157
vn 0.9410 -0.0311 -0.3371
vn 0.8477 -0.3282 -0.4168
vn 0.5073 -0.8188 -0.2685
vn 0.3013 -0.9514 -0.0633
vn 0.0436 -0.9933 -0.1074
vn 0.0430 0.9848 0.1681
vn 0.7524 0.5509 -0.3611
vn 0.7952 0.6045 -0.0470
vn 0.9216 0.3664 0.1281
vn 0.7897 -0.5945 -0.1515
vn 0.8321 -0.5308 0.1607
vn 0.6365 -0.6768 0.3698
vn -0.2172 -0.9692 0.1164
vn -0.1757 -0.8992 0.4007
vn -0.0489 0.7102 0.7023
vn 0.1337 0.8575 0.4967
vn 0.4824 0.7455 0.4600
vn 0.5963 0.4976 0.6299
vn 0.8155 0.3095 0.4890
vn 0.8277 -0.0645 0.5574
vn 0.6191 -0.2040 0.7583
vn 0.5230 -0.5027 0.6884
vn -0.1335 0.1742 0.9756
vn 0.1647 -0.6209 0.7664
vn -0.0128 -0.4213 0.9068
vn -0.7358 0.4514 -0.5047
vn -0.4921 0.7113 -0.5019
vn -0.1897 -0.1884 -0.9636
vn -0.0087 -0.9776 -0.2101
vn -0.1888 -0.6143 0.7662
vn -0.2475 0.6495 -0.7190
vn 0.0825 -0.4444 -0.8920
vn 0.1298 -0.9813 0.1419
vn 0.6166 0.4896 -0.6165
vn 0.8317 -0.3536 -0.4281
vn 0.7649 -0.4633 0.4476
vn 0.6592 -0.2750 0.6999
vn 0.9884 -0.0929 0.1201
vn 0.9120 -0.3685 0.1802
vn 0.8435 -0.5294 -0.0909
vn 0.9739 0.1132 -0.1968
vn 0.8903 -0.0386 -0.4538
vn 0.7259 0.1251 -0.6763
vn 0.8820 0.4343 -0.1830
vn 0.6984 0.5966 -0.3952
vn 0.3701 -0.3845 0.8457
vn 0.5049 -0.7392 0.4457
vn 0.4241 -0.8889 0.1730
vn 0.5832 -0.8069 -0.0939
vn 0.5642 -0.5223 -0.6394
vn 0.3884 -0.3552 -0.8503
vn 0.4584 -0.0437 -0.8877
vn 0.2874 0.5429 -0.7891
vn 0.0603 0.7175 -0.6940
vn 0.2447 -0.6604 0.7099
vn -0.0360 -0.7340 0.6782
vn -0.0870 -0.9053 0.4158
vn 0.4106 -0.8025 -0.4329
vn 0.0991 -0.8804 -0.4638
vn -0.0694 -0.7242 -0.6861
vn 0.1863 0.2123 -0.9593
vn -0.1221 0.1251 -0.9846
vn -0.3439 0.3321 -0.8783
vn -0.4174 -0.6186 -0.6656
vn -0.5022 -0.3060 -0.8088
vn -0.7049 -0.0937 -0.7031
vn -0.6562 0.2138 -0.7237
vn -0.1296 0.4947 0.8593
vn -0.1381 0.9683 0.2080
vn -0.5263 0.8242 0.2089
vn -0.3467 0.9345 0.0804
vn -0.4845 0.7119 0.5084
vn -0.2376 0.7135 0.6591
vn -0.0913 0.8453 0.5265
vn 0.1918 0.0859 0.9777
vn 0.1438 0.3514 0.9251
vn -0.7988 0.0158 0.6013
vn -0.6844 -0.3052 0.6621
vn -0.9069 0.4107 -0.0938
vn -0.3788 -0.9163 0.1299
vn -0.8713 -0.3647 -0.3285
vn -0.0419 -0.9362 -0.3491
vn 0.0904 -0.9851 -0.1465
vn -0.0569 -0.9947 0.0861
vn -0.3781 -0.8612 -0.3398
vn -0.5341 -0.8358 -0.1274
vn -0.7736 -0.6266 -0.0948
vn -0.9797 -0.0562 -0.1924
vn -0.9390 0.1952 -0.2831
vn -0.4876 -0.7587 0.4319
vn -0.6996 -0.5290 0.4804
vn -0.8531 -0.4641 0.2383
vn -0.9789 -0.1113 0.1715
vn -0.9268 0.1084 0.3597
vn -0.9042 0.3629 0.2252
vn -0.9067 0.1474 -0.3953
vn -0.9627 0.0685 0.2619
vn -0.7013 0.0801 -0.7083
vn -0.6268 -0.2927 -0.7221
vn -0.7861 -0.4558 -0.4175
vn -0.8233 0.0514 0.5652
vn -0.4821 0.8555 -0.1892
vn 0.1080 0.3698 -0.9228
vn 0.1529 -0.7118 -0.6855
vn -0.4014 -0.8784 0.2595
vn -0.1844 0.9207 -0.3440
vn 0.3869 0.1112 -0.9154
vn 0.2265 -0.9030 -0.3650
vn -0.4027 -0.6935 0.5974
vn 0.6782 -0.6458 0.3506
vn 0.4592 -0.6159 0.6401
vn 0.8974 -0.2648 0.3530
vn 0.8615 -0.4449 0.2446
vn 0.8852 -0.4614 -0.0589
vn -0.1349 -0.6657 0.7339
vn 0.1412 -0.7707 0.6214
vn 0.4741 -0.8716 0.1245
vn 0.4938 -0.8473 -0.1954
vn 0.7047 -0.6349 -0.3167
vn 0.7485 -0.1060 -0.6547
vn 0.6322 0.1544 -0.7593
vn 0.6413 0.4186 -0.6431
vn 0.1428 -0.9442 0.2968
vn -0.1278 -0.9835 0.1278
vn -0.1048 -0.9756 -0.1928
vn 0.6317 -0.4453 -0.6346
vn 0.3557 -0.4886 -0.7967
vn 0.2285 -0.2334 -0.9451
vn 0.3696 0.6669 -0.6470
vn 0.1286 0.6440 -0.7542
vn -0.1425 0.7615 -0.6323
vn -0.6809 -0.2051 0.7031
vn -0.6781 -0.4382 0.5901
vn -0.6798 -0.7320 0.0454
vn -0.6499 -0.7090 -0.2738
vn -0.3832 -0.8293 -0.4068
vn -0.2239 -0.6662 -0.7114
vn -0.3511 -0.4031 -0.8451
vn -0.1482 -0.1878 -0.9709
vn -0.2228 0.1849 -0.9572
vn -0.4909 0.2963 -0.8193
vn -0.4726 0.5778 -0.6654
vn -0.8528 -0.4600 0.2474
vn -0.9744 -0.1987 0.1052
vn -0.9591 -0.1838 -0.2155
vn -0.6782 0.6441 -0.3538
vn -0.8754 0.4240 -0.2321
vn -0.9228 0.3815 0.0532
vn -0.2347 0.0941 -0.9675
vn 0.0318 0.6682 -0.7433
vn -0.4170 -0.2334 -0.8784
vn -0.7129 -0.1510 -0.6848
vn -0.7137 0.2173 -0.6659
vn 0.2414 0.8333 -0.4972
vn 0.5479 -0.1314 -0.8262
vn 0.5621 0.6517 -0.5093
vn 0.6876 0.1304 -0.7143
vn 0.5635 0.3694 -0.7389
vn 0.1652 0.9338 -0.3175
vn -0.7997 -0.2809 -0.5306
vn -0.2667 -0.4432 -0.8558
vn 0.0541 -0.4308 -0.9008
vn -0.2673 0.6305 -0.7287
vn -0.4258 0.3740 -0.8239
vn 0.2417 -0.1599 -0.9571
vn 0.0856 0.1058 -0.9907
vn 0.2312 0.3766 -0.8971
vn 0.4634 -0.1819 -0.8673
vn 0.6803 0.0334 -0.7321
vn 0.8868 -0.0655 -0.4575
vn 0.4812 0.8002 -0.3579
vn 0.9029 0.1325 0.4089
vn 0.5538 0.8325 0.0142
vn 0.7591 -0.0502 0.6490
vn -0.5470 0.8359 0.0453
vn 0.0132 0.7090 0.7051
vn -0.4531 0.2639 0.8515
vn -0.1615 0.2148 0.9632
vn 0.0774 0.3932 0.9162
vn -0.5135 0.5638 0.6468
vn -0.2757 0.7685 0.5774
vn -0.2840 0.9137 0.2907
vn -0.7763 0.4865 0.4009
vn -0.7672 0.6294 0.1238
vn -0.8654 0.1734 0.4701
vn -0.6727 0.0407 0.7388
vn 0.5227 0.0403 0.8515
vn 0.4313 0.2827 0.8568
vn 0.3330 0.7895 0.5155
vn 0.3243 0.9196 0.2217
vn 0.0359 0.9942 0.1011
vn -0.3901 0.8806 -0.2691
vn 0.5934 0.5279 0.6077
vn 0.8127 0.4288 0.3946
vn 0.8141 0.5709 0.1063
vn -0.0351 0.9622 -0.2699
vn 0.1868 0.8595 -0.4757
vn 0.1334 0.6922 -0.7093
vn 0.9951 -0.0173 0.0976
vn 0.9758 0.0924 -0.1984
vn 0.9024 0.3769 -0.2088
vn 0.6967 0.5186 -0.4956
vn 0.5924 0.3307 -0.7346
vn 0.3174 0.3983 -0.8606
vn 0.1457 0.1373 -0.9797
vn 0.2126 -0.1296 -0.9685
vn 0.1287 -0.5142 -0.8480
vn -0.1481 -0.6913 -0.7072
vn -0.4712 -0.5383 -0.6988
vn 0.7531 -0.5988 -0.2725
vn -0.2143 -0.9692 0.1211
vn -0.9789 -0.1970 -0.0539
vn 0.8620 0.1543 -0.4828
vn 0.6445 -0.7627 0.0532
vn -0.4852 -0.8081 0.3341
vn -0.9915 0.1269 0.0277
vn 0.4163 -0.3875 0.8225
vn -0.4268 -0.1253 0.8956
vn -0.1374 0.4034 0.9047
vn -0.4422 0.4149 0.7951
vn -0.5912 0.2035 0.7804
vn 0.0383 0.1323 0.9905
vn -0.1179 -0.1355 0.9837
vn 0.0474 -0.4023 0.9143
vn 0.3872 0.1109 0.9153
vn 0.5627 -0.1327 0.8159
vn 0.7914 -0.1295 0.5975
vn -0.9133 0.2624 0.3115
vn -0.8468 0.1208 0.5180
vn -0.5854 -0.4100 0.6994
vn -0.4154 -0.6696 0.6157
vn -0.1112 -0.6870 0.7181
vn 0.4857 -0.6630 0.5696
vn 0.7043 -0.6247 0.3372
vn 0.8690 -0.3621 0.3372
vn -0.8457 -0.2609 0.4655
vn -0.9037 -0.3899 0.1769
vn -0.7455 -0.6589 0.1002
vn 0.1597 -0.8482 0.5051
vn 0.0928 -0.9720 0.2161
vn 0.3185 -0.9478 -0.0114
vn 0.9728 -0.2315 -0.0024
vn 0.9082 -0.3159 -0.2747
vn 0.8511 -0.1252 -0.5099
vn -0.8753 -0.2978 -0.3809
vn -0.6949 -0.5398 -0.4752
vn -0.6355 -0.7279 -0.2574
vn -0.3072 -0.9197 -0.2444
vn -0.0815 -0.8791 -0.4697
vn 0.2256 -0.8983 -0.3770
vn 0.4942 -0.6826 -0.5383
vn 0.4304 -0.4946 -0.7551
vn 0.6151 -0.2379 -0.7517
vn -0.5646 -0.0148 0.8252
vn -0.9199 0.2403 0.3099
vn -0.2963 -0.0960 0.9503
vn -0.1222 0.1681 0.9782
vn -0.2657 0.4418 0.8568
vn -0.9497 0.3043 -0.0744
vn -0.1061 0.9794 0.1721
vn -0.9678 -0.0313 -0.2499
vn -0.3299 0.9347 -0.1323
vn -0.3975 -0.3909 -0.8302
vn 0.9029 -0.2113 -0.3742
vn 0.6267 0.5570 -0.5449
vn -0.1912 0.4598 -0.8672
vn 0.2670 0.1677 -0.9490
vn 0.1297 0.4508 -0.8832
vn 0.2933 0.6549 -0.6964
vn 0.6013 0.0703 -0.7959
vn 0.7568 0.2695 -0.5954
vn 0.8981 0.1302 -0.4202
vn 0.5984 -0.3107 -0.7385
vn 0.7424 -0.3956 -0.5406
vn 0.2673 -0.4440 -0.8552
vn 0.1323 -0.6414 -0.7557
vn -0.1917 -0.6399 -0.7442
vn 0.0586 -0.1483 -0.9872
vn -0.2611 -0.1421 -0.9548
vn -0.3995 0.1438 -0.9054
vn -0.3700 0.6896 -0.6225
vn -0.2058 0.8819 -0.4241
vn 0.1144 0.8848 -0.4517
vn 0.6236 0.7433 -0.2423
vn -0.7090 -0.3244 -0.6261
vn -0.8389 -0.0776 -0.5387
vn -0.7071 0.1783 -0.6843
vn 0.3365 0.9300 -0.1478
vn 0.2152 0.9656 0.1458
vn 0.3208 0.8720 0.3697
vn -0.9706 -0.2404 0.0081
vn -0.6889 0.5157 -0.5094
vn -0.8040 0.5556 -0.2119
vn -0.6488 0.7607 -0.0192
vn -0.2866 0.8330 0.4732
vn -0.1248 0.6900 0.7129
vn 0.1357 0.7220 0.6785
vn -0.6220 0.6979 0.3550
vn -0.7602 0.4175 0.4978
vn -0.6080 0.3025 0.7340
vn -0.9486 -0.0914 0.3031
vn -0.7991 0.0179 -0.6009
vn -0.7978 -0.6014 -0.0421
vn -0.7494 0.3882 -0.5364
vn -0.8627 0.0196 0.5053
vn -0.5522 0.8040 0.2207
vn 0.2964 0.8509 0.4337
vn -0.1274 0.6804 0.7216
vn -0.0074 0.8706 0.4920
vn -0.2010 0.9479 0.2473
vn -0.4786 0.5366 0.6950
vn -0.6662 0.6007 0.4420
vn -0.8645 0.3684 0.3418
vn -0.4794 0.2044 0.8535
vn -0.6743 -0.0163 0.7383
vn -0.1399 0.1607 0.9770
vn 0.0846 0.4354 0.8962
vn 0.3477 0.4279 0.8343
vn 0.4648 0.6311 0.6210
vn 0.3868 0.9145 0.1183
vn 0.1931 0.9718 -0.1352
vn -0.0640 0.9919 -0.1101
vn -0.6333 0.7595 -0.1483
vn -0.8184 0.5173 -0.2502
vn -0.9457 0.3240 -0.0271
vn -0.9421 -0.2342 0.2401
vn -0.8514 -0.4761 0.2202
vn -0.3278 0.8770 -0.3514
vn -0.2821 0.7366 -0.6147
vn -0.4596 0.5027 -0.7322
vn -0.9945 -0.0475 -0.0928
vn -0.9096 -0.1792 -0.3748
vn -0.8362 -0.4310 -0.3392
vn -0.3625 0.2337 -0.9022
vn -0.5624 -0.0421 -0.8258
vn 0.1441 0.5736 0.8064
vn -0.0945 0.4209 0.9022
vn -0.5865 0.8079 0.0585
vn -0.5133 -0.2898 -0.8078
vn -0.4034 0.4702 -0.7850
vn -0.7539 0.2929 -0.5880
vn -0.5194 0.3101 -0.7963
vn -0.3893 0.0522 -0.9196
vn -0.8780 -0.0489 -0.4761
vn -0.7429 -0.3027 -0.5971
vn -0.9910 0.0026 -0.1340
vn -0.9401 0.3408 -0.0096
vn -0.8575 0.4302 0.2822
vn -0.6668 0.6569 0.3519
vn -0.8021 0.5215 -0.2910
vn -0.6415 0.7383 -0.2085
vn 0.1367 0.1718 -0.9756
vn -0.0176 0.0051 -0.9998
vn -0.2214 -0.5055 -0.8339
vn -0.3672 0.4734 0.8007
vn -0.4162 0.6607 0.6247
vn 0.0853 -0.3304 -0.9400
vn 0.2870 -0.3885 -0.8756
vn -0.1191 0.8148 0.5673
vn 0.1290 0.7564 0.6412
vn 0.5932 0.3764 -0.7116
vn 0.2889 0.5079 -0.8115
vn 0.3935 -0.4025 -0.8265
vn -0.4495 0.1400 -0.8822
vn 0.0572 -0.5133 -0.8563
vn -0.3617 -0.6540 -0.6645
vn -0.0799 -0.7144 -0.6952
vn 0.0293 -0.8317 -0.5545
vn -0.5206 -0.3656 -0.7715
vn -0.3967 -0.1427 -0.9068
vn -0.1156 -0.1969 -0.9736
vn -0.2143 0.3938 -0.8939
vn 0.0703 0.3611 -0.9299
vn 0.1428 0.0820 -0.9863
vn 0.4766 -0.0607 -0.8770
vn 0.6737 0.0987 -0.7324
vn 0.8053 0.0057 -0.5929
vn -0.2438 0.6466 0.7228
vn 0.0761 0.3994 0.9136
vn -0.1483 0.4758 0.8670
vn 0.2043 0.1596 0.9658
vn -0.0598 0.8781 0.4746
vn 0.5422 0.6078 0.5802
vn -0.4242 0.8212 0.3816
vn -0.5641 0.5535 0.6127
vn -0.2862 0.4449 0.8487
vn 0.8083 0.3650 0.4620
vn 0.2780 0.9193 -0.2787
vn -0.8005 0.5098 -0.3152
vn -0.8733 -0.2532 0.4162
vn 0.1029 -0.3467 0.9323
vn 0.8676 0.4820 0.1221
vn -0.9303 0.2051 -0.3042
vn -0.6555 -0.5471 0.5206
vn 0.4606 -0.3728 0.8055
vn -0.5624 -0.6372 -0.5269
vn -0.0636 -0.9962 0.0588
vn 0.2698 -0.9481 0.1682
vn -0.1806 -0.9568 -0.2277
vn -0.4646 -0.8396 -0.2815
vn 0.7422 -0.5076 0.4376
vn 0.5444 -0.5970 0.5892
vn 0.3192 -0.8053 0.4996
vn -0.2698 -0.8980 0.3475
vn -0.5612 -0.7685 0.3075
vn -0.6713 -0.7412 0.0067
vn -0.8026 -0.4244 -0.4192
vn -0.0378 -0.7798 0.6249
vn -0.1260 -0.5467 0.8278
vn -0.4235 -0.4289 0.7979
vn -0.8936 -0.4378 -0.0992
vn -0.9728 -0.2137 0.0896
vn -0.9973 0.0735 -0.0058
vn 0.5647 0.7881 -0.2450
vn 0.6650 0.7468 0.0027
vn 0.8925 -0.1479 0.4260
vn 0.8206 0.0637 0.5679
vn 0.6072 -0.0220 0.7942
vn 0.0284 0.0203 0.9994
vn -0.2656 0.1418 0.9536
vn -0.4980 -0.0619 0.8650
vn -0.7759 0.0467 0.6291
vn -0.7871 0.3455 0.5110
vn -0.8992 0.3827 0.2121
vn -0.7594 0.6504 -0.0172
vn -0.5257 0.8472 0.0765
vn -0.3110 0.9456 -0.0958
vn 0.3401 0.2210 0.9140
vn 0.3191 0.5182 0.7935
vn 0.0256 0.6455 0.7633
vn 0.0593 0.9975 -0.0384
vn 0.1591 0.9546 0.2520
vn 0.4569 0.8404 0.2915
vn -0.7116 -0.2989 -0.6358
vn -0.9685 -0.2479 -0.0229
vn -0.4423 -0.3774 -0.8136
vn -0.2769 -0.6553 -0.7028
vn -0.4139 -0.7988 -0.4366
vn -0.9404 -0.0908 0.3278
vn -0.6953 0.5410 -0.4732
vn -0.1672 -0.9244 0.3429
vn -0.9154 0.2817 0.2874
vn -0.6520 0.6879 0.3189
vn -0.7816 0.4482 0.4339
vn 0.0977 -0.9368 0.3359
vn 0.1905 -0.9754 0.1105
vn -0.6582 0.7529 0.0030
vn -0.7810 0.5910 -0.2021
vn -0.9276 0.3627 -0.0891
vn -0.8275 -0.2383 0.5083
vn -0.7240 -0.5278 0.4442
vn -0.3973 -0.9122 0.1005
vn -0.2654 -0.9444 -0.1939
vn -0.0046 -0.9848 -0.1734
vn -0.7013 -0.6957 0.1557
vn -0.8401 -0.5353 -0.0878
vn -0.7190 -0.5805 -0.3821
vn -0.7231 0.2216 -0.6543
vn -0.8234 -0.0074 -0.5674
vn -0.9600 0.0341 -0.2780
vn 0.9618 -0.2690 0.0502
vn 0.6153 -0.6863 -0.3878
vn 0.9449 -0.0452 0.3242
vn 0.7736 -0.2362 0.5881
vn 0.6824 -0.5778 0.4478
vn 0.3979 -0.6988 -0.5945
vn 0.5252 0.7103 0.4687
vn 0.0079 -0.0681 0.9976
vn 0.2197 0.7124 0.6665
vn -0.2198 -0.2996 0.9284
vn -0.2594 0.6643 0.7010
vn -0.0266 0.8007 0.5985
vn -0.0911 -0.5901 0.8022
vn -0.2373 0.3798 0.8941
vn -0.0194 0.2490 0.9683
vn 0.2438 0.4121 0.8779
vn 0.3214 -0.8814 0.3461
vn 0.4145 -0.7305 0.5427
vn 0.2394 -0.5907 0.7706
vn 0.3290 -0.2500 0.9107
vn 0.5867 -0.0898 0.8048
vn 0.5667 0.2307 0.7909
vn 0.7383 0.4211 0.5268
vn 0.9102 0.2648 0.3186
vn 0.4432 -0.8961 -0.0241
vn 0.6392 -0.7568 -0.1369
vn 0.8002 -0.5933 0.0877
vn 0.0511 -0.2061 -0.9772
vn -0.3196 0.5121 -0.7973
vn 0.3761 -0.3364 -0.8634
vn 0.4636 0.6710 -0.5786
vn 0.7017 0.3755 -0.6055
vn 0.9800 -0.1954 -0.0391
vn 0.8688 -0.4926 -0.0496
vn 0.9463 -0.0251 -0.3222
vn 0.8885 0.2872 -0.3578
vn 0.8704 0.4649 -0.1623
vn 0.7644 -0.5448 -0.3449
vn 0.6430 0.7534 -0.1377
vn 0.4451 0.8313 -0.3329
vn 0.1801 0.9388 -0.2936
vn 0.7872 -0.2830 -0.5479
vn 0.5882 -0.1996 -0.7837
vn 0.5415 0.1159 -0.8327
vn 0.1563 0.5940 -0.7891
vn -0.1102 0.6921 -0.7133
vn -0.0996 0.8687 -0.4852
vn 0.2044 0.2509 -0.9462
vn -0.0233 0.0721 -0.9971
vn -0.2759 0.1998 -0.9402
vn -0.8875 -0.2384 -0.3943
vn -0.9306 0.3548 -0.0896
vn -0.7035 -0.5700 -0.4245
vn -0.6838 -0.7255 -0.0779
vn -0.8557 -0.4899 0.1665
vn -0.7477 0.6629 0.0382
vn -0.3473 0.2427 -0.9058
vn -0.0772 -0.9179 0.3892
vn -0.5406 0.8039 -0.2481
vn -0.0251 0.0892 -0.9957
vn 0.2004 0.2318 -0.9519
vn 0.1804 0.5246 -0.8320
vn -0.0784 0.8960 -0.4371
vn -0.2835 0.9379 -0.2000
vn -0.2292 0.9699 0.0817
vn -0.0811 -0.2590 -0.9625
vn -0.0934 0.6833 -0.7241
vn -0.3606 0.5319 -0.7662
vn -0.5955 0.5829 -0.5528
vn -0.4177 0.8417 0.3423
vn -0.6577 0.6832 0.3173
vn -0.7516 0.4379 0.4934
vn -0.8089 -0.1743 0.5615
vn -0.7653 -0.4651 0.4451
vn -0.5344 -0.6691 0.5165
vn -0.3445 -0.8868 0.3082
vn -0.4300 -0.9028 0.0126
vn -0.2692 -0.9434 -0.1938
vn -0.2894 -0.7840 -0.5492
vn -0.4670 -0.6100 -0.6402
vn -0.4061 -0.3659 -0.8374
vn -0.9071 0.1295 0.4006
vn -0.9892 0.1041 0.1028
vn -0.9816 -0.1889 -0.0291
vn -0.5883 -0.0348 -0.8079
vn -0.8128 0.0113 -0.5824
vn -0.8366 0.3054 -0.4549
vt 0.181819 0.000000
vt 0.204546 0.039365
vt 0.181819 0.052487
vt 0.159092 0.039365
vt 0.227273 0.078731
vt 0.181819 0.078731
vt 0.136365 0.078731
vt 0.272728 0.157461
vt 0.295455 0.118096
vt 0.318182 0.131218
vt 0.318182 0.157461
vt 0.318182 0.078731
vt 0.340910 0.118096
vt 0.363637 0.157461
vt 0.909091 0.000000
vt 0.931818 0.039365
vt 0.909091 0.052487
vt 0.886364 0.039365
vt 0.954545 0.078731
vt 0.909091 0.078731
vt 0.863636 0.078731
vt 0.727273 0.000000
vt 0.750000 0.039365
vt 0.727273 0.052487
vt 0.704546 0.039365
vt 0.772728 0.078731
vt 0.727273 0.078731
vt 0.681819 0.078731
vt 0.545455 0.000000
vt 0.568182 0.039365
vt 0.545455 0.052487
vt 0.522728 0.039365
vt 0.590909 0.078731
vt 0.545455 0.078731
vt 0.500000 0.078731
vt 0.318182 0.183704
vt 0.295455 0.196826
vt 0.340910 0.196826
vt 0.318182 0.236191
vt 0.454546 0.157461
vt 0.500001 0.157461
vt 0.500001 0.183704
vt 0.477273 0.196826
vt 0.545455 0.157461
vt 0.522728 0.196826
vt 0.500000 0.236191
vt 0.272728 0.209948
vt 0.250001 0.196826
vt 0.272728 0.236191
vt 0.227273 0.236191
vt 0.454546 0.209948
vt 0.431819 0.196826
vt 0.454546 0.236191
vt 0.409092 0.236191
vt 0.272728 0.262434
vt 0.250001 0.275556
vt 0.295455 0.275556
vt 0.272728 0.314921
vt 0.181819 0.157461
vt 0.227274 0.157461
vt 0.227273 0.183704
vt 0.204546 0.196826
vt 0.363637 0.209948
vt 0.363637 0.236191
vt 0.386364 0.196826
vt 0.409092 0.157461
vt 0.409092 0.183704
vt 0.522728 0.118096
vt 0.500001 0.131217
vt 0.477273 0.118096
vt 0.545455 0.104974
vt 0.568182 0.118096
vt 0.909091 0.104974
vt 0.886364 0.118096
vt 0.931818 0.118096
vt 0.909091 0.157461
vt 0.386364 0.118096
vt 0.409092 0.131218
vt 0.409092 0.078731
vt 0.431819 0.118096
vt 0.363637 0.104974
vt 0.363637 0.078731
vt 0.340910 0.039365
vt 0.363637 0.052487
vt 0.363637 0.000000
vt 0.386364 0.039365
vt 0.181819 0.104974
vt 0.159092 0.118096
vt 0.204546 0.118096
vt 0.250001 0.118096
vt 0.227273 0.131217
vt 0.090910 0.157461
vt 0.136365 0.157461
vt 0.136365 0.183704
vt 0.113637 0.196826
vt 0.181819 0.157461
vt 0.159092 0.196826
vt 0.136364 0.236191
vt 0.295455 0.196826
vt 0.272728 0.209948
vt 0.272728 0.236191
vt 0.227274 0.236191
vt 0.090910 0.209948
vt 0.068183 0.196826
vt 0.090910 0.236191
vt 0.045455 0.236191
vt 0.181819 0.314921
vt 0.227274 0.314921
vt 0.227274 0.341165
vt 0.204546 0.354286
vt 0.272728 0.314921
vt 0.250001 0.354286
vt 0.227274 0.393652
vt 0.000000 0.314921
vt 0.045455 0.314921
vt 0.045455 0.341165
vt 0.022728 0.354286
vt 0.090910 0.314921
vt 0.068182 0.354286
vt 0.045455 0.393651
vt 0.818182 0.314921
vt 0.863637 0.314921
vt 0.863637 0.341165
vt 0.840909 0.354286
vt 0.909091 0.314921
vt 0.886364 0.354286
vt 0.863637 0.393652
vt 0.090910 0.367408
vt 0.090910 0.393652
vt 0.113637 0.354286
vt 0.136365 0.393651
vt 0.136364 0.314921
vt 0.136364 0.341165
vt 0.159092 0.354286
vt 0.863636 0.236191
vt 0.886364 0.275556
vt 0.863637 0.288678
vt 0.840909 0.275556
vt 0.068182 0.275556
vt 0.045455 0.288678
vt 0.022728 0.275556
vt 0.090910 0.262434
vt 0.113637 0.275556
vt 0.159092 0.275556
vt 0.136364 0.288678
vt 0.227273 0.288678
vt 0.204546 0.275556
vt 0.272728 0.262434
vt 0.909091 0.236191
vt 0.909091 0.262434
vt 0.954545 0.236191
vt 0.931818 0.275556
vt 0.886364 0.196826
vt 0.909091 0.209948
vt 0.909091 0.157461
vt 0.931818 0.196826
vt 0.954546 0.157461
vt 0.954546 0.183704
vt 1.000000 0.157461
vt 0.977273 0.196826
vt 0.181819 0.236191
vt 0.181819 0.262434
vt 0.181819 0.209948
vt 0.204546 0.196826
vt 0.227274 0.157461
vt 0.227274 0.183704
vt 0.954546 0.078731
vt 0.977273 0.118096
vt 0.954546 0.131218
vt 0.159092 0.118096
vt 0.136365 0.131218
vt 0.113637 0.118096
vt 0.181819 0.078731
vt 0.181819 0.104974
vt 0.227274 0.131218
vt 0.909091 0.078731
vt 0.727273 0.052487
vt 0.772727 0.078731
vt 0.727273 0.078731
vt 0.681818 0.078731
vt 0.136365 0.157461
vt 0.136364 0.183704
vt 0.159092 0.196826
vt 0.818182 0.157461
vt 0.863636 0.157461
vt 0.863636 0.183704
vt 0.840909 0.196826
vt 0.909091 0.157461
vt 0.886364 0.196826
vt 0.863637 0.236191
vt 0.636364 0.157461
vt 0.681819 0.157461
vt 0.681818 0.183704
vt 0.659091 0.196826
vt 0.727273 0.157461
vt 0.704546 0.196826
vt 0.681819 0.236191
vt 0.818182 0.209948
vt 0.795455 0.196826
vt 0.818182 0.236191
vt 0.772728 0.236191
vt 0.636364 0.209948
vt 0.613637 0.196826
vt 0.636364 0.236191
vt 0.590909 0.236191
vt 0.045455 0.314921
vt 0.045455 0.341165
vt 0.090910 0.314921
vt 0.068182 0.354286
vt 0.045455 0.393652
vt 0.727273 0.314921
vt 0.772728 0.314921
vt 0.772727 0.341165
vt 0.750000 0.354286
vt 0.818182 0.314921
vt 0.795455 0.354286
vt 0.772727 0.393651
vt 0.636364 0.314921
vt 0.681819 0.314921
vt 0.681819 0.341165
vt 0.659091 0.354286
vt 0.704546 0.354286
vt 0.681819 0.393652
vt 0.818182 0.367408
vt 0.818182 0.393652
vt 0.840909 0.354286
vt 0.863636 0.393651
vt 0.863637 0.314921
vt 0.863636 0.341165
vt 0.636364 0.262434
vt 0.613637 0.275556
vt 0.659091 0.275556
vt 0.704546 0.275556
vt 0.681818 0.288678
vt 0.795455 0.275556
vt 0.772728 0.288678
vt 0.750000 0.275556
vt 0.818182 0.262434
vt 0.840909 0.275556
vt 0.886364 0.275556
vt 0.863636 0.288678
vt 0.045455 0.288678
vt 0.090910 0.262434
vt 0.113637 0.275556
vt 0.136364 0.288678
vt 0.136364 0.314921
vt 0.590910 0.157461
vt 0.590910 0.183704
vt 0.568182 0.196826
vt 0.727273 0.236191
vt 0.727273 0.262434
vt 0.727273 0.209948
vt 0.750000 0.196826
vt 0.772728 0.157461
vt 0.772727 0.183704
vt 0.909091 0.236191
vt 0.909091 0.262434
vt 0.909091 0.209948
vt 0.954546 0.157461
vt 0.954545 0.183704
vt 0.181819 0.262434
vt 0.204546 0.275556
vt 0.545455 0.104974
vt 0.522728 0.118096
vt 0.568182 0.118096
vt 0.613637 0.118096
vt 0.590910 0.131217
vt 0.704546 0.118096
vt 0.681819 0.131218
vt 0.659091 0.118096
vt 0.727273 0.104974
vt 0.750000 0.118096
vt 0.795455 0.118096
vt 0.772727 0.131218
vt 0.886364 0.118096
vt 0.863636 0.131218
vt 0.840909 0.118096
vt 0.909091 0.104974
vt 0.931818 0.118096
vt 0.318183 0.078731
vt 0.363637 0.052487
vt 0.363637 0.078731
vt 0.409092 0.078731
vt 0.136365 0.131217
vt 0.181819 0.104974
vt 0.204546 0.118096
vt 0.318182 0.131217
vt 0.318183 0.157461
vt 0.340910 0.118096
vt 0.363637 0.157461
vt 0.318183 0.183704
vt 0.340910 0.196826
vt 0.863637 0.157461
vt 0.863637 0.183704
vt 0.886364 0.196826
vt 0.636364 0.157461
vt 0.681819 0.157461
vt 0.681819 0.183704
vt 0.659091 0.196826
vt 0.727273 0.157461
vt 0.704546 0.196826
vt 0.681818 0.236191
vt 0.272728 0.209948
vt 0.795455 0.196826
vt 0.227274 0.314921
vt 0.227274 0.341165
vt 0.250001 0.354286
vt 0.227273 0.393651
vt 0.795455 0.354286
vt 0.681819 0.314921
vt 0.818182 0.393652
vt 0.818182 0.419895
vt 0.795455 0.433017
vt 0.840909 0.433017
vt 0.818182 0.472382
vt 0.818182 0.367408
vt 0.090910 0.393652
vt 0.090910 0.419895
vt 0.068183 0.433017
vt 0.113637 0.433017
vt 0.090910 0.472382
vt 0.090910 0.367408
vt 0.272728 0.393652
vt 0.272728 0.419895
vt 0.250001 0.433017
vt 0.318182 0.393651
vt 0.295455 0.433017
vt 0.272728 0.472382
vt 0.272728 0.367408
vt 0.295455 0.354286
vt 0.704546 0.275556
vt 0.681819 0.288678
vt 0.659091 0.275556
vt 0.727273 0.236191
vt 0.727273 0.262434
vt 0.727273 0.209948
vt 0.772728 0.157461
vt 0.772727 0.183704
vt 0.909091 0.209948
vt 0.136365 0.157461
vt 0.113637 0.196826
vt 0.136365 0.236191
vt 0.227274 0.288678
vt 0.227274 0.314921
vt 0.181819 0.262434
vt 0.159092 0.275556
vt 0.181819 0.209948
vt 0.227274 0.157461
vt 0.227274 0.183704
vt 0.954546 0.131218
vt 1.000000 0.157461
vt 0.954546 0.157461
vt 0.136365 0.078731
vt 0.318183 0.157461
vt 0.295455 0.196826
vt 0.318183 0.236191
vt 0.272728 0.236191
vt 0.477273 0.196826
vt 0.454546 0.209948
vt 0.431819 0.196826
vt 0.454546 0.236191
vt 0.409092 0.236191
vt 0.227274 0.314921
vt 0.227274 0.341165
vt 0.272728 0.314921
vt 0.363637 0.314921
vt 0.409092 0.314921
vt 0.409092 0.341165
vt 0.386364 0.354286
vt 0.454546 0.314921
vt 0.431819 0.354286
vt 0.409092 0.393652
vt 0.090910 0.393652
vt 0.090910 0.367408
vt 0.113637 0.354286
vt 0.136364 0.341164
vt 0.272728 0.393652
vt 0.272728 0.367408
vt 0.295455 0.354286
vt 0.318182 0.314921
vt 0.318182 0.341165
vt 0.340910 0.354286
vt 0.431819 0.275556
vt 0.409092 0.288678
vt 0.386364 0.275556
vt 0.454546 0.262434
vt 0.477273 0.275556
vt 0.227274 0.288678
vt 0.272728 0.262434
vt 0.295455 0.275556
vt 0.340910 0.275556
vt 0.318183 0.288678
vt 0.363637 0.236191
vt 0.363637 0.262434
vt 0.363637 0.209948
vt 0.409092 0.157461
vt 0.181819 0.078731
vt 0.318183 0.157461
vt 0.545455 0.078731
vt 0.340910 0.196826
vt 0.113637 0.196826
vt 0.159092 0.196826
vt 0.500001 0.157461
vt 0.500001 0.183704
vt 0.477273 0.196826
vt 0.545455 0.157461
vt 0.522728 0.196826
vt 0.500001 0.236191
vt 0.090910 0.209948
vt 0.090910 0.236191
vt 0.045455 0.236191
vt 0.636364 0.209948
vt 0.613637 0.196826
vt 0.590910 0.236191
vt 0.454546 0.209948
vt 0.545455 0.314921
vt 0.590910 0.314921
vt 0.590909 0.341165
vt 0.568182 0.354286
vt 0.636364 0.314921
vt 0.613637 0.354286
vt 0.590909 0.393651
vt 0.500001 0.314921
vt 0.500001 0.341165
vt 0.477273 0.354286
vt 0.522728 0.354286
vt 0.500001 0.393652
vt 0.636364 0.393652
vt 0.636364 0.419895
vt 0.613637 0.433017
vt 0.681818 0.393651
vt 0.659091 0.433017
vt 0.636364 0.472382
vt 0.636364 0.367408
vt 0.659091 0.354286
vt 0.681818 0.341165
vt 0.454546 0.262434
vt 0.431819 0.275556
vt 0.477273 0.275556
vt 0.522728 0.275556
vt 0.500001 0.288678
vt 0.613637 0.275556
vt 0.590910 0.288678
vt 0.568182 0.275556
vt 0.636364 0.262434
vt 0.659091 0.275556
vt 0.681819 0.288678
vt 0.772727 0.288678
vt 0.772728 0.314921
vt 0.818182 0.262434
vt 0.840909 0.275556
vt 0.863637 0.314921
vt 0.545455 0.236191
vt 0.545455 0.262434
vt 0.545455 0.209948
vt 0.568182 0.196826
vt 0.590909 0.183704
vt 0.500001 0.131218
vt 0.545455 0.104974
vt 0.568182 0.118096
vt 0.590910 0.131218
vt 0.181819 0.104974
vt 0.204546 0.118096
vt 0.227273 0.131218
vt 0.340910 0.118096
vt 0.727273 0.078731
vt 0.545455 0.052487
vt 0.590910 0.078731
vt 0.545455 0.078731
vt 0.500001 0.078731
vt 0.340910 0.196826
vt 0.272728 0.209948
vt 0.181819 0.209948
vt 0.181819 0.236191
vt 0.363637 0.209948
vt 0.386364 0.196826
vt 0.409092 0.236191
vt 0.727273 0.104974
vt 0.704546 0.118096
vt 0.750000 0.118096
vt 0.727273 0.157461
vt 0.909091 0.104974
vt 0.931818 0.118096
vt 0.954545 0.131218
vt 0.363637 0.104974
vt 0.386364 0.118096
vt 0.204546 0.118096
vt 0.454546 0.209948
vt 0.772727 0.314921
vt 0.772728 0.341165
vt 0.795455 0.354286
vt 0.409092 0.393651
vt 0.454546 0.393652
vt 0.454546 0.419895
vt 0.431819 0.433017
vt 0.500000 0.393651
vt 0.477273 0.433017
vt 0.454546 0.472382
vt 0.431819 0.354286
vt 0.454546 0.367408
vt 0.477273 0.354286
vt 0.500001 0.314921
vt 0.500001 0.341165
vt 0.090910 0.419895
vt 0.136365 0.393652
vt 0.318183 0.393652
vt 0.772727 0.236191
vt 0.772727 0.288678
vt 0.750000 0.275556
vt 0.727273 0.236191
vt 0.727273 0.209948
vt 0.750000 0.196826
vt 0.886364 0.118096
vt 0.863637 0.131218
vt 0.909091 0.104974
vt 0.090910 0.157461
vt 0.090910 0.209948
vt 0.136365 0.236191
vt 0.181819 0.052487
vt 0.227274 0.078731
vt 0.181819 0.078731
vt 0.909091 0.052487
vt 0.909091 0.078731
vt 0.863637 0.078731
vt 0.454546 0.209948
vt 0.431819 0.196826
vt 0.727273 0.314921
vt 0.772728 0.341164
vt 0.590910 0.314921
vt 0.590910 0.341165
vt 0.613637 0.354286
vt 0.409092 0.314921
vt 0.409092 0.341165
vt 0.454546 0.314921
vt 0.431819 0.354286
vt 0.454546 0.367408
vt 0.477273 0.354286
vt 0.500000 0.341165
vt 0.636364 0.367408
vt 0.659091 0.354286
vt 0.681819 0.314921
vt 0.681818 0.341164
vt 0.409092 0.288678
vt 0.454546 0.262434
vt 0.477273 0.275556
vt 0.500000 0.288678
vt 0.590910 0.288678
vt 0.568182 0.275556
vt 0.545455 0.236191
vt 0.545455 0.262434
vt 0.545455 0.209948
vt 0.363637 0.209948
vt 0.409092 0.183704
vt 0.227273 0.131218
vt 0.681819 0.157461
vt 0.704546 0.196826
vt 0.840909 0.196826
vt 0.818182 0.209948
vt 0.795455 0.196826
vt 0.772728 0.314921
vt 0.295455 0.354286
vt 0.318183 0.314921
vt 0.318182 0.341164
vt 0.409092 0.288678
vt 0.386364 0.275556
vt 0.477273 0.275556
vt 0.522728 0.275556
vt 0.795455 0.275556
vt 0.772728 0.288678
vt 0.545455 0.236191
vt 0.545455 0.262434
vt 0.545455 0.209948
vt 0.590910 0.157461
vt 0.681818 0.131218
vt 0.136365 0.157461
vt 0.181819 0.314921
vt 0.227274 0.341164
vt 0.363637 0.314921
vt 0.409092 0.314921
vt 0.409092 0.341164
vt 0.431819 0.354286
vt 0.454546 0.367408
vt 0.636364 0.393652
vt 0.772728 0.393652
vt 0.818182 0.419895
vt 0.113637 0.354286
vt 0.545455 0.236191
vt 0.545455 0.209948
vt 0.545455 0.157461
vt 0.113637 0.196826
vt 0.863637 0.157461
vt 0.886364 0.196826
vt 0.090910 0.236191
vt 0.045455 0.288678
vt 0.045455 0.314921
vt 0.000000 0.314921
vt 0.113637 0.275556
vt 0.136364 0.288678
vt 0.909091 0.236191
vt 0.909091 0.314921
vt 0.272728 0.157461
vt 0.545455 0.314921
vt 0.590910 0.314921
vt 0.590910 0.341164
vt 0.863637 0.157461
vt 0.863637 0.183704
vt 0.818182 0.209948
vt 0.772728 0.341165
vt 0.795455 0.354286
vt 0.636364 0.367408
vt 0.659091 0.354286
vt 0.409091 0.288678
vt 0.454546 0.262434
vt 0.340910 0.275556
vt 0.863637 0.131217
vt 0.909091 0.104974
vt 0.931818 0.118096
vt 0.522728 0.196826
vt 0.318183 0.236191
vt 0.840909 0.196826
vt 0.659091 0.196826
vt 0.704546 0.196826
vt 0.636364 0.209948
vt 0.750000 0.275556
vt 0.727273 0.209948
vt 0.500001 0.157461
vt 0.454546 0.157461
vt 0.545455 0.104974
vt 0.886364 0.118096
vt 0.409092 0.131218
vt 0.363637 0.104974
vt 0.318183 0.341165
vt 0.500000 0.288678
vt 0.500001 0.314921
vt 0.318182 0.288678
vt 0.568182 0.275556
vt 0.363637 0.236191
vt 0.704546 0.196826
vt 0.681819 0.236191
vt 0.272728 0.209948
vt 0.272728 0.262434
vt 0.295455 0.275556
vt 0.318183 0.288678
vt 0.954546 0.183704
vt 0.931818 0.196826
vt 0.954546 0.236191
vt 0.363637 0.262434
vt 0.568182 0.118096
vt 0.590909 0.131218
vt 0.590910 0.157461
vt 0.681819 0.131217
vt 0.750000 0.118096
vt 0.772727 0.131218
vt 0.818182 0.157461
vt 0.931818 0.118096
vt 0.954545 0.131217
s 1
f 1/1/1 454/2/454 1479/3/1479 445/4/445
f 5/5/5 480/6/480 1479/3/1479 454/2/454
f 4/7/4 445/4/445 1479/3/1479 480/6/480
f 2/8/2 446/9/446 1480/10/1480 447/11/447
f 5/12/5 477/13/477 1480/10/1480 446/9/446
f 7/14/7 447/11/447 1480/10/1480 477/13/477
f 1/15/1 445/16/445 1481/17/1481 449/18/449
f 4/19/4 474/20/474 1481/17/1481 445/16/445
f 9/21/9 449/18/449 1481/17/1481 474/20/474
f 1/22/1 449/23/449 1482/24/1482 450/25/450
f 9/26/9 472/27/472 1482/24/1482 449/23/449
f 11/28/11 450/25/450 1482/24/1482 472/27/472
f 1/29/1 450/30/450 1483/31/1483 457/32/457
f 11/33/11 470/34/470 1483/31/1483 450/30/450
f 8/35/8 457/32/457 1483/31/1483 470/34/470
f 2/8/2 447/11/447 1484/36/1484 452/37/452
f 7/14/7 467/38/467 1484/36/1484 447/11/447
f 13/39/13 452/37/452 1484/36/1484 467/38/467
f 3/40/3 451/41/451 1485/42/1485 453/43/453
f 12/44/12 464/45/464 1485/42/1485 451/41/451
f 16/46/16 453/43/453 1485/42/1485 464/45/464
f 2/8/2 452/37/452 1486/47/1486 459/48/459
f 13/39/13 462/49/462 1486/47/1486 452/37/452
f 15/50/15 459/48/459 1486/47/1486 462/49/462
f 3/40/3 453/43/453 1487/51/1487 458/52/458
f 16/46/16 460/53/460 1487/51/1487 453/43/453
f 14/54/14 458/52/458 1487/51/1487 460/53/460
f 15/50/15 462/49/462 1488/55/1488 461/56/461
f 13/39/13 463/57/463 1488/55/1488 462/49/462
f 17/58/17 461/56/461 1488/55/1488 463/57/463
f 6/59/6 455/60/455 1489/61/1489 465/62/465
f 2/8/2 459/48/459 1489/61/1489 455/60/455
f 15/50/15 465/62/465 1489/61/1489 459/48/459
f 13/39/13 467/38/467 1490/63/1490 466/64/466
f 7/14/7 468/65/468 1490/63/1490 467/38/467
f 14/54/14 466/64/466 1490/63/1490 468/65/468
f 7/14/7 456/66/456 1491/67/1491 468/65/468
f 3/40/3 458/52/458 1491/67/1491 456/66/456
f 14/54/14 468/65/468 1491/67/1491 458/52/458
f 8/35/8 469/68/469 1492/69/1492 448/70/448
f 12/44/12 451/41/451 1492/69/1492 469/68/469
f 3/40/3 448/70/448 1492/69/1492 451/41/451
f 8/35/8 470/34/470 1493/71/1493 469/68/469
f 11/33/11 471/72/471 1493/71/1493 470/34/470
f 12/44/12 469/68/469 1493/71/1493 471/72/471
f 9/21/9 474/20/474 1494/73/1494 473/74/473
f 4/19/4 475/75/475 1494/73/1494 474/20/474
f 10/76/10 473/74/473 1494/73/1494 475/75/475
f 7/14/7 476/77/476 1495/78/1495 456/66/456
f 8/79/8 448/80/448 1495/78/1495 476/77/476
f 3/40/3 456/66/456 1495/78/1495 448/80/448
f 7/14/7 477/13/477 1496/81/1496 476/77/476
f 5/12/5 478/82/478 1496/81/1496 477/13/477
f 8/79/8 476/77/476 1496/81/1496 478/82/478
f 5/12/5 454/83/454 1497/84/1497 478/82/478
f 1/85/1 457/86/457 1497/84/1497 454/83/454
f 8/79/8 478/82/478 1497/84/1497 457/86/457
f 4/7/4 480/6/480 1498/87/1498 479/88/479
f 5/5/5 481/89/481 1498/87/1498 480/6/480
f 6/59/6 479/88/479 1498/87/1498 481/89/481
f 5/5/5 446/90/446 1499/91/1499 481/89/481
f 2/8/2 455/60/455 1499/91/1499 446/90/446
f 6/59/6 481/89/481 1499/91/1499 455/60/455
f 19/92/19 483/93/483 1500/94/1500 485/95/485
f 24/96/24 517/97/517 1500/94/1500 483/93/483
f 27/98/27 485/95/485 1500/94/1500 517/97/517
f 18/8/18 484/99/484 1501/100/1501 496/48/496
f 26/39/26 511/101/511 1501/100/1501 484/99/484
f 28/102/28 496/48/496 1501/100/1501 511/101/511
f 19/92/19 485/95/485 1502/103/1502 498/104/498
f 27/98/27 508/105/508 1502/103/1502 485/95/485
f 30/106/30 498/104/498 1502/103/1502 508/105/508
f 20/107/20 488/108/488 1503/109/1503 490/110/490
f 31/111/31 505/112/505 1503/109/1503 488/108/488
f 34/113/34 490/110/490 1503/109/1503 505/112/505
f 21/114/21 489/115/489 1504/116/1504 491/117/491
f 32/118/32 503/119/503 1504/116/1504 489/115/489
f 35/120/35 491/117/491 1504/116/1504 503/119/503
f 33/121/33 500/122/500 1505/123/1505 501/124/501
f 21/125/21 491/126/491 1505/123/1505 500/122/500
f 35/127/35 501/124/501 1505/123/1505 491/126/491
f 35/120/35 503/119/503 1506/128/1506 502/129/502
f 32/118/32 504/130/504 1506/128/1506 503/119/503
f 34/131/34 502/129/502 1506/128/1506 504/130/504
f 32/118/32 499/132/499 1507/133/1507 504/130/504
f 20/107/20 490/134/490 1507/133/1507 499/132/499
f 34/131/34 504/130/504 1507/133/1507 490/134/490
f 29/135/29 497/136/497 1508/137/1508 506/138/506
f 21/125/21 500/122/500 1508/137/1508 497/136/497
f 33/121/33 506/138/506 1508/137/1508 500/122/500
f 30/106/30 507/139/507 1509/140/1509 487/141/487
f 32/118/32 489/115/489 1509/140/1509 507/139/507
f 21/114/21 487/141/487 1509/140/1509 489/115/489
f 30/106/30 508/105/508 1510/142/1510 507/139/507
f 27/98/27 509/143/509 1510/142/1510 508/105/508
f 32/118/32 507/139/507 1510/142/1510 509/143/509
f 27/98/27 495/144/495 1511/145/1511 509/143/509
f 20/107/20 499/132/499 1511/145/1511 495/144/495
f 32/118/32 509/143/509 1511/145/1511 499/132/499
f 28/102/28 510/56/510 1512/146/1512 486/147/486
f 31/111/31 488/108/488 1512/146/1512 510/56/510
f 20/107/20 486/147/486 1512/146/1512 488/108/488
f 28/102/28 511/101/511 1513/148/1513 510/56/510
f 26/39/26 512/57/512 1513/148/1513 511/101/511
f 31/111/31 510/56/510 1513/148/1513 512/57/512
f 29/135/29 513/149/513 1514/150/1514 497/136/497
f 30/151/30 487/152/487 1514/150/1514 513/149/513
f 21/125/21 497/136/497 1514/150/1514 487/152/487
f 29/135/29 514/153/514 1515/154/1515 513/149/513
f 25/155/25 515/156/515 1515/154/1515 514/153/514
f 30/151/30 513/149/513 1515/154/1515 515/156/515
f 25/155/25 494/157/494 1516/158/1516 515/156/515
f 19/159/19 498/160/498 1516/158/1516 494/157/494
f 30/151/30 515/156/515 1516/158/1516 498/160/498
f 27/98/27 516/161/516 1517/162/1517 495/144/495
f 28/102/28 486/147/486 1517/162/1517 516/161/516
f 20/107/20 495/144/495 1517/162/1517 486/147/486
f 27/98/27 517/97/517 1518/163/1518 516/161/516
f 24/96/24 518/164/518 1518/163/1518 517/97/517
f 28/102/28 516/161/516 1518/163/1518 518/164/518
f 24/96/24 493/165/493 1519/166/1519 518/164/518
f 18/8/18 496/48/496 1519/166/1519 493/165/493
f 28/102/28 518/164/518 1519/166/1519 496/48/496
f 22/167/22 492/168/492 1520/169/1520 519/75/519
f 19/159/19 494/157/494 1520/169/1520 492/168/492
f 25/155/25 519/75/519 1520/169/1520 494/157/494
f 22/7/22 520/170/520 1521/171/1521 492/172/492
f 24/96/24 483/93/483 1521/171/1521 520/170/520
f 19/92/19 492/172/492 1521/171/1521 483/93/483
f 22/7/22 521/173/521 1522/174/1522 520/170/520
f 23/5/23 522/89/522 1522/174/1522 521/173/521
f 24/96/24 520/170/520 1522/174/1522 522/89/522
f 23/5/23 482/90/482 1523/175/1523 522/89/522
f 18/8/18 493/165/493 1523/175/1523 482/90/482
f 24/96/24 522/89/522 1523/175/1523 493/165/493
f 36/1/36 540/2/540 1524/3/1524 523/4/523
f 44/5/44 591/6/591 1524/3/1524 540/2/540
f 43/7/43 523/4/523 1524/3/1524 591/6/591
f 36/15/36 523/16/523 1525/17/1525 525/18/525
f 43/19/43 587/176/587 1525/17/1525 523/16/523
f 47/21/47 525/18/525 1525/17/1525 587/176/587
f 36/22/36 525/23/525 1526/177/1526 527/25/527
f 47/178/47 584/179/584 1526/177/1526 525/23/525
f 49/180/49 527/25/527 1526/177/1526 584/179/584
f 36/29/36 527/30/527 1527/31/1527 541/32/541
f 49/33/49 581/34/581 1527/31/1527 527/30/527
f 46/35/46 541/32/541 1527/31/1527 581/34/581
f 37/92/37 524/181/524 1528/182/1528 529/95/529
f 45/59/45 578/183/578 1528/182/1528 524/181/524
f 52/98/52 529/95/529 1528/182/1528 578/183/578
f 38/184/38 526/185/526 1529/186/1529 531/187/531
f 48/188/48 575/189/575 1529/186/1529 526/185/526
f 54/190/54 531/187/531 1529/186/1529 575/189/575
f 39/191/39 528/192/528 1530/193/1530 533/194/533
f 50/195/50 572/196/572 1530/193/1530 528/192/528
f 56/197/56 533/194/533 1530/193/1530 572/196/572
f 37/92/37 529/95/529 1531/103/1531 549/104/549
f 52/98/52 568/105/568 1531/103/1531 529/95/529
f 55/106/55 549/104/549 1531/103/1531 568/105/568
f 38/184/38 531/187/531 1532/198/1532 551/199/551
f 54/190/54 565/200/565 1532/198/1532 531/187/531
f 57/201/57 551/199/551 1532/198/1532 565/200/565
f 39/191/39 533/194/533 1533/202/1533 552/203/552
f 56/197/56 562/204/562 1533/202/1533 533/194/533
f 58/205/58 552/203/552 1533/202/1533 562/204/562
f 41/114/41 535/206/535 1534/207/1534 537/117/537
f 59/208/59 560/209/560 1534/207/1534 535/206/535
f 62/210/62 537/117/537 1534/207/1534 560/209/560
f 42/211/42 536/212/536 1535/213/1535 538/214/538
f 60/215/60 558/216/558 1535/213/1535 536/212/536
f 63/217/63 538/214/538 1535/213/1535 558/216/558
f 61/218/61 555/219/555 1536/220/1536 556/221/556
f 42/211/42 538/222/538 1536/220/1536 555/219/555
f 63/223/63 556/221/556 1536/220/1536 538/222/538
f 63/217/63 558/216/558 1537/224/1537 557/225/557
f 60/215/60 559/226/559 1537/224/1537 558/216/558
f 62/227/62 557/225/557 1537/224/1537 559/226/559
f 60/215/60 554/228/554 1538/229/1538 559/226/559
f 41/125/41 537/126/537 1538/229/1538 554/228/554
f 62/227/62 559/226/559 1538/229/1538 537/126/537
f 58/205/58 562/204/562 1539/230/1539 561/231/561
f 56/197/56 563/232/563 1539/230/1539 562/204/562
f 61/218/61 561/231/561 1539/230/1539 563/232/563
f 56/197/56 550/233/550 1540/234/1540 563/232/563
f 42/211/42 555/219/555 1540/234/1540 550/233/550
f 61/218/61 563/232/563 1540/234/1540 555/219/555
f 57/201/57 564/235/564 1541/236/1541 534/237/534
f 60/215/60 536/212/536 1541/236/1541 564/235/564
f 42/211/42 534/237/534 1541/236/1541 536/212/536
f 57/201/57 565/200/565 1542/238/1542 564/235/564
f 54/190/54 566/239/566 1542/238/1542 565/200/565
f 60/215/60 564/235/564 1542/238/1542 566/239/566
f 54/190/54 548/240/548 1543/241/1543 566/239/566
f 41/125/41 554/228/554 1543/241/1543 548/240/548
f 60/215/60 566/239/566 1543/241/1543 554/228/554
f 55/106/55 567/139/567 1544/242/1544 532/141/532
f 59/208/59 535/206/535 1544/242/1544 567/139/567
f 41/114/41 532/141/532 1544/242/1544 535/206/535
f 55/106/55 568/105/568 1545/243/1545 567/139/567
f 52/98/52 569/244/569 1545/243/1545 568/105/568
f 59/208/59 567/139/567 1545/243/1545 569/244/569
f 52/98/52 547/144/547 1546/245/1546 569/244/569
f 40/107/40 553/246/553 1546/245/1546 547/144/547
f 59/208/59 569/244/569 1546/245/1546 553/246/553
f 51/44/51 546/247/546 1547/248/1547 570/249/570
f 39/191/39 552/203/552 1547/248/1547 546/247/546
f 58/205/58 570/249/570 1547/248/1547 552/203/552
f 56/197/56 571/250/571 1548/251/1548 550/233/550
f 57/201/57 534/237/534 1548/251/1548 571/250/571
f 42/211/42 550/233/550 1548/251/1548 534/237/534
f 56/197/56 572/196/572 1549/252/1549 571/250/571
f 50/195/50 573/253/573 1549/252/1549 572/196/572
f 57/201/57 571/250/571 1549/252/1549 573/253/573
f 50/195/50 545/254/545 1550/255/1550 573/253/573
f 38/184/38 551/199/551 1550/255/1550 545/254/545
f 57/201/57 573/253/573 1550/255/1550 551/199/551
f 54/190/54 574/256/574 1551/257/1551 548/240/548
f 55/151/55 532/152/532 1551/257/1551 574/256/574
f 41/125/41 548/240/548 1551/257/1551 532/152/532
f 54/190/54 575/189/575 1552/258/1552 574/256/574
f 48/188/48 576/156/576 1552/258/1552 575/189/575
f 55/151/55 574/256/574 1552/258/1552 576/156/576
f 48/188/48 543/259/543 1553/260/1553 576/156/576
f 37/159/37 549/160/549 1553/260/1553 543/259/543
f 55/151/55 576/156/576 1553/260/1553 549/160/549
f 52/98/52 577/161/577 1554/261/1554 547/144/547
f 53/50/53 530/262/530 1554/261/1554 577/161/577
f 40/107/40 547/144/547 1554/261/1554 530/262/530
f 52/98/52 578/183/578 1555/163/1555 577/161/577
f 45/59/45 579/62/579 1555/163/1555 578/183/578
f 53/50/53 577/161/577 1555/163/1555 579/62/579
f 46/35/46 581/34/581 1556/263/1556 580/264/580
f 49/33/49 582/265/582 1556/263/1556 581/34/581
f 51/44/51 580/264/580 1556/263/1556 582/265/582
f 49/33/49 544/266/544 1557/267/1557 582/265/582
f 39/191/39 546/247/546 1557/267/1557 544/266/544
f 51/44/51 582/265/582 1557/267/1557 546/247/546
f 49/180/49 583/268/583 1558/269/1558 544/270/544
f 50/195/50 528/192/528 1558/269/1558 583/268/583
f 39/191/39 544/270/544 1558/269/1558 528/192/528
f 49/180/49 584/179/584 1559/271/1559 583/268/583
f 47/178/47 585/272/585 1559/271/1559 584/179/584
f 50/195/50 583/268/583 1559/271/1559 585/272/585
f 47/178/47 542/273/542 1560/274/1560 585/272/585
f 38/184/38 545/254/545 1560/274/1560 542/273/542
f 50/195/50 585/272/585 1560/274/1560 545/254/545
f 47/21/47 586/275/586 1561/276/1561 542/277/542
f 48/188/48 526/185/526 1561/276/1561 586/275/586
f 38/184/38 542/277/542 1561/276/1561 526/185/526
f 47/21/47 587/176/587 1562/278/1562 586/275/586
f 43/19/43 588/279/588 1562/278/1562 587/176/587
f 48/188/48 586/275/586 1562/278/1562 588/279/588
f 43/19/43 539/168/539 1563/169/1563 588/279/588
f 37/159/37 543/259/543 1563/169/1563 539/168/539
f 48/188/48 588/279/588 1563/169/1563 543/259/543
f 44/280/44 540/83/540 1564/281/1564 589/282/589
f 36/85/36 541/86/541 1564/281/1564 540/83/540
f 46/283/46 589/282/589 1564/281/1564 541/86/541
f 43/7/43 590/170/590 1565/284/1565 539/172/539
f 45/59/45 524/181/524 1565/284/1565 590/170/590
f 37/92/37 539/172/539 1565/284/1565 524/181/524
f 43/7/43 591/6/591 1566/285/1566 590/170/590
f 44/5/44 592/286/592 1566/285/1566 591/6/591
f 45/59/45 590/170/590 1566/285/1566 592/286/592
f 64/8/64 593/9/593 1567/287/1567 595/288/595
f 73/280/73 659/289/659 1567/287/1567 593/9/593
f 75/290/75 595/288/595 1567/287/1567 659/289/659
f 64/8/64 595/288/595 1568/291/1568 598/37/598
f 75/290/75 657/292/657 1568/291/1568 595/288/595
f 78/39/78 598/37/598 1568/291/1568 657/292/657
f 65/92/65 594/93/594 1569/94/1569 599/95/599
f 74/96/74 655/97/655 1569/94/1569 594/93/594
f 79/98/79 599/95/599 1569/94/1569 655/97/655
f 66/184/66 596/293/596 1570/294/1570 601/187/601
f 76/155/76 652/295/652 1570/294/1570 596/293/596
f 81/190/81 601/187/601 1570/294/1570 652/295/652
f 67/296/67 597/297/597 1571/298/1571 603/299/603
f 77/300/77 649/301/649 1571/298/1571 597/297/597
f 83/302/83 603/299/603 1571/298/1571 649/301/649
f 64/8/64 598/37/598 1572/303/1572 617/48/617
f 78/39/78 646/101/646 1572/303/1572 598/37/598
f 80/102/80 617/48/617 1572/303/1572 646/101/646
f 65/92/65 599/95/599 1573/103/1573 619/104/619
f 79/98/79 643/105/643 1573/103/1573 599/95/599
f 82/106/82 619/104/619 1573/103/1573 643/105/643
f 66/184/66 601/187/601 1574/198/1574 621/304/621
f 81/190/81 640/200/640 1574/198/1574 601/187/601
f 84/201/84 621/304/621 1574/198/1574 640/200/640
f 68/107/68 605/305/605 1575/306/1575 608/110/608
f 85/111/85 636/307/636 1575/306/1575 605/305/605
f 89/308/89 608/110/608 1575/306/1575 636/307/636
f 69/114/69 606/115/606 1576/116/1576 610/117/610
f 86/118/86 633/209/633 1576/116/1576 606/115/606
f 91/120/91 610/117/610 1576/116/1576 633/209/633
f 70/211/70 607/212/607 1577/213/1577 611/214/611
f 87/215/87 630/309/630 1577/213/1577 607/212/607
f 92/217/92 611/214/611 1577/213/1577 630/309/630
f 88/218/88 624/310/624 1578/220/1578 628/221/628
f 70/211/70 611/222/611 1578/220/1578 624/310/624
f 92/223/92 628/221/628 1578/220/1578 611/222/611
f 92/217/92 629/311/629 1579/312/1579 627/313/627
f 91/227/91 626/314/626 1579/312/1579 629/311/629
f 71/315/71 627/313/627 1579/312/1579 626/314/626
f 92/217/92 630/309/630 1580/316/1580 629/311/629
f 87/215/87 631/226/631 1580/316/1580 630/309/630
f 91/227/91 629/311/629 1580/316/1580 631/226/631
f 87/215/87 623/228/623 1581/229/1581 631/226/631
f 69/125/69 610/126/610 1581/229/1581 623/228/623
f 91/227/91 631/226/631 1581/229/1581 610/126/610
f 91/120/91 632/317/632 1582/318/1582 626/319/626
f 89/131/89 625/320/625 1582/318/1582 632/317/632
f 71/321/71 626/319/626 1582/318/1582 625/320/625
f 91/120/91 633/209/633 1583/322/1583 632/317/632
f 86/118/86 634/130/634 1583/322/1583 633/209/633
f 89/131/89 632/317/632 1583/322/1583 634/130/634
f 86/118/86 622/132/622 1584/133/1584 634/130/634
f 68/107/68 608/134/608 1584/133/1584 622/132/622
f 89/131/89 634/130/634 1584/133/1584 608/134/608
f 89/308/89 635/323/635 1585/324/1585 625/325/625
f 90/326/90 609/327/609 1585/324/1585 635/323/635
f 71/328/71 625/325/625 1585/324/1585 609/327/609
f 89/308/89 636/307/636 1586/329/1586 635/323/635
f 85/111/85 637/330/637 1586/329/1586 636/307/636
f 90/326/90 635/323/635 1586/329/1586 637/330/637
f 83/302/83 620/331/620 1587/332/1587 638/333/638
f 70/211/70 624/310/624 1587/332/1587 620/331/620
f 88/218/88 638/333/638 1587/332/1587 624/310/624
f 84/201/84 639/235/639 1588/236/1588 604/237/604
f 87/215/87 607/212/607 1588/236/1588 639/235/639
f 70/211/70 604/237/604 1588/236/1588 607/212/607
f 84/201/84 640/200/640 1589/238/1589 639/235/639
f 81/190/81 641/239/641 1589/238/1589 640/200/640
f 87/215/87 639/235/639 1589/238/1589 641/239/641
f 81/190/81 618/240/618 1590/241/1590 641/239/641
f 69/125/69 623/228/623 1590/241/1590 618/240/618
f 87/215/87 641/239/641 1590/241/1590 623/228/623
f 82/106/82 642/139/642 1591/140/1591 602/141/602
f 86/118/86 606/115/606 1591/140/1591 642/139/642
f 69/114/69 602/141/602 1591/140/1591 606/115/606
f 82/106/82 643/105/643 1592/142/1592 642/139/642
f 79/98/79 644/143/644 1592/142/1592 643/105/643
f 86/118/86 642/139/642 1592/142/1592 644/143/644
f 79/98/79 616/144/616 1593/145/1593 644/143/644
f 68/107/68 622/132/622 1593/145/1593 616/144/616
f 86/118/86 644/143/644 1593/145/1593 622/132/622
f 80/102/80 645/56/645 1594/146/1594 600/147/600
f 85/111/85 605/305/605 1594/146/1594 645/56/645
f 68/107/68 600/147/600 1594/146/1594 605/305/605
f 80/102/80 646/101/646 1595/148/1595 645/56/645
f 78/39/78 647/57/647 1595/148/1595 646/101/646
f 85/111/85 645/56/645 1595/148/1595 647/57/647
f 83/302/83 648/334/648 1596/335/1596 620/331/620
f 84/201/84 604/237/604 1596/335/1596 648/334/648
f 70/211/70 620/331/620 1596/335/1596 604/237/604
f 83/302/83 649/301/649 1597/336/1597 648/334/648
f 77/300/77 650/253/650 1597/336/1597 649/301/649
f 84/201/84 648/334/648 1597/336/1597 650/253/650
f 77/300/77 615/337/615 1598/338/1598 650/253/650
f 66/184/66 621/304/621 1598/338/1598 615/337/615
f 84/201/84 650/253/650 1598/338/1598 621/304/621
f 81/190/81 651/256/651 1599/257/1599 618/240/618
f 82/151/82 602/152/602 1599/257/1599 651/256/651
f 69/125/69 618/240/618 1599/257/1599 602/152/602
f 81/190/81 652/295/652 1600/339/1600 651/256/651
f 76/155/76 653/156/653 1600/339/1600 652/295/652
f 82/151/82 651/256/651 1600/339/1600 653/156/653
f 76/155/76 614/157/614 1601/158/1601 653/156/653
f 65/159/65 619/160/619 1601/158/1601 614/157/614
f 82/151/82 653/156/653 1601/158/1601 619/160/619
f 79/98/79 654/161/654 1602/162/1602 616/144/616
f 80/102/80 600/147/600 1602/162/1602 654/161/654
f 68/107/68 616/144/616 1602/162/1602 600/147/600
f 79/98/79 655/97/655 1603/163/1603 654/161/654
f 74/96/74 656/164/656 1603/163/1603 655/97/655
f 80/102/80 654/161/654 1603/163/1603 656/164/656
f 74/96/74 613/165/613 1604/166/1604 656/164/656
f 64/8/64 617/48/617 1604/166/1604 613/165/613
f 80/102/80 656/164/656 1604/166/1604 617/48/617
f 72/167/72 612/168/612 1605/169/1605 658/75/658
f 65/159/65 614/157/614 1605/169/1605 612/168/612
f 76/155/76 658/75/658 1605/169/1605 614/157/614
f 72/7/72 660/170/660 1606/171/1606 612/172/612
f 74/96/74 594/93/594 1606/171/1606 660/170/660
f 65/92/65 612/172/612 1606/171/1606 594/93/594
f 72/7/72 661/173/661 1607/174/1607 660/170/660
f 73/5/73 662/89/662 1607/174/1607 661/173/661
f 74/96/74 660/170/660 1607/174/1607 662/89/662
f 73/5/73 593/90/593 1608/175/1608 662/89/662
f 64/8/64 613/165/613 1608/175/1608 593/90/593
f 74/96/74 662/89/662 1608/175/1608 613/165/613
f 94/92/94 663/340/663 1609/94/1609 665/341/665
f 97/59/97 677/183/677 1609/94/1609 663/340/663
f 100/342/100 665/341/665 1609/94/1609 677/183/677
f 93/8/93 664/99/664 1610/100/1610 672/48/672
f 99/39/99 674/101/674 1610/100/1610 664/99/664
f 101/102/101 672/48/672 1610/100/1610 674/101/674
f 101/102/101 673/56/673 1611/343/1611 666/147/666
f 102/111/102 667/344/667 1611/343/1611 673/56/673
f 95/107/95 666/147/666 1611/343/1611 667/344/667
f 101/102/101 674/101/674 1612/148/1612 673/56/673
f 99/39/99 675/57/675 1612/148/1612 674/101/674
f 102/111/102 673/56/673 1612/148/1612 675/57/675
f 100/342/100 676/161/676 1613/345/1613 671/346/671
f 101/102/101 666/147/666 1613/345/1613 676/161/676
f 95/107/95 671/346/671 1613/345/1613 666/147/666
f 100/342/100 677/183/677 1614/347/1614 676/161/676
f 97/59/97 678/164/678 1614/347/1614 677/183/677
f 101/102/101 676/161/676 1614/347/1614 678/164/678
f 97/59/97 669/348/669 1615/349/1615 678/164/678
f 93/8/93 672/48/672 1615/349/1615 669/348/669
f 101/102/101 678/164/678 1615/349/1615 672/48/672
f 96/167/96 668/168/668 1616/350/1616 679/75/679
f 94/351/94 670/352/670 1616/350/1616 668/168/668
f 98/76/98 679/75/679 1616/350/1616 670/352/670
f 96/353/96 680/88/680 1617/171/1617 668/172/668
f 97/59/97 663/340/663 1617/171/1617 680/88/680
f 94/92/94 668/172/668 1617/171/1617 663/340/663
f 103/8/103 681/354/681 1618/291/1618 682/355/682
f 108/290/108 713/38/713 1618/291/1618 681/354/681
f 109/356/109 682/355/682 1618/291/1618 713/38/713
f 103/8/103 682/355/682 1619/47/1619 693/48/693
f 109/356/109 710/357/710 1619/47/1619 682/355/682
f 111/50/111 693/48/693 1619/47/1619 710/357/710
f 104/40/104 685/358/685 1620/359/1620 692/360/692
f 112/46/112 707/361/707 1620/359/1620 685/358/685
f 110/362/110 692/360/692 1620/359/1620 707/361/707
f 105/107/105 686/363/686 1621/364/1621 688/110/688
f 113/365/113 704/112/704 1621/364/1621 686/363/686
f 116/308/116 688/110/688 1621/364/1621 704/112/704
f 106/366/106 687/367/687 1622/368/1622 697/369/697
f 115/370/115 699/371/699 1622/368/1622 687/367/687
f 117/372/117 697/369/697 1622/368/1622 699/371/699
f 118/120/118 700/373/700 1623/318/1623 698/319/698
f 116/131/116 696/320/696 1623/318/1623 700/373/700
f 107/321/107 698/319/698 1623/318/1623 696/320/696
f 118/120/118 701/119/701 1624/374/1624 700/373/700
f 114/208/114 702/375/702 1624/374/1624 701/119/701
f 116/131/116 700/373/700 1624/374/1624 702/375/702
f 114/208/114 695/246/695 1625/376/1625 702/375/702
f 105/107/105 688/134/688 1625/376/1625 695/246/695
f 116/131/116 702/375/702 1625/376/1625 688/134/688
f 116/308/116 703/377/703 1626/324/1626 696/325/696
f 117/326/117 689/327/689 1626/324/1626 703/377/703
f 107/328/107 696/325/696 1626/324/1626 689/327/689
f 116/308/116 704/112/704 1627/378/1627 703/377/703
f 113/365/113 705/379/705 1627/378/1627 704/112/704
f 117/326/117 703/377/703 1627/378/1627 705/379/705
f 113/365/113 694/380/694 1628/381/1628 705/379/705
f 106/366/106 697/382/697 1628/381/1628 694/380/694
f 117/326/117 705/379/705 1628/381/1628 697/382/697
f 110/362/110 706/383/706 1629/384/1629 683/385/683
f 115/370/115 687/367/687 1629/384/1629 706/383/706
f 106/366/106 683/385/683 1629/384/1629 687/367/687
f 110/362/110 707/361/707 1630/386/1630 706/383/706
f 112/46/112 708/387/708 1630/386/1630 707/361/707
f 115/370/115 706/383/706 1630/386/1630 708/387/708
f 111/50/111 709/56/709 1631/388/1631 684/262/684
f 113/365/113 686/363/686 1631/388/1631 709/56/709
f 105/107/105 684/262/684 1631/388/1631 686/363/686
f 111/50/111 710/357/710 1632/389/1632 709/56/709
f 109/356/109 711/390/711 1632/389/1632 710/357/710
f 113/365/113 709/56/709 1632/389/1632 711/390/711
f 109/356/109 691/391/691 1633/392/1633 711/390/711
f 106/366/106 694/380/694 1633/392/1633 691/391/691
f 113/365/113 711/390/711 1633/392/1633 694/380/694
f 109/356/109 712/393/712 1634/394/1634 691/391/691
f 110/362/110 683/385/683 1634/394/1634 712/393/712
f 106/366/106 691/391/691 1634/394/1634 683/385/683
f 109/356/109 713/38/713 1635/395/1635 712/393/712
f 108/290/108 714/65/714 1635/395/1635 713/38/713
f 110/362/110 712/393/712 1635/395/1635 714/65/714
f 108/290/108 690/396/690 1636/67/1636 714/65/714
f 104/40/104 692/360/692 1636/67/1636 690/396/690
f 110/362/110 714/65/714 1636/67/1636 692/360/692
f 119/1/119 738/2/738 1637/3/1637 715/4/715
f 130/5/130 799/397/799 1637/3/1637 738/2/738
f 129/7/129 715/4/715 1637/3/1637 799/397/799
f 120/8/120 716/9/716 1638/10/1638 718/398/718
f 130/12/130 796/13/796 1638/10/1638 716/9/716
f 132/14/132 718/398/718 1638/10/1638 796/13/796
f 119/15/119 715/16/715 1639/17/1639 720/18/720
f 129/19/129 793/176/793 1639/17/1639 715/16/715
f 134/21/134 720/18/720 1639/17/1639 793/176/793
f 119/22/119 720/23/720 1640/177/1640 722/25/722
f 134/178/134 790/179/790 1640/177/1640 720/23/720
f 136/180/136 722/25/722 1640/177/1640 790/179/790
f 119/29/119 722/30/722 1641/31/1641 741/32/741
f 136/33/136 787/399/787 1641/31/1641 722/30/722
f 133/35/133 741/32/741 1641/31/1641 787/399/787
f 120/8/120 718/398/718 1642/36/1642 725/99/725
f 132/14/132 784/400/784 1642/36/1642 718/398/718
f 139/39/139 725/99/725 1642/36/1642 784/400/784
f 121/92/121 717/181/717 1643/94/1643 726/401/726
f 131/59/131 782/402/782 1643/94/1643 717/181/717
f 141/342/141 726/401/726 1643/94/1643 782/402/782
f 122/184/122 721/185/721 1644/186/1644 727/187/727
f 135/188/135 780/189/780 1644/186/1644 721/185/721
f 142/190/142 727/187/727 1644/186/1644 780/189/780
f 123/191/123 723/192/723 1645/193/1645 729/194/729
f 137/195/137 777/196/777 1645/193/1645 723/192/723
f 144/197/144 729/194/729 1645/193/1645 777/196/777
f 124/40/124 724/403/724 1646/404/1646 731/405/731
f 138/406/138 774/407/774 1646/404/1646 724/403/724
f 146/408/146 731/405/731 1646/404/1646 774/407/774
f 121/92/121 726/401/726 1647/409/1647 749/104/749
f 141/342/141 772/410/772 1647/409/1647 726/401/726
f 143/411/143 749/104/749 1647/409/1647 772/410/772
f 122/184/122 727/187/727 1648/198/1648 751/199/751
f 142/190/142 770/200/770 1648/198/1648 727/187/727
f 145/201/145 751/199/751 1648/198/1648 770/200/770
f 123/191/123 729/194/729 1649/412/1649 753/413/753
f 144/197/144 767/204/767 1649/412/1649 729/194/729
f 147/414/147 753/413/753 1649/412/1649 767/204/767
f 124/40/124 731/405/731 1650/415/1650 747/360/747
f 146/408/146 764/361/764 1650/415/1650 731/405/731
f 140/54/140 747/360/747 1650/415/1650 764/361/764
f 127/416/127 734/417/734 1651/418/1651 736/419/736
f 149/420/149 761/421/761 1651/418/1651 734/417/734
f 152/422/152 736/419/736 1651/418/1651 761/421/761
f 150/370/150 756/423/756 1652/424/1652 759/425/759
f 127/416/127 736/426/736 1652/424/1652 756/423/756
f 152/427/152 759/425/759 1652/424/1652 736/426/736
f 152/422/152 760/428/760 1653/429/1653 758/430/758
f 151/431/151 757/432/757 1653/429/1653 760/428/760
f 128/433/128 758/430/758 1653/429/1653 757/432/757
f 152/422/152 761/421/761 1654/434/1654 760/428/760
f 149/420/149 762/435/762 1654/434/1654 761/421/761
f 151/431/151 760/428/760 1654/434/1654 762/435/762
f 149/420/149 755/310/755 1655/436/1655 762/435/762
f 126/211/126 735/222/735 1655/436/1655 755/310/755
f 151/431/151 762/435/762 1655/436/1655 735/222/735
f 140/54/140 764/361/764 1656/437/1656 763/438/763
f 146/408/146 765/439/765 1656/437/1656 764/361/764
f 150/370/150 763/438/763 1656/437/1656 765/439/765
f 146/408/146 752/440/752 1657/441/1657 765/439/765
f 127/416/127 756/423/756 1657/441/1657 752/440/752
f 150/370/150 765/439/765 1657/441/1657 756/423/756
f 147/414/147 766/442/766 1658/443/1658 732/444/732
f 149/420/149 734/417/734 1658/443/1658 766/442/766
f 127/416/127 732/444/732 1658/443/1658 734/417/734
f 147/414/147 767/204/767 1659/445/1659 766/442/766
f 144/197/144 768/446/768 1659/445/1659 767/204/767
f 149/420/149 766/442/766 1659/445/1659 768/446/768
f 144/197/144 750/233/750 1660/447/1660 768/446/768
f 126/211/126 755/310/755 1660/447/1660 750/233/750
f 149/420/149 768/446/768 1660/447/1660 755/310/755
f 145/201/145 769/235/769 1661/448/1661 730/237/730
f 148/121/148 733/449/733 1661/448/1661 769/235/769
f 126/211/126 730/237/730 1661/448/1661 733/449/733
f 145/201/145 770/200/770 1662/450/1662 769/235/769
f 142/190/142 771/451/771 1662/450/1662 770/200/770
f 148/121/148 769/235/769 1662/450/1662 771/451/771
f 142/190/142 748/240/748 1663/137/1663 771/451/771
f 125/125/125 754/452/754 1663/137/1663 748/240/748
f 148/121/148 771/451/771 1663/137/1663 754/452/754
f 146/408/146 773/453/773 1664/454/1664 752/440/752
f 147/414/147 732/444/732 1664/454/1664 773/453/773
f 127/416/127 752/440/752 1664/454/1664 732/444/732
f 146/408/146 774/407/774 1665/455/1665 773/453/773
f 138/406/138 775/456/775 1665/455/1665 774/407/774
f 147/414/147 773/453/773 1665/455/1665 775/456/775
f 138/406/138 746/247/746 1666/457/1666 775/456/775
f 123/191/123 753/413/753 1666/457/1666 746/247/746
f 147/414/147 775/456/775 1666/457/1666 753/413/753
f 144/197/144 776/250/776 1667/251/1667 750/233/750
f 145/201/145 730/237/730 1667/251/1667 776/250/776
f 126/211/126 750/233/750 1667/251/1667 730/237/730
f 144/197/144 777/196/777 1668/252/1668 776/250/776
f 137/195/137 778/253/778 1668/252/1668 777/196/777
f 145/201/145 776/250/776 1668/252/1668 778/253/778
f 137/195/137 745/254/745 1669/255/1669 778/253/778
f 122/184/122 751/199/751 1669/255/1669 745/254/745
f 145/201/145 778/253/778 1669/255/1669 751/199/751
f 142/190/142 779/256/779 1670/257/1670 748/240/748
f 143/151/143 728/152/728 1670/257/1670 779/256/779
f 125/125/125 748/240/748 1670/257/1670 728/152/728
f 142/190/142 780/189/780 1671/258/1671 779/256/779
f 135/188/135 781/156/781 1671/258/1671 780/189/780
f 143/151/143 779/256/779 1671/258/1671 781/156/781
f 135/188/135 743/259/743 1672/260/1672 781/156/781
f 121/159/121 749/160/749 1672/260/1672 743/259/743
f 143/151/143 781/156/781 1672/260/1672 749/160/749
f 139/39/139 784/400/784 1673/63/1673 783/64/783
f 132/14/132 785/65/785 1673/63/1673 784/400/784
f 140/54/140 783/64/783 1673/63/1673 785/65/785
f 132/14/132 740/66/740 1674/67/1674 785/65/785
f 124/40/124 747/360/747 1674/67/1674 740/66/740
f 140/54/140 785/65/785 1674/67/1674 747/360/747
f 133/35/133 786/68/786 1675/458/1675 719/70/719
f 138/406/138 724/403/724 1675/458/1675 786/68/786
f 124/40/124 719/70/719 1675/458/1675 724/403/724
f 133/35/133 787/399/787 1676/459/1676 786/68/786
f 136/33/136 788/460/788 1676/459/1676 787/399/787
f 138/406/138 786/68/786 1676/459/1676 788/460/788
f 136/33/136 744/266/744 1677/461/1677 788/460/788
f 123/191/123 746/247/746 1677/461/1677 744/266/744
f 138/406/138 788/460/788 1677/461/1677 746/247/746
f 136/180/136 789/268/789 1678/269/1678 744/270/744
f 137/195/137 723/192/723 1678/269/1678 789/268/789
f 123/191/123 744/270/744 1678/269/1678 723/192/723
f 136/180/136 790/179/790 1679/271/1679 789/268/789
f 134/178/134 791/272/791 1679/271/1679 790/179/790
f 137/195/137 789/268/789 1679/271/1679 791/272/791
f 134/178/134 742/273/742 1680/274/1680 791/272/791
f 122/184/122 745/254/745 1680/274/1680 742/273/742
f 137/195/137 791/272/791 1680/274/1680 745/254/745
f 134/21/134 792/275/792 1681/276/1681 742/277/742
f 135/188/135 721/185/721 1681/276/1681 792/275/792
f 122/184/122 742/277/742 1681/276/1681 721/185/721
f 134/21/134 793/176/793 1682/278/1682 792/275/792
f 129/19/129 794/279/794 1682/278/1682 793/176/793
f 135/188/135 792/275/792 1682/278/1682 794/279/794
f 129/19/129 737/168/737 1683/169/1683 794/279/794
f 121/159/121 743/259/743 1683/169/1683 737/168/737
f 135/188/135 794/279/794 1683/169/1683 743/259/743
f 132/14/132 795/77/795 1684/78/1684 740/66/740
f 133/79/133 719/80/719 1684/78/1684 795/77/795
f 124/40/124 740/66/740 1684/78/1684 719/80/719
f 132/14/132 796/13/796 1685/81/1685 795/77/795
f 130/12/130 797/82/797 1685/81/1685 796/13/796
f 133/79/133 795/77/795 1685/81/1685 797/82/797
f 130/12/130 738/83/738 1686/84/1686 797/82/797
f 119/85/119 741/86/741 1686/84/1686 738/83/738
f 133/79/133 797/82/797 1686/84/1686 741/86/741
f 129/7/129 798/170/798 1687/284/1687 737/172/737
f 131/59/131 717/181/717 1687/284/1687 798/170/798
f 121/92/121 737/172/737 1687/284/1687 717/181/717
f 129/7/129 799/397/799 1688/462/1688 798/170/798
f 130/5/130 800/463/800 1688/462/1688 799/397/799
f 131/59/131 798/170/798 1688/462/1688 800/463/800
f 130/5/130 716/90/716 1689/464/1689 800/463/800
f 120/8/120 739/348/739 1689/464/1689 716/90/716
f 131/59/131 800/463/800 1689/464/1689 739/348/739
f 153/1/153 810/2/810 1690/3/1690 801/4/801
f 157/5/157 833/397/833 1690/3/1690 810/2/810
f 156/7/156 801/4/801 1690/3/1690 833/397/833
f 154/8/154 802/9/802 1691/287/1691 804/11/804
f 157/12/157 830/465/830 1691/287/1691 802/9/802
f 159/290/159 804/11/804 1691/287/1691 830/465/830
f 153/15/153 801/16/801 1692/17/1692 805/18/805
f 156/19/156 827/20/827 1692/17/1692 801/16/801
f 161/21/161 805/18/805 1692/17/1692 827/20/827
f 153/22/153 805/23/805 1693/177/1693 806/25/806
f 161/178/161 824/466/824 1693/177/1693 805/23/805
f 163/180/163 806/25/806 1693/177/1693 824/466/824
f 153/29/153 806/30/806 1694/467/1694 812/32/812
f 163/468/163 822/469/822 1694/467/1694 806/30/806
f 160/470/160 812/32/812 1694/467/1694 822/469/822
f 154/8/154 804/11/804 1695/36/1695 807/37/807
f 159/290/159 820/471/820 1695/36/1695 804/11/804
f 165/39/165 807/37/807 1695/36/1695 820/471/820
f 155/92/155 803/93/803 1696/94/1696 808/341/808
f 158/96/158 817/97/817 1696/94/1696 803/93/803
f 167/342/167 808/341/808 1696/94/1696 817/97/817
f 154/8/154 807/37/807 1697/472/1697 814/48/814
f 165/39/165 815/101/815 1697/472/1697 807/37/807
f 168/50/168 814/48/814 1697/472/1697 815/101/815
f 167/342/167 817/97/817 1698/473/1698 816/474/816
f 158/96/158 818/164/818 1698/473/1698 817/97/817
f 168/50/168 816/474/816 1698/473/1698 818/164/818
f 158/96/158 811/165/811 1699/166/1699 818/164/818
f 154/8/154 814/48/814 1699/166/1699 811/165/811
f 168/50/168 818/164/818 1699/166/1699 814/48/814
f 165/39/165 820/471/820 1700/475/1700 819/64/819
f 159/290/159 821/476/821 1700/475/1700 820/471/820
f 166/477/166 819/64/819 1700/475/1700 821/476/821
f 163/180/163 824/466/824 1701/478/1701 823/479/823
f 161/178/161 825/480/825 1701/478/1701 824/466/824
f 164/481/164 823/479/823 1701/478/1701 825/480/825
f 161/21/161 827/20/827 1702/482/1702 826/74/826
f 156/19/156 828/483/828 1702/482/1702 827/20/827
f 162/155/162 826/74/826 1702/482/1702 828/483/828
f 156/19/156 809/168/809 1703/484/1703 828/483/828
f 155/351/155 813/352/813 1703/484/1703 809/168/809
f 162/155/162 828/483/828 1703/484/1703 813/352/813
f 159/290/159 830/465/830 1704/485/1704 829/486/829
f 157/12/157 831/82/831 1704/485/1704 830/465/830
f 160/79/160 829/486/829 1704/485/1704 831/82/831
f 157/12/157 810/83/810 1705/84/1705 831/82/831
f 153/85/153 812/86/812 1705/84/1705 810/83/810
f 160/79/160 831/82/831 1705/84/1705 812/86/812
f 156/7/156 832/170/832 1706/171/1706 809/172/809
f 158/96/158 803/93/803 1706/171/1706 832/170/832
f 155/92/155 809/172/809 1706/171/1706 803/93/803
f 156/7/156 833/397/833 1707/174/1707 832/170/832
f 157/5/157 834/487/834 1707/174/1707 833/397/833
f 158/96/158 832/170/832 1707/174/1707 834/487/834
f 157/5/157 802/90/802 1708/175/1708 834/487/834
f 154/8/154 811/165/811 1708/175/1708 802/90/802
f 158/96/158 834/487/834 1708/175/1708 811/165/811
f 169/15/169 835/16/835 1709/17/1709 837/18/837
f 176/19/176 898/20/898 1709/17/1709 835/16/835
f 178/21/178 837/18/837 1709/17/1709 898/20/898
f 169/22/169 837/23/837 1710/177/1710 839/25/839
f 178/178/178 895/179/895 1710/177/1710 837/23/837
f 180/180/180 839/25/839 1710/177/1710 895/179/895
f 169/29/169 839/30/839 1711/31/1711 851/32/851
f 180/33/180 892/399/892 1711/31/1711 839/30/839
f 177/35/177 851/32/851 1711/31/1711 892/399/892
f 171/191/171 840/192/840 1712/193/1712 842/194/842
f 181/195/181 889/196/889 1712/193/1712 840/192/840
f 184/197/184 842/194/842 1712/193/1712 889/196/889
f 172/40/172 841/403/841 1713/404/1713 844/405/844
f 182/406/182 886/407/886 1713/404/1713 841/403/841
f 186/408/186 844/405/844 1713/404/1713 886/407/886
f 171/191/171 842/194/842 1714/412/1714 860/413/860
f 184/197/184 882/204/882 1714/412/1714 842/194/842
f 187/414/187 860/413/860 1714/412/1714 882/204/882
f 172/40/172 844/405/844 1715/488/1715 856/52/856
f 186/408/186 879/361/879 1715/488/1715 844/405/844
f 183/54/183 856/52/856 1715/488/1715 879/361/879
f 173/211/173 846/489/846 1716/490/1716 849/214/849
f 188/121/188 874/491/874 1716/490/1716 846/489/846
f 194/217/194 849/214/849 1716/490/1716 874/491/874
f 174/416/174 847/417/847 1717/418/1717 850/419/850
f 189/420/189 871/421/871 1717/418/1717 847/417/847
f 195/422/195 850/419/850 1717/418/1717 871/421/871
f 192/492/192 867/493/867 1718/494/1718 848/495/848
f 195/496/195 866/497/866 1718/494/1718 867/493/867
f 175/498/175 848/495/848 1718/494/1718 866/497/866
f 192/492/192 868/499/868 1719/500/1719 867/493/867
f 190/370/190 869/501/869 1719/500/1719 868/499/868
f 195/496/195 867/493/867 1719/500/1719 869/501/869
f 190/370/190 862/502/862 1720/503/1720 869/501/869
f 174/416/174 850/426/850 1720/503/1720 862/502/862
f 195/496/195 869/501/869 1720/503/1720 850/426/850
f 195/422/195 870/428/870 1721/429/1721 866/430/866
f 194/431/194 865/432/865 1721/429/1721 870/428/870
f 175/433/175 866/430/866 1721/429/1721 865/432/865
f 195/422/195 871/421/871 1722/434/1722 870/428/870
f 189/420/189 872/435/872 1722/434/1722 871/421/871
f 194/431/194 870/428/870 1722/434/1722 872/435/872
f 189/420/189 861/310/861 1723/436/1723 872/435/872
f 173/211/173 849/222/849 1723/436/1723 861/310/861
f 194/431/194 872/435/872 1723/436/1723 849/222/849
f 194/217/194 873/225/873 1724/312/1724 865/313/865
f 193/227/193 864/314/864 1724/312/1724 873/225/873
f 175/315/175 865/313/865 1724/312/1724 864/314/864
f 194/217/194 874/491/874 1725/224/1725 873/225/873
f 188/121/188 875/124/875 1725/224/1725 874/491/874
f 193/227/193 873/225/873 1725/224/1725 875/124/875
f 193/210/193 876/129/876 1726/504/1726 864/319/864
f 191/505/191 863/320/863 1726/504/1726 876/129/876
f 175/321/175 864/319/864 1726/504/1726 863/320/863
f 191/113/191 877/323/877 1727/324/1727 863/325/863
f 192/506/192 848/327/848 1727/324/1727 877/323/877
f 175/328/175 863/325/863 1727/324/1727 848/327/848
f 183/54/183 879/361/879 1728/437/1728 878/438/878
f 186/408/186 880/439/880 1728/437/1728 879/361/879
f 190/370/190 878/438/878 1728/437/1728 880/439/880
f 186/408/186 859/440/859 1729/441/1729 880/439/880
f 174/416/174 862/502/862 1729/441/1729 859/440/859
f 190/370/190 880/439/880 1729/441/1729 862/502/862
f 187/414/187 881/442/881 1730/443/1730 845/444/845
f 189/420/189 847/417/847 1730/443/1730 881/442/881
f 174/416/174 845/444/845 1730/443/1730 847/417/847
f 187/414/187 882/204/882 1731/445/1731 881/442/881
f 184/197/184 883/446/883 1731/445/1731 882/204/882
f 189/420/189 881/442/881 1731/445/1731 883/446/883
f 184/197/184 857/233/857 1732/447/1732 883/446/883
f 173/211/173 861/310/861 1732/447/1732 857/233/857
f 189/420/189 883/446/883 1732/447/1732 861/310/861
f 185/507/185 884/235/884 1733/508/1733 843/509/843
f 188/121/188 846/489/846 1733/508/1733 884/235/884
f 173/211/173 843/509/843 1733/508/1733 846/489/846
f 186/408/186 885/453/885 1734/454/1734 859/440/859
f 187/414/187 845/444/845 1734/454/1734 885/453/885
f 174/416/174 859/440/859 1734/454/1734 845/444/845
f 186/408/186 886/407/886 1735/455/1735 885/453/885
f 182/406/182 887/456/887 1735/455/1735 886/407/886
f 187/414/187 885/453/885 1735/455/1735 887/456/887
f 182/406/182 855/247/855 1736/457/1736 887/456/887
f 171/191/171 860/413/860 1736/457/1736 855/247/855
f 187/414/187 887/456/887 1736/457/1736 860/413/860
f 184/197/184 888/510/888 1737/251/1737 857/233/857
f 185/507/185 843/509/843 1737/251/1737 888/510/888
f 173/211/173 857/233/857 1737/251/1737 843/509/843
f 184/197/184 889/196/889 1738/511/1738 888/510/888
f 181/195/181 890/512/890 1738/511/1738 889/196/889
f 185/507/185 888/510/888 1738/511/1738 890/512/890
f 181/195/181 854/254/854 1739/255/1739 890/512/890
f 170/184/170 858/199/858 1739/255/1739 854/254/854
f 185/507/185 890/512/890 1739/255/1739 858/199/858
f 177/35/177 891/68/891 1740/458/1740 836/70/836
f 182/406/182 841/403/841 1740/458/1740 891/68/891
f 172/40/172 836/70/836 1740/458/1740 841/403/841
f 177/35/177 892/399/892 1741/459/1741 891/68/891
f 180/33/180 893/460/893 1741/459/1741 892/399/892
f 182/406/182 891/68/891 1741/459/1741 893/460/893
f 180/33/180 853/266/853 1742/461/1742 893/460/893
f 171/191/171 855/247/855 1742/461/1742 853/266/853
f 182/406/182 893/460/893 1742/461/1742 855/247/855
f 180/180/180 894/268/894 1743/269/1743 853/270/853
f 181/195/181 840/192/840 1743/269/1743 894/268/894
f 171/191/171 853/270/853 1743/269/1743 840/192/840
f 180/180/180 895/179/895 1744/271/1744 894/268/894
f 178/178/178 896/272/896 1744/271/1744 895/179/895
f 181/195/181 894/268/894 1744/271/1744 896/272/896
f 178/178/178 852/273/852 1745/274/1745 896/272/896
f 170/184/170 854/254/854 1745/274/1745 852/273/852
f 181/195/181 896/272/896 1745/274/1745 854/254/854
f 178/21/178 897/513/897 1746/514/1746 852/277/852
f 179/155/179 838/293/838 1746/514/1746 897/513/897
f 170/184/170 852/277/852 1746/514/1746 838/293/838
f 178/21/178 898/20/898 1747/515/1747 897/513/897
f 176/19/176 899/75/899 1747/515/1747 898/20/898
f 179/155/179 897/513/897 1747/515/1747 899/75/899
f 196/15/196 900/16/900 1748/17/1748 902/18/902
f 205/19/205 975/176/975 1748/17/1748 900/16/900
f 207/21/207 902/18/902 1748/17/1748 975/176/975
f 196/22/196 902/23/902 1749/177/1749 904/25/904
f 207/178/207 972/179/972 1749/177/1749 902/23/902
f 209/180/209 904/25/904 1749/177/1749 972/179/972
f 196/29/196 904/30/904 1750/31/1750 921/32/921
f 209/33/209 969/399/969 1750/31/1750 904/30/904
f 206/35/206 921/32/921 1750/31/1750 969/399/969
f 198/184/198 903/185/903 1751/186/1751 908/187/908
f 208/188/208 966/189/966 1751/186/1751 903/185/903
f 214/190/214 908/187/908 1751/186/1751 966/189/966
f 199/191/199 905/192/905 1752/193/1752 910/194/910
f 210/195/210 963/196/963 1752/193/1752 905/192/905
f 216/197/216 910/194/910 1752/193/1752 963/196/963
f 200/40/200 906/403/906 1753/404/1753 912/405/912
f 211/406/211 960/407/960 1753/404/1753 906/403/906
f 218/408/218 912/405/912 1753/404/1753 960/407/960
f 197/516/197 907/341/907 1754/517/1754 929/104/929
f 213/518/213 958/410/958 1754/517/1754 907/341/907
f 215/411/215 929/104/929 1754/517/1754 958/410/958
f 198/184/198 908/187/908 1755/198/1755 931/199/931
f 214/190/214 956/200/956 1755/198/1755 908/187/908
f 217/201/217 931/199/931 1755/198/1755 956/200/956
f 199/191/199 910/194/910 1756/412/1756 933/413/933
f 216/197/216 953/204/953 1756/412/1756 910/194/910
f 219/414/219 933/413/933 1756/412/1756 953/204/953
f 200/40/200 912/405/912 1757/488/1757 927/52/927
f 218/408/218 950/361/950 1757/488/1757 912/405/912
f 212/54/212 927/52/927 1757/488/1757 950/361/950
f 202/211/202 914/212/914 1758/213/1758 918/214/918
f 220/215/220 947/309/947 1758/213/1758 914/212/914
f 225/217/225 918/214/918 1758/213/1758 947/309/947
f 203/416/203 915/417/915 1759/418/1759 919/419/919
f 221/420/221 944/421/944 1759/418/1759 915/417/915
f 226/422/226 919/419/919 1759/418/1759 944/421/944
f 223/492/223 940/493/940 1760/494/1760 916/495/916
f 226/496/226 939/497/939 1760/494/1760 940/493/940
f 204/498/204 916/495/916 1760/494/1760 939/497/939
f 223/492/223 941/499/941 1761/500/1761 940/493/940
f 222/370/222 942/501/942 1761/500/1761 941/499/941
f 226/496/226 940/493/940 1761/500/1761 942/501/942
f 222/370/222 936/502/936 1762/503/1762 942/501/942
f 203/416/203 919/426/919 1762/503/1762 936/502/936
f 226/496/226 942/501/942 1762/503/1762 919/426/919
f 226/422/226 943/428/943 1763/429/1763 939/430/939
f 225/431/225 938/432/938 1763/429/1763 943/428/943
f 204/433/204 939/430/939 1763/429/1763 938/432/938
f 226/422/226 944/421/944 1764/434/1764 943/428/943
f 221/420/221 945/435/945 1764/434/1764 944/421/944
f 225/431/225 943/428/943 1764/434/1764 945/435/945
f 221/420/221 935/310/935 1765/436/1765 945/435/945
f 202/211/202 918/222/918 1765/436/1765 935/310/935
f 225/431/225 945/435/945 1765/436/1765 918/222/918
f 225/217/225 946/311/946 1766/312/1766 938/313/938
f 224/227/224 937/314/937 1766/312/1766 946/311/946
f 204/315/204 938/313/938 1766/312/1766 937/314/937
f 225/217/225 947/309/947 1767/316/1767 946/311/946
f 220/215/220 948/226/948 1767/316/1767 947/309/947
f 224/227/224 946/311/946 1767/316/1767 948/226/948
f 220/215/220 934/228/934 1768/229/1768 948/226/948
f 201/125/201 917/126/917 1768/229/1768 934/228/934
f 224/227/224 948/226/948 1768/229/1768 917/126/917
f 212/54/212 950/361/950 1769/437/1769 949/438/949
f 218/408/218 951/439/951 1769/437/1769 950/361/950
f 222/370/222 949/438/949 1769/437/1769 951/439/951
f 218/408/218 932/440/932 1770/441/1770 951/439/951
f 203/416/203 936/502/936 1770/441/1770 932/440/932
f 222/370/222 951/439/951 1770/441/1770 936/502/936
f 219/414/219 952/442/952 1771/443/1771 913/444/913
f 221/420/221 915/417/915 1771/443/1771 952/442/952
f 203/416/203 913/444/913 1771/443/1771 915/417/915
f 219/414/219 953/204/953 1772/445/1772 952/442/952
f 216/197/216 954/446/954 1772/445/1772 953/204/953
f 221/420/221 952/442/952 1772/445/1772 954/446/954
f 216/197/216 930/233/930 1773/447/1773 954/446/954
f 202/211/202 935/310/935 1773/447/1773 930/233/930
f 221/420/221 954/446/954 1773/447/1773 935/310/935
f 217/201/217 955/235/955 1774/236/1774 911/237/911
f 220/215/220 914/212/914 1774/236/1774 955/235/955
f 202/211/202 911/237/911 1774/236/1774 914/212/914
f 217/201/217 956/200/956 1775/238/1775 955/235/955
f 214/190/214 957/239/957 1775/238/1775 956/200/956
f 220/215/220 955/235/955 1775/238/1775 957/239/957
f 214/190/214 928/240/928 1776/241/1776 957/239/957
f 201/125/201 934/228/934 1776/241/1776 928/240/928
f 220/215/220 957/239/957 1776/241/1776 934/228/934
f 218/408/218 959/453/959 1777/454/1777 932/440/932
f 219/414/219 913/444/913 1777/454/1777 959/453/959
f 203/416/203 932/440/932 1777/454/1777 913/444/913
f 218/408/218 960/407/960 1778/455/1778 959/453/959
f 211/406/211 961/456/961 1778/455/1778 960/407/960
f 219/414/219 959/453/959 1778/455/1778 961/456/961
f 211/406/211 926/247/926 1779/457/1779 961/456/961
f 199/191/199 933/413/933 1779/457/1779 926/247/926
f 219/414/219 961/456/961 1779/457/1779 933/413/933
f 216/197/216 962/250/962 1780/251/1780 930/233/930
f 217/201/217 911/237/911 1780/251/1780 962/250/962
f 202/211/202 930/233/930 1780/251/1780 911/237/911
f 216/197/216 963/196/963 1781/252/1781 962/250/962
f 210/195/210 964/253/964 1781/252/1781 963/196/963
f 217/201/217 962/250/962 1781/252/1781 964/253/964
f 210/195/210 925/254/925 1782/255/1782 964/253/964
f 198/184/198 931/199/931 1782/255/1782 925/254/925
f 217/201/217 964/253/964 1782/255/1782 931/199/931
f 214/190/214 965/256/965 1783/257/1783 928/240/928
f 215/151/215 909/152/909 1783/257/1783 965/256/965
f 201/125/201 928/240/928 1783/257/1783 909/152/909
f 214/190/214 966/189/966 1784/258/1784 965/256/965
f 208/188/208 967/156/967 1784/258/1784 966/189/966
f 215/151/215 965/256/965 1784/258/1784 967/156/967
f 208/188/208 923/259/923 1785/260/1785 967/156/967
f 197/159/197 929/160/929 1785/260/1785 923/259/923
f 215/151/215 967/156/967 1785/260/1785 929/160/929
f 206/35/206 968/68/968 1786/458/1786 901/70/901
f 211/406/211 906/403/906 1786/458/1786 968/68/968
f 200/40/200 901/70/901 1786/458/1786 906/403/906
f 206/35/206 969/399/969 1787/459/1787 968/68/968
f 209/33/209 970/460/970 1787/459/1787 969/399/969
f 211/406/211 968/68/968 1787/459/1787 970/460/970
f 209/33/209 924/266/924 1788/461/1788 970/460/970
f 199/191/199 926/247/926 1788/461/1788 924/266/924
f 211/406/211 970/460/970 1788/461/1788 926/247/926
f 209/180/209 971/268/971 1789/269/1789 924/270/924
f 210/195/210 905/192/905 1789/269/1789 971/268/971
f 199/191/199 924/270/924 1789/269/1789 905/192/905
f 209/180/209 972/179/972 1790/271/1790 971/268/971
f 207/178/207 973/272/973 1790/271/1790 972/179/972
f 210/195/210 971/268/971 1790/271/1790 973/272/973
f 207/178/207 922/273/922 1791/274/1791 973/272/973
f 198/184/198 925/254/925 1791/274/1791 922/273/922
f 210/195/210 973/272/973 1791/274/1791 925/254/925
f 207/21/207 974/275/974 1792/276/1792 922/277/922
f 208/188/208 903/185/903 1792/276/1792 974/275/974
f 198/184/198 922/277/922 1792/276/1792 903/185/903
f 207/21/207 975/176/975 1793/278/1793 974/275/974
f 205/19/205 976/279/976 1793/278/1793 975/176/975
f 208/188/208 974/275/974 1793/278/1793 976/279/976
f 205/19/205 920/168/920 1794/169/1794 976/279/976
f 197/159/197 923/259/923 1794/169/1794 920/168/920
f 208/188/208 976/279/976 1794/169/1794 923/259/923
f 227/1/227 997/2/997 1795/519/1795 977/4/977
f 237/520/237 1054/521/1054 1795/519/1795 997/2/997
f 236/353/236 977/4/977 1795/519/1795 1054/521/1054
f 228/8/228 978/9/978 1796/10/1796 979/11/979
f 237/12/237 1052/13/1052 1796/10/1796 978/9/978
f 239/14/239 979/11/979 1796/10/1796 1052/13/1052
f 227/15/227 977/16/977 1797/522/1797 981/18/981
f 236/167/236 1050/523/1050 1797/522/1797 977/16/977
f 241/524/241 981/18/981 1797/522/1797 1050/523/1050
f 227/22/227 981/23/981 1798/24/1798 982/25/982
f 241/26/241 1049/27/1049 1798/24/1798 981/23/981
f 242/28/242 982/25/982 1798/24/1798 1049/27/1049
f 227/29/227 982/30/982 1799/31/1799 1000/32/1000
f 242/33/242 1047/399/1047 1799/31/1799 982/30/982
f 240/35/240 1000/32/1000 1799/31/1799 1047/399/1047
f 228/8/228 979/11/979 1800/36/1800 984/355/984
f 239/14/239 1044/400/1044 1800/36/1800 979/11/979
f 244/356/244 984/355/984 1800/36/1800 1044/400/1044
f 230/40/230 983/403/983 1801/404/1801 987/405/987
f 243/406/243 1040/407/1040 1801/404/1801 983/403/983
f 247/408/247 987/405/987 1801/404/1801 1040/407/1040
f 228/8/228 984/355/984 1802/303/1802 1005/48/1005
f 244/356/244 1037/101/1037 1802/303/1802 984/355/984
f 246/50/246 1005/48/1005 1802/303/1802 1037/101/1037
f 230/40/230 987/405/987 1803/525/1803 1004/526/1004
f 247/408/247 1033/53/1033 1803/525/1803 987/405/987
f 245/362/245 1004/526/1004 1803/525/1803 1033/53/1033
f 231/107/231 989/363/989 1804/364/1804 993/110/993
f 249/365/249 1030/112/1030 1804/364/1804 989/363/989
f 254/308/254 993/110/993 1804/364/1804 1030/112/1030
f 232/527/232 990/449/990 1805/528/1805 995/214/995
f 251/121/251 1024/309/1024 1805/528/1805 990/449/990
f 257/217/257 995/214/995 1805/528/1805 1024/309/1024
f 233/416/233 991/529/991 1806/530/1806 996/419/996
f 252/218/252 1021/531/1021 1806/530/1806 991/529/991
f 258/422/258 996/419/996 1806/530/1806 1021/531/1021
f 234/366/234 992/532/992 1807/533/1807 1013/369/1013
f 253/534/253 1018/535/1018 1807/533/1807 992/532/992
f 255/492/255 1013/369/1013 1807/533/1807 1018/535/1018
f 255/492/255 1017/493/1017 1808/494/1808 994/495/994
f 258/496/258 1016/497/1016 1808/494/1808 1017/493/1017
f 235/498/235 994/495/994 1808/494/1808 1016/497/1016
f 255/492/255 1018/535/1018 1809/536/1809 1017/493/1017
f 253/534/253 1019/537/1019 1809/536/1809 1018/535/1018
f 258/496/258 1017/493/1017 1809/536/1809 1019/537/1019
f 253/534/253 1011/502/1011 1810/538/1810 1019/537/1019
f 233/416/233 996/426/996 1810/538/1810 1011/502/1011
f 258/496/258 1019/537/1019 1810/538/1810 996/426/996
f 258/422/258 1020/428/1020 1811/429/1811 1016/430/1016
f 257/431/257 1015/432/1015 1811/429/1811 1020/428/1020
f 235/433/235 1016/430/1016 1811/429/1811 1015/432/1015
f 258/422/258 1021/531/1021 1812/539/1812 1020/428/1020
f 252/218/252 1022/540/1022 1812/539/1812 1021/531/1021
f 257/431/257 1020/428/1020 1812/539/1812 1022/540/1022
f 252/218/252 1010/541/1010 1813/542/1813 1022/540/1022
f 232/527/232 995/222/995 1813/542/1813 1010/541/1010
f 257/431/257 1022/540/1022 1813/542/1813 995/222/995
f 257/217/257 1023/225/1023 1814/312/1814 1015/313/1015
f 256/227/256 1014/314/1014 1814/312/1814 1023/225/1023
f 235/315/235 1015/313/1015 1814/312/1814 1014/314/1014
f 257/217/257 1024/309/1024 1815/224/1815 1023/225/1023
f 251/121/251 1025/124/1025 1815/224/1815 1024/309/1024
f 256/227/256 1023/225/1023 1815/224/1815 1025/124/1025
f 256/120/256 1026/373/1026 1816/318/1816 1014/319/1014
f 254/131/254 1012/320/1012 1816/318/1816 1026/373/1026
f 235/321/235 1014/319/1014 1816/318/1816 1012/320/1012
f 256/120/256 1027/119/1027 1817/374/1817 1026/373/1026
f 250/208/250 1028/375/1028 1817/374/1817 1027/119/1027
f 254/131/254 1026/373/1026 1817/374/1817 1028/375/1028
f 250/208/250 1009/246/1009 1818/376/1818 1028/375/1028
f 231/107/231 993/134/993 1818/376/1818 1009/246/1009
f 254/131/254 1028/375/1028 1818/376/1818 993/134/993
f 254/308/254 1029/377/1029 1819/324/1819 1012/325/1012
f 255/326/255 994/327/994 1819/324/1819 1029/377/1029
f 235/328/235 1012/325/1012 1819/324/1819 994/327/994
f 254/308/254 1030/112/1030 1820/378/1820 1029/377/1029
f 249/365/249 1031/379/1031 1820/378/1820 1030/112/1030
f 255/326/255 1029/377/1029 1820/378/1820 1031/379/1031
f 249/365/249 1008/380/1008 1821/381/1821 1031/379/1031
f 234/366/234 1013/382/1013 1821/381/1821 1008/380/1008
f 255/326/255 1031/379/1031 1821/381/1821 1013/382/1013
f 245/362/245 1032/438/1032 1822/543/1822 985/385/985
f 253/534/253 992/532/992 1822/543/1822 1032/438/1032
f 234/366/234 985/385/985 1822/543/1822 992/532/992
f 245/362/245 1033/53/1033 1823/544/1823 1032/438/1032
f 247/408/247 1034/545/1034 1823/544/1823 1033/53/1033
f 253/534/253 1032/438/1032 1823/544/1823 1034/545/1034
f 247/408/247 1006/440/1006 1824/546/1824 1034/545/1034
f 233/416/233 1011/502/1011 1824/546/1824 1006/440/1006
f 253/534/253 1034/545/1034 1824/546/1824 1011/502/1011
f 248/205/248 1035/231/1035 1825/547/1825 988/548/988
f 252/218/252 991/529/991 1825/547/1825 1035/231/1035
f 233/416/233 988/548/988 1825/547/1825 991/529/991
f 246/50/246 1036/56/1036 1826/388/1826 986/262/986
f 249/365/249 989/363/989 1826/388/1826 1036/56/1036
f 231/107/231 986/262/986 1826/388/1826 989/363/989
f 246/50/246 1037/101/1037 1827/389/1827 1036/56/1036
f 244/356/244 1038/390/1038 1827/389/1827 1037/101/1037
f 249/365/249 1036/56/1036 1827/389/1827 1038/390/1038
f 244/356/244 1003/391/1003 1828/392/1828 1038/390/1038
f 234/366/234 1008/380/1008 1828/392/1828 1003/391/1003
f 249/365/249 1038/390/1038 1828/392/1828 1008/380/1008
f 247/408/247 1039/549/1039 1829/550/1829 1006/440/1006
f 248/205/248 988/548/988 1829/550/1829 1039/549/1039
f 233/416/233 1006/440/1006 1829/550/1829 988/548/988
f 247/408/247 1040/407/1040 1830/551/1830 1039/549/1039
f 243/406/243 1041/456/1041 1830/551/1830 1040/407/1040
f 248/205/248 1039/549/1039 1830/551/1830 1041/456/1041
f 243/406/243 1002/247/1002 1831/457/1831 1041/456/1041
f 229/191/229 1007/203/1007 1831/457/1831 1002/247/1002
f 248/205/248 1041/456/1041 1831/457/1831 1007/203/1007
f 238/59/238 998/60/998 1832/61/1832 1042/62/1042
f 228/8/228 1005/48/1005 1832/61/1832 998/60/998
f 246/50/246 1042/62/1042 1832/61/1832 1005/48/1005
f 244/356/244 1043/393/1043 1833/394/1833 1003/391/1003
f 245/362/245 985/385/985 1833/394/1833 1043/393/1043
f 234/366/234 1003/391/1003 1833/394/1833 985/385/985
f 244/356/244 1044/400/1044 1834/552/1834 1043/393/1043
f 239/14/239 1045/65/1045 1834/552/1834 1044/400/1044
f 245/362/245 1043/393/1043 1834/552/1834 1045/65/1045
f 239/14/239 999/66/999 1835/553/1835 1045/65/1045
f 230/40/230 1004/526/1004 1835/553/1835 999/66/999
f 245/362/245 1045/65/1045 1835/553/1835 1004/526/1004
f 240/35/240 1046/68/1046 1836/458/1836 980/70/980
f 243/406/243 983/403/983 1836/458/1836 1046/68/1046
f 230/40/230 980/70/980 1836/458/1836 983/403/983
f 240/35/240 1047/399/1047 1837/459/1837 1046/68/1046
f 242/33/242 1048/460/1048 1837/459/1837 1047/399/1047
f 243/406/243 1046/68/1046 1837/459/1837 1048/460/1048
f 242/33/242 1001/266/1001 1838/461/1838 1048/460/1048
f 229/191/229 1002/247/1002 1838/461/1838 1001/266/1001
f 243/406/243 1048/460/1048 1838/461/1838 1002/247/1002
f 239/14/239 1051/77/1051 1839/78/1839 999/66/999
f 240/79/240 980/80/980 1839/78/1839 1051/77/1051
f 230/40/230 999/66/999 1839/78/1839 980/80/980
f 239/14/239 1052/13/1052 1840/81/1840 1051/77/1051
f 237/12/237 1053/82/1053 1840/81/1840 1052/13/1052
f 240/79/240 1051/77/1051 1840/81/1840 1053/82/1053
f 237/12/237 997/83/997 1841/84/1841 1053/82/1053
f 227/85/227 1000/86/1000 1841/84/1841 997/83/997
f 240/79/240 1053/82/1053 1841/84/1841 1000/86/1000
f 237/520/237 978/90/978 1842/554/1842 1055/286/1055
f 228/8/228 998/60/998 1842/554/1842 978/90/978
f 238/59/238 1055/286/1055 1842/554/1842 998/60/998
f 260/191/260 1056/555/1056 1843/193/1843 1059/194/1059
f 266/300/266 1109/556/1109 1843/193/1843 1056/555/1056
f 270/197/270 1059/194/1059 1843/193/1843 1109/556/1109
f 259/184/259 1058/557/1058 1844/558/1844 1072/559/1072
f 269/135/269 1103/200/1103 1844/558/1844 1058/557/1058
f 271/201/271 1072/559/1072 1844/558/1844 1103/200/1103
f 260/191/260 1059/194/1059 1845/412/1845 1074/413/1074
f 270/197/270 1100/204/1100 1845/412/1845 1059/194/1059
f 273/414/273 1074/413/1074 1845/412/1845 1100/204/1100
f 261/211/261 1062/560/1062 1846/490/1846 1066/214/1066
f 275/121/275 1090/491/1090 1846/490/1846 1062/560/1062
f 281/217/281 1066/214/1066 1846/490/1846 1090/491/1090
f 262/416/262 1063/417/1063 1847/418/1847 1067/419/1067
f 276/420/276 1087/421/1087 1847/418/1847 1063/417/1063
f 282/422/282 1067/419/1067 1847/418/1847 1087/421/1087
f 263/366/263 1064/532/1064 1848/533/1848 1079/369/1079
f 277/534/277 1084/535/1084 1848/533/1848 1064/532/1064
f 279/492/279 1079/369/1079 1848/533/1848 1084/535/1084
f 279/492/279 1083/493/1083 1849/494/1849 1065/495/1065
f 282/496/282 1082/497/1082 1849/494/1849 1083/493/1083
f 264/498/264 1065/495/1065 1849/494/1849 1082/497/1082
f 279/492/279 1084/535/1084 1850/536/1850 1083/493/1083
f 277/534/277 1085/537/1085 1850/536/1850 1084/535/1084
f 282/496/282 1083/493/1083 1850/536/1850 1085/537/1085
f 277/534/277 1077/502/1077 1851/538/1851 1085/537/1085
f 262/416/262 1067/426/1067 1851/538/1851 1077/502/1077
f 282/496/282 1085/537/1085 1851/538/1851 1067/426/1067
f 282/422/282 1086/428/1086 1852/429/1852 1082/430/1082
f 281/431/281 1081/432/1081 1852/429/1852 1086/428/1086
f 264/433/264 1082/430/1082 1852/429/1852 1081/432/1081
f 282/422/282 1087/421/1087 1853/434/1853 1086/428/1086
f 276/420/276 1088/435/1088 1853/434/1853 1087/421/1087
f 281/431/281 1086/428/1086 1853/434/1853 1088/435/1088
f 276/420/276 1076/310/1076 1854/436/1854 1088/435/1088
f 261/211/261 1066/222/1066 1854/436/1854 1076/310/1076
f 281/431/281 1088/435/1088 1854/436/1854 1066/222/1066
f 281/217/281 1089/225/1089 1855/312/1855 1081/313/1081
f 280/227/280 1080/314/1080 1855/312/1855 1089/225/1089
f 264/315/264 1081/313/1081 1855/312/1855 1080/314/1080
f 281/217/281 1090/491/1090 1856/224/1856 1089/225/1089
f 275/121/275 1091/124/1091 1856/224/1856 1090/491/1090
f 280/227/280 1089/225/1089 1856/224/1856 1091/124/1091
f 280/210/280 1092/129/1092 1857/504/1857 1080/319/1080
f 278/505/278 1078/320/1078 1857/504/1857 1092/129/1092
f 264/321/264 1080/319/1080 1857/504/1857 1078/320/1078
f 278/308/278 1093/377/1093 1858/324/1858 1078/325/1078
f 279/326/279 1065/327/1065 1858/324/1858 1093/377/1093
f 264/328/264 1078/325/1078 1858/324/1858 1065/327/1065
f 278/308/278 1094/307/1094 1859/378/1859 1093/377/1093
f 274/111/274 1095/561/1095 1859/378/1859 1094/307/1094
f 279/326/279 1093/377/1093 1859/378/1859 1095/561/1095
f 274/111/274 1075/562/1075 1860/563/1860 1095/561/1095
f 263/366/263 1079/382/1079 1860/563/1860 1075/562/1075
f 279/326/279 1095/561/1095 1860/563/1860 1079/382/1079
f 268/54/268 1096/438/1096 1861/564/1861 1057/565/1057
f 277/534/277 1064/532/1064 1861/564/1861 1096/438/1096
f 263/366/263 1057/565/1057 1861/564/1861 1064/532/1064
f 268/54/268 1097/53/1097 1862/386/1862 1096/438/1096
f 272/46/272 1098/566/1098 1862/386/1862 1097/53/1097
f 277/534/277 1096/438/1096 1862/386/1862 1098/566/1098
f 272/46/272 1073/567/1073 1863/441/1863 1098/566/1098
f 262/416/262 1077/502/1077 1863/441/1863 1073/567/1073
f 277/534/277 1098/566/1098 1863/441/1863 1077/502/1077
f 273/414/273 1099/442/1099 1864/443/1864 1061/444/1061
f 276/420/276 1063/417/1063 1864/443/1864 1099/442/1099
f 262/416/262 1061/444/1061 1864/443/1864 1063/417/1063
f 273/414/273 1100/204/1100 1865/445/1865 1099/442/1099
f 270/197/270 1101/446/1101 1865/445/1865 1100/204/1100
f 276/420/276 1099/442/1099 1865/445/1865 1101/446/1101
f 270/197/270 1071/233/1071 1866/447/1866 1101/446/1101
f 261/211/261 1076/310/1076 1866/447/1866 1071/233/1071
f 276/420/276 1101/446/1101 1866/447/1866 1076/310/1076
f 271/201/271 1102/568/1102 1867/569/1867 1060/237/1060
f 275/121/275 1062/560/1062 1867/569/1867 1102/568/1102
f 261/211/261 1060/237/1060 1867/569/1867 1062/560/1062
f 271/201/271 1103/200/1103 1868/450/1868 1102/568/1102
f 269/135/269 1104/138/1104 1868/450/1868 1103/200/1103
f 275/121/275 1102/568/1102 1868/450/1868 1104/138/1104
f 272/46/272 1105/570/1105 1869/571/1869 1073/567/1073
f 273/414/273 1061/444/1061 1869/571/1869 1105/570/1105
f 262/416/262 1073/567/1073 1869/571/1869 1061/444/1061
f 272/46/272 1106/45/1106 1870/572/1870 1105/570/1105
f 267/44/267 1107/456/1107 1870/572/1870 1106/45/1106
f 273/414/273 1105/570/1105 1870/572/1870 1107/456/1107
f 267/44/267 1070/573/1070 1871/248/1871 1107/456/1107
f 260/191/260 1074/413/1074 1871/248/1871 1070/573/1070
f 273/414/273 1107/456/1107 1871/248/1871 1074/413/1074
f 270/197/270 1108/250/1108 1872/251/1872 1071/233/1071
f 271/201/271 1060/237/1060 1872/251/1872 1108/250/1108
f 261/211/261 1071/233/1071 1872/251/1872 1060/237/1060
f 270/197/270 1109/556/1109 1873/252/1873 1108/250/1108
f 266/300/266 1110/253/1110 1873/252/1873 1109/556/1109
f 271/201/271 1108/250/1108 1873/252/1873 1110/253/1110
f 266/300/266 1069/337/1069 1874/338/1874 1110/253/1110
f 259/184/259 1072/559/1072 1874/338/1874 1069/337/1069
f 271/201/271 1110/253/1110 1874/338/1874 1072/559/1072
f 265/468/265 1068/266/1068 1875/461/1875 1111/72/1111
f 260/191/260 1070/573/1070 1875/461/1875 1068/266/1068
f 267/44/267 1111/72/1111 1875/461/1875 1070/573/1070
f 265/28/265 1112/479/1112 1876/574/1876 1068/270/1068
f 266/300/266 1056/555/1056 1876/574/1876 1112/479/1112
f 260/191/260 1068/270/1068 1876/574/1876 1056/555/1056
f 283/92/283 1113/575/1113 1877/182/1877 1114/95/1114
f 288/59/288 1157/183/1157 1877/182/1877 1113/575/1113
f 291/98/291 1114/95/1114 1877/182/1877 1157/183/1157
f 283/92/283 1114/95/1114 1878/103/1878 1124/104/1124
f 291/98/291 1151/105/1151 1878/103/1878 1114/95/1114
f 293/106/293 1124/104/1124 1878/103/1878 1151/105/1151
f 284/576/284 1117/344/1117 1879/577/1879 1120/110/1120
f 296/111/296 1144/112/1144 1879/577/1879 1117/344/1117
f 300/308/300 1120/110/1120 1879/577/1879 1144/112/1144
f 285/416/285 1118/529/1118 1880/530/1880 1122/419/1122
f 298/218/298 1137/531/1137 1880/530/1880 1118/529/1118
f 304/422/304 1122/419/1122 1880/530/1880 1137/531/1137
f 286/578/286 1119/579/1119 1881/580/1881 1129/369/1129
f 299/370/299 1134/581/1134 1881/580/1881 1119/579/1119
f 301/492/301 1129/369/1129 1881/580/1881 1134/581/1134
f 301/492/301 1133/493/1133 1882/494/1882 1121/495/1121
f 304/496/304 1132/497/1132 1882/494/1882 1133/493/1133
f 287/498/287 1121/495/1121 1882/494/1882 1132/497/1132
f 301/492/301 1134/581/1134 1883/582/1883 1133/493/1133
f 299/370/299 1135/537/1135 1883/582/1883 1134/581/1134
f 304/496/304 1133/493/1133 1883/582/1883 1135/537/1135
f 299/370/299 1127/502/1127 1884/503/1884 1135/537/1135
f 285/416/285 1122/426/1122 1884/503/1884 1127/502/1127
f 304/496/304 1135/537/1135 1884/503/1884 1122/426/1122
f 304/422/304 1136/583/1136 1885/429/1885 1132/430/1132
f 303/431/303 1131/432/1131 1885/429/1885 1136/583/1136
f 287/433/287 1132/430/1132 1885/429/1885 1131/432/1131
f 304/422/304 1137/531/1137 1886/539/1886 1136/583/1136
f 298/218/298 1138/221/1138 1886/539/1886 1137/531/1137
f 303/431/303 1136/583/1136 1886/539/1886 1138/221/1138
f 303/584/303 1139/225/1139 1887/585/1887 1131/313/1131
f 302/127/302 1130/314/1130 1887/585/1887 1139/225/1139
f 287/315/287 1131/313/1131 1887/585/1887 1130/314/1130
f 302/120/302 1140/373/1140 1888/318/1888 1130/319/1130
f 300/131/300 1128/320/1128 1888/318/1888 1140/373/1140
f 287/321/287 1130/319/1130 1888/318/1888 1128/320/1128
f 302/120/302 1141/119/1141 1889/374/1889 1140/373/1140
f 297/208/297 1142/586/1142 1889/374/1889 1141/119/1141
f 300/131/300 1140/373/1140 1889/374/1889 1142/586/1142
f 297/208/297 1126/132/1126 1890/133/1890 1142/586/1142
f 284/576/284 1120/134/1120 1890/133/1890 1126/132/1126
f 300/131/300 1142/586/1142 1890/133/1890 1120/134/1120
f 300/308/300 1143/323/1143 1891/324/1891 1128/325/1128
f 301/326/301 1121/327/1121 1891/324/1891 1143/323/1143
f 287/328/287 1128/325/1128 1891/324/1891 1121/327/1121
f 300/308/300 1144/112/1144 1892/329/1892 1143/323/1143
f 296/111/296 1145/330/1145 1892/329/1892 1144/112/1144
f 301/326/301 1143/323/1143 1892/329/1892 1145/330/1145
f 290/477/290 1147/53/1147 1893/437/1893 1146/438/1146
f 294/46/294 1148/566/1148 1893/437/1893 1147/53/1147
f 299/370/299 1146/438/1146 1893/437/1893 1148/566/1148
f 294/46/294 1125/567/1125 1894/441/1894 1148/566/1148
f 285/416/285 1127/502/1127 1894/441/1894 1125/567/1125
f 299/370/299 1148/566/1148 1894/441/1894 1127/502/1127
f 295/205/295 1149/231/1149 1895/547/1895 1116/548/1116
f 298/218/298 1118/529/1118 1895/547/1895 1149/231/1149
f 285/416/285 1116/548/1116 1895/547/1895 1118/529/1118
f 293/106/293 1151/105/1151 1896/243/1896 1150/139/1150
f 291/98/291 1152/244/1152 1896/243/1896 1151/105/1151
f 297/208/297 1150/139/1150 1896/243/1896 1152/244/1152
f 291/98/291 1123/144/1123 1897/245/1897 1152/244/1152
f 284/576/284 1126/132/1126 1897/245/1897 1123/144/1123
f 297/208/297 1152/244/1152 1897/245/1897 1126/132/1126
f 294/46/294 1153/587/1153 1898/550/1898 1125/567/1125
f 295/205/295 1116/548/1116 1898/550/1898 1153/587/1153
f 285/416/285 1125/567/1125 1898/550/1898 1116/548/1116
f 294/46/294 1154/45/1154 1899/588/1899 1153/587/1153
f 289/589/289 1155/249/1155 1899/588/1899 1154/45/1154
f 295/205/295 1153/587/1153 1899/588/1899 1155/249/1155
f 291/98/291 1156/161/1156 1900/261/1900 1123/144/1123
f 292/50/292 1115/262/1115 1900/261/1900 1156/161/1156
f 284/576/284 1123/144/1123 1900/261/1900 1115/262/1115
f 291/98/291 1157/183/1157 1901/163/1901 1156/161/1156
f 288/59/288 1158/62/1158 1901/163/1901 1157/183/1157
f 292/50/292 1156/161/1156 1901/163/1901 1158/62/1158
f 305/1/305 1169/2/1169 1902/3/1902 1159/4/1159
f 312/5/312 1188/397/1188 1902/3/1902 1169/2/1169
f 311/7/311 1159/4/1159 1902/3/1902 1188/397/1188
f 305/15/305 1159/16/1159 1903/17/1903 1162/18/1162
f 311/19/311 1185/176/1185 1903/17/1903 1159/16/1159
f 314/21/314 1162/18/1162 1903/17/1903 1185/176/1185
f 307/92/307 1161/181/1161 1904/94/1904 1164/590/1164
f 313/59/313 1183/402/1183 1904/94/1904 1161/181/1161
f 316/342/316 1164/590/1164 1904/94/1904 1183/402/1183
f 308/184/308 1163/591/1163 1905/186/1905 1165/557/1165
f 315/188/315 1181/592/1181 1905/186/1905 1163/591/1163
f 317/135/317 1165/557/1165 1905/186/1905 1181/592/1181
f 307/92/307 1164/590/1164 1906/103/1906 1175/104/1175
f 316/342/316 1178/593/1178 1906/103/1906 1164/590/1164
f 318/106/318 1175/104/1175 1906/103/1906 1178/593/1178
f 318/106/318 1177/139/1177 1907/594/1907 1166/141/1166
f 319/208/319 1167/595/1167 1907/594/1907 1177/139/1177
f 310/596/310 1166/141/1166 1907/594/1907 1167/595/1167
f 318/106/318 1178/593/1178 1908/243/1908 1177/139/1177
f 316/342/316 1179/597/1179 1908/243/1908 1178/593/1178
f 319/208/319 1177/139/1177 1908/243/1908 1179/597/1179
f 316/342/316 1173/346/1173 1909/598/1909 1179/597/1179
f 309/576/309 1176/246/1176 1909/598/1909 1173/346/1173
f 319/208/319 1179/597/1179 1909/598/1909 1176/246/1176
f 317/135/317 1180/599/1180 1910/150/1910 1174/240/1174
f 318/151/318 1166/152/1166 1910/150/1910 1180/599/1180
f 310/600/310 1174/240/1174 1910/150/1910 1166/152/1166
f 317/135/317 1181/592/1181 1911/339/1911 1180/599/1180
f 315/188/315 1182/156/1182 1911/339/1911 1181/592/1181
f 318/151/318 1180/599/1180 1911/339/1911 1182/156/1182
f 315/188/315 1172/259/1172 1912/260/1912 1182/156/1182
f 307/159/307 1175/160/1175 1912/260/1912 1172/259/1172
f 318/151/318 1182/156/1182 1912/260/1912 1175/160/1175
f 314/21/314 1184/275/1184 1913/276/1913 1171/277/1171
f 315/188/315 1163/591/1163 1913/276/1913 1184/275/1184
f 308/184/308 1171/277/1171 1913/276/1913 1163/591/1163
f 314/21/314 1185/176/1185 1914/278/1914 1184/275/1184
f 311/19/311 1186/279/1186 1914/278/1914 1185/176/1185
f 315/188/315 1184/275/1184 1914/278/1914 1186/279/1186
f 311/19/311 1168/168/1168 1915/169/1915 1186/279/1186
f 307/159/307 1172/259/1172 1915/169/1915 1168/168/1168
f 315/188/315 1186/279/1186 1915/169/1915 1172/259/1172
f 311/7/311 1187/170/1187 1916/284/1916 1168/172/1168
f 313/59/313 1161/181/1161 1916/284/1916 1187/170/1187
f 307/92/307 1168/172/1168 1916/284/1916 1161/181/1161
f 311/7/311 1188/397/1188 1917/462/1917 1187/170/1187
f 312/5/312 1189/463/1189 1917/462/1917 1188/397/1188
f 313/59/313 1187/170/1187 1917/462/1917 1189/463/1189
f 312/5/312 1160/90/1160 1918/464/1918 1189/463/1189
f 306/601/306 1170/348/1170 1918/464/1918 1160/90/1160
f 313/59/313 1189/463/1189 1918/464/1918 1170/348/1170
f 320/602/320 1190/603/1190 1919/604/1919 1191/419/1191
f 322/218/322 1196/421/1196 1919/604/1919 1190/603/1190
f 325/422/325 1191/419/1191 1919/604/1919 1196/421/1196
f 325/422/325 1195/583/1195 1920/429/1920 1194/430/1194
f 324/431/324 1193/432/1193 1920/429/1920 1195/583/1195
f 321/433/321 1194/430/1194 1920/429/1920 1193/432/1193
f 325/422/325 1196/421/1196 1921/539/1921 1195/583/1195
f 322/218/322 1197/221/1197 1921/539/1921 1196/421/1196
f 324/431/324 1195/583/1195 1921/539/1921 1197/221/1197
f 324/584/324 1198/225/1198 1922/585/1922 1193/313/1193
f 323/127/323 1192/314/1192 1922/585/1922 1198/225/1198
f 321/315/321 1193/313/1193 1922/585/1922 1192/314/1192
f 326/1/326 1223/2/1223 1923/3/1923 1199/4/1199
f 336/5/336 1281/397/1281 1923/3/1923 1223/2/1223
f 335/7/335 1199/4/1199 1923/3/1923 1281/397/1281
f 327/8/327 1200/9/1200 1924/10/1924 1202/11/1202
f 336/12/336 1278/13/1278 1924/10/1924 1200/9/1200
f 338/14/338 1202/11/1202 1924/10/1924 1278/13/1278
f 326/15/326 1199/16/1199 1925/17/1925 1204/18/1204
f 335/19/335 1275/176/1275 1925/17/1925 1199/16/1199
f 340/21/340 1204/18/1204 1925/17/1925 1275/176/1275
f 326/22/326 1204/23/1204 1926/177/1926 1206/25/1206
f 340/178/340 1272/179/1272 1926/177/1926 1204/23/1204
f 342/180/342 1206/25/1206 1926/177/1926 1272/179/1272
f 326/29/326 1206/30/1206 1927/31/1927 1226/32/1226
f 342/33/342 1269/399/1269 1927/31/1927 1206/30/1206
f 339/35/339 1226/32/1226 1927/31/1927 1269/399/1269
f 327/8/327 1202/11/1202 1928/36/1928 1209/37/1209
f 338/14/338 1266/38/1266 1928/36/1928 1202/11/1202
f 345/39/345 1209/37/1209 1928/36/1928 1266/38/1266
f 328/92/328 1201/93/1201 1929/94/1929 1211/341/1211
f 337/96/337 1263/97/1263 1929/94/1929 1201/93/1201
f 347/342/347 1211/341/1211 1929/94/1929 1263/97/1263
f 329/184/329 1205/605/1205 1930/606/1930 1212/557/1212
f 341/155/341 1261/153/1261 1930/606/1930 1205/605/1205
f 349/135/349 1212/557/1212 1930/606/1930 1261/153/1261
f 330/191/330 1207/192/1207 1931/193/1931 1213/194/1213
f 343/195/343 1259/196/1259 1931/193/1931 1207/192/1207
f 350/197/350 1213/194/1213 1931/193/1931 1259/196/1259
f 331/40/331 1208/403/1208 1932/404/1932 1215/405/1215
f 344/406/344 1256/407/1256 1932/404/1932 1208/403/1208
f 352/408/352 1215/405/1215 1932/404/1932 1256/407/1256
f 327/8/327 1209/37/1209 1933/472/1933 1234/48/1234
f 345/39/345 1254/101/1254 1933/472/1933 1209/37/1209
f 348/50/348 1234/48/1234 1933/472/1933 1254/101/1254
f 329/184/329 1212/557/1212 1934/607/1934 1236/199/1236
f 349/135/349 1253/200/1253 1934/607/1934 1212/557/1212
f 351/507/351 1236/199/1236 1934/607/1934 1253/200/1253
f 330/191/330 1213/194/1213 1935/412/1935 1238/413/1238
f 350/197/350 1250/204/1250 1935/412/1935 1213/194/1213
f 353/414/353 1238/413/1238 1935/412/1935 1250/204/1250
f 331/40/331 1215/405/1215 1936/525/1936 1233/526/1233
f 352/408/352 1247/53/1247 1936/525/1936 1215/405/1215
f 346/362/346 1233/526/1233 1936/525/1936 1247/53/1247
f 332/211/332 1217/560/1217 1937/608/1937 1220/214/1220
f 354/121/354 1245/609/1245 1937/608/1937 1217/560/1217
f 357/584/357 1220/214/1220 1937/608/1937 1245/609/1245
f 333/416/333 1218/417/1218 1938/418/1938 1221/419/1221
f 355/420/355 1243/531/1243 1938/418/1938 1218/417/1218
f 358/422/358 1221/419/1221 1938/418/1938 1243/531/1243
f 356/370/356 1240/423/1240 1939/424/1939 1241/425/1241
f 333/416/333 1221/426/1221 1939/424/1939 1240/423/1240
f 358/427/358 1241/425/1241 1939/424/1939 1221/426/1221
f 358/422/358 1243/531/1243 1940/610/1940 1242/583/1242
f 355/420/355 1244/611/1244 1940/610/1940 1243/531/1243
f 357/431/357 1242/583/1242 1940/610/1940 1244/611/1244
f 355/420/355 1239/310/1239 1941/436/1941 1244/611/1244
f 332/211/332 1220/222/1220 1941/436/1941 1239/310/1239
f 357/431/357 1244/611/1244 1941/436/1941 1220/222/1220
f 346/362/346 1246/438/1246 1942/612/1942 1210/385/1210
f 356/370/356 1219/579/1219 1942/612/1942 1246/438/1246
f 334/366/334 1210/385/1210 1942/612/1942 1219/579/1219
f 346/362/346 1247/53/1247 1943/613/1943 1246/438/1246
f 352/408/352 1248/566/1248 1943/613/1943 1247/53/1247
f 356/370/356 1246/438/1246 1943/613/1943 1248/566/1248
f 352/408/352 1237/440/1237 1944/441/1944 1248/566/1248
f 333/416/333 1240/423/1240 1944/441/1944 1237/440/1237
f 356/370/356 1248/566/1248 1944/441/1944 1240/423/1240
f 353/414/353 1249/442/1249 1945/443/1945 1216/444/1216
f 355/420/355 1218/417/1218 1945/443/1945 1249/442/1249
f 333/416/333 1216/444/1216 1945/443/1945 1218/417/1218
f 353/414/353 1250/204/1250 1946/445/1946 1249/442/1249
f 350/197/350 1251/446/1251 1946/445/1946 1250/204/1250
f 355/420/355 1249/442/1249 1946/445/1946 1251/446/1251
f 350/197/350 1235/233/1235 1947/447/1947 1251/446/1251
f 332/211/332 1239/310/1239 1947/447/1947 1235/233/1235
f 355/420/355 1251/446/1251 1947/447/1947 1239/310/1239
f 351/507/351 1252/235/1252 1948/508/1948 1214/509/1214
f 354/121/354 1217/560/1217 1948/508/1948 1252/235/1252
f 332/211/332 1214/509/1214 1948/508/1948 1217/560/1217
f 352/408/352 1255/453/1255 1949/454/1949 1237/440/1237
f 353/414/353 1216/444/1216 1949/454/1949 1255/453/1255
f 333/416/333 1237/440/1237 1949/454/1949 1216/444/1216
f 352/408/352 1256/407/1256 1950/455/1950 1255/453/1255
f 344/406/344 1257/456/1257 1950/455/1950 1256/407/1256
f 353/414/353 1255/453/1255 1950/455/1950 1257/456/1257
f 344/406/344 1231/247/1231 1951/457/1951 1257/456/1257
f 330/191/330 1238/413/1238 1951/457/1951 1231/247/1231
f 353/414/353 1257/456/1257 1951/457/1951 1238/413/1238
f 350/197/350 1258/510/1258 1952/251/1952 1235/233/1235
f 351/507/351 1214/509/1214 1952/251/1952 1258/510/1258
f 332/211/332 1235/233/1235 1952/251/1952 1214/509/1214
f 350/197/350 1259/196/1259 1953/511/1953 1258/510/1258
f 343/195/343 1260/253/1260 1953/511/1953 1259/196/1259
f 351/507/351 1258/510/1258 1953/511/1953 1260/253/1260
f 343/195/343 1230/254/1230 1954/255/1954 1260/253/1260
f 329/184/329 1236/199/1236 1954/255/1954 1230/254/1230
f 351/507/351 1260/253/1260 1954/255/1954 1236/199/1236
f 347/342/347 1263/97/1263 1955/473/1955 1262/474/1262
f 337/96/337 1264/164/1264 1955/473/1955 1263/97/1263
f 348/50/348 1262/474/1262 1955/473/1955 1264/164/1264
f 337/96/337 1224/165/1224 1956/166/1956 1264/164/1264
f 327/8/327 1234/48/1234 1956/166/1956 1224/165/1224
f 348/50/348 1264/164/1264 1956/166/1956 1234/48/1234
f 345/39/345 1265/393/1265 1957/394/1957 1232/614/1232
f 346/362/346 1210/385/1210 1957/394/1957 1265/393/1265
f 334/366/334 1232/614/1232 1957/394/1957 1210/385/1210
f 345/39/345 1266/38/1266 1958/552/1958 1265/393/1265
f 338/14/338 1267/65/1267 1958/552/1958 1266/38/1266
f 346/362/346 1265/393/1265 1958/552/1958 1267/65/1267
f 338/14/338 1225/66/1225 1959/553/1959 1267/65/1267
f 331/40/331 1233/526/1233 1959/553/1959 1225/66/1225
f 346/362/346 1267/65/1267 1959/553/1959 1233/526/1233
f 339/35/339 1268/68/1268 1960/458/1960 1203/70/1203
f 344/406/344 1208/403/1208 1960/458/1960 1268/68/1268
f 331/40/331 1203/70/1203 1960/458/1960 1208/403/1208
f 339/35/339 1269/399/1269 1961/459/1961 1268/68/1268
f 342/33/342 1270/460/1270 1961/459/1961 1269/399/1269
f 344/406/344 1268/68/1268 1961/459/1961 1270/460/1270
f 342/33/342 1229/266/1229 1962/461/1962 1270/460/1270
f 330/191/330 1231/247/1231 1962/461/1962 1229/266/1229
f 344/406/344 1270/460/1270 1962/461/1962 1231/247/1231
f 342/180/342 1271/268/1271 1963/269/1963 1229/270/1229
f 343/195/343 1207/192/1207 1963/269/1963 1271/268/1271
f 330/191/330 1229/270/1229 1963/269/1963 1207/192/1207
f 342/180/342 1272/179/1272 1964/271/1964 1271/268/1271
f 340/178/340 1273/272/1273 1964/271/1964 1272/179/1272
f 343/195/343 1271/268/1271 1964/271/1964 1273/272/1273
f 340/178/340 1227/273/1227 1965/274/1965 1273/272/1273
f 329/184/329 1230/254/1230 1965/274/1965 1227/273/1227
f 343/195/343 1273/272/1273 1965/274/1965 1230/254/1230
f 340/21/340 1274/513/1274 1966/615/1966 1227/277/1227
f 341/155/341 1205/605/1205 1966/615/1966 1274/513/1274
f 329/184/329 1227/277/1227 1966/615/1966 1205/605/1205
f 340/21/340 1275/176/1275 1967/616/1967 1274/513/1274
f 335/19/335 1276/617/1276 1967/616/1967 1275/176/1275
f 341/155/341 1274/513/1274 1967/616/1967 1276/617/1276
f 335/19/335 1222/168/1222 1968/484/1968 1276/617/1276
f 328/351/328 1228/352/1228 1968/484/1968 1222/168/1222
f 341/155/341 1276/617/1276 1968/484/1968 1228/352/1228
f 338/14/338 1277/77/1277 1969/78/1969 1225/66/1225
f 339/79/339 1203/80/1203 1969/78/1969 1277/77/1277
f 331/40/331 1225/66/1225 1969/78/1969 1203/80/1203
f 338/14/338 1278/13/1278 1970/81/1970 1277/77/1277
f 336/12/336 1279/82/1279 1970/81/1970 1278/13/1278
f 339/79/339 1277/77/1277 1970/81/1970 1279/82/1279
f 336/12/336 1223/83/1223 1971/84/1971 1279/82/1279
f 326/85/326 1226/86/1226 1971/84/1971 1223/83/1223
f 339/79/339 1279/82/1279 1971/84/1971 1226/86/1226
f 335/7/335 1280/170/1280 1972/171/1972 1222/172/1222
f 337/96/337 1201/93/1201 1972/171/1972 1280/170/1280
f 328/92/328 1222/172/1222 1972/171/1972 1201/93/1201
f 335/7/335 1281/397/1281 1973/174/1973 1280/170/1280
f 336/5/336 1282/487/1282 1973/174/1973 1281/397/1281
f 337/96/337 1280/170/1280 1973/174/1973 1282/487/1282
f 336/5/336 1200/90/1200 1974/175/1974 1282/487/1282
f 327/8/327 1224/165/1224 1974/175/1974 1200/90/1200
f 337/96/337 1282/487/1282 1974/175/1974 1224/165/1224
f 359/1/359 1297/2/1297 1975/3/1975 1283/4/1283
f 366/5/366 1328/397/1328 1975/3/1975 1297/2/1297
f 365/7/365 1283/4/1283 1975/3/1975 1328/397/1328
f 360/8/360 1284/9/1284 1976/10/1976 1286/11/1286
f 366/12/366 1325/13/1325 1976/10/1976 1284/9/1284
f 368/14/368 1286/11/1286 1976/10/1976 1325/13/1325
f 359/15/359 1283/16/1283 1977/522/1977 1288/18/1288
f 365/167/365 1323/523/1323 1977/522/1977 1283/16/1283
f 370/524/370 1288/18/1288 1977/522/1977 1323/523/1323
f 359/22/359 1288/23/1288 1978/24/1978 1289/25/1289
f 370/26/370 1322/27/1322 1978/24/1978 1288/23/1288
f 371/28/371 1289/25/1289 1978/24/1978 1322/27/1322
f 359/29/359 1289/30/1289 1979/31/1979 1300/32/1300
f 371/33/371 1320/399/1320 1979/31/1979 1289/30/1289
f 369/35/369 1300/32/1300 1979/31/1979 1320/399/1320
f 360/8/360 1286/11/1286 1980/36/1980 1291/37/1291
f 368/14/368 1317/38/1317 1980/36/1980 1286/11/1286
f 373/39/373 1291/37/1291 1980/36/1980 1317/38/1317
f 361/92/361 1285/93/1285 1981/94/1981 1292/341/1292
f 367/96/367 1314/183/1314 1981/94/1981 1285/93/1285
f 375/342/375 1292/341/1292 1981/94/1981 1314/183/1314
f 363/40/363 1290/403/1290 1982/42/1982 1294/358/1294
f 372/406/372 1311/618/1311 1982/42/1982 1290/403/1290
f 377/46/377 1294/358/1294 1982/42/1982 1311/618/1311
f 360/8/360 1291/37/1291 1983/303/1983 1305/48/1305
f 373/39/373 1308/101/1308 1983/303/1983 1291/37/1291
f 376/102/376 1305/48/1305 1983/303/1983 1308/101/1308
f 376/102/376 1307/56/1307 1984/343/1984 1293/147/1293
f 379/111/379 1295/344/1295 1984/343/1984 1307/56/1307
f 364/107/364 1293/147/1293 1984/343/1984 1295/344/1295
f 376/102/376 1308/101/1308 1985/148/1985 1307/56/1307
f 373/39/373 1309/57/1309 1985/148/1985 1308/101/1308
f 379/111/379 1307/56/1307 1985/148/1985 1309/57/1309
f 377/46/377 1311/618/1311 1986/588/1986 1310/549/1310
f 372/406/372 1312/456/1312 1986/588/1986 1311/618/1311
f 378/205/378 1310/549/1310 1986/588/1986 1312/456/1312
f 372/406/372 1302/247/1302 1987/457/1987 1312/456/1312
f 362/191/362 1306/203/1306 1987/457/1987 1302/247/1302
f 378/205/378 1312/456/1312 1987/457/1987 1306/203/1306
f 375/342/375 1313/161/1313 1988/345/1988 1304/346/1304
f 376/102/376 1293/147/1293 1988/345/1988 1313/161/1313
f 364/107/364 1304/346/1304 1988/345/1988 1293/147/1293
f 375/342/375 1314/183/1314 1989/163/1989 1313/161/1313
f 367/96/367 1315/164/1315 1989/163/1989 1314/183/1314
f 376/102/376 1313/161/1313 1989/163/1989 1315/164/1315
f 367/96/367 1298/165/1298 1990/166/1990 1315/164/1315
f 360/8/360 1305/48/1305 1990/166/1990 1298/165/1298
f 376/102/376 1315/164/1315 1990/166/1990 1305/48/1305
f 373/39/373 1317/38/1317 1991/63/1991 1316/64/1316
f 368/14/368 1318/65/1318 1991/63/1991 1317/38/1317
f 374/54/374 1316/64/1316 1991/63/1991 1318/65/1318
f 368/14/368 1299/66/1299 1992/553/1992 1318/65/1318
f 363/40/363 1303/52/1303 1992/553/1992 1299/66/1299
f 374/54/374 1318/65/1318 1992/553/1992 1303/52/1303
f 369/35/369 1319/68/1319 1993/458/1993 1287/70/1287
f 372/406/372 1290/403/1290 1993/458/1993 1319/68/1319
f 363/40/363 1287/70/1287 1993/458/1993 1290/403/1290
f 369/35/369 1320/399/1320 1994/459/1994 1319/68/1319
f 371/33/371 1321/460/1321 1994/459/1994 1320/399/1320
f 372/406/372 1319/68/1319 1994/459/1994 1321/460/1321
f 371/33/371 1301/266/1301 1995/461/1995 1321/460/1321
f 362/191/362 1302/247/1302 1995/461/1995 1301/266/1301
f 372/406/372 1321/460/1321 1995/461/1995 1302/247/1302
f 368/14/368 1324/77/1324 1996/78/1996 1299/66/1299
f 369/79/369 1287/80/1287 1996/78/1996 1324/77/1324
f 363/40/363 1299/66/1299 1996/78/1996 1287/80/1287
f 368/14/368 1325/13/1325 1997/81/1997 1324/77/1324
f 366/12/366 1326/82/1326 1997/81/1997 1325/13/1325
f 369/79/369 1324/77/1324 1997/81/1997 1326/82/1326
f 366/12/366 1297/83/1297 1998/84/1998 1326/82/1326
f 359/85/359 1300/86/1300 1998/84/1998 1297/83/1297
f 369/79/369 1326/82/1326 1998/84/1998 1300/86/1300
f 365/7/365 1327/170/1327 1999/171/1999 1296/172/1296
f 367/96/367 1285/93/1285 1999/171/1999 1327/170/1327
f 361/92/361 1296/172/1296 1999/171/1999 1285/93/1285
f 365/7/365 1328/397/1328 2000/174/2000 1327/170/1327
f 366/5/366 1329/487/1329 2000/174/2000 1328/397/1328
f 367/96/367 1327/170/1327 2000/174/2000 1329/487/1329
f 366/5/366 1284/90/1284 2001/175/2001 1329/487/1329
f 360/8/360 1298/165/1298 2001/175/2001 1284/90/1284
f 367/96/367 1329/487/1329 2001/175/2001 1298/165/1298
f 380/1/380 1344/2/1344 2002/519/2002 1330/4/1330
f 387/520/387 1376/521/1376 2002/519/2002 1344/2/1344
f 386/353/386 1330/4/1330 2002/519/2002 1376/521/1376
f 381/8/381 1331/9/1331 2003/287/2003 1332/11/1332
f 387/12/387 1374/465/1374 2003/287/2003 1331/9/1331
f 388/290/388 1332/11/1332 2003/287/2003 1374/465/1374
f 380/15/380 1330/16/1330 2004/17/2004 1334/18/1334
f 386/19/386 1371/20/1371 2004/17/2004 1330/16/1330
f 390/21/390 1334/18/1334 2004/17/2004 1371/20/1371
f 380/22/380 1334/23/1334 2005/177/2005 1336/25/1336
f 390/178/390 1368/179/1368 2005/177/2005 1334/23/1334
f 392/180/392 1336/25/1336 2005/177/2005 1368/179/1368
f 380/29/380 1336/30/1336 2006/31/2006 1346/32/1346
f 392/33/392 1365/399/1365 2006/31/2006 1336/30/1336
f 389/35/389 1346/32/1346 2006/31/2006 1365/399/1365
f 381/8/381 1332/11/1332 2007/291/2007 1339/99/1339
f 388/290/388 1363/292/1363 2007/291/2007 1332/11/1332
f 395/619/395 1339/99/1339 2007/291/2007 1363/292/1363
f 382/184/382 1335/605/1335 2008/606/2008 1340/620/1340
f 391/155/391 1362/153/1362 2008/606/2008 1335/605/1335
f 396/135/396 1340/620/1340 2008/606/2008 1362/153/1362
f 383/191/383 1337/192/1337 2009/193/2009 1341/621/1341
f 393/195/393 1360/622/1360 2009/193/2009 1337/192/1337
f 397/302/397 1341/621/1341 2009/193/2009 1360/622/1360
f 382/184/382 1340/620/1340 2010/558/2010 1352/199/1352
f 396/135/396 1356/200/1356 2010/558/2010 1340/620/1340
f 398/201/398 1352/199/1352 2010/558/2010 1356/200/1356
f 383/191/383 1341/621/1341 2011/623/2011 1353/203/1353
f 397/302/397 1354/204/1354 2011/623/2011 1341/621/1341
f 399/205/399 1353/203/1353 2011/623/2011 1354/204/1354
f 398/201/398 1355/568/1355 2012/448/2012 1342/624/1342
f 400/121/400 1343/449/1343 2012/448/2012 1355/568/1355
f 385/211/385 1342/624/1342 2012/448/2012 1343/449/1343
f 398/201/398 1356/200/1356 2013/450/2013 1355/568/1355
f 396/135/396 1357/138/1357 2013/450/2013 1356/200/1356
f 400/121/400 1355/568/1355 2013/450/2013 1357/138/1357
f 394/44/394 1350/247/1350 2014/248/2014 1358/249/1358
f 383/191/383 1353/203/1353 2014/248/2014 1350/247/1350
f 399/205/399 1358/249/1358 2014/248/2014 1353/203/1353
f 397/302/397 1359/250/1359 2015/335/2015 1351/331/1351
f 398/201/398 1342/624/1342 2015/335/2015 1359/250/1359
f 385/211/385 1351/331/1351 2015/335/2015 1342/624/1342
f 397/302/397 1360/622/1360 2016/625/2016 1359/250/1359
f 393/195/393 1361/253/1361 2016/625/2016 1360/622/1360
f 398/201/398 1359/250/1359 2016/625/2016 1361/253/1361
f 393/195/393 1349/254/1349 2017/255/2017 1361/253/1361
f 382/184/382 1352/199/1352 2017/255/2017 1349/254/1349
f 398/201/398 1361/253/1361 2017/255/2017 1352/199/1352
f 389/35/389 1364/68/1364 2018/458/2018 1333/70/1333
f 394/44/394 1338/626/1338 2018/458/2018 1364/68/1364
f 384/627/384 1333/70/1333 2018/458/2018 1338/626/1338
f 389/35/389 1365/399/1365 2019/628/2019 1364/68/1364
f 392/33/392 1366/265/1366 2019/628/2019 1365/399/1365
f 394/44/394 1364/68/1364 2019/628/2019 1366/265/1366
f 392/33/392 1348/266/1348 2020/267/2020 1366/265/1366
f 383/191/383 1350/247/1350 2020/267/2020 1348/266/1348
f 394/44/394 1366/265/1366 2020/267/2020 1350/247/1350
f 392/180/392 1367/268/1367 2021/269/2021 1348/270/1348
f 393/195/393 1337/192/1337 2021/269/2021 1367/268/1367
f 383/191/383 1348/270/1348 2021/269/2021 1337/192/1337
f 392/180/392 1368/179/1368 2022/271/2022 1367/268/1367
f 390/178/390 1369/272/1369 2022/271/2022 1368/179/1368
f 393/195/393 1367/268/1367 2022/271/2022 1369/272/1369
f 390/178/390 1347/273/1347 2023/274/2023 1369/272/1369
f 382/184/382 1349/254/1349 2023/274/2023 1347/273/1347
f 393/195/393 1369/272/1369 2023/274/2023 1349/254/1349
f 390/21/390 1370/629/1370 2024/615/2024 1347/277/1347
f 391/155/391 1335/605/1335 2024/615/2024 1370/629/1370
f 382/184/382 1347/277/1347 2024/615/2024 1335/605/1335
f 390/21/390 1371/20/1371 2025/515/2025 1370/629/1370
f 386/19/386 1372/75/1372 2025/515/2025 1371/20/1371
f 391/155/391 1370/629/1370 2025/515/2025 1372/75/1372
f 388/290/388 1373/77/1373 2026/630/2026 1345/396/1345
f 389/79/389 1333/80/1333 2026/630/2026 1373/77/1373
f 384/627/384 1345/396/1345 2026/630/2026 1333/80/1333
f 388/290/388 1374/465/1374 2027/631/2027 1373/77/1373
f 387/12/387 1375/82/1375 2027/631/2027 1374/465/1374
f 389/79/389 1373/77/1373 2027/631/2027 1375/82/1375
f 387/12/387 1344/83/1344 2028/84/2028 1375/82/1375
f 380/85/380 1346/86/1346 2028/84/2028 1344/83/1344
f 389/79/389 1375/82/1375 2028/84/2028 1346/86/1346
f 402/8/402 1377/9/1377 2029/10/2029 1378/398/1378
f 407/12/407 1415/13/1415 2029/10/2029 1377/9/1377
f 408/14/408 1378/398/1378 2029/10/2029 1415/13/1415
f 401/29/401 1380/30/1380 2030/31/2030 1389/32/1389
f 410/33/410 1412/399/1412 2030/31/2030 1380/30/1380
f 409/35/409 1389/32/1389 2030/31/2030 1412/399/1412
f 402/8/402 1378/398/1378 2031/36/2031 1382/99/1382
f 408/14/408 1409/38/1409 2031/36/2031 1378/398/1378
f 412/39/412 1382/99/1382 2031/36/2031 1409/38/1409
f 404/40/404 1381/403/1381 2032/404/2032 1384/405/1384
f 411/406/411 1406/407/1406 2032/404/2032 1381/403/1381
f 414/408/414 1384/405/1384 2032/404/2032 1406/407/1406
f 404/40/404 1384/405/1384 2033/525/2033 1393/526/1393
f 414/408/414 1402/53/1402 2033/525/2033 1384/405/1384
f 413/362/413 1393/526/1393 2033/525/2033 1402/53/1402
f 406/366/406 1386/367/1386 2034/368/2034 1398/369/1398
f 417/370/417 1399/371/1399 2034/368/2034 1386/367/1386
f 418/372/418 1398/369/1398 2034/368/2034 1399/371/1399
f 416/111/416 1396/380/1396 2035/632/2035 1400/330/1400
f 406/366/406 1398/382/1398 2035/632/2035 1396/380/1396
f 418/506/418 1400/330/1400 2035/632/2035 1398/382/1398
f 413/362/413 1401/438/1401 2036/384/2036 1383/385/1383
f 417/370/417 1386/367/1386 2036/384/2036 1401/438/1401
f 406/366/406 1383/385/1383 2036/384/2036 1386/367/1386
f 413/362/413 1402/53/1402 2037/613/2037 1401/438/1401
f 414/408/414 1403/439/1403 2037/613/2037 1402/53/1402
f 417/370/417 1401/438/1401 2037/613/2037 1403/439/1403
f 414/408/414 1394/440/1394 2038/633/2038 1403/439/1403
f 405/416/405 1397/634/1397 2038/633/2038 1394/440/1394
f 417/370/417 1403/439/1403 2038/633/2038 1397/634/1397
f 412/39/412 1392/391/1392 2039/635/2039 1404/57/1404
f 406/366/406 1396/380/1396 2039/635/2039 1392/391/1392
f 416/111/416 1404/57/1404 2039/635/2039 1396/380/1396
f 414/408/414 1405/570/1405 2040/550/2040 1394/440/1394
f 415/205/415 1385/636/1385 2040/550/2040 1405/570/1405
f 405/416/405 1394/440/1394 2040/550/2040 1385/636/1385
f 414/408/414 1406/407/1406 2041/551/2041 1405/570/1405
f 411/406/411 1407/456/1407 2041/551/2041 1406/407/1406
f 415/205/415 1405/570/1405 2041/551/2041 1407/456/1407
f 411/406/411 1391/247/1391 2042/457/2042 1407/456/1407
f 403/191/403 1395/203/1395 2042/457/2042 1391/247/1391
f 415/205/415 1407/456/1407 2042/457/2042 1395/203/1395
f 412/39/412 1408/637/1408 2043/394/2043 1392/391/1392
f 413/362/413 1383/385/1383 2043/394/2043 1408/637/1408
f 406/366/406 1392/391/1392 2043/394/2043 1383/385/1383
f 412/39/412 1409/38/1409 2044/552/2044 1408/637/1408
f 408/14/408 1410/65/1410 2044/552/2044 1409/38/1409
f 413/362/413 1408/637/1408 2044/552/2044 1410/65/1410
f 408/14/408 1388/66/1388 2045/553/2045 1410/65/1410
f 404/40/404 1393/526/1393 2045/553/2045 1388/66/1388
f 413/362/413 1410/65/1410 2045/553/2045 1393/526/1393
f 409/35/409 1411/68/1411 2046/458/2046 1379/70/1379
f 411/406/411 1381/403/1381 2046/458/2046 1411/68/1411
f 404/40/404 1379/70/1379 2046/458/2046 1381/403/1381
f 409/35/409 1412/399/1412 2047/459/2047 1411/68/1411
f 410/33/410 1413/460/1413 2047/459/2047 1412/399/1412
f 411/406/411 1411/68/1411 2047/459/2047 1413/460/1413
f 410/33/410 1390/266/1390 2048/461/2048 1413/460/1413
f 403/191/403 1391/247/1391 2048/461/2048 1390/266/1390
f 411/406/411 1413/460/1413 2048/461/2048 1391/247/1391
f 408/14/408 1414/77/1414 2049/78/2049 1388/66/1388
f 409/79/409 1379/80/1379 2049/78/2049 1414/77/1414
f 404/40/404 1388/66/1388 2049/78/2049 1379/80/1379
f 408/14/408 1415/13/1415 2050/81/2050 1414/77/1414
f 407/12/407 1416/82/1416 2050/81/2050 1415/13/1415
f 409/79/409 1414/77/1414 2050/81/2050 1416/82/1416
f 407/12/407 1387/83/1387 2051/84/2051 1416/82/1416
f 401/85/401 1389/86/1389 2051/84/2051 1387/83/1387
f 409/79/409 1416/82/1416 2051/84/2051 1389/86/1389
f 419/1/419 1434/2/1434 2052/3/2052 1417/4/1417
f 428/5/428 1477/397/1477 2052/3/2052 1434/2/1434
f 427/7/427 1417/4/1417 2052/3/2052 1477/397/1477
f 420/8/420 1418/9/1418 2053/10/2053 1420/11/1420
f 428/12/428 1474/13/1474 2053/10/2053 1418/9/1418
f 430/14/430 1420/11/1420 2053/10/2053 1474/13/1474
f 419/15/419 1417/16/1417 2054/17/2054 1422/18/1422
f 427/19/427 1471/176/1471 2054/17/2054 1417/16/1417
f 432/21/432 1422/18/1422 2054/17/2054 1471/176/1471
f 419/22/419 1422/23/1422 2055/177/2055 1424/25/1424
f 432/178/432 1468/179/1468 2055/177/2055 1422/23/1422
f 434/180/434 1424/25/1424 2055/177/2055 1468/179/1468
f 419/29/419 1424/30/1424 2056/31/2056 1437/32/1437
f 434/33/434 1465/399/1465 2056/31/2056 1424/30/1424
f 431/35/431 1437/32/1437 2056/31/2056 1465/399/1465
f 420/8/420 1420/11/1420 2057/36/2057 1427/355/1427
f 430/14/430 1462/400/1462 2057/36/2057 1420/11/1420
f 437/356/437 1427/355/1427 2057/36/2057 1462/400/1462
f 421/92/421 1419/93/1419 2058/94/2058 1429/95/1429
f 429/96/429 1459/97/1459 2058/94/2058 1419/93/1419
f 439/98/439 1429/95/1429 2058/94/2058 1459/97/1459
f 423/191/423 1425/555/1425 2059/298/2059 1431/299/1431
f 435/300/435 1456/638/1456 2059/298/2059 1425/555/1425
f 442/639/442 1431/299/1431 2059/298/2059 1456/638/1456
f 420/8/420 1427/355/1427 2060/640/2060 1446/48/1446
f 437/356/437 1454/101/1454 2060/640/2060 1427/355/1427
f 440/102/440 1446/48/1446 2060/640/2060 1454/101/1454
f 421/92/421 1429/95/1429 2061/103/2061 1447/104/1447
f 439/98/439 1451/105/1451 2061/103/2061 1429/95/1429
f 441/106/441 1447/104/1447 2061/103/2061 1451/105/1451
f 441/106/441 1451/105/1451 2062/243/2062 1450/139/1450
f 439/98/439 1452/244/1452 2062/243/2062 1451/105/1451
f 444/208/444 1450/139/1450 2062/243/2062 1452/244/1452
f 439/98/439 1445/144/1445 2063/245/2063 1452/244/1452
f 425/107/425 1449/246/1449 2063/245/2063 1445/144/1445
f 444/208/444 1452/244/1452 2063/245/2063 1449/246/1449
f 440/102/440 1453/56/1453 2064/343/2064 1430/147/1430
f 443/111/443 1432/344/1432 2064/343/2064 1453/56/1453
f 425/107/425 1430/147/1430 2064/343/2064 1432/344/1432
f 440/102/440 1454/101/1454 2065/641/2065 1453/56/1453
f 437/356/437 1455/642/1455 2065/641/2065 1454/101/1454
f 443/111/443 1453/56/1453 2065/641/2065 1455/642/1455
f 437/356/437 1443/391/1443 2066/643/2066 1455/642/1455
f 426/366/426 1448/562/1448 2066/643/2066 1443/391/1443
f 443/111/443 1455/642/1455 2066/643/2066 1448/562/1448
f 433/155/433 1439/259/1439 2067/644/2067 1457/645/1457
f 421/159/421 1447/160/1447 2067/644/2067 1439/259/1439
f 441/646/441 1457/645/1457 2067/644/2067 1447/160/1447
f 439/98/439 1458/161/1458 2068/162/2068 1445/144/1445
f 440/102/440 1430/147/1430 2068/162/2068 1458/161/1458
f 425/107/425 1445/144/1445 2068/162/2068 1430/147/1430
f 439/98/439 1459/97/1459 2069/163/2069 1458/161/1458
f 429/96/429 1460/164/1460 2069/163/2069 1459/97/1459
f 440/102/440 1458/161/1458 2069/163/2069 1460/164/1460
f 429/96/429 1435/165/1435 2070/166/2070 1460/164/1460
f 420/8/420 1446/48/1446 2070/166/2070 1435/165/1435
f 440/102/440 1460/164/1460 2070/166/2070 1446/48/1446
f 437/356/437 1461/393/1461 2071/647/2071 1443/391/1443
f 438/54/438 1428/565/1428 2071/647/2071 1461/393/1461
f 426/366/426 1443/391/1443 2071/647/2071 1428/565/1428
f 437/356/437 1462/400/1462 2072/63/2072 1461/393/1461
f 430/14/430 1463/65/1463 2072/63/2072 1462/400/1462
f 438/54/438 1461/393/1461 2072/63/2072 1463/65/1463
f 430/14/430 1436/66/1436 2073/553/2073 1463/65/1463
f 424/40/424 1444/52/1444 2073/553/2073 1436/66/1436
f 438/54/438 1463/65/1463 2073/553/2073 1444/52/1444
f 431/35/431 1464/68/1464 2074/458/2074 1421/70/1421
f 436/44/436 1426/626/1426 2074/458/2074 1464/68/1464
f 424/40/424 1421/70/1421 2074/458/2074 1426/626/1426
f 431/35/431 1465/399/1465 2075/628/2075 1464/68/1464
f 434/33/434 1466/648/1466 2075/628/2075 1465/399/1465
f 436/44/436 1464/68/1464 2075/628/2075 1466/648/1466
f 434/33/434 1440/266/1440 2076/649/2076 1466/648/1466
f 423/191/423 1442/650/1442 2076/649/2076 1440/266/1440
f 436/44/436 1466/648/1466 2076/649/2076 1442/650/1442
f 434/180/434 1467/268/1467 2077/651/2077 1440/270/1440
f 435/300/435 1425/555/1425 2077/651/2077 1467/268/1467
f 423/191/423 1440/270/1440 2077/651/2077 1425/555/1425
f 434/180/434 1468/179/1468 2078/478/2078 1467/268/1467
f 432/178/432 1469/652/1469 2078/478/2078 1468/179/1468
f 435/300/435 1467/268/1467 2078/478/2078 1469/652/1469
f 432/178/432 1438/273/1438 2079/653/2079 1469/652/1469
f 422/654/422 1441/337/1441 2079/653/2079 1438/273/1438
f 435/300/435 1469/652/1469 2079/653/2079 1441/337/1441
f 432/21/432 1470/513/1470 2080/514/2080 1438/277/1438
f 433/155/433 1423/293/1423 2080/514/2080 1470/513/1470
f 422/654/422 1438/277/1438 2080/514/2080 1423/293/1423
f 432/21/432 1471/176/1471 2081/616/2081 1470/513/1470
f 427/19/427 1472/655/1472 2081/616/2081 1471/176/1471
f 433/155/433 1470/513/1470 2081/616/2081 1472/655/1472
f 427/19/427 1433/168/1433 2082/656/2082 1472/655/1472
f 421/159/421 1439/259/1439 2082/656/2082 1433/168/1433
f 433/155/433 1472/655/1472 2082/656/2082 1439/259/1439
f 430/14/430 1473/77/1473 2083/78/2083 1436/66/1436
f 431/79/431 1421/80/1421 2083/78/2083 1473/77/1473
f 424/40/424 1436/66/1436 2083/78/2083 1421/80/1421
f 430/14/430 1474/13/1474 2084/81/2084 1473/77/1473
f 428/12/428 1475/82/1475 2084/81/2084 1474/13/1474
f 431/79/431 1473/77/1473 2084/81/2084 1475/82/1475
f 428/12/428 1434/83/1434 2085/84/2085 1475/82/1475
f 419/85/419 1437/86/1437 2085/84/2085 1434/83/1434
f 431/79/431 1475/82/1475 2085/84/2085 1437/86/1437
f 427/7/427 1476/170/1476 2086/171/2086 1433/172/1433
f 429/96/429 1419/93/1419 2086/171/2086 1476/170/1476
f 421/92/421 1433/172/1433 2086/171/2086 1419/93/1419
f 427/7/427 1477/397/1477 2087/174/2087 1476/170/1476
f 428/5/428 1478/487/1478 2087/174/2087 1477/397/1477
f 429/96/429 1476/170/1476 2087/174/2087 1478/487/1478
f 428/5/428 1418/90/1418 2088/175/2088 1478/487/1478
f 420/8/420 1435/165/1435 2088/175/2088 1418/90/1418
f 429/96/429 1478/487/1478 2088/175/2088 1435/165/1435
