# Blender 5.0.1
# www.blender.org
mtllib rock.mtl
o rock
v -0.020777 -1.323741 -0.023174
v 0.028535 -1.314936 -0.009900
v 0.060680 -1.283950 -0.046757
v 0.098104 -1.329618 0.028270
v 0.015725 -1.377734 0.056671
v -0.008511 -1.395236 0.096017
v -0.037057 -1.367484 0.026358
v -0.090505 -1.386429 0.025511
v 0.048024 -1.268297 -0.097658
v 0.073029 -1.360459 0.069477
v -0.131987 -1.383008 -0.004724
v -0.059220 -1.318156 -0.077133
v -0.005753 -1.298537 -0.056234
v 0.124851 -1.288499 -0.034229
v 0.025525 -1.389871 0.105583
v -0.049590 -1.398175 0.149774
v -0.086486 -1.397122 0.084879
v -0.144344 -1.389454 0.035408
v -0.087101 -1.335032 -0.036752
v -0.063628 -1.302810 -0.167577
v 0.029436 -1.263895 -0.167648
v 0.080163 -1.256646 -0.147195
v 0.101091 -1.251820 -0.112529
v 0.174001 -1.250385 -0.148716
v 0.154705 -1.337809 0.045874
v 0.127590 -1.422639 0.146692
v 0.014612 -1.410974 0.170700
v -0.129312 -1.401313 0.161034
v -0.155135 -1.409335 0.076385
v -0.096868 -1.311283 -0.115839
v 0.145640 -1.266087 -0.072929
v -0.067142 -1.412814 0.205457
v -0.160942 -1.396041 0.127363
v -0.215990 -1.384763 0.088248
v -0.202258 -1.396879 0.054366
v -0.156420 -1.345310 -0.074874
v -0.140698 -1.320396 -0.141003
v -0.004126 -1.281414 -0.216710
v 0.123648 -1.233792 -0.199733
v 0.189153 -1.308620 -0.006776
v 0.223352 -1.361682 0.054475
v 0.198270 -1.431425 0.138185
v 0.150481 -1.429526 0.164769
v 0.060424 -1.414542 0.202621
v 0.003206 -1.412637 0.218990
v -0.144519 -1.389802 0.188788
v -0.192481 -1.387254 -0.042668
v -0.226931 -1.391681 -0.079183
v -0.188073 -1.351927 -0.145106
v -0.013418 -1.279673 -0.151057
v 0.251565 -1.294737 -0.061418
v 0.260645 -1.443995 0.134724
v 0.225289 -1.491107 0.190635
v 0.046686 -1.424731 0.279414
v -0.030719 -1.429251 0.285054
v -0.213369 -1.394894 0.188168
v -0.243817 -1.377618 0.121653
v -0.284793 -1.385939 0.058163
v -0.242167 -1.381940 -0.003047
v -0.164381 -1.343742 -0.216773
v 0.215312 -1.250768 -0.159767
v 0.314920 -1.374921 0.012020
v 0.315859 -1.430590 0.092171
v 0.301352 -1.460948 0.126058
v 0.211469 -1.487577 0.238904
v 0.132690 -1.457508 0.279351
v -0.081721 -1.421035 0.282660
v -0.131764 -1.400880 0.256148
v -0.165900 -1.390453 0.280988
v -0.293623 -1.373070 0.081714
v -0.290744 -1.371350 -0.071569
v -0.248772 -1.370490 -0.114282
v -0.225875 -1.308820 -0.194206
v -0.132558 -1.344587 -0.275507
v -0.051889 -1.315672 -0.306288
v 0.010887 -1.303676 -0.289267
v 0.065101 -1.289329 -0.320495
v 0.099400 -1.240683 -0.248783
v 0.229294 -1.276369 -0.108842
v 0.311047 -1.303270 -0.109229
v 0.314475 -1.446745 0.136031
v 0.292843 -1.477163 0.214603
v 0.257714 -1.484701 0.273534
v 0.077134 -1.456327 0.358572
v -0.053991 -1.433537 0.362546
v -0.103026 -1.434446 0.333074
v -0.401787 -1.363741 0.037021
v -0.315206 -1.386375 -0.025207
v -0.294281 -1.307580 -0.142237
v -0.166967 -1.327777 -0.248251
v 0.189646 -1.249556 -0.243058
v 0.321194 -1.283140 -0.158633
v 0.402848 -1.343874 -0.077986
v 0.352957 -1.345515 -0.041167
v 0.353596 -1.413925 0.051274
v 0.369155 -1.430809 0.087257
v 0.374801 -1.433104 0.189877
v 0.319217 -1.474237 0.267611
v 0.195668 -1.493603 0.320213
v 0.162952 -1.481770 0.376574
v 0.075010 -1.435082 0.401227
v 0.005544 -1.436949 0.368080
v -0.045465 -1.415090 0.440286
v -0.105513 -1.449088 0.410006
v -0.203480 -1.399486 0.330341
v -0.297175 -1.404135 0.244804
v -0.339170 -1.401674 0.257669
v -0.306194 -1.345338 0.145269
v -0.379819 -1.358856 0.100760
v -0.349384 -1.364290 -0.059929
v -0.306033 -1.293183 -0.185155
v -0.211587 -1.242584 -0.290701
v -0.132453 -1.331686 -0.308865
v 0.003449 -1.293838 -0.342775
v 0.053179 -1.278880 -0.431421
v 0.147121 -1.279292 -0.349377
v 0.244760 -1.297642 -0.384433
v 0.402998 -1.314059 -0.161866
v 0.410255 -1.405198 0.065534
v 0.402479 -1.474385 0.258238
v 0.280248 -1.468877 0.346734
v 0.221362 -1.459236 0.414540
v 0.112751 -1.455172 0.385789
v -0.376595 -1.352663 0.067102
v -0.464477 -1.343637 0.049339
v -0.346995 -1.320396 -0.106868
v -0.382621 -1.263435 -0.170730
v -0.287175 -1.262493 -0.230586
v -0.173058 -1.209794 -0.341430
v 0.379070 -1.308476 -0.215974
v 0.441743 -1.395645 -0.001011
v 0.404732 -1.403573 0.138618
v 0.242350 -1.448368 0.395640
v 0.180094 -1.430728 0.416565
v 0.132381 -1.424032 0.441629
v 0.053088 -1.435241 0.433543
v 0.028043 -1.410307 0.450054
v -0.163692 -1.397549 0.431001
v -0.202047 -1.387236 0.373482
v -0.278980 -1.368853 0.377866
v -0.399807 -1.389749 0.224299
v -0.397735 -1.367926 0.168346
v -0.465756 -1.349129 0.113479
v -0.440851 -1.337565 -0.023790
v -0.287831 -1.217754 -0.296818
v -0.229279 -1.202380 -0.349123
v -0.152584 -1.186010 -0.380406
v -0.098984 -1.297237 -0.361618
v -0.028875 -1.275152 -0.433755
v 0.075413 -1.256737 -0.496696
v 0.116959 -1.283870 -0.454631
v 0.191067 -1.293131 -0.386325
v 0.278263 -1.292434 -0.303750
v 0.333806 -1.298664 -0.282580
v 0.498977 -1.368942 -0.030532
v 0.487848 -1.371321 0.051514
v 0.491852 -1.400439 0.161895
v 0.439607 -1.456995 0.232653
v 0.422977 -1.459946 0.297878
v 0.355009 -1.440800 0.344093
v 0.290841 -1.443938 0.387256
v 0.192280 -1.406825 0.467942
v 0.133618 -1.369128 0.485847
v 0.095468 -1.383294 0.501482
v 0.014509 -1.373087 0.513557
v -0.112647 -1.375400 0.463236
v -0.203915 -1.384091 0.464149
v -0.356968 -1.361099 0.301185
v -0.478386 -1.385294 0.190049
v -0.486354 -1.338559 -0.021047
v -0.429723 -1.268724 -0.145587
v -0.368843 -1.225297 -0.261532
v -0.062422 -1.225117 -0.463046
v 0.180242 -1.279970 -0.481494
v 0.353005 -1.327159 -0.368050
v 0.439723 -1.302716 -0.210782
v 0.474774 -1.315071 -0.164597
v 0.545343 -1.351345 -0.081047
v 0.511539 -1.375180 0.080895
v 0.509226 -1.440654 0.284394
v 0.487065 -1.510615 0.438595
v 0.358876 -1.442482 0.407451
v 0.295151 -1.415145 0.427613
v 0.240764 -1.407535 0.465686
v -0.273167 -1.367101 0.451660
v -0.563801 -1.327691 0.275627
v -0.541872 -1.344561 0.216388
v -0.456912 -1.295297 -0.084953
v -0.438401 -1.251683 -0.201879
v -0.289699 -1.178339 -0.347112
v -0.213007 -1.138895 -0.457845
v -0.044848 -1.126801 -0.609319
v 0.025790 -1.250331 -0.534495
v 0.243687 -1.273689 -0.455622
v 0.306100 -1.320218 -0.407689
v 0.415978 -1.313381 -0.372921
v 0.526131 -1.306271 -0.152451
v 0.601710 -1.333473 -0.017753
v 0.557380 -1.351056 0.081330
v 0.485555 -1.502075 0.395707
v 0.368855 -1.398690 0.447789
v 0.358393 -1.362674 0.505624
v 0.310627 -1.394380 0.489110
v 0.262817 -1.386566 0.511245
v 0.095271 -1.355658 0.538640
v -0.084677 -1.362377 0.520830
v -0.248244 -1.372467 0.507351
v -0.380966 -1.341358 0.462727
v -0.508452 -1.314384 0.293450
v -0.529379 -1.352837 0.022172
v -0.537169 -1.285734 -0.053566
v -0.240574 -1.162223 -0.389879
v 0.296038 -1.286475 -0.465724
v 0.525939 -1.310133 -0.359590
v 0.482782 -1.290114 -0.285023
v 0.618153 -1.411464 0.240948
v 0.311749 -1.350455 0.543972
v 0.037212 -1.353149 0.578324
v -0.116454 -1.353651 0.580258
v -0.166827 -1.353630 0.554894
v -0.286371 -1.356337 0.525105
v -0.463224 -1.314679 0.422096
v -0.404797 -1.313090 0.385573
v -0.570269 -1.369241 0.143939
v -0.616061 -1.366095 0.127714
v -0.516638 -1.255758 -0.152268
v -0.425452 -1.190034 -0.301511
v -0.130531 -1.148366 -0.466648
v -0.004007 -1.210948 -0.572513
v 0.092373 -1.248369 -0.621734
v 0.259303 -1.277546 -0.546744
v 0.319447 -1.265398 -0.517421
v 0.380099 -1.282907 -0.432049
v 0.527352 -1.296354 -0.244604
v 0.673087 -1.391382 -0.174350
v 0.618339 -1.361570 -0.137327
v 0.601727 -1.435046 0.321408
v 0.564282 -1.494555 0.453122
v 0.472160 -1.441406 0.498216
v 0.229639 -1.330212 0.526488
v 0.196375 -1.329517 0.542662
v 0.171123 -1.306089 0.621287
v 0.065538 -1.323318 0.610850
v -0.009088 -1.328989 0.624007
v -0.071124 -1.333946 0.609257
v -0.193839 -1.273048 0.646195
v -0.401979 -1.314448 0.477851
v -0.466914 -1.326411 0.344911
v -0.646052 -1.321386 0.179844
v -0.669562 -1.346227 0.092024
v -0.603312 -1.361065 0.042626
v -0.604879 -1.321587 -0.015684
v -0.453389 -1.165433 -0.345960
v -0.362034 -1.112374 -0.430136
v -0.182949 -1.100496 -0.507535
v 0.029371 -1.188872 -0.621927
v 0.175428 -1.277801 -0.547516
v 0.247234 -1.287704 -0.614196
v 0.394547 -1.259431 -0.498214
v 0.713262 -1.352686 -0.087687
v 0.723909 -1.345268 0.013503
v 0.538289 -1.433818 0.516825
v 0.462462 -1.359247 0.562553
v 0.321456 -1.331488 0.606591
v -0.076209 -1.292308 0.675602
v -0.248111 -1.286577 0.585723
v -0.506120 -1.259565 0.460347
v -0.702745 -1.301048 0.035677
v -0.595604 -1.273602 -0.101946
v -0.573990 -1.260244 -0.141935
v -0.538211 -1.213449 -0.192207
v 0.294151 -1.272386 -0.612710
v 0.414388 -1.274824 -0.543949
v 0.472027 -1.287510 -0.461759
v 0.508026 -1.299645 -0.471708
v 0.602853 -1.310566 -0.368799
v 0.715739 -1.358392 0.107469
v 0.701400 -1.377309 0.172301
v 0.649057 -1.469276 0.466184
v 0.535384 -1.414573 0.589778
v 0.366064 -1.299781 0.574321
v 0.291669 -1.291120 0.636690
v 0.176777 -1.276711 0.661515
v 0.013098 -1.286897 0.648863
v -0.356176 -1.272038 0.567527
v -0.404933 -1.212796 0.573878
v -0.687027 -1.319799 0.262206
v -0.614597 -1.205325 -0.190236
v -0.520992 -1.100464 -0.371012
v -0.289758 -1.099589 -0.464705
v -0.138639 -1.087566 -0.592084
v 0.121644 -1.242526 -0.669893
v 0.294353 -1.250362 -0.654660
v 0.357560 -1.252078 -0.626896
v 0.556187 -1.278654 -0.502783
v 0.672864 -1.355623 -0.260124
v 0.743860 -1.345631 -0.187877
v 0.749590 -1.350177 0.245592
v 0.700057 -1.400827 0.343401
v 0.433633 -1.305255 0.614430
v 0.245248 -1.273268 0.684322
v 0.070651 -1.260488 0.677722
v 0.027138 -1.254365 0.716853
v -0.105881 -1.267628 0.720787
v -0.300262 -1.261858 0.605089
v -0.478853 -1.180190 0.561916
v -0.543508 -1.309268 0.406155
v -0.647549 -1.317975 0.392829
v -0.728944 -1.318931 0.345627
v -0.761708 -1.308446 0.227187
v -0.733949 -1.352496 0.129022
v -0.725298 -1.281174 -0.019903
v -0.451443 -1.054972 -0.485628
v -0.289036 -1.040606 -0.531551
v -0.245098 -1.040137 -0.554032
v -0.193986 -1.049730 -0.602233
v -0.100794 -1.130134 -0.548597
v 0.004157 -1.136990 -0.692003
v 0.241022 -1.255129 -0.712200
v 0.496036 -1.289591 -0.601955
v 0.608059 -1.288167 -0.436934
v 0.745869 -1.367748 -0.358668
v 0.768704 -1.367959 -0.277860
v 0.753141 -1.306835 -0.066950
v 0.795987 -1.295818 0.106691
v 0.604963 -1.367910 0.629930
v 0.357700 -1.271530 0.659570
v 0.213850 -1.155476 0.757852
v -0.027990 -1.216119 0.760755
v -0.214236 -1.236056 0.686883
v -0.291451 -1.203678 0.664954
v -0.562987 -1.202740 0.507775
v -0.802551 -1.336409 0.125565
v -0.748438 -1.236389 -0.089677
v -0.659364 -1.285927 -0.075583
v -0.667687 -1.166226 -0.203317
v -0.572133 -1.184665 -0.257507
v -0.381335 -1.040754 -0.505894
v 0.419748 -1.241212 -0.668462
v 0.580705 -1.284029 -0.572279
v 0.897018 -1.267221 -0.009803
v 0.795416 -1.278726 0.040682
v 0.735054 -1.400823 0.421578
v 0.717119 -1.402354 0.504672
v 0.543970 -1.350383 0.680599
v 0.403929 -1.241963 0.655077
v 0.326381 -1.226203 0.695235
v 0.160893 -1.196031 0.761755
v 0.056313 -1.222605 0.756810
v -0.188736 -1.185205 0.770953
v -0.733483 -1.321746 0.408276
v -0.861909 -1.300356 0.201899
v -0.807222 -1.276450 0.028811
v -0.883927 -1.271245 0.007520
v -0.759764 -1.273175 -0.043047
v -0.158089 -0.972764 -0.731245
v 0.336614 -1.222781 -0.725887
v 0.523170 -1.281540 -0.722505
v 0.711881 -1.324586 -0.608610
v 0.695925 -1.324621 -0.453421
v 0.765399 -1.365734 -0.444460
v 0.842435 -1.348589 -0.385091
v 0.809365 -1.340086 -0.308243
v 0.823628 -1.331600 -0.198788
v 0.871200 -1.269034 -0.149663
v 0.899549 -1.265018 0.113534
v 0.816587 -1.316925 0.233170
v 0.792224 -1.379348 0.467360
v 0.729546 -1.375544 0.568862
v 0.613567 -1.317589 0.684607
v 0.299538 -1.195301 0.723056
v 0.261811 -1.162760 0.762697
v 0.105549 -1.212693 0.791521
v -0.015459 -1.172412 0.852571
v -0.064865 -1.186381 0.829532
v -0.278783 -1.154411 0.775541
v -0.338077 -1.214905 0.623518
v -0.777669 -1.300200 0.399073
v -0.810959 -1.317159 0.288333
v -0.920268 -1.303318 0.178983
v -0.896305 -1.306551 0.110533
v -0.750709 -1.187635 -0.171295
v -0.756519 -1.135435 -0.257204
v -0.604637 -1.098562 -0.350341
v -0.252172 -0.965884 -0.683071
v 0.043515 -0.979050 -0.774518
v 0.263022 -1.100710 -0.790074
v 0.462874 -1.241449 -0.776308
v 0.627239 -1.286449 -0.660333
v 0.825099 -1.360448 -0.564017
v 0.854837 -1.359746 -0.469834
v 0.850870 -1.297877 -0.122395
v 0.895023 -1.275457 0.245351
v 0.807858 -1.361224 0.532807
v 0.729443 -1.335705 0.628839
v 0.639168 -1.363626 0.587568
v 0.566032 -1.311053 0.731963
v 0.461934 -1.201354 0.776131
v 0.415763 -1.184242 0.745093
v -0.328082 -1.118518 0.746679
v -0.522551 -1.101431 0.644370
v -0.604926 -1.134196 0.600405
v -0.746452 -1.251311 0.463142
v -0.900004 -1.268413 0.364436
v -0.869419 -1.298960 0.283394
v -0.970811 -1.292482 0.283236
v -0.912078 -1.276731 0.055812
v -0.817223 -1.223450 -0.087329
v -0.718182 -1.114761 -0.313166
v -0.584647 -1.059899 -0.421775
v -0.502734 -1.030842 -0.503089
v -0.439785 -0.979077 -0.596850
v -0.340915 -0.991105 -0.583366
v -0.199719 -0.977664 -0.679969
v -0.069989 -1.064387 -0.708673
v 0.365820 -0.960731 -0.900436
v 0.590145 -1.253903 -0.733735
v 0.870542 -1.290020 -0.265630
v 0.370307 -1.172586 0.734157
v 0.352657 -1.145274 0.785904
v 0.320729 -1.165662 0.772660
v 0.065866 -1.158959 0.847359
v -0.153086 -1.146617 0.825685
v -0.381964 -1.125252 0.691506
v -0.695180 -1.044863 -0.431190
v -0.261084 -0.971905 -0.656283
v 0.552320 -1.229525 -0.798512
v 0.822725 -1.333862 -0.622239
v 0.887630 -1.303596 -0.562706
v 0.937861 -1.294747 -0.349740
v 0.928739 -1.228490 -0.032875
v 0.983116 -1.223819 0.075351
v 0.975616 -1.213393 0.151936
v 0.966777 -1.220786 0.198896
v 0.867180 -1.302414 0.359578
v 0.865960 -1.301937 0.478424
v 0.853389 -1.334981 0.604913
v 0.699585 -1.309352 0.742660
v -0.403618 -1.046304 0.809292
v -0.464938 -1.097881 0.692457
v -0.668795 -1.194224 0.540111
v -0.815251 -1.155491 0.533400
v -0.891461 -1.276170 0.436353
v -1.004763 -1.279473 0.235999
v -0.976244 -1.255254 0.094866
v -0.915543 -1.188743 -0.042156
v -0.870863 -1.139009 -0.190470
v -0.500979 -0.988575 -0.544886
v -0.203084 -0.932351 -0.742547
v -0.126267 -1.005485 -0.711818
v 0.564274 -1.093200 -0.903600
v 0.633854 -1.223450 -0.822248
v 0.765334 -1.282894 -0.727560
v 0.833403 -1.307661 -0.689715
v 0.918140 -1.271124 -0.482021
v 0.941500 -1.225526 -0.208546
v 0.984151 -1.168001 -0.107128
v 0.953552 -1.203673 0.347925
v 0.799343 -1.340094 0.669540
v 0.778386 -1.303516 0.759421
v 0.578599 -1.267178 0.809702
v 0.499382 -1.220874 0.783446
v 0.409394 -1.117729 0.838317
v 0.266283 -1.130796 0.838280
v 0.201427 -1.100172 0.890144
v 0.107238 -1.149590 0.890436
v -0.144794 -1.097217 0.903074
v -0.587693 -1.064770 0.679322
v -0.961895 -1.186487 0.033270
v -0.820094 -1.105284 -0.252440
v 0.285004 -0.870995 -0.908263
v 0.395176 -1.026621 -0.867015
v 0.477710 -1.075179 -0.879249
v 0.600825 -1.115698 -0.881033
v 0.891013 -1.225119 -0.612415
v 0.926966 -1.216272 -0.537196
v 0.996388 -1.177250 -0.449790
v 0.990197 -1.256349 -0.352451
v 0.921144 -1.266718 0.572186
v 0.837395 -1.280257 0.728499
v 0.756155 -1.305516 0.834012
v 0.619368 -1.258730 0.912092
v 0.477133 -1.145196 0.858576
v 0.339442 -1.063579 0.987753
v 0.294792 -1.087463 0.986369
v 0.174898 -1.086874 0.965253
v 0.072837 -1.118376 1.007078
v -0.020084 -1.115912 0.992862
v -0.244806 -1.082410 0.896304
v -0.299185 -1.069611 0.857583
v -0.514008 -1.059170 0.756238
v -0.798304 -1.120538 0.591566
v -0.951823 -1.192800 0.526163
v -0.993501 -1.226858 0.420772
v -1.050668 -1.195699 0.173596
v -0.989869 -1.127144 -0.038877
v -0.957034 -1.125310 -0.145028
v -0.648433 -0.949585 -0.584661
v -0.600277 -1.007434 -0.506160
v -0.494795 -0.941149 -0.621203
v -0.398216 -0.940507 -0.653231
v 0.102425 -0.967405 -0.790356
v 0.207008 -1.036896 -0.794098
v 0.692111 -1.132930 -0.898688
v 0.745876 -1.214309 -0.839603
v 0.828266 -1.226456 -0.780079
v 1.039026 -1.182507 -0.203731
v 1.053890 -1.140643 -0.120523
v 0.998784 -1.177708 -0.008483
v 1.051794 -1.165230 0.058877
v 0.936239 -1.216589 0.461102
v 0.854076 -1.248678 0.828019
v 0.703221 -1.239422 0.938818
v 0.573093 -1.183676 1.022684
v 0.481707 -1.093982 0.970641
v 0.370883 -1.081332 0.925506
v -0.306314 -1.014225 0.929503
v -0.504513 -1.022511 0.779593
v -0.654962 -1.112949 0.620787
v -0.856568 -1.129648 0.575994
v -1.039820 -1.183394 0.496494
v -1.024091 -1.232145 0.355257
v -1.006460 -1.094137 -0.116266
v -0.900561 -1.073275 -0.301930
v -0.259152 -0.890248 -0.772237
v 0.081708 -0.796450 -0.879500
v 1.061512 -1.205792 -0.315466
v 1.035825 -1.133559 0.175221
v 0.896487 -1.289180 0.692703
v 0.716453 -1.274362 0.876639
v 0.635411 -1.217187 1.030519
v 0.237894 -1.081398 1.055093
v 0.068698 -1.087443 1.082376
v 0.020277 -1.096030 1.043894
v -0.078871 -1.044581 1.040334
v -0.363628 -1.007530 0.878815
v -0.595296 -1.018477 0.749361
v -0.757937 -1.081825 0.661278
v -1.141083 -1.194093 0.270309
v -1.070123 -1.154713 0.117760
v -1.104942 -1.081789 0.059712
v -1.015151 -1.090069 -0.256330
v -0.832203 -1.030537 -0.401377
v -0.578981 -0.901917 -0.666990
v -0.384847 -0.871710 -0.736177
v 0.171026 -0.824855 -0.891038
v 0.547093 -0.977159 -0.970037
v 0.772784 -1.110455 -0.901604
v 0.910159 -1.194304 -0.841934
v 0.929476 -1.185791 -0.709097
v 1.012115 -1.159848 -0.544870
v 1.053884 -1.149534 -0.477157
v 1.147632 -1.107419 -0.400054
v 1.039697 -1.112471 0.265034
v 1.017298 -1.155738 0.507548
v 0.804654 -1.204196 0.928850
v 0.429904 -1.053397 0.966060
v 0.405919 -1.021967 1.018369
v 0.125704 -1.083852 1.100156
v -0.196734 -1.063957 0.983340
v -0.462436 -0.979957 0.862200
v -1.029158 -1.144921 0.557036
v -1.151512 -1.192297 0.338098
v -1.117741 -1.112478 0.163341
v -1.063522 -1.078073 -0.102784
v -1.078963 -1.046376 -0.196260
v -0.743369 -0.950670 -0.547799
v -0.493780 -0.858247 -0.732033
v -0.087905 -0.769459 -0.848486
v 0.000479 -0.806548 -0.838460
v 0.967360 -1.155385 -0.741033
v 1.025023 -1.165896 -0.640105
v 1.167631 -1.148556 -0.289843
v 1.107208 -1.059187 0.139133
v -0.001879 -1.047371 1.088710
v -0.145829 -1.002407 1.081876
v -0.367297 -0.975596 0.981034
v -0.871817 -1.054112 0.663294
v -1.094644 -1.181247 0.444703
v -1.185080 -1.181438 0.376864
v -0.901478 -0.968060 -0.473144
v -0.208135 -0.797103 -0.821921
v 1.060676 -1.138604 -0.662334
v 1.091178 -1.081506 -0.588857
v 1.155107 -1.120057 -0.217491
v 1.114321 -1.059362 0.059415
v 1.037025 -1.117797 0.572293
v 0.956762 -1.206844 0.796063
v 0.714810 -1.167632 0.991614
v 0.628537 -1.159073 1.059681
v 0.301768 -1.044092 1.084540
v 0.254553 -1.022510 1.100959
v 0.187409 -1.043457 1.117708
v 0.009086 -1.005690 1.111771
v -0.203310 -1.007460 1.016827
v -0.265130 -0.962152 1.022163
v -0.482527 -0.954026 0.933861
v -0.562942 -0.951924 0.892596
v -0.574033 -0.967386 0.827152
v -0.975949 -1.045426 0.667152
v -1.023772 -1.122654 0.610418
v -1.207814 -1.117618 0.515615
v -1.144605 -1.066486 0.238971
v -1.127326 -1.017149 0.062862
v -1.124969 -1.035541 -0.039054
v -1.105004 -1.044413 -0.302672
v -0.809517 -0.913487 -0.601165
v -0.644497 -0.866446 -0.704600
v -0.358777 -0.831251 -0.815541
v 0.429968 -0.877635 -0.967230
v 0.647745 -0.909546 -1.031731
v 0.890078 -1.030840 -0.893739
v 1.025435 -0.968769 -0.777475
v 1.070554 -0.902597 -0.775054
v 1.118315 -1.095910 -0.123387
v 1.122266 -0.958490 0.017294
v 1.119569 -1.019019 0.204443
v 1.156747 -1.000521 0.490689
v 0.777459 -1.136430 0.959514
v 0.537579 -0.920023 1.069802
v 0.381765 -1.006829 1.032835
v 0.389142 -0.973887 1.085586
v -0.366097 -0.930209 1.042660
v -0.636302 -0.942459 0.807363
v -0.743106 -0.941595 0.753009
v -0.753053 -1.010776 0.738364
v -1.155343 -1.042101 0.629252
v -1.124033 -1.163913 0.530545
v -1.221516 -1.127751 0.453819
v -1.180239 -0.996490 0.201745
v -1.134449 -0.973549 -0.059782
v -1.141487 -0.984832 -0.161658
v -1.166555 -1.021944 -0.347777
v -1.010440 -0.963481 -0.477910
v -0.891977 -0.898501 -0.600825
v -0.648534 -0.808170 -0.765354
v -0.525630 -0.813318 -0.809839
v -0.299996 -0.737026 -0.874437
v 0.682893 -0.966615 -1.009493
v 0.807112 -0.838807 -0.983706
v 1.126056 -1.076887 -0.477258
v 1.109706 -1.110342 -0.039616
v 1.115801 -1.082807 0.023865
v 1.152874 -0.988481 0.330921
v 1.154738 -1.026884 0.417687
v 1.166531 -0.986949 0.618358
v 0.936330 -1.182907 0.852603
v 0.200520 -0.960537 1.154878
v 0.078061 -0.940918 1.194530
v -0.197126 -0.920417 1.103062
v -0.340278 -0.899376 1.102029
v -0.690246 -0.896925 0.875097
v -0.773584 -0.871943 0.800517
v -0.808600 -0.925203 0.754046
v -1.179692 -0.933402 0.016155
v -1.186890 -0.909756 -0.053975
v -1.152594 -1.001451 -0.300400
v 0.044166 -0.707955 -0.910788
v 0.236436 -0.770255 -0.957075
v 0.287424 -0.730031 -0.989840
v 0.534037 -0.771554 -1.067286
v 0.878585 -0.827449 -0.953202
v 1.175300 -0.875391 -0.543057
v 1.231969 -0.899294 -0.434797
v 1.140588 -0.840056 0.056805
v 1.134833 -0.902933 0.106168
v 1.119090 -1.050929 0.772869
v 0.890211 -1.186385 0.882488
v 0.911723 -1.007987 0.941661
v 0.741334 -1.052623 1.046279
v 0.605450 -0.975593 1.088774
v 0.506978 -0.858245 1.125858
v 0.214479 -0.921371 1.187195
v -0.058777 -0.960428 1.157633
v -0.496460 -0.907890 0.991332
v -0.918368 -0.982697 0.722533
v -1.109327 -1.026705 0.669712
v -1.270207 -1.018202 0.442743
v -1.229009 -0.959682 0.182627
v -1.191654 -0.862072 -0.187213
v -1.175952 -0.960810 -0.438977
v 0.374487 -0.780688 -1.016273
v 1.030007 -0.879114 -0.831315
v 1.217186 -0.985538 -0.373846
v 1.177690 -0.796657 -0.322449
v 1.146199 -0.871507 -0.130835
v 1.151056 -0.831089 0.190243
v 1.155892 -0.933591 0.277477
v 1.078571 -0.982910 0.869631
v 0.865344 -0.947093 1.024471
v 0.590970 -0.813007 1.128394
v 0.381980 -0.896894 1.134908
v 0.025590 -0.870707 1.250669
v -0.117179 -0.940795 1.171158
v -0.461637 -0.866700 1.067285
v -0.773862 -0.854857 0.873284
v -0.842898 -0.879678 0.754552
v -1.032427 -0.930053 0.743417
v -1.254798 -1.060175 0.501307
v -1.225105 -0.989234 0.335809
v -1.244954 -0.910436 0.078684
v -1.155264 -0.926297 -0.274096
v -1.050423 -0.893861 -0.583110
v -0.432202 -0.779208 -0.854822
v 0.606551 -0.861215 -1.066792
v 0.741475 -0.842118 -1.016308
v 0.930403 -0.849422 -0.939271
v 1.156230 -0.724158 -0.614082
v 1.164958 -0.805741 -0.274959
v 1.157759 -0.898348 0.415215
v 1.177549 -0.894725 0.562067
v 1.180851 -0.977067 0.755234
v 0.957760 -0.885958 1.026363
v 0.713210 -0.847770 1.086567
v 0.452485 -0.899944 1.154383
v 0.351511 -0.858360 1.187916
v -0.048977 -0.852141 1.277663
v -0.207743 -0.895333 1.150463
v -0.426881 -0.867760 1.106907
v -0.638234 -0.862501 0.930375
v -0.853194 -0.842888 0.780041
v -1.045885 -0.866345 0.760831
v -1.157788 -0.938358 0.639474
v -1.297637 -0.863429 0.365058
v -1.250779 -0.874467 -0.038345
v -1.195156 -0.875846 -0.409834
v -1.148780 -0.890123 -0.546205
v -0.941165 -0.837516 -0.680017
v -0.608869 -0.747527 -0.862311
v -0.166343 -0.669493 -0.909604
v 0.041448 -0.546028 -1.009957
v 0.159353 -0.688037 -0.962028
v 0.993476 -0.871124 -0.898926
v 1.188329 -0.857357 0.476699
v 0.797036 -0.847642 1.068113
v 0.431707 -0.819733 1.179670
v 0.284767 -0.829026 1.228525
v -0.145902 -0.791381 1.273961
v -0.378353 -0.815789 1.153342
v -0.461800 -0.774839 1.178673
v -1.168045 -0.880522 0.663612
v -1.270174 -0.916416 0.521113
v -1.274070 -0.890124 0.428794
v -1.259364 -0.858115 0.191034
v -1.244783 -0.770091 0.006053
v -1.249317 -0.830123 -0.119131
v -0.521649 -0.727841 -0.908083
v 0.112680 -0.570726 -1.018954
v 0.474512 -0.714280 -1.079556
v 1.160624 -0.645379 -0.113105
v 1.151490 -0.672325 0.003081
v 1.153894 -0.711914 0.138423
v 1.178688 -0.843323 0.285703
v 1.180753 -0.721189 0.277851
v 1.192675 -0.787747 0.405391
v 1.186684 -0.784822 0.555200
v 1.189719 -0.909597 0.784742
v 0.643576 -0.837176 1.109150
v 0.517033 -0.796318 1.183018
v 0.355193 -0.771158 1.254617
v -0.570481 -0.797441 1.008598
v -0.756797 -0.766867 0.925005
v -0.877819 -0.753998 0.851167
v -1.302880 -0.836358 0.395407
v -1.255265 -0.775371 0.111823
v -1.222365 -0.789221 -0.283124
v -1.111047 -0.822934 -0.645455
v 1.089638 -0.821501 -0.714924
v 1.259423 -0.661720 -0.556345
v 1.231622 -0.847491 -0.471476
v 1.247516 -0.799532 -0.439072
v 1.159683 -0.727111 -0.174615
v 1.208997 -0.688342 0.363660
v 1.134423 -0.885284 0.924264
v 1.045633 -0.829708 0.986412
v 0.868506 -0.817901 1.047952
v 0.166346 -0.752530 1.304756
v 0.024038 -0.805752 1.307688
v -0.227059 -0.753494 1.250263
v -0.588720 -0.733249 1.042839
v -0.660239 -0.736403 1.012343
v -0.951449 -0.671930 0.862041
v -1.111110 -0.816802 0.778210
v -1.304336 -0.753671 0.257515
v -1.230289 -0.796603 -0.340557
v -1.233902 -0.806587 -0.430265
v -0.836713 -0.686791 -0.866853
v -0.784012 -0.784785 -0.792945
v -0.381588 -0.551004 -0.982147
v 0.224964 -0.573909 -1.047356
v 0.381080 -0.579730 -1.148766
v 0.691522 -0.685072 -1.064861
v 1.034854 -0.738693 -0.884772
v 1.188487 -0.696066 -0.262576
v 0.730257 -0.659783 1.163353
v 0.572418 -0.722745 1.214261
v 0.250743 -0.781475 1.240765
v -0.274557 -0.792903 1.185661
v -0.769358 -0.677852 0.993348
v -0.852077 -0.731165 0.899837
v -1.028572 -0.765486 0.798635
v -1.170115 -0.782865 0.710727
v -1.273525 -0.775851 0.560115
v -1.256197 -0.767190 0.465899
v -1.338308 -0.729231 0.350664
v -1.324355 -0.713756 0.167700
v -1.266235 -0.697768 -0.406484
v -1.111241 -0.761410 -0.737992
v 0.418191 -0.624168 -1.126650
v 0.655269 -0.533040 -1.092886
v 1.107506 -0.714163 -0.831704
v 1.252780 -0.705582 0.789317
v 1.225092 -0.821070 0.779859
v 1.112687 -0.754160 1.011825
v 0.808947 -0.694601 1.146717
v 0.432154 -0.742179 1.217534
v 0.408968 -0.707127 1.280416
v 0.264732 -0.709095 1.289587
v 0.002267 -0.722973 1.336761
v -0.054461 -0.751615 1.349812
v -0.339992 -0.713159 1.207481
v -0.532064 -0.692936 1.169247
v -0.707543 -0.665042 1.043477
v -1.242599 -0.751734 -0.084456
v -1.249185 -0.682770 -0.172689
v -1.253067 -0.721854 -0.246900
v -1.232752 -0.746504 -0.600312
v -0.232800 -0.532251 -0.971390
v -0.040613 -0.584370 -0.961241
v 0.858882 -0.559222 -1.004156
v 1.290106 -0.623303 -0.495022
v 1.148991 -0.617182 0.080631
v 1.185338 -0.745448 0.626667
v 1.217801 -0.768423 0.894905
v 0.968738 -0.782349 1.057404
v 0.568592 -0.660067 1.237314
v 0.492711 -0.675395 1.231009
v 0.363097 -0.614578 1.309487
v -0.417681 -0.692902 1.224431
v -0.820519 -0.609208 1.016316
v -0.846048 -0.658328 0.962022
v -0.915661 -0.641425 0.904512
v -1.103081 -0.724633 0.814381
v -1.180623 -0.745611 0.779264
v -1.248138 -0.729355 0.687051
v -1.292622 -0.668477 0.522841
v -1.285914 -0.686165 0.424982
v -1.301428 -0.687027 0.083145
v -1.301006 -0.625065 0.013807
v -1.277760 -0.567690 -0.132239
v -1.282252 -0.625364 -0.266672
v -1.248569 -0.657535 -0.531131
v -1.203894 -0.674411 -0.690579
v -1.077150 -0.689511 -0.827583
v -1.005052 -0.677564 -0.874614
v -0.741694 -0.621920 -0.945312
v -0.650054 -0.625216 -0.958758
v 0.245277 -0.505750 -1.089560
v 0.767032 -0.434031 -1.044126
v 0.929054 -0.588864 -0.962707
v 1.017094 -0.640417 -0.926754
v 1.223152 -0.596737 -0.620919
v 1.219716 -0.552206 -0.299877
v 1.182660 -0.473128 -0.176507
v 1.193300 -0.562724 0.288484
v 1.184521 -0.601690 0.459124
v 1.187879 -0.657871 0.519819
v 1.224385 -0.564460 0.674910
v 0.871704 -0.676351 1.134427
v 0.660164 -0.631047 1.202844
v 0.278915 -0.597088 1.320296
v 0.150372 -0.642723 1.307152
v 0.022443 -0.592201 1.363643
v -0.106561 -0.637478 1.409861
v -0.160449 -0.681921 1.379112
v -0.270617 -0.607359 1.333719
v -0.581985 -0.619818 1.180748
v -0.652974 -0.620276 1.100021
v -0.761168 -0.536362 1.130109
v -1.166522 -0.615665 0.778297
v -1.268200 -0.639917 0.707386
v -1.273320 -0.663683 0.647010
v -1.339687 -0.638315 0.201401
v -1.262003 -0.557702 -0.669394
v -0.898148 -0.593047 -0.937246
v 0.537291 -0.414248 -1.115898
v 0.574585 -0.598768 -1.082808
v 1.131848 -0.584364 -0.810872
v 1.169746 -0.586923 -0.693869
v 1.221387 -0.617465 -0.392035
v 1.228404 -0.493606 -0.360912
v 1.262204 -0.633348 0.939657
v 1.035003 -0.642498 1.083887
v 0.423847 -0.548107 1.330701
v -0.818648 -0.567198 1.080736
v -1.293055 -0.585759 0.446312
v -1.330035 -0.524171 0.302158
v -1.280554 -0.498821 -0.223957
v -1.329059 -0.546077 -0.381553
v -1.186579 -0.587343 -0.799746
v -1.006826 -0.498298 -0.896058
v -0.702569 -0.466972 -0.970832
v -0.543966 -0.531563 -0.991424
v 0.065500 -0.397927 -1.074304
v 0.385067 -0.505695 -1.163917
v 1.260639 -0.481558 -0.610834
v 1.198997 -0.429922 -0.215399
v 1.154262 -0.522864 0.081767
v 1.190611 -0.529540 0.351505
v 1.275049 -0.512628 0.790307
v 1.147961 -0.654116 1.027113
v 0.946791 -0.682533 1.127071
v 0.808102 -0.519379 1.202533
v -0.342606 -0.609008 1.303866
v -0.468094 -0.516520 1.270661
v -0.712136 -0.557452 1.164812
v -0.895241 -0.515206 1.024982
v -0.964169 -0.517476 0.951720
v -1.048151 -0.634239 0.877004
v -1.094069 -0.595827 0.851145
v -1.313897 -0.600955 0.661327
v -1.288038 -0.579259 0.573282
v -1.318098 -0.477246 0.063756
v -1.273660 -0.486645 -0.129365
v -1.298583 -0.503367 -0.305411
v -0.360129 -0.435170 -1.008049
v -0.199048 -0.358409 -1.016050
v -0.013284 -0.479665 -1.021961
v 1.056208 -0.544952 -0.904461
v 1.304024 -0.465264 -0.504800
v 1.170284 -0.411367 0.214064
v 1.203110 -0.543309 0.535548
v 1.239765 -0.574737 0.973263
v 0.907284 -0.552852 1.179971
v 0.629370 -0.556599 1.241505
v 0.494491 -0.525960 1.283270
v 0.217090 -0.543145 1.334838
v -0.652491 -0.573145 1.173771
v -0.808657 -0.517816 1.110886
v -1.245328 -0.573998 0.719589
v -1.316817 -0.537776 0.622732
v -1.312125 -0.515347 0.445312
v -1.297421 -0.543632 -0.567360
v -0.100537 -0.449429 -1.008652
v 0.089162 -0.324465 -1.117652
v 0.365556 -0.368630 -1.189932
v 0.481730 -0.390909 -1.144643
v 1.301055 -0.476512 -0.537803
v 1.277374 -0.412280 -0.446548
v 1.158357 -0.450101 -0.058546
v 0.981591 -0.448244 1.181678
v 0.677729 -0.456227 1.247243
v 0.611615 -0.477232 1.264968
v 0.550888 -0.403159 1.340609
v 0.219911 -0.447012 1.352486
v -0.247796 -0.547309 1.432822
v -0.308233 -0.471268 1.427819
v -0.305442 -0.548070 1.381839
v -0.380054 -0.444717 1.406614
v -0.683816 -0.482518 1.226657
v -1.039026 -0.489340 0.962245
v -1.174749 -0.514173 0.916652
v -1.164168 -0.548258 0.816218
v -1.242702 -0.516764 0.773332
v -1.322378 -0.475573 0.164883
v -1.175430 -0.407522 -0.799214
v 0.683537 -0.416972 -1.094227
v 0.989301 -0.460958 -0.930608
v 1.205760 -0.356817 -0.154733
v 1.166428 -0.383819 -0.034613
v 1.277763 -0.477191 0.823188
v 1.206370 -0.532756 1.027040
v 1.097029 -0.548478 1.112970
v 0.483202 -0.469796 1.325412
v -0.151668 -0.551903 1.452140
v -0.865229 -0.432805 1.128526
v -1.280603 -0.471577 0.821588
v -1.326916 -0.482158 0.550941
v -1.338712 -0.405911 0.372105
v -1.318733 -0.463298 -0.598169
v -0.871938 -0.446627 -0.958155
v -0.009790 -0.266906 -1.068411
v 1.051276 -0.384033 -0.898463
v 1.142180 -0.444040 -0.795970
v 1.238790 -0.383734 -0.331514
v 1.207244 -0.444416 0.471719
v 0.913776 -0.414473 1.209550
v 0.857580 -0.439745 1.237575
v 0.361096 -0.427885 1.393363
v 0.310182 -0.476902 1.347044
v 0.113614 -0.432895 1.396216
v -0.030828 -0.506509 1.435152
v -0.242610 -0.394370 1.490412
v -0.445357 -0.454269 1.345678
v -0.682090 -0.429752 1.246427
v -0.997690 -0.436768 1.043596
v -1.315889 -0.471847 0.703852
v -1.423562 -0.361233 0.671738
v -1.334113 -0.386431 0.253801
v -1.313001 -0.404977 0.114755
v -1.295630 -0.430909 -0.021731
v -1.283735 -0.401579 -0.161620
v -1.293531 -0.392067 -0.240981
v -1.344033 -0.501194 -0.462083
v -1.253047 -0.436008 -0.736962
v 0.226687 -0.366200 -1.150924
v 1.229308 -0.423663 -0.699385
v 1.266351 -0.351115 -0.656559
v 1.177786 -0.334115 0.306475
v 0.581715 -0.388244 1.310597
v 0.439871 -0.420106 1.374940
v -0.042492 -0.330066 1.509718
v -0.930545 -0.434071 1.100816
v -1.003281 -0.395847 1.059993
v -1.219316 -0.469539 0.974571
v -1.229760 -0.472959 0.881371
v -1.271930 -0.300000 -0.079266
v -1.361559 -0.429401 -0.395508
v -0.429690 -0.238452 -1.004661
v 0.628108 -0.346395 -1.115910
v 1.054665 -0.209282 -0.902198
v 1.119922 -0.288802 -0.819571
v 1.268862 -0.253635 -0.393956
v 1.222675 -0.284005 -0.285225
v 1.192005 -0.278365 -0.059715
v 1.166816 -0.338743 0.063263
v 1.253920 -0.347723 0.847984
v 1.192451 -0.345335 1.043520
v 1.183575 -0.474274 1.113089
v 1.080679 -0.414645 1.213678
v 0.736360 -0.350219 1.261837
v 0.481199 -0.355290 1.371646
v 0.429658 -0.314152 1.416733
v 0.364683 -0.323804 1.417799
v 0.300646 -0.347512 1.443034
v -0.156521 -0.420158 1.516998
v -0.322817 -0.334038 1.481606
v -0.555001 -0.408564 1.315379
v -0.800935 -0.387481 1.248278
v -0.855451 -0.328736 1.235711
v -1.350440 -0.419179 1.098245
v -1.441758 -0.370243 0.636945
v -1.397442 -0.389925 0.553607
v -1.369073 -0.345027 0.380368
v -1.367735 -0.292191 0.227019
v -1.327567 -0.307135 -0.214059
v -1.374630 -0.385720 -0.389014
v -1.313986 -0.346425 -0.628794
v -0.920874 -0.249445 -0.951546
v 0.143941 -0.267877 -1.171163
v 0.250964 -0.264181 -1.200794
v 0.479280 -0.260178 -1.181816
v 0.546120 -0.315229 -1.149241
v 0.975171 -0.345719 -0.920140
v 1.237708 -0.324415 -0.701499
v 1.321929 -0.216908 -0.543050
v 1.214026 -0.279519 -0.225770
v 1.162794 -0.291021 0.146935
v 1.237126 -0.391828 0.603969
v 1.282519 -0.309693 0.718419
v 1.106076 -0.344215 1.228985
v 0.924717 -0.349717 1.260574
v 0.522507 -0.313901 1.386861
v 0.107700 -0.305588 1.469216
v -1.016433 -0.335991 1.148757
v -1.209364 -0.330585 1.155590
v -1.396962 -0.387246 1.024806
v -1.434282 -0.375821 0.816320
v -1.320297 -0.280865 0.101083
v -1.370696 -0.346701 -0.477631
v -1.250834 -0.282481 -0.721105
v -0.754158 -0.330312 -0.978320
v -0.170535 -0.169932 -0.999436
v 0.809431 -0.320931 -1.023876
v 0.851740 -0.234553 -0.977476
v 1.278479 -0.293032 -0.601779
v 1.197484 -0.201351 -0.162200
v 1.072215 -0.301113 1.241979
v 1.002455 -0.313988 1.286687
v 0.801473 -0.311431 1.308083
v -0.433603 -0.329656 1.393385
v -0.684943 -0.289467 1.369008
v -0.815149 -0.284419 1.288855
v -0.922652 -0.350170 1.164241
v -1.340531 -0.357986 1.169539
v -1.401663 -0.347535 1.046209
v -1.438585 -0.318574 0.938878
v -1.445739 -0.326710 0.788058
v -1.418411 -0.301554 0.496360
v -1.429689 -0.265258 0.397138
v -1.305360 -0.228146 -0.023610
v -1.317322 -0.259777 -0.167520
v -1.369034 -0.262809 -0.399245
v -1.093022 -0.239776 -0.838445
v 0.105246 -0.160726 -1.165526
v 0.901917 -0.139932 -0.946093
v 1.233285 -0.253029 -0.741751
v 1.179043 -0.154799 0.044946
v 1.189189 -0.196065 0.307193
v 1.229430 -0.297155 0.492826
v 0.958762 -0.258174 1.299469
v 0.660879 -0.258791 1.361798
v 0.585869 -0.289887 1.347741
v 0.471397 -0.211607 1.416505
v 0.367643 -0.189091 1.444125
v 0.177643 -0.225490 1.507202
v -0.140494 -0.275684 1.529957
v -0.515856 -0.293146 1.385921
v -0.963811 -0.255181 1.211894
v -1.122462 -0.337490 1.155515
v -1.424065 -0.248175 0.862763
v -1.453073 -0.290907 0.625487
v -1.325013 -0.191375 -0.520764
v -1.330147 -0.285201 -0.579587
v -0.852571 -0.170665 -0.972302
v -0.068382 -0.208715 -1.040843
v 0.352397 -0.217948 -1.209447
v 0.438973 -0.128442 -1.180220
v 0.557157 -0.183112 -1.134674
v 0.707981 -0.220553 -1.076123
v 0.946488 -0.203125 -0.915013
v 1.286396 -0.187168 0.656850
v 1.209364 -0.265170 0.904134
v 0.996670 -0.200433 1.287270
v 0.880507 -0.190859 1.359666
v 0.834937 -0.230759 1.371776
v 0.275759 -0.216347 1.463638
v 0.055725 -0.239897 1.531907
v -0.367135 -0.271856 1.471470
v -0.436145 -0.135662 1.525168
v -0.564870 -0.228986 1.437420
v -0.613840 -0.226553 1.421624
v -0.887702 -0.190059 1.253080
v -1.017053 -0.226393 1.188863
v -1.241062 -0.177993 1.255877
v -1.290759 -0.282406 1.187978
v -1.450295 -0.246747 0.699996
v -1.454489 -0.227900 0.532252
v -1.436386 -0.180355 0.225582
v -1.331699 -0.181138 -0.116619
v -1.326091 -0.192178 -0.642941
v -1.216569 -0.215613 -0.732933
v -0.484738 -0.155150 -1.007961
v 0.672125 -0.131461 -1.075911
v 1.096771 -0.148346 -0.879585
v 1.159492 -0.223772 -0.806496
v 1.242932 -0.225407 0.527061
v 1.294910 -0.079038 0.602368
v 1.067888 -0.196577 1.172793
v 0.734505 -0.160063 1.437412
v 0.415358 -0.157438 1.455281
v -0.064698 -0.212171 1.539468
v -0.331894 -0.161650 1.548008
v -0.732263 -0.204038 1.348217
v -0.794616 -0.197761 1.297587
v -1.271878 -0.130033 1.247541
v -1.421283 -0.209045 1.185660
v -1.477869 -0.253307 1.052688
v -1.451712 -0.169590 0.619771
v -1.465542 -0.197894 0.362873
v -1.358417 -0.095578 -0.429345
v -0.896453 -0.100481 -0.963524
v 0.075203 -0.064366 -1.178368
v 0.268086 -0.112681 -1.212142
v 0.803502 -0.139492 -0.984683
v 1.141621 -0.096955 -0.818980
v 1.294648 -0.103486 -0.410828
v 1.197175 -0.158060 -0.093854
v 1.184623 -0.135921 0.125349
v 1.220290 -0.123542 0.326991
v 1.036549 -0.114392 1.091461
v 0.047513 -0.121263 1.564202
v -0.135997 -0.097023 1.554602
v -0.561409 -0.138594 1.470569
v -0.953383 -0.118097 1.261316
v -1.129675 -0.234567 1.188730
v -1.493541 -0.081445 0.974700
v -1.437715 -0.140140 0.795220
v -1.478211 -0.111276 0.554994
v -1.463197 -0.163415 0.424151
v -1.457364 -0.120877 0.302868
v -1.430513 -0.101429 0.122800
v -1.367717 -0.127559 0.013403
v -1.368085 -0.153793 -0.367523
v -1.319596 -0.112673 -0.603033
v -0.719231 -0.008992 -0.987878
v -0.189295 -0.132023 -1.008170
v -0.093082 -0.073198 -1.062912
v 0.803745 -0.080944 -0.981658
v 1.204243 -0.146816 -0.751369
v 1.277918 -0.149547 -0.628326
v 1.275512 -0.069376 -0.583019
v 1.248389 -0.098525 -0.263617
v 1.213392 -0.059177 0.057134
v 1.219050 -0.075687 0.221404
v 1.169128 -0.102249 0.834564
v 1.013400 -0.123097 1.197900
v 0.932176 -0.113427 1.357092
v 0.309130 -0.089386 1.472365
v 0.092735 -0.053209 1.549609
v -0.765680 -0.127972 1.338979
v -0.846321 -0.070644 1.301179
v -1.507603 -0.108471 1.060878
v -1.450857 -0.061947 0.351332
v -1.351861 -0.119891 -0.286620
v -0.317390 -0.065882 -1.033967
v 0.412019 -0.045832 -1.194321
v 1.051104 -0.072133 -0.919799
v 1.231375 -0.128511 -0.707758
v 1.261542 -0.003674 -0.442675
v 1.260613 -0.042619 -0.195157
v 1.251206 -0.077777 0.439612
v 1.246675 -0.116864 0.734197
v 1.159891 -0.002372 0.797991
v 1.108254 -0.129664 0.978021
v 0.812932 -0.110517 1.404349
v 0.786630 -0.043582 1.477881
v 0.621321 -0.157581 1.399736
v 0.552550 -0.052498 1.434123
v 0.462996 -0.070027 1.436751
v -0.229078 -0.082369 1.564008
v -0.379029 -0.056914 1.556155
v -0.634492 -0.110074 1.419597
v -0.669348 -0.065057 1.398515
v -1.039632 -0.075714 1.263499
v -1.228427 -0.103212 1.296642
v -1.458465 -0.071190 1.251540
v -1.473278 -0.006128 0.830442
v -1.500938 -0.037792 0.574865
v -1.475233 -0.054533 0.449998
v -1.418589 -0.015031 0.147813
v -1.422269 -0.057098 0.046450
v -1.334081 -0.124892 -0.165124
v -1.332720 -0.045541 -0.563869
v -1.208758 -0.083012 -0.718233
v 0.133644 0.029971 -1.234122
v 0.719244 -0.049953 -1.052886
v 0.964759 -0.046788 -0.937517
v 1.097978 -0.035845 -0.900069
v 1.289502 -0.053178 -0.363262
v 1.230201 -0.052643 -0.066926
v 1.229654 0.021035 0.062432
v 1.255852 0.010811 0.358668
v 1.011661 -0.013622 1.065648
v 0.903168 -0.029203 1.434822
v 0.671637 -0.032742 1.498630
v 0.314543 -0.013296 1.460748
v -0.598184 -0.009936 1.459245
v -0.786444 -0.058042 1.345976
v -1.252032 -0.019915 1.235253
v -1.512759 0.012935 1.210738
v -1.470737 -0.020999 0.727904
v -1.485458 -0.048558 0.662361
v -1.455482 0.004011 0.301936
v -1.385867 0.004796 -0.135200
v -1.365700 0.004665 -0.296546
v -1.363482 -0.027872 -0.356962
v -1.225891 -0.009537 -0.660632
v -1.022249 -0.089809 -0.861302
v -0.901804 -0.012739 -0.940439
v -0.395341 -0.002456 -1.042257
v -0.222352 0.055368 -1.095629
v 0.261199 -0.021943 -1.229977
v 0.576682 -0.046189 -1.103579
v 0.720047 0.002989 -1.069502
v 0.915620 0.033936 -0.970316
v 1.033865 0.057966 -0.980460
v 1.247211 0.044023 -0.659938
v 1.249543 0.038043 -0.518340
v 1.290650 0.042969 -0.326551
v 1.232530 0.046470 -0.063473
v 1.221935 0.038508 0.163381
v 1.061794 0.006997 0.921280
v 0.964939 0.010351 1.212250
v 0.201193 -0.026230 1.513723
v 0.123532 0.037068 1.571278
v -0.264784 -0.032441 1.552302
v -0.500562 0.017006 1.506504
v -0.517835 -0.040335 1.488948
v -0.753424 0.011494 1.370851
v -0.936090 -0.015234 1.278111
v -1.072767 0.008757 1.262194
v -1.153623 0.141363 1.225874
v -1.205072 0.057657 1.254823
v -1.556762 -0.005463 1.109352
v -1.389536 0.025550 -0.224336
v -1.118347 0.029506 -0.781421
v 0.425322 0.029835 -1.206265
v 0.591309 0.040153 -1.114948
v 0.778963 0.007155 -1.020446
v 1.184244 0.016505 -0.851410
v 1.283360 0.030311 0.534646
v 1.251185 0.058197 0.649074
v 1.191100 0.092100 0.733316
v 0.885603 0.047434 1.521174
v 0.820990 0.040382 1.539873
v 0.707015 0.081749 1.537810
v 0.003311 0.048554 1.568237
v -0.076431 -0.046958 1.569987
v -0.646030 0.097864 1.424098
v -0.844966 0.048608 1.329932
v -1.412076 0.040319 1.233152
v -1.515437 0.103173 1.232901
v -1.499248 0.071032 0.688465
v -1.415446 0.063867 0.147732
v -1.420180 0.048235 0.036719
v -1.299379 0.054837 -0.511806
v -1.137183 0.121797 -0.660994
v -1.049025 0.057155 -0.829135
v 0.289393 0.043436 -1.240316
v 1.220702 0.024499 -0.780282
v 1.092549 0.114296 0.812519
v 0.908982 0.108456 1.435136
v 0.636753 0.119492 1.576609
v 0.494293 0.083478 1.511202
v 0.388455 0.039885 1.453892
v 0.182610 0.151118 1.540659
v -0.291208 0.108546 1.574632
v -0.947187 0.088425 1.278520
v -1.034680 0.091483 1.242281
v -1.506421 0.167245 0.711177
v -1.398842 0.043621 -0.081880
v -1.359390 0.121302 -0.266116
v -0.901304 0.043816 -0.940372
v -0.791161 0.114575 -0.965916
v -0.608119 0.096630 -1.006075
v -0.111188 0.092868 -1.152092
v -0.055719 0.069503 -1.159997
v 0.327376 0.113061 -1.223144
v 0.437573 0.088122 -1.200622
v 0.704695 0.140328 -1.068290
v 1.121236 0.155702 -0.816426
v 1.305303 0.114218 -0.269232
v 1.252634 0.144760 0.160687
v 1.261106 0.061800 0.385038
v 1.305217 0.092400 0.495839
v 1.003654 0.062513 1.076176
v 0.689860 0.185767 1.519817
v 0.077308 0.085487 1.600944
v -0.126746 0.109309 1.559848
v -0.223902 0.161369 1.564960
v -0.465589 0.120860 1.485883
v -0.770364 0.185095 1.317404
v -1.308760 0.097145 1.238497
v -1.563547 0.153545 1.171474
v -1.555852 0.198907 1.074405
v -1.513225 0.223391 0.919336
v -1.526552 0.095225 0.940235
v -1.501235 0.115089 0.588743
v -1.378075 0.177990 -0.106603
v -1.287533 0.121750 -0.415836
v 0.246163 0.134243 -1.253634
v 0.524123 0.159957 -1.196522
v 0.651864 0.088419 -1.114855
v 0.822115 0.090094 -1.016811
v 1.072695 0.106851 -0.959182
v 1.132946 0.108618 -0.894285
v 1.236940 0.156672 -0.698092
v 1.228391 0.174150 -0.480556
v 1.266709 0.149925 0.052998
v 1.262345 0.122757 0.321250
v 1.274816 0.157668 0.616550
v 1.222015 0.254276 0.645942
v 1.139918 0.158581 0.763828
v 0.959489 0.141629 1.168363
v 0.934566 0.190331 1.335658
v 0.850038 0.171135 1.519205
v 0.597539 0.175129 1.598314
v 0.539387 0.226158 1.613917
v 0.389410 0.152140 1.514420
v 0.285537 0.138077 1.505591
v 0.030380 0.211838 1.605249
v -0.035969 0.141606 1.604617
v -0.818553 0.192858 1.259939
v -1.217661 0.245836 1.224237
v -1.514899 0.195592 0.810826
v -1.524512 0.130994 0.508463
v -1.393661 0.136463 0.044971
v -0.955035 0.141910 -0.880348
v -0.861012 0.155042 -0.925847
v 0.038750 0.208428 -1.233042
v 0.405542 0.178159 -1.228092
v 1.251891 0.206544 -0.361540
v 1.282663 0.129246 -0.141887
v 1.147306 0.217418 0.722466
v 1.058850 0.161266 0.893600
v 0.902196 0.222042 1.379198
v 0.802547 0.206491 1.554729
v 0.604453 0.235634 1.555028
v -0.372695 0.130762 1.545053
v -0.413795 0.227488 1.489894
v -0.698338 0.178831 1.373614
v -1.021370 0.195295 1.197090
v -1.500175 0.221895 0.636743
v -1.489807 0.105348 0.451104
v -1.469212 0.095043 0.350951
v -1.418844 0.145974 0.206339
v -1.270210 0.179454 -0.463970
v -1.072138 0.158392 -0.742401
v -0.557539 0.173999 -1.014670
v -0.277992 0.121151 -1.097583
v 0.139815 0.136439 -1.266911
v 0.558431 0.217313 -1.191868
v 0.889982 0.247225 -1.092242
v 0.952908 0.189046 -1.041965
v 1.150122 0.286446 -0.707922
v 1.019705 0.245969 0.935288
v 0.780429 0.292334 1.544368
v 0.567193 0.286104 1.591330
v 0.482222 0.251728 1.634639
v 0.154928 0.235266 1.581128
v -0.087117 0.193351 1.551132
v -0.601652 0.219389 1.382474
v -0.854706 0.275312 1.195757
v -1.275062 0.262992 1.181871
v -1.383414 0.290734 1.180861
v -1.525350 0.298510 1.128101
v -1.555436 0.311023 1.028594
v -1.496218 0.283660 0.718975
v -1.515133 0.223211 0.531850
v -1.439029 0.222967 0.219201
v -1.396817 0.209161 0.116790
v -1.305377 0.245640 -0.336750
v -0.976858 0.242702 -0.804031
v 0.170667 0.246878 -1.303662
v 0.634511 0.171625 -1.116515
v 0.993799 0.228938 -0.946559
v 1.080636 0.267913 -0.852765
v 1.210235 0.233854 -0.663749
v 1.305092 0.210882 -0.253712
v 1.311562 0.239744 -0.043863
v 1.286372 0.204474 0.015631
v 1.323004 0.240321 0.188531
v 1.379243 0.227004 0.431373
v 1.327714 0.227230 0.576194
v 1.118489 0.282769 0.762407
v 0.601752 0.335077 1.565209
v 0.435802 0.295840 1.647485
v 0.246776 0.251452 1.581105
v -0.127581 0.249347 1.517351
v -0.297449 0.268489 1.465053
v -0.473289 0.285503 1.427515
v -0.688720 0.345075 1.269050
v -1.044698 0.301461 1.180444
v -1.516349 0.265269 0.427123
v -1.251423 0.270902 -0.425312
v -0.858106 0.231896 -0.917525
v -0.352563 0.240882 -1.091430
v -0.071317 0.199526 -1.182745
v 0.483241 0.242835 -1.230745
v 0.676546 0.305398 -1.192614
v 1.107051 0.295618 -0.755198
v 1.291795 0.314376 -0.222244
v 1.304336 0.258838 -0.139478
v 1.326732 0.237395 0.118713
v 1.386235 0.323402 0.495696
v 0.992438 0.344826 1.111051
v 0.944122 0.234919 1.288769
v 0.922441 0.334097 1.242352
v 0.679643 0.318613 1.580759
v 0.565717 0.439347 1.561628
v 0.400488 0.383100 1.619074
v 0.337241 0.298125 1.631498
v -0.028977 0.366266 1.491380
v -0.236196 0.376902 1.376782
v -0.610155 0.366666 1.293094
v -0.747157 0.316063 1.248865
v -0.780717 0.337707 1.201158
v -1.187304 0.374379 1.158421
v -1.491811 0.367619 1.078007
v -1.507836 0.293466 0.859612
v -1.456086 0.275758 0.295717
v -1.369314 0.228978 -0.008243
v -1.102282 0.250931 -0.617653
v -0.563835 0.219362 -1.007872
v -0.204070 0.222862 -1.151145
v 0.226420 0.335227 -1.331442
v 0.301120 0.265965 -1.275291
v 1.010386 0.287787 -0.894912
v 1.202367 0.312902 -0.543827
v 1.363146 0.318382 0.127447
v 1.065275 0.289481 0.834402
v 0.635592 0.408387 1.553141
v 0.096023 0.271997 1.569835
v -0.410067 0.350933 1.376840
v -0.931098 0.338503 1.173469
v -1.496008 0.386185 0.945396
v -1.455105 0.383101 0.822912
v -1.458294 0.354464 0.580208
v -1.472248 0.349259 0.446462
v -1.478768 0.377183 0.330474
v -1.340177 0.265223 -0.187269
v -1.268142 0.317896 -0.294072
v -0.941111 0.387726 -0.748776
v -0.660243 0.303036 -0.980164
v 0.100066 0.341494 -1.306067
v 0.482105 0.378882 -1.332239
v 0.900669 0.317068 -1.077843
v 0.948964 0.341145 -0.959779
v 1.066644 0.335067 -0.805985
v 1.353315 0.349307 -0.000560
v 1.387959 0.344714 0.233889
v 1.302742 0.427362 0.584512
v 1.242703 0.375392 0.633330
v 1.198300 0.397465 0.675938
v 0.883313 0.327333 1.419493
v 0.855399 0.380857 1.431586
v 0.772645 0.371791 1.500336
v 0.513730 0.397218 1.571128
v 0.254242 0.401262 1.555835
v 0.072060 0.340311 1.507765
v -0.082645 0.449742 1.401390
v -1.132151 0.384882 1.165839
v -1.308882 0.448485 1.132923
v -1.414003 0.420648 1.106189
v -1.408751 0.482968 1.046284
v -1.373839 0.403515 0.092454
v -1.371241 0.322181 0.082522
v -1.278063 0.371190 -0.230336
v -1.183729 0.289831 -0.499861
v -0.862094 0.323267 -0.868850
v -0.552931 0.297571 -1.013589
v -0.007206 0.321977 -1.226671
v 0.078694 0.434613 -1.325657
v 0.332645 0.387425 -1.355198
v 0.585238 0.362351 -1.274306
v 0.788618 0.334540 -1.182871
v 1.047865 0.422324 -0.716802
v 1.115591 0.378299 -0.627816
v 1.229691 0.307133 -0.379847
v 1.323329 0.338100 -0.075652
v 1.389219 0.423706 0.462300
v 0.106377 0.486361 1.440169
v -0.861447 0.423769 1.159875
v -1.003757 0.396625 1.138373
v -1.404996 0.530622 0.824530
v -1.377900 0.607026 0.668971
v -1.402012 0.432902 0.534412
v -1.412681 0.423106 0.406515
v -1.448899 0.428167 0.267606
v -1.296074 0.429216 -0.112087
v -1.218365 0.390174 -0.415419
v -1.091951 0.345462 -0.577396
v -0.964000 0.397621 -0.704189
v 0.442366 0.445286 -1.365278
v 0.705206 0.348363 -1.205848
v 0.851724 0.421996 -1.110246
v 0.962846 0.432809 -0.874169
v 1.215192 0.396528 -0.334742
v 1.291379 0.374905 -0.195789
v 1.445704 0.343281 0.414565
v 1.379742 0.473178 0.291123
v 1.132080 0.424642 0.788213
v 1.043590 0.401657 0.975248
v 0.972392 0.422448 1.088219
v 0.859725 0.510751 1.425962
v 0.706191 0.457465 1.484206
v 0.688557 0.521568 1.446285
v 0.422218 0.523116 1.537914
v -0.168045 0.500970 1.327652
v -0.505073 0.389393 1.345969
v -0.680967 0.487690 1.214164
v -1.231332 0.489721 1.126467
v -1.373877 0.566581 0.929255
v -1.352769 0.555448 0.528432
v -0.553930 0.379350 -1.005823
v -0.137189 0.306186 -1.179977
v 0.296347 0.463537 -1.358984
v 0.394434 0.512797 -1.344967
v 0.563651 0.486039 -1.279262
v 0.908342 0.445962 -1.021713
v 1.012244 0.461734 -0.800292
v 1.056152 0.472927 -0.660439
v 1.174695 0.408128 -0.520717
v 1.186092 0.476052 -0.396352
v 1.261426 0.432176 -0.247612
v 1.356454 0.440242 0.053217
v 1.368431 0.442638 0.165605
v 1.090033 0.469317 0.893043
v 0.884805 0.538631 1.394637
v 0.293971 0.532441 1.555032
v -0.018862 0.487487 1.402135
v -0.263356 0.459632 1.312688
v -0.451634 0.426960 1.330014
v -0.760532 0.472655 1.165290
v -1.102083 0.494009 1.147812
v -1.314216 0.588618 1.004679
v -1.363674 0.474744 0.091627
v -0.691657 0.382622 -0.917100
v -0.425815 0.371822 -1.068992
v 0.485185 0.481740 -1.320187
v 0.853751 0.572301 -0.990818
v 1.124322 0.461252 -0.565814
v 1.215842 0.482017 -0.328033
v 1.288840 0.437250 -0.081262
v 1.342377 0.505797 0.523032
v 1.250876 0.539509 0.691352
v 1.176110 0.507172 0.790808
v 0.975355 0.507176 1.146736
v 0.949857 0.535250 1.194798
v 0.916788 0.564733 1.298597
v 0.462294 0.589704 1.488397
v 0.318123 0.548024 1.552735
v 0.199508 0.591489 1.469717
v -0.588543 0.503702 1.287274
v -1.027809 0.591852 1.157805
v -1.372848 0.492833 0.344246
v -1.344471 0.551143 0.175769
v -1.234664 0.435373 -0.262945
v -1.174126 0.465068 -0.370191
v -1.053902 0.485793 -0.532475
v -0.266447 0.400207 -1.139359
v -0.140212 0.425817 -1.203890
v 0.032898 0.510060 -1.319632
v 0.161656 0.489670 -1.336652
v 0.741789 0.536109 -1.106928
v 1.009143 0.530425 -0.778336
v 1.302162 0.560789 -0.018909
v 1.360242 0.531600 0.107962
v 1.320416 0.565113 0.585683
v 1.103502 0.541498 0.870870
v 0.993863 0.599461 1.093584
v 0.955435 0.582857 1.188238
v 0.760237 0.551652 1.378497
v -0.085431 0.556882 1.349057
v -0.279926 0.551752 1.287714
v -0.498093 0.538520 1.302778
v -0.844845 0.488952 1.128824
v -1.173325 0.637228 1.088210
v -1.321297 0.667767 0.797851
v -1.386702 0.592361 0.756266
v -1.327354 0.549823 0.257589
v -0.518811 0.414231 -1.029289
v -0.439740 0.472238 -1.076741
v -0.036001 0.465790 -1.274058
v 0.928918 0.524078 -0.923356
v 1.233891 0.492117 -0.243536
v 1.256192 0.600422 -0.125681
v 1.341243 0.537701 0.323803
v 1.261796 0.646311 0.649456
v 0.542824 0.583372 1.467867
v 0.441295 0.666176 1.447321
v 0.315966 0.654668 1.435265
v 0.242258 0.672274 1.473782
v 0.032330 0.621983 1.347793
v -0.598074 0.583384 1.206993
v -1.239293 0.617288 1.056174
v -1.293594 0.533864 -0.047196
v -0.811091 0.485298 -0.798074
v -0.532854 0.502150 -0.972824
v -0.479035 0.498148 -1.015164
v 0.251734 0.568684 -1.306393
v 0.465493 0.607833 -1.279909
v 0.658661 0.584588 -1.191885
v 1.064087 0.567081 -0.658023
v 1.257371 0.569357 -0.198420
v 1.281117 0.657434 0.061524
v 1.172539 0.631140 0.815944
v 1.075928 0.629191 0.954509
v 0.924576 0.660686 1.043795
v 0.801439 0.645373 1.241815
v 0.698328 0.691470 1.295524
v -0.150428 0.658651 1.293350
v -0.508593 0.579219 1.233586
v -0.720213 0.548123 1.148394
v -0.871805 0.610231 1.136091
v -0.937564 0.692079 1.157668
v -1.047146 0.643022 1.117795
v -1.112087 0.672518 1.101072
v -1.289500 0.647484 0.935287
v -1.323190 0.712877 0.697533
v -1.291538 0.730716 0.591779
v -1.278465 0.628163 0.313241
v -1.304250 0.596003 0.130288
v -0.357889 0.526848 -1.132743
v -0.187656 0.527519 -1.184518
v 0.099172 0.552604 -1.296742
v 0.322344 0.617102 -1.302883
v 0.653918 0.642877 -1.165606
v 1.028603 0.644558 -0.748820
v 1.101439 0.588217 -0.535568
v 1.128928 0.553152 -0.452959
v 1.149554 0.603528 -0.356107
v 1.341899 0.615560 0.150127
v 1.303516 0.645785 0.258938
v 1.307160 0.630643 0.340191
v 1.133629 0.673386 0.853387
v 0.335962 0.733785 1.387171
v 0.263704 0.711665 1.410056
v -0.065929 0.623176 1.313419
v -0.429340 0.576291 1.300450
v -0.691829 0.653325 1.177495
v -1.132209 0.766615 0.974410
v -1.303483 0.720922 0.739200
v -1.220089 0.720738 0.353515
v -1.209163 0.567086 -0.158061
v -1.150891 0.509294 -0.348985
v -1.017719 0.559815 -0.461684
v -0.889805 0.524856 -0.664225
v -0.136239 0.614467 -1.263467
v -0.039153 0.577591 -1.307995
v 0.488656 0.683820 -1.211289
v 0.597459 0.639492 -1.187200
v 0.795585 0.631393 -1.019687
v 0.914611 0.627397 -0.822303
v 1.191292 0.687946 -0.158767
v 1.232041 0.676870 -0.034888
v 1.180558 0.690234 0.745658
v 1.028333 0.653806 0.967348
v 0.737786 0.738265 1.191872
v 0.615107 0.713761 1.299097
v 0.129682 0.685880 1.428523
v -0.252403 0.652941 1.290376
v -0.500603 0.648301 1.190064
v -1.027556 0.722225 1.114726
v -1.026899 0.781319 1.030128
v -1.192482 0.731817 0.913240
v -1.229926 0.680821 0.233687
v -1.236322 0.669869 0.028874
v -1.165716 0.644441 -0.121455
v -1.069876 0.613521 -0.287701
v -0.719207 0.509014 -0.854336
v -0.473567 0.581075 -0.971336
v -0.307802 0.570656 -1.142808
v -0.070298 0.640473 -1.251474
v 0.378635 0.706823 -1.226212
v 0.729609 0.691141 -1.066086
v 1.012854 0.697405 -0.712693
v 1.065031 0.656261 -0.626054
v 1.140904 0.739843 -0.392737
v 1.263391 0.726416 0.186475
v 1.273356 0.713424 0.253495
v 1.255081 0.683074 0.514490
v 1.130551 0.780635 0.563451
v 1.051628 0.726583 0.854135
v 0.516031 0.751545 1.342181
v 0.175428 0.764167 1.390194
v 0.033785 0.722124 1.350648
v -0.039044 0.748449 1.310515
v -0.123611 0.718304 1.277882
v -0.354891 0.665788 1.246152
v -0.845029 0.732754 1.153505
v -0.903819 0.801568 1.108931
v -0.951782 0.791974 1.077328
v -1.023583 0.804797 0.962842
v -0.898503 0.598112 -0.541756
v -0.582276 0.556105 -0.889897
v -0.370909 0.609303 -1.080813
v -0.243594 0.618192 -1.190573
v -0.118166 0.738604 -1.202401
v 0.054524 0.663983 -1.243342
v 0.047063 0.716020 -1.229668
v 0.309606 0.709076 -1.235615
v 1.125183 0.679407 -0.462864
v 1.187776 0.693452 -0.301209
v 1.212558 0.634631 -0.245491
v 1.209395 0.717272 0.385971
v 1.115720 0.760701 0.658671
v 1.167956 0.719795 0.681165
v 1.094797 0.731002 0.713640
v 0.920682 0.749448 0.887061
v 0.822878 0.779661 0.976665
v 0.766742 0.763798 1.112496
v 0.668500 0.798799 1.142540
v 0.278549 0.837944 1.293126
v -0.268865 0.750088 1.241515
v -0.424808 0.717693 1.198024
v -0.577751 0.708405 1.169649
v -0.702228 0.707412 1.177950
v -0.739802 0.768622 1.169050
v -1.070944 0.871889 0.856416
v -1.225074 0.800894 0.831274
v -1.253223 0.847149 0.628669
v -1.177210 0.709133 -0.044359
v -0.983610 0.591829 -0.429464
v -0.773039 0.606183 -0.652157
v -0.609785 0.666954 -0.786557
v 0.139776 0.675056 -1.255707
v 0.654215 0.710587 -1.112867
v 1.178778 0.709541 -0.097296
v 1.224848 0.738856 0.022945
v 1.132884 0.802810 0.438905
v 0.936530 0.785816 0.826467
v 0.387529 0.798435 1.286554
v 0.193929 0.820832 1.341382
v -0.180944 0.785875 1.268289
v -0.638944 0.809980 1.158816
v -0.916575 0.856590 1.081061
v -1.227600 0.853958 0.694917
v -1.208115 0.701111 0.153405
v -1.015446 0.718247 -0.193964
v -0.946860 0.669545 -0.341167
v -0.375053 0.740914 -0.974536
v -0.388969 0.635274 -1.043376
v -0.287974 0.703144 -1.039587
v -0.195876 0.718293 -1.114838
v 0.299336 0.781972 -1.208083
v 0.482515 0.765702 -1.103010
v 0.816781 0.681090 -0.922087
v 0.849839 0.699974 -0.798980
v 1.062784 0.734298 -0.550161
v 1.111977 0.769520 -0.468537
v 1.149304 0.803155 -0.240458
v 1.179151 0.801684 0.304774
v 0.614696 0.859796 1.118685
v -0.222785 0.836275 1.243343
v -0.407361 0.802775 1.198424
v -0.552514 0.817392 1.195034
v -0.839841 0.870451 1.117013
v -0.867865 0.914672 0.933915
v -1.108439 0.787529 0.066376
v -0.775284 0.577716 -0.735917
v -0.409479 0.731010 -0.919742
v -0.056712 0.812888 -1.156945
v 0.217833 0.818275 -1.165198
v 0.382027 0.826937 -1.099364
v 0.508646 0.809578 -1.066986
v 0.642171 0.785392 -0.992593
v 0.723627 0.771290 -0.981741
v 0.887798 0.715020 -0.737181
v 0.927546 0.818560 -0.684167
v 1.001540 0.789210 -0.643843
v 1.131256 0.787479 -0.153961
v 1.173890 0.817264 0.160593
v 0.718054 0.818964 1.017111
v 0.485195 0.892378 1.132194
v 0.136502 0.904338 1.311465
v 0.091356 0.830085 1.326543
v -0.100689 0.851230 1.288898
v -0.739854 0.825294 1.130847
v -1.215765 0.829630 0.466474
v -0.801036 0.664605 -0.473771
v -0.310760 0.761448 -0.990895
v 0.122802 0.774314 -1.201597
v 0.749433 0.832756 -0.905182
v 0.809897 0.786315 -0.809282
v 1.145155 0.787818 -0.340350
v 1.179477 0.786112 -0.009378
v 1.051024 0.850660 0.568049
v 0.987767 0.808221 0.725303
v 0.841678 0.843938 0.773351
v 0.767640 0.832709 0.860300
v 0.030877 0.935709 1.289645
v -0.038333 0.883295 1.280924
v -0.198077 0.884663 1.227140
v -0.500780 0.879653 1.159779
v -0.789075 0.926459 1.113824
v -0.961418 0.906611 0.831966
v 0.067579 0.813964 -1.135667
v 0.152273 0.849428 -1.118029
v 0.427515 0.871034 -1.038906
v 0.540088 0.812382 -1.027362
v 0.769476 0.874034 -0.823949
v 0.875927 0.885127 0.630967
v 0.879653 0.842366 0.730247
v 0.778247 0.898187 0.733512
v 0.364352 0.882076 1.218902
v 0.281397 0.921314 1.219579
v 0.216360 0.909385 1.278035
v 0.152726 0.948377 1.217011
v -0.067646 0.917496 1.225731
v -0.350519 0.892195 1.187341
v -0.703227 0.987585 1.109264
v -0.770321 1.002844 0.952118
v -1.056664 0.965608 0.713691
v -1.188497 0.930488 0.558927
v -0.587534 0.706298 -0.646282
v -0.486030 0.689185 -0.855579
v -0.134709 0.797062 -1.115705
v -0.023145 0.858217 -1.112345
v 0.034185 0.918456 -1.031371
v 0.641784 0.885181 -0.885620
v 0.846839 0.890965 -0.738720
v 0.943657 0.891834 -0.588486
v 1.029481 0.826426 -0.526927
v 1.050292 0.935522 -0.432016
v 1.145247 0.886250 -0.310833
v 1.112450 0.894080 0.001984
v 1.095934 0.904682 0.141199
v 1.130030 0.859344 0.154216
v 1.138064 0.861306 0.316853
v 1.048087 0.914383 0.384569
v 0.926957 0.889911 0.534523
v 0.645425 0.883114 0.989522
v 0.399328 0.946631 1.144595
v 0.063007 0.942937 1.291000
v -0.161897 0.935815 1.192932
v -0.376879 0.943572 1.137496
v -0.616482 0.941298 1.115055
v -0.782356 1.036682 0.882593
v -1.039231 1.006309 0.516867
v -1.114767 1.007010 0.372490
v -1.075628 0.911331 0.235773
v -1.081771 0.836729 0.162185
v -1.005612 0.785380 -0.130667
v -0.819159 0.739504 -0.321977
v -0.482306 0.741748 -0.744253
v -0.263177 0.809647 -0.946898
v -0.163272 0.829612 -1.045809
v 0.134355 0.924301 -1.024661
v 0.255349 0.896198 -1.052894
v 1.065988 0.944063 -0.335670
v 1.102319 0.959685 -0.271109
v 1.075643 0.934591 0.208644
v 1.131903 0.884160 0.251455
v 1.102018 0.941367 0.292226
v 1.042525 0.896690 0.500857
v 0.518298 0.911618 1.083039
v 0.313354 0.963405 1.128905
v 0.256608 0.988885 1.120869
v -0.326056 0.987042 1.144234
v -0.509489 1.053442 1.127906
v -0.594228 1.006124 1.113324
v -1.076758 1.024457 0.430437
v -1.005072 0.839485 0.004651
v -0.855821 0.783060 -0.223613
v -0.692398 0.667011 -0.589750
v 0.343761 0.921093 -1.019084
v 0.410164 0.919432 -0.968929
v 0.789673 0.931429 -0.743228
v 0.897676 0.919188 -0.633375
v 1.055857 0.882661 -0.469655
v 1.108272 0.914398 -0.196885
v 0.999358 0.957852 0.354054
v 0.831951 0.943418 0.594615
v 0.735195 0.887468 0.790501
v 0.652145 0.911614 0.809123
v 0.531195 0.944840 0.960595
v 0.057542 1.010447 1.190385
v -0.093887 0.986189 1.165662
v -0.267255 1.004782 1.132431
v -0.457038 1.058622 1.117734
v -0.590315 1.095791 0.986458
v -0.680265 1.077305 0.962223
v -0.870285 1.038025 0.660620
v -0.389226 0.787582 -0.817505
v -0.340591 0.796273 -0.883108
v -0.164732 0.858978 -0.967771
v -0.004220 0.896583 -1.066444
v 0.338220 0.969208 -0.939374
v 0.492806 0.986043 -0.882894
v 0.559583 0.952304 -0.878908
v 0.657604 0.959681 -0.809627
v 0.731075 0.970519 -0.725262
v 0.951263 1.007310 -0.448581
v 1.071727 1.027242 -0.268144
v 1.063256 1.064434 -0.074277
v 1.100332 0.949086 -0.045004
v 1.052419 1.011776 0.183494
v 0.910847 0.869661 0.587439
v 0.765593 0.934170 0.638005
v 0.682701 0.962857 0.739205
v 0.465186 0.979953 1.014008
v 0.148143 1.014810 1.111085
v 0.043912 1.022777 1.130337
v -0.010091 1.043197 1.196373
v -0.073215 1.069801 1.159630
v -0.169842 0.998274 1.165793
v -0.371820 1.096169 1.102180
v -0.514684 1.089893 1.036664
v -0.658558 1.130840 0.798314
v -0.809186 1.013469 0.794546
v -0.940649 1.069331 0.574479
v -0.972214 1.069959 0.331546
v -0.837512 0.829192 -0.179090
v -0.120022 0.917081 -0.949112
v 0.753078 0.988917 -0.651453
v 0.933944 0.940173 -0.517320
v 1.067879 1.006138 -0.191145
v 1.033708 1.046386 -0.001221
v 1.067106 0.949391 0.093088
v 0.968093 0.950032 0.434600
v 0.911200 0.948351 0.489787
v 0.813051 0.993641 0.509390
v 0.708249 0.947769 0.664016
v 0.624276 0.967586 0.776572
v 0.491481 1.006212 0.901815
v -0.153223 1.107018 1.134810
v -0.218793 1.099159 1.127068
v -0.967366 1.078647 0.399173
v -1.009072 1.051844 0.286069
v -0.855124 0.881588 -0.058259
v -0.403214 0.790299 -0.736822
v -0.352665 0.841358 -0.715357
v -0.259401 0.880515 -0.759631
v -0.234569 0.887123 -0.859180
v 0.117488 1.047525 -0.881050
v 0.216647 0.968947 -0.975504
v 0.389109 1.000224 -0.900750
v 0.840644 0.982971 -0.576277
v 1.025224 1.038757 0.091324
v 1.007925 1.074030 0.163089
v 1.038589 1.025767 0.256323
v 0.941175 1.077497 0.297561
v 0.907923 1.015850 0.405845
v 0.811432 1.009359 0.470653
v 0.766260 1.005867 0.566097
v 0.551363 1.014799 0.817389
v 0.324322 1.025391 1.011571
v 0.114482 1.060653 1.052351
v -0.014391 1.064973 1.090779
v -0.263842 1.150259 1.073014
v -0.419852 1.122760 1.046186
v -0.485457 1.140274 0.977378
v -0.598379 1.133832 0.890708
v -0.746109 1.113040 0.749000
v -0.748769 1.155952 0.564500
v -0.896685 1.126879 0.418707
v -1.000398 0.892680 0.127162
v -0.487134 0.767243 -0.594131
v 0.186149 1.004904 -0.920521
v 0.275685 1.029575 -0.892022
v 0.646224 1.073949 -0.701781
v 0.910146 1.111373 -0.427943
v 1.017037 1.095237 -0.293896
v 1.034727 1.102509 -0.116297
v 0.600038 1.002615 0.711169
v -0.042153 1.124433 1.046940
v -0.145072 1.157614 1.062419
v -0.421777 1.159093 1.025314
v -0.133213 0.927060 -0.897426
v -0.049853 0.955307 -0.968595
v 0.042382 1.043491 -0.901421
v 0.616311 1.046863 -0.768223
v 0.715092 1.057311 -0.642888
v 1.000260 1.060873 -0.375042
v 0.935830 1.137706 -0.330242
v 0.945363 1.194188 -0.272714
v 1.016681 1.086533 -0.229392
v 1.018561 1.103519 -0.059529
v 0.965427 1.079820 0.054159
v 0.980630 1.110136 0.199903
v 0.862632 1.101053 0.382991
v 0.810674 1.090487 0.402126
v 0.622721 1.025635 0.671086
v 0.503273 1.063281 0.747711
v 0.355801 1.079276 0.874620
v -0.772138 1.089253 0.695707
v -0.851340 1.082465 0.193346
v -0.508975 0.780052 -0.439714
v -0.153909 0.952971 -0.817776
v -0.077483 0.997999 -0.793802
v 0.184578 1.075527 -0.860229
v 0.321330 1.073903 -0.821020
v 0.546667 1.094572 -0.699068
v 0.661776 1.107626 -0.659684
v 0.808437 1.031177 -0.545281
v 0.944052 1.164737 -0.052755
v 0.251346 1.114509 0.871603
v 0.064128 1.112139 0.985142
v -0.612468 1.162476 0.830183
v -0.662292 1.152155 0.708812
v -0.712766 1.174251 0.640370
v -0.900230 1.127434 0.494304
v -0.861431 0.937813 0.054596
v -0.679477 0.856376 -0.228117
v -0.398333 0.831887 -0.589918
v -0.050334 0.993412 -0.883219
v 0.423121 1.087751 -0.763874
v 0.504665 1.057728 -0.789545
v 0.667871 1.168258 -0.606070
v 0.848854 1.101938 -0.486361
v 0.839052 1.145669 -0.426885
v 0.975605 1.176944 -0.175987
v 0.915269 1.159966 0.022577
v 0.912417 1.171577 0.112828
v 0.758984 1.096395 0.420347
v 0.633405 1.033344 0.601390
v 0.134073 1.128958 0.923636
v -0.056276 1.180790 0.971351
v -0.206708 1.178212 1.025723
v -0.311413 1.169777 1.012615
v -0.566372 1.144526 0.907664
v -0.846629 1.175653 0.433068
v -0.723405 0.962265 -0.027179
v -0.283033 0.909908 -0.667382
v -0.205742 0.938399 -0.775701
v 0.100205 1.104731 -0.796639
v 0.408190 1.168225 -0.714647
v 0.885865 1.223324 -0.144773
v 0.891848 1.139981 0.218451
v 0.729090 1.117709 0.353092
v 0.704125 1.074535 0.456745
v 0.650734 1.098563 0.549237
v 0.566420 1.099736 0.616164
v 0.405514 1.122158 0.770577
v 0.165260 1.158690 0.858977
v 0.066122 1.161270 0.909986
v -0.076974 1.216179 0.869881
v -0.366759 1.201666 0.825184
v -0.807075 1.168753 0.489447
v -0.785612 1.138824 0.314738
v -0.032772 1.033764 -0.720825
v 0.024336 1.048532 -0.831911
v 0.493749 1.186804 -0.631736
v 0.585589 1.213623 -0.612582
v 0.863740 1.232909 -0.344097
v 0.879545 1.215563 -0.072092
v 0.855024 1.219716 0.068975
v 0.812210 1.170209 0.178521
v 0.760728 1.129030 0.323563
v 0.587488 1.155036 0.557504
v 0.525559 1.103713 0.682378
v 0.317428 1.146564 0.790446
v 0.019442 1.199998 0.888527
v -0.528085 1.197670 0.578710
v -0.532989 0.782030 -0.403244
v -0.406750 0.897901 -0.409967
v -0.271428 0.965236 -0.539646
v -0.209382 0.987071 -0.671223
v -0.125459 0.986660 -0.729464
v 0.158951 1.134531 -0.748647
v 0.303587 1.160722 -0.770038
v 0.694479 1.211589 -0.531847
v 0.720380 1.218019 -0.476219
v 0.906789 1.242618 -0.229088
v 0.723924 1.169532 0.313454
v 0.642390 1.170719 0.354258
v 0.491655 1.130704 0.611897
v 0.398007 1.138367 0.651802
v 0.094748 1.219360 0.797624
v -0.240149 1.206903 0.866184
v -0.425292 1.196172 0.796786
v -0.522238 1.193908 0.686014
v -0.689321 1.206352 0.309978
v -0.561281 0.951931 -0.160333
v 0.139046 1.168786 -0.704305
v 0.183402 1.219447 -0.667013
v 0.259092 1.173908 -0.764669
v 0.441782 1.212558 -0.630994
v 0.637925 1.311016 -0.478712
v 0.647146 1.145771 0.438820
v 0.508838 1.200791 0.548236
v 0.228344 1.186484 0.746406
v -0.152160 1.205350 0.864022
v -0.289259 1.201845 0.822776
v -0.598900 1.147452 0.116107
v -0.644215 1.110639 0.067459
v -0.536255 0.860897 -0.308285
v -0.311080 0.915308 -0.551188
v -0.082490 1.049216 -0.626758
v 0.225035 1.202741 -0.691165
v 0.601217 1.292688 -0.520550
v 0.691904 1.287763 -0.431889
v 0.758336 1.308965 -0.362248
v 0.840481 1.264262 -0.280328
v 0.809980 1.293234 -0.227636
v 0.777090 1.231000 0.104089
v 0.753593 1.199153 0.194123
v 0.556994 1.184662 0.466552
v 0.299340 1.180719 0.709048
v 0.143143 1.229122 0.722558
v -0.089993 1.232948 0.732196
v -0.248514 1.225321 0.739970
v -0.681868 1.155993 0.235855
v -0.212667 0.993359 -0.620514
v 0.028883 1.091022 -0.675988
v 0.093727 1.143758 -0.707718
v 0.293285 1.250490 -0.680553
v 0.531725 1.314742 -0.556854
v 0.804643 1.253877 -0.010054
v 0.727555 1.267020 0.096225
v 0.699593 1.198748 0.254314
v 0.564068 1.203815 0.331481
v 0.561396 1.183096 0.398979
v 0.429356 1.207926 0.586798
v -0.113314 1.240071 0.630974
v -0.461652 1.210795 0.333077
v -0.556416 1.036004 -0.075881
v 0.370372 1.314797 -0.601655
v 0.454038 1.301812 -0.563193
v 0.625973 1.358437 -0.373055
v 0.693870 1.322028 -0.387796
v 0.664598 1.347845 -0.299260
v 0.751347 1.289903 -0.173337
v 0.681997 1.334951 -0.089634
v 0.676956 1.245161 0.197394
v 0.657631 1.224416 0.291319
v 0.588168 1.211230 0.292510
v 0.461882 1.231911 0.479678
v 0.369295 1.187387 0.610174
v 0.311210 1.191646 0.611781
v 0.245667 1.211006 0.663767
v 0.026746 1.239573 0.761831
v -0.415943 1.227301 0.686118
v -0.478023 0.985934 -0.195719
v 0.101866 1.187448 -0.635018
v 0.242824 1.301637 -0.608505
v 0.449009 1.366516 -0.501086
v 0.718166 1.325648 -0.021734
v 0.675506 1.289085 0.088174
v 0.581549 1.250043 0.207921
v 0.511579 1.228498 0.345162
v 0.502595 1.207997 0.437282
v 0.127376 1.245739 0.604452
v -0.239138 1.227787 0.677480
v -0.532037 1.217226 0.160900
v -0.339152 0.985746 -0.377540
v 0.155022 1.256713 -0.555649
v 0.338573 1.365904 -0.474197
v 0.554002 1.363990 -0.356380
v 0.659443 1.339972 0.003793
v 0.595342 1.245132 0.243240
v 0.469157 1.245858 0.425744
v 0.391706 1.198103 0.537744
v 0.244418 1.214462 0.595228
v -0.017131 1.229902 0.726480
v -0.431313 1.229679 0.441615
v -0.323175 0.958832 -0.461857
v -0.236162 1.012063 -0.525356
v 0.487106 1.366869 -0.420347
v 0.590015 1.360934 -0.254101
v 0.648643 1.346907 -0.163253
v 0.613748 1.339302 -0.102382
v 0.495768 1.240471 0.232020
v 0.219074 1.225281 0.482620
v -0.515595 1.122945 -0.035740
v -0.406293 0.994624 -0.268493
v -0.168128 1.071554 -0.506913
v -0.019631 1.128349 -0.508235
v -0.005629 1.118273 -0.575780
v 0.289999 1.344908 -0.517444
v 0.405494 1.341488 -0.519828
v 0.411144 1.384737 -0.410470
v 0.549209 1.359061 -0.159929
v 0.565821 1.266534 0.117629
v 0.488341 1.242018 0.293015
v 0.348178 1.201666 0.430996
v 0.315838 1.209374 0.488119
v 0.092823 1.234115 0.568198
v -0.396584 1.216267 0.549063
v -0.337012 1.226406 0.418112
v -0.458972 1.228434 0.213493
v -0.298970 1.047218 -0.334427
v -0.199324 1.096100 -0.459781
v 0.082977 1.211201 -0.472779
v 0.206088 1.288346 -0.499844
v 0.469472 1.354477 -0.254557
v 0.572118 1.355940 -0.050852
v 0.558633 1.302379 0.042147
v 0.528397 1.285020 0.124967
v -0.011688 1.234629 0.506301
v -0.425076 1.117417 -0.119970
v -0.371082 1.044945 -0.260125
v -0.236022 1.082293 -0.375952
v -0.081084 1.090262 -0.520908
v 0.181226 1.288648 -0.454176
v 0.453724 1.366896 -0.336102
v 0.460544 1.301949 0.097196
v 0.473486 1.265238 0.176446
v 0.435864 1.259997 0.293527
v 0.347646 1.223497 0.326330
v 0.275217 1.207260 0.465943
v 0.042801 1.240804 0.541623
v -0.258031 1.244113 0.538289
v -0.339303 1.229704 0.328894
v -0.464850 1.209399 0.088850
v -0.412438 1.157570 -0.052367
v 0.113360 1.239464 -0.416041
v 0.233079 1.324840 -0.387443
v 0.311430 1.369329 -0.373527
v 0.396375 1.364227 -0.276088
v 0.505919 1.374110 -0.088457
v 0.514962 1.338502 0.004755
v 0.485709 1.327016 0.052420
v 0.419151 1.303678 0.192699
v 0.427579 1.277924 0.252782
v 0.348170 1.263934 0.230465
v 0.281461 1.216836 0.334250
v 0.143417 1.225020 0.424585
v -0.083992 1.228610 0.483223
v -0.410117 1.202151 0.023206
v -0.329340 1.082855 -0.239404
v 0.242126 1.338766 -0.339723
v 0.483555 1.371556 -0.158345
v 0.424685 1.311344 -0.015157
v 0.409193 1.308037 0.132183
v -0.089673 1.232337 0.422070
v -0.251501 1.229955 0.421379
v -0.271046 1.234749 0.215265
v -0.333473 1.139969 -0.170252
v -0.266798 1.129872 -0.275445
v -0.201646 1.143619 -0.366266
v -0.122856 1.157265 -0.402930
v -0.089436 1.179688 -0.368151
v 0.003443 1.182615 -0.430301
v 0.301911 1.340501 -0.266349
v 0.330402 1.311536 -0.165297
v 0.363332 1.311197 -0.054823
v 0.393062 1.310219 0.068413
v 0.107374 1.196897 0.305862
v 0.062142 1.207608 0.374151
v -0.166563 1.219899 0.222801
v -0.349867 1.225427 0.144718
v -0.327172 1.222138 0.038988
v -0.332099 1.196620 -0.078979
v -0.158830 1.192398 -0.329721
v 0.055566 1.248146 -0.312736
v 0.216676 1.329705 -0.272811
v 0.373443 1.310143 -0.000132
v 0.293117 1.242630 0.195217
v 0.217272 1.220772 0.327907
v 0.027993 1.211038 0.298423
v -0.020851 1.224271 0.259190
v -0.266733 1.207410 -0.153532
v -0.237160 1.200686 -0.236380
v -0.220432 1.190807 -0.281565
v 0.131953 1.294256 -0.288957
v 0.158665 1.313980 -0.300084
v 0.304055 1.284548 -0.007079
v 0.311627 1.277868 0.045298
v 0.317721 1.261958 0.100025
v 0.322084 1.252834 0.158622
v 0.305561 1.235368 0.254101
v 0.198731 1.221188 0.210850
v -0.142982 1.214257 0.283938
v -0.278145 1.217576 -0.064302
v 0.064534 1.267087 -0.237538
v 0.251747 1.319736 -0.196900
v 0.274014 1.303344 -0.101297
v 0.256524 1.251899 0.084610
v 0.212862 1.216312 0.188594
v 0.164775 1.194451 0.240877
v -0.115909 1.209276 -0.252143
v -0.037092 1.209816 -0.286870
v 0.002794 1.237134 -0.272339
v 0.135035 1.280403 -0.225459
v 0.202463 1.298420 -0.168230
v 0.248534 1.288651 -0.062407
v 0.177341 1.217698 0.110781
v 0.111711 1.194642 0.225536
v -0.073349 1.218128 0.255908
v -0.276084 1.220526 0.066708
v -0.220222 1.228285 0.002876
v -0.147546 1.226968 -0.180903
v 0.029104 1.251428 -0.231810
v 0.133850 1.274731 -0.172968
v 0.177460 1.273253 -0.066421
v 0.169975 1.268032 -0.009171
v 0.214105 1.244762 0.048753
v 0.101619 1.205796 0.184917
v -0.078100 1.224164 0.166617
v -0.180183 1.227196 0.137101
v -0.184245 1.233279 -0.128231
v -0.041672 1.240827 -0.209190
v 0.083444 1.229426 0.140042
v 0.041290 1.212567 0.182774
v -0.154263 1.229381 0.044114
v 0.070481 1.262021 -0.139366
v 0.118791 1.266320 -0.063378
v 0.124382 1.276850 -0.028428
v 0.109442 1.232846 0.057773
v -0.097783 1.234921 0.086827
v -0.165364 1.224036 -0.011852
v -0.051814 1.236317 -0.125692
v 0.012914 1.244346 -0.151197
v 0.040084 1.252770 -0.098935
v 0.106743 1.221767 0.126472
v -0.041733 1.241303 0.086287
v -0.068725 1.227602 -0.068046
v 0.087053 1.267713 -0.043437
v 0.080672 1.257755 0.014409
v 0.063644 1.243627 0.051795
v 0.025374 1.250253 0.114482
v 0.006717 1.247392 0.112131
v -0.060364 1.228741 0.041830
v -0.039868 1.228890 -0.009548
v -0.002953 1.253058 -0.093239
v 0.040568 1.246579 -0.020272
v 0.003690 1.237515 -0.010402
v 0.029453 1.246190 0.036955
v -0.021151 1.236633 0.037760
vn 0.2965 -0.8061 -0.5121
vn 0.2111 -0.7909 -0.5744
vn 0.2155 -0.8683 -0.4467
vn 0.2108 -0.8412 -0.4979
vn 0.2400 -0.8968 -0.3717
vn 0.1019 -0.8512 -0.5148
vn 0.0905 -0.9640 -0.2501
vn 0.3504 -0.8688 -0.3498
vn 0.3772 -0.9212 -0.0950
vn 0.3139 -0.9478 -0.0571
vn 0.1358 -0.8747 -0.4653
vn -0.0075 -0.8259 -0.5637
vn 0.1715 -0.8336 -0.5251
vn 0.1109 -0.9239 -0.3662
vn 0.1397 -0.9810 -0.1345
vn 0.2519 -0.9343 -0.2522
vn -0.1609 -0.8539 -0.4950
vn -0.0677 -0.8098 -0.5828
vn -0.1391 -0.9177 -0.3722
vn -0.1662 -0.9767 -0.1355
vn 0.0764 -0.9639 -0.2552
vn 0.3824 -0.7332 -0.5624
vn 0.4683 -0.7527 -0.4628
vn 0.2871 -0.8461 -0.4491
vn 0.2340 -0.9581 -0.1654
vn 0.2754 -0.9360 -0.2193
vn 0.2721 -0.9537 -0.1283
vn 0.0181 -0.9439 -0.3298
vn -0.0306 -0.9360 -0.3506
vn -0.0251 -0.9876 -0.1552
vn -0.0097 -0.9910 -0.1333
vn 0.0692 -0.9945 -0.0790
vn 0.4071 -0.9119 -0.0525
vn 0.1948 -0.9614 -0.1944
vn 0.0177 -0.9992 -0.0345
vn -0.1634 -0.9802 -0.1119
vn 0.5407 -0.7924 -0.2824
vn 0.4351 -0.8335 -0.3404
vn -0.1987 -0.9708 -0.1342
vn -0.2662 -0.9091 -0.3204
vn -0.2822 -0.8743 -0.3950
vn -0.0473 -0.9788 -0.1991
vn -0.0913 -0.9934 -0.0692
vn -0.0126 -0.9999 -0.0048
vn -0.1781 -0.9704 -0.1629
vn 0.3584 -0.9186 0.1667
vn -0.2879 -0.7934 -0.5363
vn -0.2295 -0.7196 -0.6554
vn -0.2426 -0.7111 -0.6600
vn -0.4013 -0.8087 -0.4299
vn -0.2393 -0.9527 -0.1872
vn -0.1269 -0.9919 0.0081
vn -0.2713 -0.9563 -0.1089
vn -0.1007 -0.9877 -0.1200
vn -0.2582 -0.9593 0.1143
vn -0.2926 -0.9550 0.0481
vn -0.2266 -0.9611 0.1582
vn -0.2073 -0.9150 0.3461
vn -0.2599 -0.9339 0.2454
vn -0.2485 -0.9021 -0.3527
vn 0.4505 -0.8913 -0.0516
vn 0.3673 -0.9189 0.1438
vn 0.3611 -0.9163 0.1734
vn 0.2892 -0.8954 0.3385
vn 0.3520 -0.8442 0.4043
vn 0.1862 -0.9527 0.2401
vn -0.0872 -0.9808 -0.1744
vn -0.1941 -0.9681 0.1582
vn -0.2601 -0.7654 -0.5887
vn -0.0884 -0.8690 -0.4868
vn -0.2236 -0.8444 -0.4868
vn -0.0481 -0.5438 0.8378
vn 0.3361 -0.8141 -0.4735
vn 0.1225 -0.8981 -0.4223
vn 0.1985 -0.8743 -0.4430
vn -0.3876 -0.9191 -0.0716
vn -0.3680 -0.9102 -0.1902
vn -0.2918 -0.9330 -0.2108
vn 0.0004 -0.9897 -0.1433
vn -0.1188 -0.9897 0.0796
vn -0.1729 -0.9802 -0.0969
vn -0.2622 -0.9261 0.2712
vn -0.1381 -0.9648 0.2239
vn -0.1264 -0.9781 -0.1652
vn -0.3116 -0.7884 -0.5305
vn 0.0788 -0.9898 -0.1190
vn 0.0303 -0.9607 -0.2760
vn -0.6232 -0.6380 -0.4523
vn -0.7303 -0.5998 -0.3269
vn -0.5987 -0.7438 -0.2971
vn -0.2974 -0.8826 -0.3642
vn -0.3683 -0.7460 -0.5548
vn 0.0677 -0.9502 -0.3042
vn 0.6049 -0.7532 -0.2583
vn 0.5518 -0.7968 -0.2463
vn 0.7844 -0.5897 -0.1924
vn 0.0633 -0.9980 -0.0072
vn -0.0791 -0.9910 -0.1082
vn -0.0645 -0.8881 -0.4551
vn -0.2541 -0.9534 0.1624
vn -0.2927 -0.7559 -0.5857
vn -0.4007 -0.6604 -0.6350
vn -0.4635 -0.6879 -0.5586
vn -0.3137 -0.7397 -0.5953
vn 0.1640 -0.9169 -0.3639
vn 0.1084 -0.9722 -0.2075
vn 0.1914 -0.9603 -0.2031
vn -0.0232 -0.9791 0.2019
vn -0.1317 -0.9794 0.1529
vn -0.3090 -0.9380 -0.1571
vn -0.1659 -0.8908 -0.4230
vn 0.3972 -0.8912 -0.2192
vn 0.2319 -0.9648 0.1241
vn 0.3222 -0.9415 -0.0989
vn 0.1493 -0.9867 0.0647
vn 0.3725 -0.8479 0.3772
vn 0.2833 -0.9339 0.2180
vn -0.4400 -0.8913 -0.1091
vn -0.3498 -0.9287 -0.1229
vn -0.2385 -0.6062 0.7587
vn -0.2227 -0.8172 0.5315
vn -0.2509 -0.8644 0.4357
vn -0.2269 -0.8879 0.4003
vn -0.0178 -0.8621 0.5065
vn -0.1590 -0.9692 -0.1880
vn 0.1174 -0.9902 -0.0756
vn -0.2315 -0.9714 0.0534
vn -0.2358 -0.8395 0.4895
vn 0.0766 -0.9388 -0.3359
vn -0.0183 -0.8613 -0.5078
vn 0.4078 -0.8261 -0.3888
vn -0.3062 -0.7844 -0.5394
vn -0.3875 -0.6848 -0.6172
vn -0.7309 -0.4769 -0.4882
vn 0.1914 -0.9001 -0.3914
vn 0.1286 -0.9232 -0.3621
vn -0.0733 -0.9960 0.0518
vn -0.2247 -0.9492 0.2201
vn -0.2610 -0.9333 0.2469
vn -0.1204 -0.9915 -0.0489
vn -0.1562 -0.9621 -0.2233
vn 0.3759 -0.9263 0.0269
vn 0.2696 -0.9582 -0.0954
vn 0.5102 -0.8588 -0.0473
vn 0.5868 -0.8096 -0.0144
vn 0.6384 -0.7697 0.0093
vn -0.0577 -0.8648 -0.4988
vn -0.0058 -0.8644 -0.5027
vn -0.0137 -0.8584 -0.5128
vn 0.1141 -0.9454 0.3052
vn -0.2963 -0.5560 0.7766
vn -0.4465 -0.8824 0.1482
vn -0.3751 -0.9087 0.1832
vn -0.2762 -0.9488 0.1533
vn 0.0210 -0.9671 0.2536
vn 0.0982 -0.9167 -0.3872
vn -0.0072 -0.9312 -0.3645
vn -0.1920 -0.8599 -0.4729
vn -0.7573 -0.4347 -0.4873
vn 0.0100 -0.9730 -0.2304
vn -0.0377 -0.9783 -0.2038
vn 0.3761 -0.9108 -0.1703
vn 0.3780 -0.9101 -0.1697
vn 0.1584 -0.9344 -0.3192
vn 0.1981 -0.9292 -0.3120
vn 0.0101 -0.9293 0.3691
vn -0.0392 -0.9893 0.1405
vn -0.3450 -0.5533 0.7582
vn 0.0777 -0.9019 0.4248
vn -0.0439 -0.8811 0.4710
vn -0.2656 -0.8893 0.3723
vn 0.1695 -0.8815 0.4406
vn -0.1249 -0.8731 0.4712
vn -0.0454 -0.8540 0.5183
vn -0.1439 -0.5886 0.7955
vn -0.2370 -0.5839 0.7765
vn 0.0875 -0.9534 -0.2887
vn 0.0336 -0.9756 -0.2171
vn -0.0687 -0.9845 -0.1617
vn -0.1562 -0.9727 -0.1714
vn -0.1829 -0.8926 -0.4120
vn -0.3020 -0.8359 -0.4583
vn -0.2260 -0.8416 -0.4905
vn -0.1568 -0.8969 -0.4134
vn -0.2436 -0.7975 -0.5520
vn -0.1990 -0.8058 -0.5577
vn -0.6815 -0.4286 -0.5932
vn -0.4014 -0.6719 -0.6224
vn -0.4493 -0.6826 -0.5763
vn -0.5007 -0.6636 -0.5558
vn -0.2090 -0.9563 -0.2044
vn -0.1354 -0.9848 -0.1086
vn -0.2841 -0.9425 0.1759
vn -0.0332 -0.9584 0.2837
vn 0.1957 -0.8917 -0.4082
vn 0.2542 -0.9533 -0.1629
vn 0.4671 -0.8806 0.0792
vn -0.0235 -0.9354 0.3529
vn -0.1612 -0.6168 0.7704
vn -0.1885 -0.6451 0.7405
vn -0.1936 -0.6503 0.7346
vn 0.4835 -0.5556 0.6764
vn 0.3924 -0.7419 0.5437
vn 0.2631 -0.7476 0.6098
vn -0.0325 -0.9042 0.4258
vn 0.0801 -0.9116 -0.4031
vn -0.0419 -0.9989 -0.0218
vn -0.1609 -0.8769 -0.4530
vn -0.1046 -0.8677 -0.4859
vn -0.0816 -0.9870 -0.1386
vn -0.2180 -0.9150 -0.3395
vn -0.0474 -0.9978 0.0456
vn 0.0231 -0.9845 -0.1736
vn 0.0531 -0.9519 -0.3018
vn 0.0148 -0.9121 -0.4097
vn -0.1079 -0.9932 -0.0434
vn 0.2288 -0.9509 -0.2083
vn 0.1422 -0.8831 0.4471
vn -0.3247 -0.5997 0.7314
vn -0.2873 -0.7578 0.5858
vn 0.1307 -0.8660 0.4827
vn 0.1050 -0.9040 0.4144
vn -0.0226 -0.9661 0.2572
vn -0.1385 -0.8742 0.4655
vn 0.1158 -0.9353 0.3345
vn -0.1875 -0.9793 0.0762
vn -0.3811 -0.8291 0.4092
vn -0.0796 -0.9410 0.3289
vn -0.3017 -0.8009 0.5172
vn -0.2996 -0.8753 0.3797
vn -0.2844 -0.9170 0.2796
vn -0.3040 -0.8041 0.5108
vn 0.0294 -0.9853 -0.1684
vn 0.1453 -0.9893 -0.0121
vn -0.1433 -0.8416 -0.5208
vn -0.1378 -0.9024 -0.4084
vn -0.2088 -0.7900 -0.5764
vn -0.5114 -0.7241 -0.4628
vn -0.6294 -0.6575 -0.4141
vn -0.3120 -0.9294 -0.1972
vn -0.4449 -0.8056 -0.3913
vn 0.0559 -0.9946 -0.0877
vn 0.1691 -0.9800 0.1050
vn 0.0830 -0.9960 0.0321
vn 0.3543 -0.9344 -0.0379
vn 0.1719 -0.9392 -0.2972
vn 0.2178 -0.9528 -0.2116
vn 0.2848 -0.8899 -0.3564
vn -0.2652 -0.6714 0.6920
vn 0.0425 -0.8446 0.5337
vn 0.2905 -0.8751 0.3871
vn 0.0768 -0.8700 0.4871
vn -0.3742 -0.4410 0.8158
vn -0.3315 -0.4233 0.8432
vn -0.3313 -0.4232 0.8433
vn 0.0805 -0.7993 0.5956
vn -0.0494 -0.8901 0.4530
vn -0.0595 -0.8889 0.4541
vn -0.2566 -0.9662 0.0241
vn -0.3078 -0.9503 0.0462
vn -0.2481 -0.9674 0.0504
vn -0.1783 -0.9348 -0.3073
vn -0.4129 -0.7462 -0.5222
vn -0.1629 -0.8093 -0.5643
vn -0.1840 -0.9678 -0.1717
vn 0.0558 -0.9966 -0.0611
vn 0.1021 -0.9945 0.0224
vn 0.2305 -0.9063 -0.3543
vn 0.0487 -0.9108 -0.4101
vn 0.2070 -0.8359 -0.5084
vn -0.1912 -0.9755 -0.1087
vn 0.2947 -0.8990 -0.3238
vn 0.2351 -0.9516 -0.1978
vn 0.3105 -0.7451 0.5902
vn 0.1737 -0.9287 0.3276
vn 0.0767 -0.8778 0.4729
vn 0.1293 -0.7836 0.6077
vn 0.0864 -0.9034 0.4200
vn 0.0951 -0.9763 0.1942
vn -0.2834 -0.9549 0.0890
vn -0.2850 -0.9509 -0.1206
vn -0.1651 -0.9792 0.1176
vn -0.3177 -0.8310 0.4567
vn -0.1368 -0.7745 -0.6176
vn -0.1294 -0.8395 -0.5277
vn -0.1296 -0.8937 -0.4295
vn -0.5528 -0.6862 -0.4728
vn -0.0183 -0.9895 -0.1437
vn -0.1078 -0.9887 -0.1043
vn 0.1312 -0.9871 -0.0918
vn -0.1974 -0.9468 -0.2543
vn -0.0087 -1.0000 -0.0009
vn -0.0607 -0.9559 0.2872
vn -0.0853 -0.9689 0.2321
vn -0.0185 -0.9750 -0.2214
vn 0.2652 -0.9471 -0.1809
vn 0.2864 -0.9180 -0.2743
vn 0.2623 -0.7262 0.6355
vn 0.3134 -0.7304 0.6070
vn -0.2845 -0.4028 0.8699
vn -0.4835 -0.6636 0.5709
vn -0.4196 -0.6653 0.6175
vn -0.3792 -0.7033 0.6013
vn -0.0021 -0.9886 0.1504
vn -0.1202 -0.8435 0.5235
vn -0.1688 -0.8589 -0.4835
vn -0.1700 -0.8423 -0.5116
vn -0.2335 -0.8465 -0.4785
vn -0.2523 -0.8431 -0.4748
vn -0.1208 -0.8508 -0.5115
vn -0.0464 -0.8514 -0.5225
vn -0.3288 -0.7969 -0.5067
vn -0.4508 -0.7609 -0.4667
vn -0.4737 -0.7459 -0.4682
vn 0.1784 -0.9772 0.1152
vn -0.1130 -0.9904 -0.0797
vn -0.1886 -0.9483 -0.2554
vn -0.4494 -0.8645 -0.2251
vn -0.3014 -0.9440 -0.1346
vn -0.0834 -0.9953 -0.0494
vn 0.0666 -0.7158 0.6952
vn -0.0187 -0.7085 0.7054
vn -0.2903 -0.9024 0.3183
vn -0.3172 -0.7627 0.5636
vn -0.3717 -0.8316 0.4128
vn 0.0772 -0.8227 0.5631
vn 0.1643 -0.7567 0.6328
vn -0.3140 -0.7912 0.5248
vn -0.2172 -0.7427 0.6334
vn -0.3216 -0.6715 0.6676
vn -0.4951 -0.5991 0.6293
vn -0.2648 -0.6928 0.6707
vn -0.2602 -0.6940 0.6714
vn -0.0132 -0.9944 0.1049
vn -0.2335 -0.9048 -0.3561
vn -0.2802 -0.8791 -0.3855
vn -0.3331 -0.7889 -0.5165
vn -0.1671 -0.8233 -0.5424
vn -0.1150 -0.7902 -0.6020
vn -0.6328 -0.6487 -0.4227
vn -0.3758 -0.7867 -0.4897
vn -0.2063 -0.9777 0.0395
vn -0.1724 -0.9843 0.0388
vn -0.1558 -0.9759 -0.1527
vn -0.1294 -0.9658 -0.2248
vn 0.4421 -0.8918 -0.0964
vn 0.4681 -0.8749 -0.1243
vn 0.4710 -0.8518 -0.2293
vn -0.4827 -0.6544 0.5820
vn -0.4862 -0.6657 0.5661
vn -0.4227 -0.7057 0.5686
vn -0.0393 -0.7985 0.6007
vn 0.0337 -0.7413 0.6703
vn -0.4547 -0.6505 0.6083
vn -0.0372 -0.9883 0.1478
vn -0.1860 -0.7961 0.5758
vn -0.0686 -0.8998 0.4309
vn -0.1946 -0.7636 -0.6157
vn -0.3339 -0.7777 -0.5327
vn -0.4961 -0.7736 -0.3942
vn -0.6042 -0.6845 -0.4080
vn 0.3588 -0.8560 -0.3722
vn 0.3453 -0.9059 -0.2450
vn 0.2580 -0.9075 -0.3315
vn -0.1280 -0.9884 -0.0812
vn 0.6936 -0.7143 0.0930
vn 0.5674 -0.8217 -0.0530
vn 0.7304 -0.6830 0.0098
vn 0.6402 -0.7297 0.2401
vn 0.5667 -0.7525 0.3356
vn 0.6623 -0.7197 0.2084
vn -0.1091 -0.7546 0.6470
vn -0.0240 -0.7806 0.6245
vn -0.0449 -0.8594 0.5094
vn 0.1577 -0.8389 0.5210
vn -0.1473 -0.8102 0.5674
vn -0.3715 -0.7569 0.5377
vn -0.4430 -0.6971 0.5637
vn -0.2975 -0.7485 0.5927
vn -0.0371 -0.7609 0.6478
vn -0.0571 -0.6812 0.7298
vn -0.0965 -0.9924 0.0766
vn -0.1682 -0.8811 -0.4421
vn -0.2143 -0.9670 -0.1375
vn -0.1995 -0.9624 -0.1843
vn -0.1861 -0.8917 -0.4126
vn -0.4727 -0.7481 -0.4658
vn -0.6863 -0.6499 -0.3267
vn -0.2863 -0.4078 -0.8670
vn -0.3807 -0.3746 -0.8454
vn -0.2339 -0.4527 -0.8605
vn 0.0421 -0.9383 -0.3432
vn -0.1351 -0.9908 -0.0007
vn -0.3930 -0.9118 -0.1190
vn -0.3589 -0.9250 -0.1246
vn 0.2275 -0.9720 0.0597
vn 0.1370 -0.9508 0.2779
vn 0.2132 -0.9455 0.2460
vn 0.2149 -0.9513 0.2209
vn 0.4108 -0.9107 -0.0432
vn 0.7065 -0.7054 -0.0572
vn 0.6317 -0.7690 -0.0983
vn 0.3998 -0.8918 -0.2118
vn 0.3376 -0.8812 0.3308
vn 0.1771 -0.9495 0.2589
vn 0.5013 -0.8025 0.3236
vn 0.4462 -0.7672 0.4607
vn 0.3264 -0.8884 0.3227
vn -0.6302 -0.5724 0.5246
vn -0.5701 -0.5980 0.5633
vn -0.4314 -0.6359 0.6399
vn -0.5230 -0.6387 0.5644
vn -0.0831 -0.6269 0.7746
vn 0.1206 -0.6549 0.7461
vn -0.1748 -0.8086 -0.5618
vn -0.2141 -0.8416 -0.4958
vn -0.1664 -0.7905 -0.5894
vn -0.0981 -0.7834 -0.6138
vn -0.3297 -0.4013 -0.8546
vn 0.0436 -0.9783 -0.2027
vn -0.2202 -0.9417 -0.2545
vn 0.2948 -0.9545 0.0451
vn 0.4822 -0.8707 0.0966
vn 0.4775 -0.8742 -0.0885
vn 0.0722 -0.8671 0.4929
vn 0.1140 -0.7032 0.7018
vn 0.2947 -0.5818 0.7581
vn 0.5658 -0.6963 0.4416
vn 0.4984 -0.7498 0.4351
vn 0.5202 -0.6231 0.5840
vn 0.3992 -0.8826 0.2483
vn 0.4274 -0.8287 0.3613
vn -0.0315 -0.8611 0.5075
vn 0.0944 -0.8223 0.5612
vn -0.1115 -0.7976 0.5928
vn -0.4767 -0.7276 0.4934
vn -0.1966 -0.6711 0.7148
vn 0.0387 -0.9950 0.0925
vn -0.1941 -0.9798 -0.0482
vn -0.0947 -0.9948 0.0364
vn -0.1110 -0.9759 0.1878
vn -0.1195 -0.9525 -0.2801
vn -0.3913 -0.8291 -0.3992
vn -0.2625 -0.7890 -0.5555
vn -0.2012 -0.8543 -0.4792
vn -0.1427 -0.8019 -0.5801
vn -0.1264 -0.8593 -0.4956
vn -0.2947 -0.7655 -0.5720
vn -0.1538 -0.7738 -0.6145
vn -0.4675 -0.7334 -0.4935
vn -0.2208 -0.4139 -0.8831
vn -0.3347 -0.9330 -0.1318
vn -0.2773 -0.9518 -0.1311
vn 0.1320 -0.9899 0.0520
vn 0.3162 -0.9287 0.1937
vn 0.1125 -0.8992 0.4227
vn -0.5399 -0.6347 0.5529
vn 0.5247 -0.7629 0.3778
vn 0.5190 -0.7489 0.4120
vn -0.4676 -0.6845 0.5593
vn 0.0035 -0.7516 0.6596
vn -0.2359 -0.8158 0.5281
vn -0.0696 -0.8826 0.4650
vn -0.0094 -0.8769 0.4805
vn -0.2692 -0.7630 0.5877
vn -0.2719 -0.7357 0.6203
vn -0.5216 -0.7146 0.4661
vn -0.4422 -0.6279 0.6404
vn -0.0254 -0.7513 0.6594
vn -0.0184 -0.7434 0.6686
vn -0.2895 -0.9527 0.0927
vn -0.2147 -0.9757 -0.0435
vn -0.1580 -0.9797 0.1237
vn -0.2560 -0.9561 0.1426
vn -0.2657 -0.9617 0.0679
vn -0.4435 -0.7721 -0.4552
vn -0.3102 -0.7797 -0.5439
vn -0.2638 -0.8333 -0.4858
vn -0.1544 -0.8292 -0.5372
vn -0.4108 -0.7883 -0.4580
vn -0.7257 -0.5791 -0.3716
vn -0.1629 -0.7683 -0.6191
vn -0.3233 -0.7462 -0.5820
vn -0.6773 -0.6879 -0.2608
vn -0.2388 -0.9474 -0.2133
vn -0.2596 -0.9365 -0.2359
vn 0.1625 -0.9831 0.0843
vn 0.5565 -0.8110 0.1805
vn 0.4728 -0.8632 0.1768
vn 0.4225 -0.9049 -0.0518
vn 0.5851 -0.8109 -0.0035
vn 0.6797 -0.7322 -0.0443
vn 0.5253 -0.8509 0.0066
vn 0.4899 -0.8674 0.0877
vn 0.0548 -0.9357 0.3485
vn 0.2960 -0.7826 0.5477
vn 0.1110 -0.8799 0.4621
vn 0.3264 -0.8350 0.4429
vn 0.1137 -0.8647 0.4893
vn 0.4602 -0.8042 0.3762
vn -0.3637 -0.7488 0.5541
vn -0.2623 -0.8359 0.4821
vn -0.2241 -0.8084 0.5443
vn -0.2472 -0.9514 0.1836
vn -0.1386 -0.8301 -0.5401
vn -0.1709 -0.7957 -0.5811
vn -0.4975 -0.7075 -0.5020
vn -0.2164 -0.4549 -0.8638
vn -0.2806 -0.4725 -0.8354
vn -0.2632 -0.4867 -0.8330
vn -0.0886 -0.5643 -0.8208
vn -0.3634 -0.4725 -0.8029
vn -0.2365 -0.6053 -0.7601
vn 0.1540 -0.8381 -0.5233
vn -0.0405 -0.7573 -0.6518
vn 0.5338 -0.8352 0.1323
vn 0.4607 -0.8866 -0.0412
vn 0.1965 -0.9145 0.3538
vn -0.0994 -0.9656 0.2403
vn 0.1794 -0.9036 0.3891
vn -0.1928 -0.7325 0.6529
vn -0.1846 -0.6636 0.7249
vn -0.2034 -0.9120 0.3563
vn -0.2170 -0.8402 -0.4969
vn -0.1689 -0.7898 -0.5897
vn -0.1140 -0.9627 -0.2453
vn 0.0750 -0.9004 -0.4286
vn -0.0124 -0.8702 -0.4926
vn -0.1247 -0.9118 -0.3911
vn 0.6502 -0.7089 -0.2734
vn 0.5952 -0.7594 -0.2628
vn 0.8102 -0.5244 -0.2620
vn 0.7567 -0.6318 -0.1680
vn 0.8034 -0.5337 -0.2641
vn 0.7116 -0.7001 0.0595
vn 0.5172 -0.8156 0.2593
vn 0.5154 -0.8561 0.0389
vn 0.6501 -0.7456 -0.1463
vn 0.5892 -0.8074 -0.0287
vn 0.7250 -0.6861 -0.0606
vn 0.6172 -0.7864 0.0247
vn -0.0112 -0.9960 -0.0882
vn -0.0555 -0.9936 0.0982
vn -0.2281 -0.8508 0.4734
vn 0.0237 -0.8207 0.5709
vn -0.0786 -0.9314 0.3554
vn -0.1319 -0.9555 0.2638
vn -0.1709 -0.7661 0.6195
vn -0.2540 -0.8820 0.3969
vn -0.5066 -0.6933 0.5126
vn -0.3333 -0.7602 0.5577
vn -0.3586 -0.9335 -0.0058
vn -0.6099 -0.6673 -0.4275
vn -0.3515 -0.9042 -0.2425
vn -0.6379 -0.5922 -0.4923
vn -0.5770 -0.6980 -0.4241
vn -0.1277 -0.8239 -0.5521
vn -0.1958 -0.7792 -0.5954
vn -0.1639 -0.8037 -0.5720
vn -0.1043 -0.5657 -0.8180
vn -0.1307 -0.7530 -0.6449
vn 0.6460 -0.7297 -0.2242
vn 0.5224 -0.8514 -0.0477
vn 0.7091 -0.6996 -0.0872
vn 0.7297 -0.6807 -0.0649
vn 0.4010 -0.8209 0.4066
vn 0.5397 -0.7897 0.2918
vn 0.0696 -0.9789 0.1921
vn -0.3679 -0.8667 0.3368
vn 0.2481 -0.9191 0.3060
vn -0.1736 -0.8562 0.4867
vn -0.3766 -0.7911 0.4820
vn -0.2885 -0.7626 0.5790
vn -0.1100 -0.8321 0.5437
vn -0.0417 -0.7513 0.6586
vn -0.1521 -0.8053 0.5730
vn -0.5577 -0.7872 -0.2632
vn -0.4478 -0.8716 -0.1995
vn -0.2318 -0.8576 -0.4592
vn -0.0909 -0.8680 -0.4882
vn -0.3196 -0.4686 -0.8236
vn -0.0808 -0.5774 -0.8124
vn 0.0567 -0.7305 -0.6805
vn 0.4186 -0.8508 0.3176
vn 0.5571 -0.8070 -0.1960
vn 0.7073 -0.7054 0.0465
vn 0.7243 -0.6883 0.0403
vn 0.3786 -0.8201 0.4291
vn 0.2652 -0.9421 0.2051
vn 0.0675 -0.8555 0.5134
vn -0.2603 -0.9186 0.2975
vn -0.5588 -0.6955 0.4518
vn 0.3542 -0.7980 0.4877
vn 0.0940 -0.9490 0.3009
vn -0.0666 -0.7631 0.6428
vn -0.4062 -0.8815 0.2407
vn -0.3812 -0.8581 0.3441
vn -0.1463 -0.8353 -0.5299
vn -0.7749 -0.5107 -0.3726
vn -0.1771 -0.4261 -0.8872
vn -0.0853 -0.4813 -0.8724
vn -0.2389 -0.4653 -0.8523
vn -0.2159 -0.4215 -0.8808
vn -0.3471 -0.4447 -0.8257
vn 0.4965 -0.8577 0.1333
vn 0.7030 -0.7081 0.0659
vn 0.7622 -0.6434 0.0713
vn 0.4885 -0.7989 0.3509
vn -0.6110 -0.7225 0.3236
vn -0.6005 -0.6830 0.4159
vn -0.6492 -0.6659 0.3677
vn 0.1844 -0.8876 0.4220
vn 0.1597 -0.9233 0.3492
vn -0.2584 -0.8190 0.5123
vn -0.4557 -0.7469 0.4842
vn -0.2246 -0.7412 0.6325
vn 0.0115 -0.7472 0.6644
vn -0.2295 -0.8897 0.3946
vn -0.6203 -0.6975 -0.3588
vn -0.6788 -0.6094 -0.4097
vn -0.4711 -0.8627 -0.1839
vn -0.3092 -0.9079 -0.2830
vn -0.0646 -0.8390 -0.5403
vn 0.2509 -0.9014 -0.3528
vn 0.5237 -0.8465 -0.0962
vn 0.5074 -0.8483 -0.1517
vn 0.7302 -0.6439 -0.2286
vn 0.6009 -0.7992 -0.0154
vn 0.6056 -0.7496 -0.2673
vn 0.4441 -0.8307 0.3357
vn 0.5189 -0.8498 -0.0929
vn 0.7503 -0.6611 0.0063
vn 0.4229 -0.7625 0.4896
vn 0.3673 -0.5541 0.7471
vn 0.2676 -0.7863 0.5569
vn 0.1166 -0.9420 0.3147
vn -0.4776 -0.8068 0.3477
vn 0.1717 -0.9653 0.1966
vn -0.2438 -0.7253 0.6438
vn -0.1876 -0.7443 0.6410
vn -0.4167 -0.7691 0.4847
vn -0.3851 -0.8019 0.4568
vn -0.3057 -0.6768 0.6697
vn -0.1184 -0.7684 0.6290
vn -0.3563 -0.9340 0.0271
vn -0.6026 -0.7979 0.0128
vn -0.0907 -0.8556 -0.5096
vn -0.2050 -0.8355 -0.5099
vn -0.2460 -0.7860 -0.5672
vn -0.1974 -0.7937 -0.5754
vn -0.0564 -0.7067 -0.7053
vn -0.1961 -0.6453 -0.7383
vn -0.0895 -0.5139 -0.8531
vn -0.2957 -0.4842 -0.8234
vn -0.0945 -0.5189 -0.8496
vn 0.1304 -0.3792 -0.9161
vn 0.3514 -0.9301 -0.1072
vn 0.5012 -0.8543 -0.1374
vn 0.5099 -0.8569 -0.0755
vn 0.5291 -0.8341 -0.1557
vn 0.9603 -0.2719 0.0618
vn 0.9310 -0.3274 0.1612
vn 0.7904 -0.5598 0.2487
vn 0.7777 -0.6092 0.1552
vn 0.8823 -0.4645 0.0761
vn 0.7167 -0.6971 -0.0183
vn 0.7610 -0.6452 0.0678
vn 0.4116 -0.5588 0.7199
vn 0.5285 -0.4746 0.7039
vn 0.5921 -0.3989 0.7002
vn 0.1205 -0.9752 0.1856
vn -0.1898 -0.7657 0.6146
vn -0.5553 -0.5380 0.6342
vn 0.0564 -0.7639 0.6429
vn -0.1054 -0.7319 0.6732
vn -0.0248 -0.6324 0.7742
vn -0.1448 -0.9079 0.3933
vn -0.1421 -0.8811 0.4512
vn -0.2799 -0.9252 0.2563
vn -0.3101 -0.9215 0.2339
vn -0.5171 -0.8295 -0.2110
vn -0.0744 -0.8787 -0.4715
vn -0.0799 -0.8585 -0.5066
vn -0.0231 -0.5713 -0.8204
vn -0.0069 -0.5092 -0.8606
vn 0.4716 -0.7906 0.3905
vn 0.5197 -0.6265 0.5808
vn 0.4698 -0.5451 0.6943
vn -0.4699 -0.2768 0.8382
vn -0.4869 -0.1861 0.8534
vn -0.4766 -0.2786 0.8338
vn 0.1943 -0.7135 0.6732
vn 0.3520 -0.7262 0.5906
vn 0.4262 -0.8067 0.4093
vn 0.2452 -0.7288 0.6393
vn 0.2771 -0.7063 0.6514
vn -0.1259 -0.3366 0.9332
vn -0.3823 -0.5198 0.7640
vn -0.1379 -0.7981 0.5865
vn -0.6238 -0.5194 0.5840
vn -0.2180 -0.8458 0.4869
vn -0.3377 -0.8382 0.4283
vn -0.3699 -0.8083 0.4580
vn -0.1195 -0.7065 0.6975
vn -0.2672 -0.9441 0.1930
vn -0.6040 -0.7702 0.2049
vn -0.1272 -0.8397 -0.5279
vn -0.0979 -0.7628 -0.6392
vn -0.0981 -0.8133 -0.5735
vn -0.1337 -0.7953 -0.5913
vn -0.2804 -0.4890 -0.8260
vn -0.1337 -0.5807 -0.8031
vn 0.6821 -0.6869 0.2506
vn 0.8736 -0.4411 -0.2054
vn 0.7817 -0.5117 -0.3565
vn 0.7126 -0.5982 -0.3665
vn 0.7222 -0.6884 -0.0681
vn 0.7161 -0.6977 -0.0202
vn 0.4590 -0.3086 0.8331
vn -0.3652 -0.3697 0.8544
vn -0.4770 -0.2577 0.8403
vn 0.2631 -0.4095 0.8736
vn 0.2681 -0.3255 0.9067
vn 0.0709 -0.3697 0.9264
vn -0.1568 -0.6093 0.7772
vn -0.2789 -0.7646 0.5810
vn -0.2555 -0.8071 0.5323
vn -0.2747 -0.8553 0.4394
vn -0.2861 -0.8612 0.4200
vn -0.3199 -0.8548 0.4085
vn -0.4509 -0.1223 0.8841
vn -0.2728 -0.3770 0.8851
vn -0.2720 -0.1617 0.9486
vn -0.0794 -0.4894 0.8685
vn -0.5964 -0.7641 0.2460
vn -0.8434 -0.5227 -0.1241
vn -0.6943 -0.7192 -0.0256
vn 0.3046 -0.2726 -0.9126
vn 0.1916 -0.3643 -0.9113
vn 0.9940 -0.0965 0.0518
vn 0.9866 -0.1455 -0.0739
vn 0.4982 -0.3306 0.8016
vn 0.4048 -0.3196 0.8567
vn 0.1501 -0.6034 0.7832
vn -0.0734 -0.7599 0.6458
vn -0.4000 -0.7556 0.5187
vn -0.5030 -0.5158 0.6935
vn -0.8923 -0.2496 -0.3761
vn -0.7945 -0.6003 0.0916
vn -0.9664 -0.2037 -0.1570
vn -0.9066 -0.3356 -0.2560
vn -0.8716 -0.4070 -0.2733
vn -0.7267 -0.6667 -0.1658
vn -0.8608 -0.4931 -0.1257
vn -0.6982 -0.6836 -0.2126
vn -0.9283 -0.3504 -0.1247
vn -0.6295 -0.7172 0.2989
vn -0.5823 -0.6695 0.4612
vn -0.1205 -0.8351 -0.5367
vn -0.1294 -0.7950 -0.5927
vn 0.0157 -0.6245 -0.7809
vn 0.0619 -0.5490 -0.8335
vn 0.4925 -0.3460 -0.7986
vn 0.4209 -0.2192 -0.8802
vn 0.5834 -0.4277 -0.6905
vn 0.7792 -0.3393 -0.5270
vn 0.8645 -0.3156 -0.3912
vn 0.7636 -0.3128 -0.5648
vn 0.9300 -0.2682 -0.2513
vn 0.9441 -0.0175 0.3291
vn 0.9056 0.0359 0.4227
vn 0.9343 -0.0510 0.3529
vn 0.9728 -0.1979 -0.1205
vn 0.9072 -0.4194 -0.0338
vn 0.3727 -0.4757 0.7967
vn 0.3206 -0.5888 0.7420
vn -0.1978 -0.7259 0.6587
vn -0.4429 -0.7429 0.5019
vn -0.3570 -0.6279 0.6916
vn -0.3526 -0.5770 0.7368
vn -0.2431 -0.4231 0.8729
vn -0.7171 -0.5451 0.4343
vn -0.4128 -0.6452 0.6429
vn -0.5926 -0.5936 0.5445
vn -0.4514 -0.6369 0.6249
vn -0.0725 0.1848 0.9801
vn -0.9254 -0.3689 0.0866
vn -0.7892 -0.5968 -0.1448
vn -0.6493 -0.7305 -0.2115
vn -0.9555 -0.2906 0.0509
vn -0.9600 -0.2660 0.0877
vn -0.9580 -0.1244 0.2583
vn -0.0662 -0.8781 -0.4739
vn -0.1568 -0.8267 -0.5403
vn -0.2481 -0.4824 -0.8401
vn -0.3226 -0.4594 -0.8276
vn 0.9498 -0.1663 -0.2650
vn 0.9789 -0.1336 -0.1545
vn 0.7894 -0.2827 -0.5450
vn 0.9818 -0.0580 0.1810
vn 0.9810 -0.1297 0.1445
vn 0.9943 -0.1000 0.0365
vn 0.9942 -0.1067 -0.0137
vn 0.9335 -0.3418 -0.1082
vn 0.9761 -0.2089 -0.0596
vn 0.9994 -0.0240 -0.0252
vn 0.7082 -0.7022 -0.0733
vn 0.6601 -0.4579 0.5955
vn 0.5663 -0.5070 0.6498
vn 0.2304 -0.1633 0.9593
vn 0.2106 -0.6167 0.7585
vn 0.4615 -0.6261 0.6285
vn 0.6621 -0.6810 0.3128
vn -0.2459 -0.5390 0.8057
vn -0.1822 -0.3958 0.9001
vn -0.2538 -0.4701 0.8453
vn 0.0288 -0.6627 0.7483
vn 0.1202 -0.6574 0.7439
vn -0.3209 -0.6989 0.6391
vn -0.3734 -0.7002 0.6085
vn -0.4131 -0.6757 0.6106
vn -0.4497 -0.4970 0.7421
vn -0.8152 -0.5559 -0.1627
vn -0.1428 -0.7539 -0.6413
vn -0.0357 -0.6059 -0.7947
vn -0.0153 -0.4911 -0.8710
vn -0.1710 -0.4565 -0.8731
vn -0.1810 -0.2726 -0.9449
vn -0.3521 -0.4866 -0.7995
vn 0.3151 -0.1669 -0.9343
vn 0.3234 -0.2072 -0.9233
vn 0.6674 -0.2501 -0.7015
vn 0.9541 -0.1950 -0.2272
vn 0.9908 -0.1136 0.0735
vn 0.9811 -0.0923 -0.1701
vn 0.9937 -0.0874 -0.0700
vn 0.9870 -0.1432 -0.0726
vn 0.9830 -0.1657 -0.0791
vn 0.3074 -0.6184 0.7232
vn 0.1910 -0.6177 0.7629
vn -0.3507 -0.5213 0.7780
vn -0.4997 -0.5077 0.7018
vn -0.5008 -0.6776 0.5385
vn -0.5574 -0.8077 0.1920
vn -0.0297 -0.4141 0.9097
vn -0.9327 -0.3568 -0.0526
vn -0.9709 -0.1332 0.1990
vn -0.5617 -0.6592 -0.5000
vn -0.1535 -0.8098 -0.5662
vn -0.1303 -0.7863 -0.6039
vn -0.2656 -0.4259 -0.8649
vn -0.3479 -0.4937 -0.7970
vn 0.7754 -0.2895 -0.5613
vn 0.8860 -0.2829 -0.3675
vn 0.9797 -0.0461 0.1951
vn 0.9762 -0.1483 -0.1584
vn 0.9894 -0.1435 -0.0243
vn 0.6659 -0.3707 0.6474
vn 0.7969 -0.4006 0.4522
vn 0.4495 -0.4753 0.7563
vn 0.4935 -0.4788 0.7261
vn 0.3787 -0.3837 0.8423
vn 0.1774 -0.4479 0.8763
vn 0.0905 -0.4418 0.8925
vn -0.0945 -0.5425 0.8347
vn -0.3532 -0.6904 0.6314
vn -0.4033 -0.5191 0.7536
vn -0.3075 -0.6036 0.7356
vn -0.5588 -0.2625 0.7867
vn -0.5214 -0.3848 0.7616
vn -0.5479 -0.1860 0.8156
vn -0.7255 -0.0844 0.6830
vn -0.7810 -0.2655 0.5653
vn -0.7499 -0.1369 0.6472
vn -0.9933 0.0044 -0.1156
vn -0.8715 -0.4745 0.1235
vn -0.9248 -0.3801 -0.0159
vn -0.9627 -0.2417 -0.1213
vn -0.6148 -0.7372 -0.2802
vn -0.5548 -0.7889 -0.2642
vn 0.8634 -0.3876 -0.3230
vn 0.9671 -0.2312 -0.1065
vn 0.2159 -0.2887 0.9328
vn 0.2365 -0.3005 0.9240
vn 0.3627 -0.5870 0.7238
vn -0.1338 -0.6462 0.7513
vn 0.1664 -0.5157 0.8405
vn -0.4080 -0.5994 0.6886
vn -0.1561 -0.4548 0.8768
vn -0.6735 -0.5638 0.4780
vn -0.5393 -0.6568 0.5271
vn -0.5942 -0.5731 0.5644
vn -0.9999 0.0041 0.0116
vn -0.9947 -0.0975 -0.0332
vn -0.9801 -0.1812 -0.0817
vn -0.7210 -0.6131 -0.3229
vn -0.9309 -0.3649 0.0146
vn -0.9134 -0.4004 -0.0726
vn -0.4795 -0.6848 -0.5487
vn -0.4787 -0.6598 -0.5792
vn -0.2606 -0.4480 -0.8552
vn -0.3565 -0.4442 -0.8220
vn -0.2950 -0.4580 -0.8386
vn -0.4031 -0.4070 -0.8197
vn -0.0272 -0.3682 -0.9294
vn 0.3423 -0.1987 -0.9183
vn 0.4001 -0.1129 -0.9095
vn 0.3866 -0.1923 -0.9020
vn 0.9782 -0.1505 0.1431
vn 0.9939 -0.0831 0.0723
vn 0.9985 -0.0315 0.0450
vn 0.9910 -0.0584 -0.1209
vn 0.9736 -0.0836 -0.2123
vn 0.9641 -0.2577 -0.0643
vn 0.9980 -0.0390 0.0504
vn 0.9602 -0.1336 -0.2455
vn 0.9660 -0.2315 -0.1152
vn 0.4051 -0.4767 0.7801
vn 0.0605 -0.2288 0.9716
vn 0.2285 -0.3620 0.9037
vn 0.5373 -0.6175 0.5745
vn 0.1797 -0.4709 0.8637
vn -0.1876 -0.5597 0.8072
vn -0.5110 -0.5619 0.6505
vn -0.3782 -0.5576 0.7389
vn -0.5000 -0.5069 0.7022
vn -0.3846 -0.7123 0.5871
vn -0.9982 0.0503 0.0324
vn -0.9953 -0.0922 -0.0309
vn -1.0000 0.0025 0.0070
vn -0.1024 -0.7266 -0.6793
vn 0.6938 -0.1959 -0.6930
vn 0.8120 -0.2668 -0.5191
vn 0.9966 -0.0562 -0.0605
vn 0.9836 -0.0696 -0.1666
vn 0.5621 -0.5287 0.6360
vn 0.3065 -0.4496 0.8390
vn 0.1226 -0.4456 0.8868
vn 0.2290 -0.3930 0.8905
vn -0.2210 -0.4592 0.8604
vn -0.2615 -0.5170 0.8151
vn 0.0024 -0.3206 0.9472
vn -0.0573 -0.4363 0.8980
vn -0.1022 -0.3492 0.9314
vn -0.7633 -0.4902 0.4208
vn -0.7285 -0.5344 0.4286
vn -0.7776 -0.2922 0.5568
vn -0.9859 -0.1666 0.0122
vn -0.8469 -0.4027 -0.3473
vn -0.1196 -0.4040 -0.9069
vn -0.1808 -0.7199 -0.6701
vn -0.0618 -0.1897 -0.9799
vn 0.0708 -0.3477 -0.9349
vn 0.0147 -0.3555 -0.9346
vn 0.0896 -0.1221 -0.9885
vn 0.3121 -0.1732 -0.9341
vn 0.6652 -0.1880 -0.7226
vn 0.6585 -0.3727 -0.6538
vn 0.9980 -0.0206 -0.0601
vn 0.9981 -0.0526 -0.0323
vn 0.1791 -0.3441 0.9217
vn 0.4001 -0.3265 0.8563
vn 0.0659 -0.3642 0.9290
vn 0.2789 -0.3544 0.8925
vn 0.3938 -0.4964 0.7736
vn 0.2799 -0.2236 0.9336
vn -0.4863 -0.5656 0.6661
vn -0.4328 -0.5745 0.6947
vn -0.5531 -0.5137 0.6559
vn -0.8436 -0.0390 0.5355
vn -0.8801 0.0090 0.4746
vn -0.8062 -0.0358 0.5905
vn -0.9389 -0.3210 0.1241
vn -0.9200 -0.3322 -0.2079
vn -0.9257 -0.3562 0.1272
vn -0.9431 -0.3225 -0.0806
vn -0.7428 -0.4312 -0.5122
vn 0.2161 -0.0978 -0.9715
vn 0.4357 -0.0272 -0.8997
vn 0.4263 -0.0520 -0.9031
vn 0.8526 0.0065 0.5225
vn 0.9221 -0.0935 0.3755
vn 0.1681 -0.4213 0.8912
vn 0.2813 -0.2998 0.9116
vn 0.1877 -0.3544 0.9161
vn 0.1391 -0.1986 0.9702
vn -0.3443 -0.5720 0.7445
vn -0.5500 -0.4930 0.6741
vn -0.3124 -0.2913 0.9042
vn -0.5117 -0.1149 0.8514
vn -0.9526 -0.2743 -0.1315
vn -0.4728 -0.6085 -0.6374
vn -0.2907 -0.5252 -0.7998
vn -0.4296 -0.3889 -0.8150
vn 0.4134 -0.0629 -0.9084
vn 0.8869 -0.0922 -0.4526
vn 0.8394 -0.2777 -0.4672
vn 0.9241 -0.1678 -0.3433
vn 0.8305 -0.0325 0.5560
vn 0.9668 -0.1199 0.2256
vn 0.9999 -0.0158 -0.0035
vn 0.8861 -0.3606 0.2912
vn 0.9737 -0.1882 -0.1287
vn 0.8330 -0.3685 0.4127
vn 0.4892 -0.3883 0.7809
vn 0.4497 -0.3856 0.8056
vn -0.0504 -0.3220 0.9454
vn 0.0023 -0.3296 0.9441
vn 0.0530 -0.2336 0.9709
vn 0.1221 -0.1834 0.9754
vn 0.0397 -0.4821 0.8752
vn -0.4569 -0.6331 0.6249
vn -0.3687 -0.5795 0.7268
vn -0.0735 -0.5117 0.8560
vn -0.9955 -0.0945 0.0003
vn -0.8922 -0.2591 0.3699
vn -0.9456 -0.2557 0.2012
vn -0.9652 -0.2520 -0.0702
vn -0.9911 -0.1181 0.0608
vn -0.9612 -0.1656 -0.2206
vn -0.9889 -0.0938 -0.1149
vn -0.9583 -0.1989 0.2051
vn -0.9674 -0.2414 -0.0766
vn -0.1614 -0.2552 -0.9533
vn 0.6170 0.0013 -0.7869
vn 0.9823 -0.1859 -0.0206
vn 0.7358 -0.2950 -0.6096
vn 0.9978 0.0478 -0.0449
vn 0.5534 -0.3415 0.7597
vn -0.4785 -0.4792 0.7358
vn -0.5607 -0.4775 0.6765
vn -0.3794 -0.5877 0.7146
vn -0.4403 -0.6583 0.6106
vn -0.3144 -0.6757 0.6668
vn -0.6301 -0.2609 0.7314
vn -0.6433 -0.2643 0.7186
vn -0.6208 -0.1512 0.7693
vn -0.7809 -0.1545 0.6053
vn -0.6680 -0.2441 -0.7030
vn -0.2374 -0.2466 -0.9396
vn -0.1169 -0.4359 -0.8924
vn -0.3642 -0.3143 -0.8767
vn 0.9685 -0.1071 0.2249
vn 0.9665 -0.1169 0.2283
vn 0.9859 -0.1025 0.1324
vn 0.9960 -0.0472 -0.0754
vn 0.9814 -0.1295 -0.1418
vn 0.9862 -0.0723 0.1489
vn 0.3961 -0.3551 0.8468
vn 0.1898 -0.3984 0.8974
vn 0.0954 -0.3541 0.9303
vn 0.3202 -0.4530 0.8320
vn 0.0398 -0.3134 0.9488
vn 0.1328 -0.2667 0.9546
vn -0.4204 -0.4915 0.7627
vn -0.3419 -0.6434 0.6849
vn -0.0203 -0.8372 0.5465
vn -0.5178 -0.5836 0.6255
vn -0.6486 -0.2165 0.7296
vn -0.9977 -0.0201 0.0642
vn -0.8907 0.0581 0.4509
vn -0.9942 -0.0695 -0.0817
vn -0.9845 0.0639 -0.1630
vn -0.4556 -0.1469 -0.8780
vn -0.4508 -0.0622 -0.8905
vn -0.1061 -0.0903 -0.9903
vn -0.0033 -0.1047 -0.9945
vn -0.2748 -0.3337 -0.9017
vn -0.3152 -0.3765 -0.8711
vn -0.2461 -0.1910 -0.9502
vn 0.8735 -0.1617 -0.4592
vn 0.9952 0.0268 -0.0940
vn 0.9917 0.0478 -0.1198
vn 0.9517 -0.1494 -0.2682
vn 0.9823 -0.1121 -0.1501
vn -0.4818 -0.5819 0.6552
vn -0.3909 -0.5327 0.7506
vn -0.4944 -0.6336 0.5951
vn -0.3533 -0.6083 0.7108
vn -0.6271 -0.6207 0.4706
vn -0.7727 -0.5656 0.2882
vn -0.7365 -0.1903 0.6491
vn -0.9962 0.0548 -0.0677
vn -0.9306 -0.1102 0.3490
vn -0.9493 -0.2885 0.1247
vn -0.0856 -0.0591 -0.9946
vn 0.2577 -0.2138 -0.9423
vn 0.3706 -0.1655 -0.9139
vn 0.3383 -0.2433 -0.9090
vn 0.9572 -0.1390 -0.2539
vn 0.9717 -0.0967 0.2156
vn 0.9835 -0.0890 -0.1574
vn 0.2969 -0.4050 0.8648
vn 0.2610 -0.3236 0.9095
vn 0.2935 -0.2848 0.9126
vn 0.3303 -0.2510 0.9099
vn 0.3391 -0.3059 0.8896
vn 0.4283 -0.3748 0.8223
vn 0.3264 -0.3830 0.8641
vn 0.3382 -0.3713 0.8647
vn -0.4252 -0.5679 0.7048
vn -0.5701 -0.4791 0.6675
vn -0.6628 -0.4286 0.6140
vn -0.5732 -0.5808 0.5780
vn -0.5511 -0.4817 0.6813
vn -0.1452 -0.6615 0.7358
vn -0.9252 -0.2876 -0.2476
vn -0.9482 -0.2685 -0.1697
vn -0.8870 -0.4021 -0.2273
vn 0.3321 -0.0666 -0.9409
vn 0.4398 0.0609 -0.8960
vn 0.7830 -0.0564 -0.6195
vn 0.8043 -0.1822 -0.5657
vn 0.9157 -0.0776 0.3943
vn 0.9457 -0.0643 0.3185
vn 0.9799 -0.1099 0.1668
vn 0.2224 -0.4453 0.8673
vn 0.3578 -0.3600 0.8616
vn 0.2657 -0.2846 0.9211
vn -0.1698 -0.3982 0.9014
vn 0.0980 -0.4060 0.9086
vn 0.1251 -0.4168 0.9003
vn 0.0151 -0.4300 0.9027
vn -0.4383 -0.3930 0.8084
vn -0.5347 -0.3755 0.7570
vn -0.4886 -0.3947 0.7781
vn -0.6498 -0.3105 0.6938
vn -0.1148 -0.6881 0.7164
vn -0.1114 -0.6951 0.7102
vn -0.0558 -0.7338 0.6771
vn -0.6153 -0.7639 0.1944
vn -0.6424 -0.7509 0.1533
vn -0.6188 -0.6580 0.4291
vn -0.6825 -0.5012 0.5320
vn -0.6173 -0.1128 0.7786
vn -0.8878 -0.2795 -0.3656
vn -0.7884 -0.0261 -0.6146
vn -0.5882 0.0730 -0.8054
vn -0.0295 -0.0321 -0.9990
vn -0.4867 -0.1580 -0.8592
vn 0.4376 0.0024 -0.8992
vn 0.5024 0.0879 -0.8601
vn 0.5626 0.0341 -0.8260
vn 0.9682 -0.1287 0.2147
vn 0.9787 -0.1578 0.1312
vn 0.9969 -0.0601 0.0517
vn 0.9861 -0.0357 -0.1623
vn 0.9633 -0.1445 -0.2260
vn 0.9872 0.0304 0.1569
vn 0.9447 0.1079 0.3097
vn 0.9111 0.1997 0.3605
vn 0.4318 -0.4167 0.7999
vn 0.3331 -0.3345 0.8815
vn -0.5138 -0.5872 0.6255
vn -0.4563 -0.6096 0.6482
vn -0.5349 -0.8213 0.1985
vn -0.5561 -0.7718 0.3083
vn -0.9744 -0.2239 0.0215
vn -0.8898 -0.4375 -0.1302
vn -0.9526 -0.2989 -0.0563
vn -0.9980 -0.0411 -0.0488
vn -0.9859 0.0534 -0.1585
vn -0.9877 -0.1224 0.0969
vn -0.9170 -0.2961 0.2671
vn -0.9870 -0.0818 0.1385
vn -0.9529 -0.2518 0.1689
vn -0.9303 -0.3373 -0.1442
vn -0.9392 -0.1584 -0.3047
vn -0.2365 -0.0801 -0.9683
vn -0.4309 -0.1193 -0.8945
vn 0.3578 -0.4839 0.7987
vn 0.6165 -0.4012 0.6775
vn 0.4971 -0.5461 0.6743
vn 0.1307 -0.4799 0.8675
vn 0.4826 -0.3727 0.7926
vn 0.1916 -0.4054 0.8938
vn 0.3858 -0.3131 0.8679
vn -0.0356 -0.2739 0.9611
vn -0.3292 -0.2382 0.9137
vn -0.4805 -0.4489 0.7533
vn -0.3077 -0.4462 0.8404
vn -0.3450 -0.5143 0.7851
vn -0.4674 -0.5426 0.6980
vn -0.5711 -0.5362 0.6215
vn -0.0459 -0.8056 0.5907
vn -0.4965 -0.8670 0.0430
vn -0.9676 -0.2332 -0.0969
vn -0.9857 -0.0134 -0.1682
vn -0.9858 -0.1651 0.0307
vn 0.3951 0.0939 -0.9138
vn 0.8242 -0.0941 -0.5584
vn 0.9283 -0.0105 -0.3716
vn 0.8990 -0.0383 -0.4362
vn 0.9622 -0.0835 0.2592
vn 0.9855 -0.0451 0.1639
vn 0.9985 -0.0497 -0.0223
vn 0.9728 -0.1172 -0.2000
vn 0.9995 -0.0260 -0.0151
vn 0.2431 -0.5321 0.8110
vn 0.0863 -0.5170 0.8516
vn 0.5561 -0.2957 0.7767
vn 0.3084 -0.4049 0.8608
vn -0.6297 -0.3868 0.6737
vn 0.0822 -0.7884 0.6097
vn -0.8294 -0.5463 -0.1166
vn -0.8228 -0.5295 -0.2064
vn -0.8492 -0.4917 -0.1929
vn -0.4608 -0.3159 -0.8293
vn -0.3879 -0.2371 -0.8907
vn 0.0290 -0.2091 -0.9775
vn 0.3473 -0.1379 -0.9276
vn 0.4352 -0.0936 -0.8955
vn 0.6982 -0.1165 -0.7064
vn 0.9928 0.0124 -0.1194
vn 0.9815 -0.0244 0.1897
vn 0.8984 0.2691 0.3471
vn 0.9458 0.1014 0.3086
vn 0.5374 -0.3596 0.7629
vn 0.1409 -0.5241 0.8399
vn 0.2078 -0.2603 0.9429
vn -0.2157 -0.5429 0.8116
vn -0.0678 -0.5953 0.8006
vn 0.1948 -0.5213 0.8309
vn -0.4132 -0.3025 0.8589
vn -0.3906 -0.3826 0.8373
vn -0.5393 -0.4812 0.6911
vn 0.0203 -0.7098 0.7041
vn 0.0699 -0.6633 0.7451
vn 0.2399 -0.7671 0.5949
vn -0.4426 -0.8903 -0.1067
vn -0.4278 -0.9032 -0.0333
vn -0.8166 -0.5758 0.0407
vn -0.5741 -0.8138 0.0905
vn 0.0210 -0.9705 0.2404
vn -0.8754 -0.4198 -0.2395
vn -0.9416 -0.1568 0.2981
vn -0.9780 -0.1525 0.1427
vn -0.9776 -0.0121 -0.2100
vn -0.9501 0.0501 -0.3080
vn -0.9045 0.0221 -0.4259
vn -0.4061 -0.0105 -0.9138
vn -0.0927 -0.0550 -0.9942
vn -0.0744 -0.0992 -0.9923
vn -0.2039 -0.1114 -0.9726
vn -0.1805 -0.1909 -0.9649
vn 0.1009 -0.0406 -0.9941
vn 0.3254 -0.0295 -0.9451
vn 0.9766 -0.1001 0.1905
vn 0.9543 -0.2172 -0.2054
vn 0.9641 -0.1532 -0.2171
vn 0.8240 0.4133 0.3876
vn -0.0750 -0.4768 0.8758
vn 0.2951 -0.4431 0.8465
vn 0.0135 -0.6221 0.7828
vn 0.4009 -0.2325 0.8862
vn 0.2172 -0.3088 0.9260
vn -0.0249 -0.1758 0.9841
vn -0.4551 -0.3751 0.8076
vn -0.0964 -0.5453 0.8327
vn -0.9221 -0.2568 -0.2895
vn -0.9125 -0.3808 -0.1492
vn -0.9504 -0.1744 0.2576
vn -0.9984 0.0566 -0.0072
vn 0.3703 -0.1986 0.9074
vn 0.0711 -0.2363 0.9691
vn 0.4724 -0.1200 0.8732
vn 0.4954 -0.0368 0.8679
vn 0.0246 -0.5150 0.8568
vn -0.5197 -0.3974 0.7563
vn -0.1895 -0.4850 0.8537
vn -0.5180 -0.2154 0.8278
vn -0.9961 -0.0885 0.0058
vn -0.8692 -0.4780 -0.1263
vn -0.9602 -0.2786 0.0197
vn -0.9918 -0.1196 -0.0442
vn -0.9444 -0.3170 -0.0875
vn -0.7166 0.0791 -0.6930
vn -0.5902 0.1190 -0.7984
vn 0.4072 0.1181 -0.9057
vn 0.4864 0.1237 -0.8649
vn 0.5031 0.1447 -0.8520
vn 0.3361 -0.0154 -0.9417
vn 0.6772 -0.0874 -0.7306
vn 0.6421 -0.1882 -0.7432
vn 0.9690 -0.2088 0.1322
vn 0.9760 -0.2064 0.0687
vn 0.8664 0.3337 0.3715
vn 0.2732 -0.2628 0.9254
vn 0.2827 -0.1828 0.9416
vn 0.1600 -0.2227 0.9617
vn 0.2628 -0.2324 0.9364
vn 0.2738 -0.2541 0.9276
vn 0.1642 -0.3713 0.9139
vn -0.0070 -0.2025 0.9793
vn -0.3797 -0.3210 0.8676
vn -0.0578 -0.7281 0.6831
vn 0.0120 -0.2445 0.9696
vn -0.0608 -0.3622 0.9301
vn -0.7937 -0.4529 0.4061
vn -0.8182 -0.4546 0.3520
vn -0.8343 -0.4803 0.2708
vn -0.9695 -0.2451 0.0054
vn -0.9980 -0.0199 -0.0603
vn -0.9933 -0.0849 0.0783
vn -0.9690 -0.2447 -0.0334
vn -0.9580 -0.2840 -0.0406
vn -0.9813 0.0433 -0.1874
vn -0.6117 0.1557 -0.7756
vn -0.1731 -0.0182 -0.9847
vn 0.3842 0.0433 -0.9223
vn 0.4517 0.1172 -0.8844
vn 0.4927 0.0863 -0.8659
vn 0.3911 -0.0608 -0.9183
vn 0.7205 0.0748 -0.6894
vn 0.9308 -0.2855 0.2283
vn 0.9665 -0.2499 -0.0591
vn 0.9341 0.1416 0.3278
vn 0.8663 0.2235 0.4467
vn 0.9389 0.1562 0.3067
vn 0.8148 0.4163 0.4035
vn 0.8133 0.4020 0.4207
vn 0.4698 -0.1315 0.8729
vn -0.0995 -0.4090 0.9071
vn 0.2529 -0.3048 0.9182
vn 0.3250 -0.0975 0.9407
vn 0.3882 -0.1609 0.9074
vn -0.1783 -0.2761 0.9444
vn -0.3484 -0.2705 0.8975
vn -0.4243 -0.2445 0.8719
vn -0.5573 -0.0924 0.8252
vn -0.5291 -0.1173 0.8404
vn -0.3667 -0.1813 0.9125
vn 0.2079 -0.3646 0.9077
vn 0.1958 -0.4892 0.8499
vn -0.9493 -0.1771 -0.2597
vn -0.9853 -0.1703 0.0103
vn -0.9020 -0.3470 -0.2569
vn -0.9903 -0.1078 0.0876
vn -0.6665 0.2433 -0.7047
vn -0.1068 -0.3231 -0.9403
vn 0.1679 -0.2532 -0.9527
vn 0.6894 -0.0313 -0.7237
vn 0.9363 -0.0863 0.3405
vn 0.9381 -0.1520 0.3111
vn -0.1024 -0.5243 0.8454
vn 0.2322 -0.1992 0.9520
vn -0.5097 -0.1841 0.8404
vn -0.2178 -0.2818 0.9344
vn -0.5967 -0.2510 0.7622
vn -0.4343 -0.3314 0.8376
vn -0.1519 -0.3554 0.9223
vn -0.8347 -0.3701 0.4077
vn -0.8537 -0.3839 0.3518
vn -0.8659 -0.4136 -0.2813
vn -0.9948 0.0747 0.0693
vn -0.9839 0.0781 -0.1606
vn -0.9955 -0.0323 -0.0895
vn -0.3840 0.0883 -0.9191
vn -0.3980 -0.3572 -0.8450
vn -0.0590 -0.0993 -0.9933
vn 0.3311 -0.1156 -0.9365
vn 0.7636 0.0628 -0.6426
vn 0.8952 -0.0596 -0.4417
vn 0.8827 -0.0474 -0.4675
vn 0.9041 0.0427 -0.4251
vn 0.9419 -0.2784 -0.1880
vn 0.9501 -0.2249 -0.2163
vn 0.8164 0.3186 0.4817
vn 0.8000 0.4405 0.4074
vn 0.8323 0.4559 0.3152
vn 0.8625 0.3607 0.3549
vn 0.8252 0.3415 0.4500
vn 0.4305 -0.2588 0.8647
vn 0.4055 -0.3540 0.8427
vn 0.4185 -0.4318 0.7990
vn 0.2683 -0.0166 0.9632
vn -0.4722 -0.1055 0.8752
vn -0.2451 -0.2397 0.9394
vn 0.0062 -0.2221 0.9750
vn -0.9402 -0.2256 -0.2552
vn -0.9704 -0.2413 0.0107
vn -0.9987 -0.0378 -0.0333
vn -0.9621 -0.2475 -0.1146
vn -0.9937 0.0157 -0.1110
vn -0.9716 -0.2356 -0.0235
vn -0.6786 0.2035 -0.7057
vn -0.6032 0.1225 -0.7881
vn -0.0527 -0.3268 -0.9436
vn 0.4022 -0.0473 -0.9143
vn 0.9634 -0.2612 0.0609
vn 0.9665 -0.2204 -0.1317
vn 0.1251 -0.1828 0.9752
vn 0.2172 -0.1022 0.9708
vn 0.1464 -0.0882 0.9853
vn -0.0057 -0.2343 0.9721
vn -0.0250 -0.0817 0.9963
vn -0.5456 -0.0694 0.8352
vn -0.4420 -0.2931 0.8478
vn 0.2321 -0.5073 0.8299
vn -0.9423 -0.2208 -0.2515
vn -0.9622 -0.2356 -0.1366
vn -0.9865 -0.1608 0.0314
vn -0.9742 -0.1610 0.1583
vn -0.3814 -0.2819 -0.8804
vn 0.0122 -0.2176 -0.9760
vn 0.4594 -0.1189 -0.8802
vn 0.9870 0.0739 -0.1424
vn 0.9498 -0.2448 0.1950
vn 0.9690 -0.1995 0.1459
vn 0.9281 0.2059 0.3101
vn 0.2231 -0.5317 0.8170
vn 0.5283 -0.3082 0.7912
vn 0.3070 -0.0463 0.9506
vn -0.2336 -0.0529 0.9709
vn -0.4307 -0.0899 0.8980
vn -0.5169 -0.1321 0.8458
vn -0.6358 -0.2838 0.7177
vn -0.9706 -0.1774 0.1625
vn -0.9853 -0.1706 0.0124
vn -0.9584 -0.1596 -0.2365
vn -0.9920 0.0754 -0.1009
vn -0.8042 -0.4304 -0.4099
vn -0.7110 0.3119 -0.6302
vn -0.1716 -0.1929 -0.9661
vn 0.1669 -0.3908 -0.9052
vn 0.5540 -0.4164 -0.7209
vn 0.5979 -0.3482 -0.7219
vn 0.6201 -0.2822 -0.7320
vn 0.9424 -0.0827 -0.3242
vn 0.7471 0.2899 0.5981
vn 0.3396 -0.6107 0.7153
vn 0.0148 -0.0298 0.9994
vn -0.0211 0.0421 0.9989
vn -0.4480 -0.0357 0.8933
vn -0.4616 -0.1930 0.8658
vn -0.2709 -0.0955 0.9579
vn -0.7860 0.2067 0.5827
vn -0.7672 0.2252 0.6006
vn -0.7342 0.2556 0.6291
vn -0.8473 -0.4114 0.3358
vn -0.8466 -0.3777 0.3751
vn -0.9975 -0.0186 -0.0687
vn -0.9880 -0.0321 -0.1513
vn -0.9502 -0.2748 -0.1467
vn -0.9563 -0.2891 -0.0429
vn -0.6960 0.3793 -0.6096
vn -0.7201 0.3778 -0.5820
vn -0.5978 0.1446 -0.7885
vn -0.6019 0.0842 -0.7941
vn -0.2422 -0.3604 -0.9008
vn 0.9989 -0.0271 0.0391
vn 0.9915 -0.0008 -0.1298
vn 0.9696 -0.2053 0.1328
vn 0.9803 -0.1206 -0.1563
vn 0.9971 -0.0574 0.0490
vn 0.9983 0.0053 0.0583
vn 0.7645 0.2666 0.5870
vn 0.3931 -0.1191 0.9118
vn 0.3213 -0.2188 0.9213
vn -0.1111 0.1252 0.9859
vn -0.4491 0.0992 0.8880
vn -0.4554 0.0084 0.8903
vn -0.0362 0.1594 0.9865
vn 0.0682 0.2072 0.9759
vn 0.0899 0.1959 0.9765
vn -0.0187 -0.0395 0.9990
vn -0.0635 0.1148 0.9914
vn -0.0825 0.1865 0.9790
vn -0.6822 0.2510 -0.6868
vn -0.2653 -0.2954 -0.9178
vn -0.3640 -0.3137 -0.8770
vn 0.1685 -0.1066 -0.9799
vn 0.3513 -0.0910 -0.9318
vn 0.5757 -0.1521 -0.8034
vn 0.9811 -0.1828 0.0631
vn 0.9827 -0.1829 -0.0296
vn 0.8970 -0.3965 -0.1955
vn 0.8847 0.1339 0.4464
vn -0.1000 -0.4318 0.8964
vn -0.2543 -0.4796 0.8398
vn 0.0522 0.0340 0.9981
vn -0.4067 0.1411 0.9026
vn -0.2969 0.2855 0.9112
vn 0.0557 0.1857 0.9810
vn -0.1483 -0.2400 0.9594
vn -0.1580 0.1562 0.9750
vn -0.8580 -0.2636 0.4408
vn -0.8637 -0.1806 0.4706
vn -0.9902 -0.0301 0.1367
vn -0.9782 -0.1028 -0.1803
vn -0.9744 -0.0348 -0.2220
vn -0.9869 0.0906 -0.1337
vn -0.9898 0.1277 -0.0635
vn -0.9975 0.0546 -0.0443
vn -0.9849 0.1268 -0.1179
vn -0.9443 0.2211 -0.2438
vn -0.9371 0.3240 -0.1302
vn -0.6975 0.4533 -0.5549
vn -0.7401 0.4553 -0.4949
vn -0.2415 -0.3024 -0.9221
vn 0.2503 -0.1004 -0.9629
vn 0.5046 -0.1199 -0.8550
vn 0.3526 -0.2669 -0.8969
vn 0.2768 -0.3455 -0.8967
vn 0.4923 -0.1564 -0.8563
vn 0.4223 -0.2779 -0.8628
vn 0.2509 -0.3216 -0.9130
vn 0.6589 0.1581 -0.7354
vn 0.6939 0.2361 -0.6803
vn 0.9708 -0.1861 0.1513
vn 0.9704 -0.1693 -0.1722
vn 0.8450 -0.4705 -0.2540
vn 0.9658 -0.0072 0.2593
vn 0.9447 0.1597 0.2864
vn 0.9376 0.1150 0.3283
vn 0.9423 0.0926 0.3217
vn -0.0319 -0.3164 0.9481
vn -0.1864 -0.3954 0.8994
vn -0.4224 0.2270 0.8775
vn -0.5770 0.3788 0.7236
vn -0.1910 0.3610 0.9128
vn -0.1546 0.2370 0.9591
vn -0.8353 -0.1544 0.5276
vn -0.9967 -0.0625 -0.0509
vn -0.9741 0.0254 0.2245
vn -0.3055 -0.2034 -0.9302
vn -0.4208 -0.2054 -0.8836
vn 0.2099 -0.1791 -0.9612
vn 0.2979 -0.1360 -0.9449
vn 0.3652 -0.2110 -0.9067
vn 0.0546 -0.4188 -0.9065
vn 0.8144 0.4582 -0.3563
vn 0.9094 0.4021 -0.1064
vn 0.8570 0.3655 -0.3632
vn 0.9852 0.1711 -0.0003
vn 0.9513 -0.2801 0.1289
vn 0.8968 -0.4423 -0.0110
vn 0.8160 0.0471 0.5761
vn 0.9033 0.1190 0.4121
vn 0.9691 0.0267 0.2454
vn 0.7151 0.1660 0.6791
vn -0.2633 -0.5164 0.8148
vn -0.1930 -0.6036 0.7736
vn -0.1518 -0.5515 0.8203
vn -0.0341 -0.2975 0.9541
vn 0.1538 -0.3906 0.9076
vn 0.4142 -0.2034 0.8872
vn 0.5358 -0.0884 0.8397
vn -0.1476 -0.2981 0.9431
vn -0.2565 -0.4295 0.8659
vn -0.3294 0.2969 0.8963
vn -0.4828 0.2922 0.8255
vn -0.4890 0.4657 0.7375
vn -0.9962 -0.0148 -0.0859
vn -0.9866 -0.0343 -0.1595
vn -0.9625 -0.1379 -0.2336
vn -0.9743 -0.1093 -0.1969
vn -0.9739 0.2104 -0.0856
vn -0.9794 0.1184 -0.1633
vn -0.9657 0.2293 -0.1217
vn -0.9368 0.1901 -0.2938
vn -0.9906 -0.0170 -0.1355
vn -0.9634 0.0709 -0.2585
vn -0.8527 0.2967 -0.4299
vn -0.1700 0.0189 -0.9853
vn -0.2765 0.2081 -0.9382
vn -0.2093 0.0131 -0.9778
vn -0.2110 -0.2537 -0.9440
vn 0.1990 -0.2598 -0.9449
vn 0.6026 0.0929 -0.7926
vn 0.4765 -0.2661 -0.8379
vn 0.1600 -0.4365 -0.8853
vn 0.5384 -0.0618 -0.8404
vn -0.1692 -0.4594 0.8720
vn 0.2582 0.0630 0.9640
vn -0.0610 0.3575 0.9319
vn -0.3714 0.4234 0.8263
vn -0.4597 0.3336 0.8230
vn -0.1510 0.3069 0.9397
vn -0.1944 0.3403 0.9200
vn -0.9960 0.0641 -0.0622
vn -0.9739 0.1861 0.1300
vn -0.7286 0.5035 -0.4643
vn -0.5911 0.2782 -0.7571
vn -0.4316 0.1296 -0.8927
vn -0.3799 0.1991 -0.9034
vn -0.2957 0.0711 -0.9526
vn 0.7915 0.2956 -0.5349
vn 0.7445 0.3512 -0.5678
vn 0.8038 -0.5399 -0.2500
vn 0.9063 -0.2547 0.3372
vn 0.7859 -0.1515 0.5995
vn 0.8948 -0.2602 0.3627
vn 0.6431 0.0274 0.7653
vn 0.8071 0.1236 0.5774
vn 0.7783 0.1652 0.6058
vn 0.9464 0.0950 0.3087
vn 0.9070 0.1884 0.3766
vn 0.4996 0.2031 0.8421
vn 0.6182 0.1185 0.7771
vn 0.5916 0.2732 0.7586
vn 0.7801 0.3026 0.5476
vn -0.1489 -0.6661 0.7309
vn 0.3346 -0.3673 0.8678
vn -0.2585 0.3567 0.8977
vn -0.3302 0.4268 0.8419
vn -0.5600 0.3694 0.7416
vn -0.9653 0.0205 -0.2602
vn -0.9327 0.0644 -0.3549
vn -0.9560 -0.0123 -0.2931
vn -0.9637 0.2290 -0.1371
vn -0.3313 -0.1357 -0.9337
vn 0.1825 -0.4196 -0.8892
vn 0.3959 -0.4064 -0.8235
vn 0.2133 -0.5218 -0.8260
vn 0.9037 0.1089 -0.4140
vn 0.9379 0.1499 -0.3129
vn 0.9764 0.0761 -0.2019
vn 0.8733 -0.0522 0.4844
vn 0.9654 -0.1341 0.2239
vn 0.9293 0.1682 0.3287
vn 0.8580 0.1682 0.4853
vn -0.2459 -0.2434 0.9382
vn -0.2422 -0.4199 0.8747
vn -0.1945 -0.2376 0.9517
vn 0.4867 0.1644 0.8579
vn 0.0164 -0.5728 0.8195
vn -0.0574 0.2082 0.9764
vn -0.1125 0.4020 0.9087
vn -0.4638 0.3725 0.8039
vn -0.3106 0.4960 0.8109
vn -0.4696 0.3861 0.7940
vn 0.0101 0.3667 0.9303
vn -0.1077 0.5494 0.8286
vn -0.0407 0.3160 0.9479
vn -0.9884 -0.0101 -0.1518
vn -0.9578 0.2301 -0.1723
vn -0.9202 0.3261 -0.2164
vn -0.8937 0.3257 -0.3085
vn -0.6989 0.3798 -0.6060
vn -0.3311 -0.2254 -0.9163
vn 0.2084 -0.3409 -0.9167
vn 0.2464 -0.4728 -0.8460
vn 0.7481 0.4140 -0.5186
vn 0.7867 0.4379 -0.4350
vn 0.7017 0.5205 -0.4865
vn 0.7531 0.5153 -0.4091
vn 0.6935 0.3755 -0.6149
vn 0.9771 0.2117 0.0210
vn 0.9191 0.3109 -0.2422
vn 0.9774 0.2092 -0.0304
vn 0.8714 -0.4902 -0.0198
vn 0.8390 -0.5379 -0.0817
vn 0.8122 -0.0255 0.5829
vn -0.2621 -0.4190 0.8694
vn 0.2859 0.1241 0.9502
vn -0.1546 -0.4228 0.8929
vn -0.1378 -0.6100 0.7803
vn -0.0489 0.1801 0.9824
vn -0.4426 0.3792 0.8126
vn -0.5767 0.4240 0.6984
vn -0.7856 0.5740 0.2312
vn -0.8208 0.4601 0.3384
vn -0.7014 0.6369 0.3200
vn -0.9921 0.1254 0.0016
vn -0.8587 0.5078 0.0700
vn -0.9635 0.0883 -0.2528
vn -0.8030 0.3197 -0.5030
vn -0.7216 0.3287 -0.6093
vn -0.7275 0.3720 -0.5766
vn -0.4466 0.2644 -0.8548
vn -0.3356 -0.1969 -0.9212
vn 0.6670 0.0512 -0.7433
vn 0.7828 0.1366 -0.6071
vn 0.8815 -0.4719 -0.0153
vn 0.9473 -0.3154 -0.0570
vn 0.9603 -0.2535 -0.1165
vn 0.9399 -0.2347 -0.2479
vn 0.8691 -0.3305 0.3681
vn 0.8371 -0.0620 0.5436
vn 0.4881 0.3659 0.7924
vn 0.5328 0.3254 0.7812
vn 0.1476 0.3805 0.9129
vn 0.1665 0.3358 0.9271
vn 0.4111 0.2522 0.8760
vn -0.3542 0.2207 0.9087
vn -0.4567 0.2492 0.8540
vn -0.5438 0.1659 0.8226
vn -0.1754 0.5266 0.8318
vn -0.3120 0.5024 0.8064
vn -0.2157 0.5840 0.7826
vn -0.1222 0.6311 0.7660
vn -0.0297 0.5839 0.8113
vn -0.0442 0.5956 0.8021
vn -0.3210 0.4904 0.8102
vn -0.4692 0.3455 0.8127
vn 0.0892 0.2675 0.9594
vn 0.0071 0.2750 0.9614
vn -0.2311 0.4370 0.8693
vn -0.1162 0.3396 0.9334
vn -0.4362 0.5547 0.7086
vn -0.8614 0.4978 -0.1010
vn -0.8455 0.5196 0.1229
vn -0.8686 0.4316 -0.2433
vn -0.5307 0.4156 -0.7387
vn -0.3829 0.1981 -0.9023
vn -0.3299 0.0373 -0.9433
vn -0.3396 -0.1403 -0.9301
vn 0.1810 -0.5311 -0.8277
vn 0.6883 0.0803 -0.7210
vn 0.9640 -0.0404 -0.2627
vn 0.7708 -0.0477 0.6353
vn 0.6439 -0.0292 0.7646
vn 0.7467 -0.1999 0.6344
vn -0.1447 0.2254 0.9635
vn 0.0493 0.1400 0.9889
vn -0.3647 0.4917 0.7907
vn -0.9229 0.3626 -0.1295
vn -0.9196 0.3637 0.1484
vn -0.7649 0.6127 0.1990
vn -0.8893 -0.1711 -0.4241
vn -0.8982 -0.0478 -0.4369
vn -0.9342 -0.0183 -0.3562
vn -0.9335 0.0967 -0.3452
vn -0.6816 0.4719 -0.5592
vn -0.4316 -0.2073 -0.8779
vn -0.3744 -0.2535 -0.8920
vn 0.1715 -0.5022 -0.8476
vn 0.3399 -0.5300 -0.7769
vn 0.3120 -0.5114 -0.8007
vn 0.2671 -0.4419 -0.8564
vn 0.2221 -0.5212 -0.8240
vn 0.6143 0.3273 -0.7179
vn 0.7807 0.4386 -0.4451
vn 0.9559 0.0688 -0.2856
vn 0.8174 -0.2997 0.4919
vn 0.0119 0.3825 0.9239
vn -0.2085 0.3583 0.9100
vn -0.1633 0.3300 0.9297
vn -0.1706 0.3352 0.9266
vn -0.9604 0.2657 -0.0837
vn -0.8848 0.4595 -0.0781
vn -0.8987 0.2932 -0.3261
vn -0.9214 0.0929 -0.3774
vn -0.8951 0.3111 -0.3193
vn -0.7918 0.4403 -0.4232
vn -0.7133 0.3507 -0.6069
vn -0.7071 0.4730 -0.5256
vn -0.3244 -0.1717 -0.9302
vn 0.9496 0.1527 -0.2737
vn 0.9411 0.1902 -0.2795
vn 0.9334 0.1160 0.3395
vn 0.9101 -0.0019 0.4144
vn 0.9293 -0.0558 0.3651
vn 0.2253 0.3462 0.9107
vn 0.3198 0.5205 0.7917
vn 0.3798 0.5138 0.7693
vn 0.3905 0.5673 0.7251
vn 0.0679 0.3672 0.9277
vn -0.3480 0.3234 0.8800
vn -0.1085 0.2758 0.9551
vn 0.0188 0.2083 0.9779
vn -0.6260 0.6460 0.4368
vn -0.7658 0.6113 0.1997
vn -0.8933 0.4486 0.0262
vn -0.9056 0.3970 -0.1490
vn -0.7831 0.6106 0.1182
vn -0.8983 -0.0151 -0.4391
vn -0.8524 0.3693 -0.3701
vn -0.8422 0.4329 -0.3215
vn -0.4140 0.4041 -0.8157
vn -0.3568 -0.0938 -0.9295
vn -0.3965 -0.0763 -0.9149
vn 0.8316 0.2843 -0.4770
vn 0.8608 0.2947 -0.4150
vn 0.6979 0.3889 -0.6014
vn 0.8412 0.1891 -0.5065
vn 0.8674 0.2298 -0.4413
vn 0.7868 0.4322 -0.4406
vn 0.8726 0.3311 -0.3591
vn 0.9012 0.2910 -0.3212
vn 0.9404 0.2347 -0.2462
vn 0.9220 0.1749 -0.3456
vn 0.9167 0.2805 -0.2846
vn 0.9872 0.0812 -0.1372
vn 0.9900 0.0029 -0.1413
vn 0.9276 0.3735 -0.0062
vn 0.8672 0.4902 0.0872
vn 0.9255 0.0302 0.3775
vn 0.2369 0.5231 0.8186
vn -0.3768 0.3944 0.8381
vn -0.2667 0.5010 0.8233
vn -0.3464 0.3557 0.8680
vn -0.4078 0.2749 0.8707
vn -0.4248 0.2282 0.8761
vn -0.5422 0.3923 0.7430
vn -0.3883 0.3650 0.8462
vn -0.0976 0.1482 0.9841
vn -0.8871 0.4153 -0.2015
vn -0.4405 -0.2967 -0.8473
vn -0.4362 -0.2955 -0.8500
vn -0.1723 -0.1452 -0.9743
vn -0.1279 -0.0661 -0.9896
vn -0.1025 0.1438 -0.9843
vn 0.1686 0.0671 -0.9834
vn 0.1720 0.4515 -0.8755
vn 0.4534 0.2742 -0.8481
vn 0.5296 0.1691 -0.8312
vn 0.5598 0.1429 -0.8162
vn 0.6109 0.3034 -0.7313
vn 0.4305 0.3679 -0.8242
vn 0.8479 0.2886 -0.4447
vn 0.9599 0.0980 -0.2625
vn 0.7999 0.1377 0.5841
vn 0.8631 -0.0416 0.5034
vn 0.7818 -0.2347 0.5776
vn 0.8684 -0.1431 0.4747
vn 0.0016 0.7854 0.6190
vn 0.2281 0.7104 0.6659
vn -0.5230 0.1826 0.8325
vn -0.1426 0.4165 0.8979
vn -0.1212 0.1865 0.9749
vn 0.0980 -0.0894 0.9912
vn -0.3866 0.4957 0.7777
vn -0.5388 0.5886 0.6027
vn -0.6395 0.5718 -0.5139
vn -0.3969 -0.1849 -0.8990
vn -0.4231 -0.1718 -0.8897
vn 0.6957 0.4711 -0.5423
vn 0.8979 0.2549 -0.3589
vn 0.7741 0.1270 -0.6202
vn 0.8633 0.2521 -0.4373
vn 0.8163 0.1165 -0.5658
vn 0.9060 0.4095 0.1072
vn 0.8221 -0.1071 0.5592
vn 0.9275 -0.0163 0.3736
vn 0.9463 -0.0885 0.3111
vn 0.3235 0.5808 0.7470
vn -0.4382 0.2003 0.8763
vn -0.0392 0.1312 0.9906
vn 0.0482 0.1448 0.9883
vn -0.2921 0.4068 0.8656
vn -0.1266 0.2432 0.9617
vn -0.7975 0.6020 0.0409
vn -0.7506 0.6556 0.0824
vn -0.7811 0.6221 0.0532
vn -0.8431 0.3930 -0.3670
vn -0.7146 0.6028 -0.3549
vn -0.4472 0.4941 -0.7456
vn -0.5015 0.5014 -0.7050
vn -0.1311 -0.0004 -0.9914
vn 0.6194 0.2446 -0.7460
vn 0.8956 0.1674 -0.4121
vn 0.8816 0.3437 -0.3235
vn 0.8947 0.2890 -0.3405
vn 0.9636 0.2155 -0.1584
vn 0.8702 0.4848 0.0873
vn 0.9288 0.3677 0.0473
vn 0.8874 0.4547 0.0758
vn 0.8090 -0.0955 0.5800
vn 0.9075 0.0035 0.4200
vn 0.4241 0.8418 0.3339
vn 0.4906 0.7350 0.4681
vn 0.1185 0.8340 0.5389
vn 0.1397 0.6337 0.7609
vn 0.2458 0.4696 0.8480
vn -0.2992 0.3978 0.8673
vn -0.2222 0.3570 0.9073
vn -0.3458 0.1122 0.9316
vn -0.5355 0.3853 0.7515
vn -0.3570 0.2455 0.9012
vn -0.8146 0.5498 0.1848
vn -0.9080 0.4087 0.0926
vn -0.5866 0.4103 -0.6982
vn 0.0799 0.3728 -0.9244
vn -0.0350 0.4410 -0.8968
vn -0.0777 0.4585 -0.8853
vn 0.9257 0.2279 -0.3019
vn 0.9314 0.3461 -0.1129
vn 0.8938 0.4020 -0.1986
vn 0.8974 0.4296 -0.1007
vn 0.8292 0.1253 0.5448
vn 0.8480 -0.1588 0.5057
vn 0.3934 0.7029 0.5926
vn 0.0918 0.6079 0.7887
vn 0.1419 0.6621 0.7359
vn 0.4668 0.6671 0.5805
vn 0.4658 0.6594 0.5901
vn -0.3922 0.7656 0.5099
vn -0.3953 0.7131 0.5790
vn -0.3574 0.6420 0.6783
vn 0.0093 -0.1033 0.9946
vn -0.5769 0.6676 0.4707
vn -0.6053 0.6611 0.4435
vn -0.8024 0.5411 0.2518
vn -0.7722 0.6341 -0.0403
vn -0.7567 0.6233 -0.1974
vn -0.7363 0.5270 -0.4244
vn -0.5729 0.6522 -0.4964
vn -0.4147 -0.1658 -0.8947
vn -0.5043 0.0921 -0.8586
vn 0.1148 0.6312 -0.7671
vn 0.0228 0.4513 -0.8921
vn 0.2830 0.4552 -0.8442
vn 0.8161 0.3632 -0.4496
vn 0.9235 0.0444 -0.3811
vn 0.8742 0.1308 -0.4676
vn 0.9446 0.1191 -0.3057
vn 0.9159 0.1224 -0.3822
vn 0.8315 0.4816 -0.2771
vn 0.8969 0.4329 0.0901
vn 0.7456 0.6611 0.0841
vn 0.8557 -0.0375 0.5161
vn 0.8157 0.4734 0.3325
vn 0.4820 0.7043 0.5212
vn 0.4253 0.7586 0.4936
vn 0.4415 0.8074 0.3915
vn 0.4923 0.7700 0.4059
vn 0.3698 0.7111 0.5980
vn -0.1018 0.2375 0.9660
vn -0.1605 -0.0332 0.9865
vn -0.3228 0.4348 0.8407
vn -0.5947 0.6612 0.4573
vn -0.5420 0.6741 0.5018
vn -0.8574 0.5110 0.0610
vn -0.8398 0.4911 -0.2313
vn -0.8178 0.5721 -0.0632
vn -0.5490 0.7541 -0.3605
vn -0.4380 -0.1630 -0.8841
vn -0.4993 -0.2975 -0.8138
vn -0.0274 0.5214 -0.8529
vn 0.4910 0.4440 -0.7496
vn 0.6639 0.4620 -0.5880
vn 0.7224 0.3999 -0.5641
vn 0.5236 0.1285 -0.8422
vn 0.9244 0.1617 -0.3455
vn 0.6269 0.6972 0.3477
vn 0.6740 0.5469 0.4966
vn 0.5155 0.7733 0.3692
vn 0.2939 0.7232 0.6250
vn 0.3170 0.6497 0.6910
vn -0.3698 0.3278 0.8694
vn -0.4600 0.2344 0.8564
vn -0.1385 0.2041 0.9691
vn -0.4126 0.5038 0.7589
vn -0.2241 0.0582 0.9728
vn -0.4401 0.7337 0.5176
vn -0.8820 0.4003 -0.2488
vn -0.6962 0.3674 -0.6168
vn -0.6353 0.3957 -0.6632
vn -0.6631 0.4507 -0.5976
vn -0.4706 0.3028 -0.8288
vn -0.5111 -0.3922 -0.7648
vn -0.0832 0.3203 -0.9437
vn -0.0907 0.4035 -0.9105
vn 0.0730 0.4757 -0.8766
vn 0.2484 0.6193 -0.7448
vn 0.7685 0.4954 -0.4050
vn 0.6179 0.6281 -0.4730
vn 0.9137 0.2354 -0.3314
vn 0.8037 0.4948 -0.3305
vn 0.7836 0.6197 -0.0449
vn 0.5216 0.8017 0.2919
vn 0.4200 0.8006 0.4273
vn 0.4869 0.7383 0.4667
vn -0.1261 0.6049 0.7862
vn -0.3187 0.0994 0.9426
vn -0.2078 0.3309 0.9205
vn -0.3227 0.4985 0.8046
vn -0.2284 0.3419 0.9116
vn -0.1075 0.0771 0.9912
vn -0.1877 0.4473 0.8745
vn -0.3380 0.3733 0.8639
vn -0.5314 0.7538 0.3865
vn -0.5317 0.7451 0.4027
vn -0.6447 0.5879 -0.4886
vn -0.6741 0.6125 -0.4128
vn -0.5574 0.7076 -0.4343
vn -0.4870 0.7909 -0.3705
vn -0.4584 0.8033 -0.3803
vn -0.5740 0.5427 -0.6132
vn -0.5378 0.7233 -0.4332
vn -0.2480 0.5095 -0.8239
vn 0.3637 0.5140 -0.7769
vn 0.3977 0.6594 -0.6379
vn 0.6082 0.5114 -0.6072
vn 0.8517 0.1024 -0.5139
vn 0.9438 0.1613 -0.2884
vn 0.8398 0.5367 -0.0822
vn 0.8356 0.5033 -0.2204
vn 0.7352 0.6643 0.1348
vn 0.6563 0.7266 0.2034
vn 0.4181 0.8527 0.3132
vn 0.4761 0.7583 0.4453
vn 0.1570 0.5732 0.8042
vn -0.2081 0.3514 0.9128
vn -0.2493 0.1366 0.9587
vn -0.0832 0.0149 0.9964
vn -0.1580 0.3214 0.9337
vn -0.0942 -0.0876 0.9917
vn -0.4986 0.7722 0.3938
vn -0.6694 0.6967 0.2579
vn -0.4501 0.8317 -0.3251
vn -0.5408 0.4860 -0.6866
vn -0.5920 0.4828 -0.6453
vn -0.6565 0.5819 -0.4799
vn -0.3237 0.5745 -0.7518
vn 0.2816 0.6617 -0.6949
vn 0.5083 0.6385 -0.5778
vn 0.7443 0.5120 -0.4288
vn 0.5203 0.4474 -0.7274
vn 0.2689 0.6541 -0.7070
vn 0.9280 0.1814 -0.3253
vn 0.8167 0.5677 0.1035
vn 0.7589 0.6242 0.1856
vn 0.3967 0.8096 0.4326
vn 0.3978 0.7965 0.4553
vn -0.1725 0.0968 0.9803
vn -0.2834 0.1477 0.9476
vn -0.3355 0.2716 0.9021
vn -0.1504 0.3351 0.9301
vn -0.2839 0.7790 0.5591
vn -0.8414 0.5396 -0.0296
vn -0.7597 0.6501 -0.0114
vn -0.7559 0.6508 -0.0712
vn -0.7201 0.6929 -0.0365
vn -0.4800 0.7581 -0.4415
vn -0.0856 0.4664 -0.8804
vn -0.1392 0.6379 -0.7575
vn 0.1764 0.6245 -0.7608
vn 0.2445 0.6734 -0.6976
vn 0.9407 0.0795 -0.3298
vn 0.8330 0.3500 -0.4285
vn 0.8626 0.2966 -0.4098
vn 0.8890 0.4561 -0.0418
vn 0.9393 0.3432 -0.0009
vn 0.8003 0.5441 -0.2520
vn 0.7318 0.6778 -0.0706
vn 0.7854 0.5921 0.1802
vn 0.4659 0.8467 0.2569
vn 0.4507 0.7911 0.4135
vn 0.1980 0.7626 0.6159
vn 0.3148 0.6215 0.7174
vn 0.0667 0.6763 0.7336
vn -0.1858 0.3004 0.9356
vn -0.1764 0.1057 0.9786
vn -0.4963 0.2980 0.8154
vn -0.4886 0.6382 0.5949
vn -0.6766 0.7134 0.1825
vn -0.3191 0.8241 0.4680
vn -0.4484 0.7655 -0.4615
vn -0.5694 0.6381 -0.5182
vn 0.2941 0.7132 -0.6363
vn 0.3058 0.7647 -0.5673
vn 0.7186 0.5105 -0.4722
vn 0.9311 0.2395 -0.2751
vn 0.9562 0.2630 0.1286
vn 0.8373 0.5059 -0.2073
vn 0.5179 0.7991 0.3053
vn 0.5056 0.8185 0.2728
vn 0.2944 0.7072 0.6428
vn -0.3206 0.2771 0.9058
vn -0.1554 0.1712 0.9729
vn -0.8714 0.4805 -0.0988
vn -0.8652 0.4930 -0.0918
vn 0.0482 0.5952 -0.8022
vn -0.0380 0.7244 -0.6884
vn -0.0247 0.7731 -0.6338
vn 0.8277 0.5386 0.1576
vn 0.3435 0.7564 0.5567
vn 0.2554 0.6934 0.6737
vn 0.2737 0.8021 0.5308
vn 0.3534 0.6318 0.6898
vn 0.0170 0.3510 0.9362
vn -0.3007 0.5295 0.7932
vn -0.2560 0.3933 0.8831
vn -0.2062 0.4605 0.8634
vn -0.1206 0.4623 0.8785
vn -0.1629 0.2771 0.9469
vn -0.8854 0.4114 -0.2164
vn -0.7166 0.6321 -0.2950
vn -0.5005 0.6789 -0.5373
vn -0.6786 0.6328 -0.3729
vn -0.4547 0.7476 -0.4841
vn -0.3508 0.8601 -0.3704
vn -0.4534 0.8742 -0.1740
vn -0.5761 0.6616 -0.4800
vn -0.6792 0.6413 -0.3569
vn -0.6296 0.5622 -0.5363
vn -0.5454 0.6554 -0.5225
vn 0.3749 0.6648 -0.6462
vn 0.7908 0.4026 -0.4611
vn 0.7094 0.4690 -0.5261
vn 0.6895 0.4262 -0.5856
vn 0.7541 0.6510 -0.0873
vn -0.0963 0.8876 0.4504
vn 0.6352 0.7712 0.0421
vn 0.2324 0.9005 0.3676
vn 0.4943 0.8386 0.2291
vn 0.4094 0.8157 0.4086
vn 0.3113 0.7406 0.5955
vn -0.3622 0.5954 0.7171
vn -0.2246 0.5613 0.7966
vn -0.0941 0.1904 0.9772
vn -0.0224 0.1124 0.9934
vn 0.1564 0.6876 -0.7090
vn -0.0964 0.7785 -0.6201
vn 0.0805 0.7773 -0.6240
vn 0.3059 0.6951 -0.6506
vn 0.3020 0.7025 -0.6444
vn 0.8306 0.2914 -0.4745
vn 0.6427 0.5089 -0.5727
vn 0.9204 0.3535 -0.1672
vn 0.9256 0.3663 0.0952
vn 0.5152 0.7876 0.3381
vn 0.4904 0.8099 0.3219
vn 0.3475 0.8724 0.3438
vn 0.2332 0.8654 0.4435
vn 0.2311 0.8462 0.4801
vn -0.2931 0.4160 0.8608
vn -0.4961 0.7671 0.4068
vn -0.6634 0.6974 0.2711
vn -0.5110 0.7808 0.3596
vn -0.3733 0.7949 0.4783
vn -0.8194 0.3802 -0.4290
vn -0.8834 0.3787 -0.2759
vn -0.7495 0.4601 -0.4760
vn -0.5073 0.8307 -0.2293
vn -0.5065 0.7089 -0.4909
vn 0.5918 0.5581 -0.5817
vn 0.6885 0.5256 -0.4997
vn 0.8535 0.4829 0.1959
vn 0.5451 0.7841 0.2967
vn 0.5074 0.7421 0.4380
vn 0.3402 0.7503 0.5669
vn -0.1253 0.5362 0.8347
vn -0.3406 0.8324 0.4372
vn -0.6680 0.7038 0.2417
vn -0.3654 0.8243 0.4325
vn -0.3914 0.8437 0.3673
vn -0.4798 0.8134 -0.3289
vn -0.5727 0.7821 -0.2455
vn -0.4396 0.6700 -0.5983
vn -0.4221 0.7798 -0.4623
vn -0.4192 0.7400 -0.5261
vn -0.4219 0.7493 -0.5104
vn 0.1656 0.7939 -0.5851
vn 0.6313 0.6687 -0.3929
vn 0.5997 0.4249 -0.6781
vn 0.5917 0.5791 -0.5608
vn 0.7488 0.5732 -0.3327
vn 0.8414 0.5404 0.0046
vn 0.8666 0.4923 -0.0818
vn 0.8363 0.5443 -0.0650
vn 0.4906 0.8011 0.3428
vn 0.3604 0.7286 0.5825
vn 0.5441 0.7834 0.3005
vn 0.2222 0.8575 0.4641
vn 0.3644 0.8588 0.3600
vn 0.3562 0.8028 0.4781
vn 0.4155 0.8789 0.2344
vn -0.1367 0.3912 0.9101
vn -0.4909 0.3561 0.7951
vn -0.1107 0.3014 0.9470
vn -0.1134 0.2300 0.9666
vn -0.1648 0.3430 0.9248
vn -0.8105 0.5814 0.0717
vn -0.4143 0.8528 0.3181
vn -0.6274 0.7556 -0.1882
vn -0.5616 0.6889 -0.4582
vn -0.3606 0.7584 -0.5430
vn -0.5648 0.7865 -0.2500
vn -0.5819 0.7284 -0.3616
vn 0.1717 0.7919 -0.5860
vn 0.3969 0.7724 -0.4959
vn 0.3928 0.6420 -0.6585
vn 0.4669 0.6090 -0.6412
vn 0.5013 0.7477 -0.4354
vn 0.6225 0.6158 -0.4830
vn 0.6769 0.6247 -0.3891
vn 0.5633 0.7024 -0.4352
vn 0.7053 0.4873 -0.5148
vn 0.7498 0.3851 -0.5381
vn 0.5624 0.6029 0.5659
vn 0.7395 0.5991 0.3070
vn 0.5469 0.6957 0.4657
vn 0.5864 0.7654 0.2651
vn 0.5218 0.7101 0.4727
vn 0.4415 0.8341 0.3307
vn 0.2586 0.8732 0.4130
vn 0.2124 0.8514 0.4796
vn -0.1357 0.8199 0.5562
vn -0.3063 0.8216 0.4808
vn -0.4751 0.8116 0.3400
vn -0.3837 0.8137 0.4366
vn -0.3687 0.8264 -0.4256
vn -0.5989 0.7901 -0.1304
vn -0.5640 0.7632 -0.3152
vn -0.5304 0.7311 -0.4292
vn 0.0468 0.7762 -0.6287
vn 0.1563 0.7619 -0.6285
vn 0.5300 0.7182 -0.4508
vn 0.8981 0.4052 0.1707
vn 0.8914 0.4524 -0.0273
vn 0.9466 0.3064 0.1002
vn 0.8476 0.5074 0.1553
vn 0.8794 0.4747 0.0374
vn 0.8918 0.4525 0.0032
vn 0.8315 0.5188 -0.1985
vn 0.4894 0.7874 0.3747
vn 0.3960 0.7676 0.5040
vn 0.1890 0.8619 0.4706
vn 0.2901 0.9057 0.3091
vn -0.2496 0.1960 0.9483
vn -0.2310 0.3474 0.9088
vn -0.1984 0.2173 0.9557
vn -0.1424 0.2397 0.9604
vn -0.0267 0.3087 0.9508
vn -0.5024 0.8504 0.1561
vn -0.4717 0.8808 0.0406
vn -0.4319 0.8864 0.1664
vn -0.3676 0.9239 -0.1059
vn -0.3207 0.7957 -0.5139
vn 0.1541 0.7380 -0.6570
vn 0.5793 0.5321 -0.6176
vn 0.6972 0.5404 -0.4710
vn 0.7768 0.6292 -0.0265
vn 0.5140 0.7915 0.3305
vn 0.5446 0.7286 0.4154
vn 0.5360 0.7787 0.3262
vn 0.4441 0.8149 0.3725
vn 0.3577 0.8146 0.4566
vn -0.4766 0.8514 0.2190
vn -0.4762 0.8793 -0.0040
vn -0.4568 0.7241 -0.5168
vn -0.5687 0.7921 -0.2216
vn -0.6304 0.7315 -0.2599
vn -0.0071 0.7560 -0.6545
vn 0.0518 0.7374 -0.6735
vn 0.2822 0.7268 -0.6263
vn 0.2077 0.7625 -0.6127
vn 0.3714 0.7263 -0.5784
vn 0.8320 0.5535 -0.0377
vn 0.8028 0.5961 -0.0171
vn 0.5695 0.6857 0.4534
vn 0.5349 0.6237 0.5699
vn 0.4154 0.7517 0.5122
vn 0.4645 0.7494 0.4718
vn 0.2127 0.8348 0.5078
vn -0.0820 0.7418 0.6656
vn -0.0968 0.8038 0.5870
vn -0.2215 0.7656 0.6040
vn -0.8005 0.5874 0.1191
vn -0.6765 0.6978 0.2352
vn -0.3579 0.9117 0.2015
vn -0.5941 0.7789 -0.2008
vn -0.3288 0.8118 -0.4826
vn -0.4284 0.7855 -0.4466
vn -0.3954 0.8796 -0.2645
vn -0.5329 0.7936 -0.2938
vn -0.5206 0.8406 -0.1499
vn -0.1501 0.7517 -0.6422
vn -0.2380 0.8306 -0.5034
vn 0.0086 0.7625 -0.6469
vn 0.0240 0.7680 -0.6401
vn 0.4327 0.6672 -0.6063
vn 0.7940 0.5054 -0.3378
vn 0.7913 0.6053 0.0860
vn 0.8321 0.5309 0.1603
vn 0.6378 0.6920 0.3382
vn 0.7394 0.6025 0.3004
vn 0.7098 0.7006 0.0733
vn 0.7924 0.6010 -0.1048
vn 0.6319 0.7549 0.1757
vn 0.5341 0.7999 0.2737
vn 0.5861 0.7232 0.3654
vn 0.4523 0.7658 0.4572
vn 0.3452 0.8271 0.4435
vn 0.1272 0.8309 0.5417
vn 0.1454 0.8447 0.5152
vn -0.3343 0.6666 0.6662
vn -0.4633 0.4229 0.7788
vn -0.6265 0.3630 0.6897
vn -0.3655 0.8112 0.4565
vn -0.5935 0.5522 -0.5855
vn -0.4214 0.7905 -0.4445
vn -0.3239 0.7858 -0.5268
vn -0.6166 0.7590 -0.2090
vn -0.3058 0.6101 -0.7310
vn 0.1608 0.7486 -0.6432
vn 0.2293 0.6828 -0.6937
vn 0.6600 0.5436 -0.5186
vn 0.5653 0.5412 -0.6225
vn 0.6133 0.5600 -0.5570
vn 0.6448 0.4893 -0.5872
vn 0.7223 0.6715 -0.1652
vn 0.7186 0.6928 0.0603
vn 0.3696 0.8345 0.4088
vn 0.2527 0.3737 0.8925
vn 0.3395 0.5462 0.7658
vn 0.3739 0.7688 0.5189
vn 0.5552 0.6469 0.5227
vn 0.5188 0.7276 0.4488
vn 0.2868 0.8180 0.4986
vn -0.0314 0.9457 0.3235
vn -0.0693 0.9597 0.2725
vn -0.2120 0.9296 0.3015
vn -0.1956 0.8747 0.4435
vn -0.3509 0.9324 -0.0870
vn -0.5749 0.7671 -0.2845
vn -0.5109 0.7264 -0.4596
vn -0.5815 0.7870 -0.2062
vn -0.0231 0.7431 -0.6688
vn 0.2271 0.7447 -0.6275
vn 0.6046 0.5985 -0.5257
vn 0.5261 0.5396 -0.6573
vn 0.4596 0.6586 -0.5959
vn 0.5477 0.5620 -0.6198
vn 0.5811 0.4865 -0.6525
vn 0.4968 0.5568 -0.6657
vn 0.6280 0.7444 0.2268
vn 0.2944 0.8959 0.3328
vn 0.3050 0.5753 0.7589
vn 0.3142 0.5266 0.7899
vn 0.6286 0.7469 0.2170
vn 0.2928 0.8032 0.5188
vn 0.2381 0.8739 0.4238
vn 0.3838 0.7236 0.5736
vn -0.0847 0.9678 0.2371
vn -0.2204 0.9232 0.3149
vn -0.2945 0.8359 0.4631
vn -0.7503 0.6376 0.1744
vn 0.7222 0.6810 0.1209
vn 0.7597 0.6397 -0.1170
vn 0.4337 0.4897 0.7564
vn 0.2910 0.8135 0.5035
vn 0.3386 0.7879 0.5143
vn -0.0737 0.9844 0.1599
vn -0.2001 0.9732 0.1135
vn -0.1608 0.9656 0.2042
vn -0.2357 0.9038 0.3571
vn -0.4421 0.8177 -0.3687
vn -0.6373 0.7040 -0.3135
vn -0.6433 0.7124 -0.2806
vn -0.1321 0.8709 -0.4734
vn 0.2436 0.6031 -0.7596
vn 0.5660 0.8241 -0.0240
vn 0.2935 0.8686 0.3992
vn 0.2943 0.8506 0.4358
vn 0.3147 0.9276 0.2013
vn 0.5621 0.7877 0.2523
vn 0.4563 0.8053 0.3785
vn 0.3948 0.8459 0.3586
vn 0.3142 0.8682 0.3840
vn 0.2566 0.8707 0.4196
vn -0.0585 0.9852 0.1611
vn -0.3335 0.9121 0.2385
vn -0.0825 0.9795 0.1836
vn -0.1532 0.9844 0.0869
vn -0.5917 0.7200 -0.3626
vn -0.4238 0.7271 -0.5402
vn -0.4368 0.7032 -0.5611
vn -0.4633 0.8659 -0.1888
vn -0.4864 0.8338 -0.2613
vn -0.4805 0.8279 -0.2894
vn 0.1412 0.6297 -0.7639
vn 0.2414 0.6143 -0.7513
vn 0.1317 0.6506 -0.7479
vn 0.2909 0.6292 -0.7207
vn 0.4345 0.6066 -0.6658
vn 0.1781 0.6014 -0.7789
vn 0.5078 0.8397 -0.1924
vn 0.3381 0.8539 0.3957
vn 0.3448 0.4789 0.8073
vn 0.3932 0.5668 0.7240
vn 0.3079 0.8252 0.4736
vn -0.0316 0.9830 0.1807
vn -0.6547 0.6613 -0.3660
vn -0.5512 0.7642 -0.3350
vn -0.1744 0.7992 -0.5752
vn 0.5379 0.8286 0.1550
vn 0.4838 0.8423 0.2377
vn 0.4031 0.9013 0.1584
vn 0.5716 0.8202 0.0229
vn 0.2838 0.9060 0.3140
vn 0.3135 0.9310 0.1868
vn 0.3227 0.5928 0.7378
vn 0.4411 0.5685 0.6944
vn 0.2598 0.9369 0.2338
vn 0.3752 0.8906 0.2569
vn 0.2822 0.8932 0.3501
vn 0.2616 0.8985 0.3526
vn -0.3383 0.9175 0.2093
vn -0.2808 0.9595 0.0216
vn -0.5138 0.5991 -0.6141
vn -0.4404 0.7069 -0.5535
vn -0.4168 0.8434 -0.3391
vn -0.3659 0.8774 -0.3103
vn -0.5972 0.7409 -0.3072
vn -0.4145 0.7222 -0.5537
vn -0.3793 0.7368 -0.5597
vn 0.6037 0.5207 -0.6037
vn 0.3930 0.7460 -0.5375
vn 0.3945 0.9131 0.1032
vn 0.2951 0.8691 0.3970
vn 0.4343 0.8182 0.3767
vn 0.4852 0.7803 0.3947
vn 0.4606 0.7081 0.5352
vn 0.3579 0.6357 0.6840
vn 0.3880 0.6040 0.6962
vn 0.4904 0.8449 0.2136
vn 0.4140 0.9081 0.0625
vn 0.5399 0.8210 0.1858
vn 0.3324 0.5882 0.7373
vn -0.0217 0.9932 0.1146
vn -0.0686 0.9970 0.0362
vn -0.0026 0.9829 0.1839
vn -0.1728 0.9840 -0.0425
vn -0.1143 0.9933 0.0185
vn -0.0034 0.9995 0.0303
vn -0.2562 0.9129 0.3176
vn -0.6456 0.6768 -0.3537
vn -0.7123 0.6426 -0.2823
vn -0.7415 0.6101 -0.2792
vn -0.5096 0.8035 -0.3077
vn -0.5460 0.7943 -0.2665
vn 0.2229 0.9382 -0.2647
vn -0.0215 0.7152 -0.6985
vn 0.4152 0.7803 -0.4677
vn 0.5438 0.6588 -0.5200
vn 0.6283 0.6348 -0.4498
vn 0.3385 0.8382 -0.4276
vn 0.4742 0.8162 -0.3301
vn 0.4672 0.8327 0.2972
vn 0.5191 0.8035 0.2915
vn 0.6405 0.7372 0.2150
vn 0.3006 0.5890 0.7502
vn 0.2444 0.6010 0.7610
vn 0.0029 0.9909 0.1342
vn -0.0270 0.9996 -0.0041
vn -0.0465 0.9966 0.0674
vn -0.1069 0.9858 0.1292
vn -0.5178 0.6878 -0.5087
vn -0.4386 0.8018 -0.4059
vn -0.4187 0.7666 -0.4868
vn -0.6249 0.6068 -0.4912
vn 0.2905 0.9566 0.0254
vn 0.0611 0.6667 0.7429
vn -0.0244 0.9925 0.1198
vn 0.1939 0.9727 0.1276
vn 0.3573 0.8929 0.2740
vn -0.5577 0.6300 -0.5405
vn -0.5678 0.7695 -0.2924
vn 0.1977 0.7969 -0.5709
vn 0.1136 0.9925 0.0454
vn 0.4445 0.8167 0.3680
vn 0.2965 0.8945 0.3345
vn 0.5457 0.8263 0.1397
vn 0.5007 0.8510 0.1582
vn 0.3806 0.9124 0.1507
vn -0.3340 0.9401 0.0681
vn -0.1732 0.9790 0.1073
vn 0.3034 0.9385 0.1650
vn 0.2493 0.9394 0.2355
vn -0.0426 0.9990 -0.0143
vn 0.0010 0.9989 0.0463
vn 0.3475 0.9370 -0.0356
vn 0.6389 0.7308 -0.2402
vn 0.3933 0.8885 0.2364
vn 0.1291 0.9412 0.3123
vn 0.1161 0.8924 0.4362
vn -0.0467 0.8734 0.4848
vn -0.0202 0.9431 0.3319
vn 0.3294 0.9110 0.2480
vn 0.4547 0.8833 0.1142
vn 0.3882 0.9038 0.1799
vn 0.2661 0.9624 0.0540
vn 0.0258 0.9995 -0.0188
vn -0.0563 0.9973 -0.0470
vn -0.0281 0.9855 0.1675
vn -0.7969 0.5413 -0.2681
vn -0.0107 0.8840 -0.4674
vn -0.2095 0.8337 -0.5109
vn -0.5627 0.7591 -0.3274
vn -0.3460 0.8391 -0.4198
vn -0.3159 0.9217 -0.2252
vn 0.1495 0.6564 -0.7395
vn 0.0577 0.9255 -0.3742
vn 0.4538 0.8142 -0.3621
vn 0.3530 0.9199 -0.1706
vn 0.2331 0.9655 -0.1159
vn 0.0905 0.9932 -0.0738
vn 0.3005 0.9538 -0.0033
vn 0.0479 0.9789 0.1985
vn 0.6296 0.7531 0.1909
vn 0.0911 0.9956 0.0234
vn 0.0937 0.9955 0.0113
vn 0.0226 0.9989 -0.0401
vn -0.0187 0.9946 -0.1023
vn 0.0318 0.9991 -0.0276
vn -0.3913 0.8480 -0.3574
vn -0.2771 0.9089 -0.3116
vn -0.4592 0.7355 -0.4982
vn -0.5368 0.8173 -0.2095
vn -0.5439 0.7643 -0.3465
vn 0.3191 0.9199 0.2278
vn 0.4109 0.9060 0.1014
vn -0.3325 0.9288 0.1638
vn -0.3265 0.9257 0.1908
vn -0.2050 0.9520 0.2273
vn -0.0540 0.9938 0.0974
vn -0.5379 0.6284 -0.5619
vn -0.4857 0.7064 -0.5149
vn -0.6424 0.6565 -0.3954
vn -0.7383 0.5921 -0.3231
vn -0.3521 0.8340 -0.4249
vn 0.0279 0.9985 -0.0464
vn -0.3616 0.8733 -0.3267
vn 0.1053 0.9873 0.1192
vn 0.1415 0.9897 -0.0194
vn 0.2358 0.9687 -0.0780
vn -0.0969 0.8723 0.4793
vn 0.2220 0.9312 0.2890
vn 0.2394 0.9102 0.3380
vn -0.0898 0.9915 -0.0943
vn -0.0526 0.9958 -0.0745
vn -0.6864 0.6086 -0.3980
vn -0.2042 0.8343 -0.5122
vn -0.4134 0.8429 -0.3445
vn -0.5657 0.7979 -0.2081
vn -0.4849 0.8563 -0.1779
vn -0.4668 0.8734 -0.1392
vn 0.0855 0.9958 -0.0318
vn -0.0781 0.8688 0.4890
vn -0.2966 0.9053 0.3039
vn 0.0798 0.9884 -0.1294
vn -0.4357 0.7945 -0.4230
vn -0.5843 0.6623 -0.4691
vn -0.5140 0.8318 -0.2096
vn -0.1496 0.9620 -0.2283
vn -0.2981 0.9542 0.0253
vn 0.2107 0.9673 -0.1412
vn 0.1540 0.9880 -0.0107
vn 0.3317 0.8656 0.3750
vn 0.4600 0.8434 0.2776
vn 0.4202 0.8465 0.3270
vn 0.0829 0.9446 0.3176
vn 0.0296 0.9176 0.3964
vn 0.5618 0.8030 0.1991
vn 0.3033 0.8912 0.3373
vn -0.0240 0.9938 0.1085
vn -0.0368 0.9911 -0.1283
vn -0.0332 0.9994 -0.0090
vn -0.0623 0.9947 0.0821
vn -0.5572 0.6653 -0.4969
vn -0.5662 0.6535 -0.5023
vn -0.6992 0.5558 -0.4497
vn -0.0986 0.9814 0.1647
vn -0.0502 0.9978 -0.0442
vn 0.2023 0.9789 -0.0276
vn 0.1925 0.9813 0.0081
vn -0.5664 0.6749 -0.4730
vn -0.5244 0.7504 -0.4024
vn -0.1445 0.9155 -0.3755
vn -0.5036 0.8634 -0.0303
vn -0.3322 0.9428 -0.0289
vn -0.5097 0.8495 -0.1362
vn -0.3253 0.9195 0.2207
vn -0.3581 0.9045 0.2317
vn -0.1937 0.9714 0.1374
vn -0.3762 0.8869 0.2682
vn -0.3021 0.9250 0.2305
vn 0.0154 0.9952 -0.0964
vn -0.3241 0.8809 -0.3449
vn -0.1153 0.9929 -0.0277
vn -0.1971 0.9033 -0.3810
vn -0.4115 0.8751 -0.2547
vn -0.4759 0.8795 -0.0015
vn -0.1720 0.9567 0.2348
vn -0.1725 0.9685 0.1794
vn -0.3743 0.9173 0.1357
vn -0.2503 0.9554 0.1568
vn -0.2191 0.9684 0.1187
vn -0.2539 0.9657 0.0547
vn -0.2313 0.8794 -0.4161
vn -0.3495 0.9309 0.1065
vn -0.3280 0.9351 0.1339
vn -0.0921 0.9952 0.0328
vn 0.0188 0.9997 0.0140
vn -0.0436 0.9985 0.0342
vn -0.4244 0.8475 -0.3186
vn -0.7013 0.5887 -0.4020
vn -0.2247 0.9145 -0.3364
vn -0.3384 0.9168 0.2122
vn 0.1533 0.9833 -0.0983
vn -0.0583 0.9950 -0.0815
vn -0.0825 0.9966 0.0054
vn -0.0060 0.9981 -0.0619
vn -0.4220 0.8717 -0.2490
vn -0.1462 0.9525 -0.2671
vn -0.3780 0.8896 -0.2564
vn -0.1612 0.9725 0.1683
vn -0.2581 0.9412 0.2181
vn -0.4434 0.8572 0.2619
vn -0.2920 0.9504 0.1072
vn 0.0736 0.9906 0.1155
vn 0.0635 0.9958 0.0657
vn -0.0065 0.9997 0.0234
vn -0.1569 0.9673 -0.1991
vn -0.3318 0.9433 -0.0116
vn -0.3408 0.9283 0.1488
vn -0.2535 0.9556 0.1503
vn -0.2714 0.9590 0.0818
vn -0.1574 0.9613 0.2260
vn -0.2888 0.9370 0.1962
vn -0.1042 0.9797 0.1711
vn -0.1156 0.9798 -0.1631
vn -0.3244 0.9446 -0.0491
vn -0.1312 0.9851 0.1114
vn -0.1874 0.9609 0.2040
vn -0.0314 0.9587 0.2828
vn -0.1836 0.9273 0.3263
vn 0.2314 0.9398 0.2514
vn -0.2100 0.9717 -0.1084
vn -0.1000 0.9914 -0.0849
vn 0.2330 0.9693 0.0788
vn -0.3421 0.8599 0.3788
vn -0.1092 0.9001 0.4218
vn -0.1031 0.9897 0.0997
vn -0.0368 0.9986 -0.0378
vn -0.0107 0.9993 -0.0349
vn -0.1796 0.9754 -0.1280
vn -0.1963 0.9804 -0.0189
vn 0.2171 0.9444 0.2468
vn 0.3392 0.9393 0.0522
vn 0.0886 0.9945 0.0563
vn 0.4336 0.8741 0.2187
vn -0.0164 0.9972 -0.0726
vn -0.1009 0.9934 0.0544
vn -0.1805 0.9826 0.0429
vn -0.1485 0.9838 -0.1005
vn -0.2883 0.9462 0.1468
vn 0.0665 0.9372 0.3423
vn 0.0021 0.9731 0.2303
vn -0.1927 0.8394 0.5081
vn -0.1180 0.9928 -0.0185
vn -0.0652 0.9979 -0.0022
vn -0.2416 0.9704 0.0006
vn -0.0816 0.9933 0.0817
vn -0.1274 0.9589 0.2536
vn -0.1541 0.9881 -0.0020
vn -0.1330 0.9911 -0.0083
vn -0.1160 0.9823 -0.1471
vn -0.1914 0.9802 0.0504
vn -0.2080 0.9780 0.0177
vn -0.1600 0.9870 0.0162
vn -0.2775 0.9595 0.0484
vn 0.1251 0.9718 0.1997
vn -0.1312 0.9913 -0.0074
vn -0.1721 0.9792 -0.1076
vn -0.3009 -0.9115 -0.2805
vn -0.0837 -0.9803 -0.1791
vn -0.3386 -0.9196 0.1990
vn -0.3407 -0.9194 0.1968
vn -0.1435 -0.9715 -0.1885
vn -0.3169 -0.7059 -0.6335
vn -0.0005 -0.8562 -0.5166
vn 0.2854 -0.9583 -0.0151
vn 0.2975 -0.9339 0.1985
vn -0.0871 -0.9669 -0.2399
vn 0.1605 -0.9800 0.1176
vn 0.1238 -0.9923 0.0004
vn 0.1094 -0.9887 -0.1027
vn -0.0384 -0.9283 -0.3699
vn 0.1932 -0.9153 -0.3534
vn -0.0061 -0.9997 -0.0220
vn -0.0658 -0.9193 0.3881
vn -0.2015 -0.9597 -0.1959
vn -0.0723 -0.8312 -0.5513
vn 0.7601 -0.6458 0.0718
vn 0.5496 -0.7836 0.2895
vn 0.1702 -0.9399 0.2961
vn -0.5906 -0.7678 0.2482
vn -0.1876 -0.8466 0.4980
vn 0.4816 -0.8149 0.3226
vn -0.4636 -0.7346 0.4954
vn -0.0055 -0.8887 -0.4584
vn 0.4366 -0.8991 0.0331
vn -0.2803 -0.9599 -0.0084
vn -0.3660 -0.5815 0.7266
vn 0.0273 -0.9092 0.4154
vn -0.3968 -0.9105 -0.1162
vn -0.3655 -0.9164 -0.1635
vn -0.6065 -0.6438 -0.4665
vn -0.2162 -0.6726 0.7077
vn 0.3195 -0.7941 -0.5171
vn 0.2432 -0.8914 -0.3824
vn 0.5075 -0.8470 0.1583
vn 0.3139 -0.6684 0.6743
vn -0.5500 -0.7527 -0.3618
vn -0.0525 -0.7152 0.6970
vn -0.4223 -0.8135 -0.3999
vn -0.4842 -0.8509 -0.2040
vn -0.4906 -0.8587 -0.1484
vn -0.4110 -0.6428 0.6465
vn -0.1593 -0.9418 -0.2959
vn -0.1113 -0.8935 -0.4351
vn -0.2344 -0.7698 -0.5936
vn -0.2092 -0.7316 0.6488
vn 0.1933 -0.7051 -0.6823
vn 0.1413 -0.7597 -0.6347
vn -0.1681 -0.9644 -0.2041
vn -0.2415 -0.9430 -0.2289
vn 0.1677 -0.9816 0.0915
vn -0.1609 -0.8713 0.4636
vn 0.1136 -0.9548 0.2747
vn -0.3740 -0.8869 -0.2711
vn 0.5221 -0.8440 -0.1229
vn 0.4632 -0.8176 -0.3421
vn 0.0387 -0.9658 0.2563
vn 0.6359 -0.7605 0.1318
vn -0.0919 -0.9953 -0.0311
vn -0.1726 -0.9827 -0.0669
vn 0.2345 -0.8686 -0.4364
vn 0.2021 -0.9003 -0.3854
vn -0.0173 -0.9914 -0.1296
vn -0.3911 -0.8237 -0.4106
vn 0.5161 -0.8206 0.2456
vn 0.4052 -0.8390 -0.3632
vn 0.6116 -0.7856 -0.0939
vn 0.0214 -0.5147 0.8571
vn -0.4781 -0.8533 -0.2082
vn 0.2680 -0.7735 -0.5744
vn -0.1599 -0.8221 0.5464
vn -0.5150 -0.6883 0.5109
vn 0.7695 -0.6332 -0.0827
vn -0.2468 -0.3646 -0.8979
vn 0.0633 -0.9979 -0.0125
vn 0.6765 -0.7295 0.1008
vn 0.8935 -0.2984 -0.3357
vn -0.5897 -0.7328 -0.3394
vn -0.0523 -0.8761 -0.4793
vn 0.5694 -0.7927 -0.2177
vn 0.8901 -0.3000 -0.3431
vn -0.3431 -0.8932 0.2906
vn -0.1753 -0.8005 -0.5731
vn 0.8907 -0.3118 -0.3308
vn -0.5778 -0.6879 0.4392
vn -0.4829 -0.8756 0.0130
vn -0.5182 -0.7128 -0.4727
vn -0.8001 -0.5557 -0.2257
vn -0.2961 -0.4267 -0.8546
vn 0.5440 -0.8222 0.1673
vn 0.1620 -0.8458 0.5083
vn -0.0648 -0.6589 0.7494
vn -0.9177 -0.1558 -0.3654
vn -0.8744 -0.3765 -0.3061
vn -0.3115 -0.5161 -0.7979
vn 0.6583 -0.6583 -0.3652
vn 0.4325 -0.8373 -0.3343
vn 0.4870 -0.7775 0.3980
vn -0.3469 -0.4531 0.8212
vn 0.6204 -0.3479 -0.7030
vn 0.7025 -0.3579 -0.6151
vn -0.5140 -0.2428 0.8227
vn 0.9573 -0.1709 0.2330
vn 0.7375 -0.6629 0.1293
vn -0.1787 -0.6169 0.7665
vn -0.3745 -0.4533 -0.8089
vn -0.1281 -0.2076 0.9698
vn -0.4446 -0.2493 0.8604
vn -0.6900 -0.1351 0.7111
vn -0.9736 -0.1665 -0.1561
vn 0.7628 -0.6458 -0.0332
vn -0.7472 -0.2013 0.6333
vn -0.9884 -0.1245 -0.0865
vn -0.7624 -0.3447 0.5477
vn -0.9136 -0.3194 -0.2516
vn -0.9309 -0.3397 -0.1345
vn -0.7672 -0.4233 -0.4819
vn -0.9345 -0.3054 -0.1829
vn 0.1268 -0.3607 -0.9240
vn 0.5495 -0.0874 -0.8309
vn 0.0573 -0.4409 0.8957
vn 0.5581 -0.5184 0.6479
vn -0.6480 -0.7064 0.2846
vn -0.7898 -0.0314 0.6126
vn -0.9055 -0.3355 -0.2599
vn -0.5995 -0.7158 0.3581
vn 0.3805 -0.1790 -0.9073
vn -0.9768 -0.2123 -0.0286
vn 0.6115 -0.3237 0.7220
vn -0.9882 -0.1533 -0.0062
vn 0.6280 -0.2496 0.7371
vn -0.5390 -0.7949 0.2786
vn -0.8205 -0.4504 -0.3520
vn -0.6638 -0.3477 0.6622
vn -0.9991 -0.0262 0.0327
vn 0.6933 -0.2015 0.6919
vn -0.7335 -0.3368 0.5904
vn -0.7005 -0.5498 0.4549
vn 0.0461 0.9988 -0.0161
vn -0.0198 -0.6319 0.7748
vn -0.4021 -0.5948 0.6961
vn -0.9008 -0.3365 0.2746
vn -0.8578 -0.3230 0.3998
vn 0.2233 -0.7548 0.6168
vn -0.8551 -0.4963 -0.1500
vn -0.3983 -0.1758 -0.9002
vn -0.8062 -0.3123 0.5025
vn 0.9537 0.1321 -0.2702
vn 0.9473 -0.1827 -0.2631
vn -0.8337 -0.2856 -0.4727
vn -0.3651 0.0677 0.9285
vn 0.2939 -0.1731 -0.9400
vn -0.9973 0.0654 0.0321
vn 0.9682 0.2151 -0.1277
vn 0.9200 0.1750 0.3506
vn 0.5023 -0.1356 -0.8540
vn 0.9676 0.2091 -0.1414
vn 0.9578 0.2766 -0.0783
vn 0.5815 -0.3525 -0.7332
vn 0.8510 0.2825 0.4427
vn -0.1275 -0.4791 0.8684
vn -0.1246 -0.4550 0.8817
vn -0.9859 0.0997 -0.1345
vn 0.5011 -0.4066 -0.7639
vn 0.8858 -0.1587 -0.4362
vn 0.0532 0.1013 0.9934
vn -0.7160 0.2712 0.6433
vn -0.2782 0.2678 0.9224
vn 0.1418 -0.4185 0.8971
vn 0.1393 -0.5632 0.8145
vn -0.9829 -0.1121 0.1461
vn -0.9662 0.0088 -0.2576
vn 0.3047 -0.6586 0.6881
vn 0.9412 0.0967 0.3237
vn -0.9372 -0.1524 -0.3138
vn 0.5993 0.2080 0.7730
vn 0.4438 0.0429 0.8951
vn 0.2778 -0.3868 0.8793
vn -0.8741 -0.2458 -0.4190
vn 0.7302 0.4012 -0.5531
vn 0.9809 0.1350 -0.1399
vn -0.1390 0.0112 0.9902
vn 0.0467 0.1777 0.9830
vn 0.8989 -0.4358 0.0448
vn 0.6004 0.0863 0.7950
vn 0.5622 0.2301 0.7943
vn -0.5085 0.3226 0.7984
vn 0.9936 -0.0791 -0.0810
vn 0.9390 0.0129 0.3436
vn -0.5624 0.2435 0.7902
vn 0.3864 0.1628 0.9078
vn 0.3919 0.1596 0.9061
vn -0.8920 0.3281 0.3110
vn 0.4113 0.4133 0.8124
vn 0.7879 -0.3803 0.4843
vn 0.2510 0.3092 0.9173
vn 0.8150 0.3530 0.4595
vn 0.7400 0.1239 0.6611
vn -0.3565 0.0239 -0.9340
vn 0.7718 0.1801 0.6098
vn 0.9041 -0.0738 0.4209
vn -0.0041 -0.3259 -0.9454
vn 0.3059 0.4678 -0.8292
vn 0.9857 0.1099 -0.1278
vn 0.7513 0.0035 0.6599
vn -0.4615 0.1672 -0.8712
vn 0.5659 0.0792 -0.8207
vn 0.6979 0.0627 -0.7134
vn 0.9175 -0.0703 0.3914
vn 0.1283 -0.0529 0.9903
vn -0.4426 -0.1414 -0.8855
vn -0.1136 0.3565 -0.9274
vn 0.4495 0.8348 0.3179
vn -0.4629 0.7841 0.4135
vn -0.4418 0.7812 0.4410
vn -0.1982 0.4366 0.8775
vn -0.6738 0.3451 -0.6533
vn 0.1351 -0.1497 0.9795
vn -0.3937 -0.1449 0.9078
vn -0.4896 0.1978 0.8492
vn -0.4630 -0.3403 -0.8184
vn 0.2811 0.8434 0.4578
vn -0.4978 0.4932 -0.7134
vn 0.5138 0.8032 0.3014
vn 0.4323 0.8390 0.3305
vn -0.0612 0.1366 0.9887
vn -0.4032 0.8509 0.3367
vn 0.5891 0.7936 0.1520
vn 0.2673 0.7667 -0.5837
vn 0.0675 0.9248 0.3745
vn -0.0457 0.1308 0.9903
vn -0.0635 0.0432 0.9970
vn -0.1691 0.0843 0.9820
vn -0.4113 0.7757 -0.4788
vn 0.6905 0.4779 0.5429
vn 0.1515 0.7557 -0.6372
vn -0.5224 0.7718 -0.3625
vn 0.7168 0.6468 -0.2605
vn 0.6092 0.4572 -0.6479
vn -0.2825 0.8852 0.3697
vn -0.1840 0.8548 0.4853
vn -0.3111 0.8082 0.5001
vn 0.3250 0.9214 0.2131
vn -0.1513 0.2922 0.9443
vn -0.8123 0.5817 -0.0424
vn -0.4352 0.8472 -0.3047
vn -0.1409 0.8340 0.5334
vn 0.7879 0.6094 0.0880
vn 0.6602 0.7159 0.2272
vn 0.6994 0.4486 -0.5564
vn 0.0555 0.9093 0.4125
vn -0.1573 0.9702 0.1844
vn 0.5736 0.7983 -0.1833
vn 0.6656 0.7409 -0.0899
vn -0.0632 0.9843 0.1648
vn -0.3403 0.7815 -0.5229
vn 0.4034 0.6456 0.6485
vn -0.0141 0.5684 -0.8226
vn 0.5580 0.7023 0.4421
vn -0.4438 0.7450 -0.4979
vn -0.3426 0.6421 -0.6859
vn 0.4612 0.7809 -0.4212
vn 0.0179 0.8877 0.4601
vn 0.2178 0.9362 0.2758
vn -0.0661 0.6883 -0.7224
vn 0.1601 0.9698 -0.1842
vn 0.2696 0.9616 -0.0515
vn 0.3324 0.9185 0.2144
vn 0.1053 0.9944 -0.0097
vn 0.1830 0.8908 0.4159
vn -0.0423 0.8684 0.4940
vn 0.6029 0.7786 0.1741
vn -0.3459 0.9150 0.2077
vn -0.4139 0.8824 0.2239
vn -0.4827 0.8575 0.1778
vn 0.6079 0.7537 0.2499
vn -0.2715 0.8637 0.4246
vn 0.0378 0.9805 0.1931
vn 0.1380 0.9900 0.0303
vn 0.1489 0.9878 0.0467
vn -0.4601 0.8608 0.2177
vn -0.2259 0.9728 0.0517
s 1
f 1//1 2//2 5//3
f 1//1 5//3 7//4
f 1//1 7//4 8//5
f 2//2 4//6 5//3
f 5//3 6//7 7//4
f 13//8 50//9 21//10
f 3//11 14//12 2//2
f 4//6 10//13 5//3
f 5//3 10//13 15//14
f 6//7 17//15 7//4
f 7//4 17//15 8//5
f 1//1 12//16 13//8
f 4//6 40//17 25//18
f 10//13 26//19 15//14
f 5//3 15//14 27//20
f 17//15 29//21 8//5
f 11//22 47//23 19//24
f 12//16 20//25 13//8
f 9//26 21//10 22//27
f 9//26 22//27 23//28
f 3//11 31//29 14//12
f 10//13 25//18 26//19
f 27//20 45//30 6//7
f 17//15 16//31 28//32
f 17//15 28//32 29//21
f 19//24 37//33 30//34
f 23//28 22//27 39//35
f 26//19 44//36 27//20
f 47//23 48//37 36//38
f 36//38 37//33 19//24
f 31//29 61//39 79//40
f 31//29 79//40 51//41
f 14//12 51//41 40//17
f 35//42 59//43 47//44
f 47//44 59//43 48//45
f 20//25 38//46 50//9
f 40//17 51//41 62//47
f 42//48 52//49 53//50
f 44//36 54//51 45//30
f 46//52 68//53 56//54
f 33//55 57//56 34//57
f 34//57 70//58 35//59
f 59//43 71//60 48//45
f 49//61 60//62 37//33
f 37//33 74//63 38//46
f 76//64 77//65 78//66
f 24//67 91//68 61//39
f 41//69 95//70 63//71
f 52//72 64//72 81//72
f 53//73 52//74 82//75
f 53//50 65//76 66//77
f 66//77 84//78 44//36
f 55//79 45//30 102//80
f 68//53 69//81 56//54
f 57//56 56//54 108//82
f 59//43 58//83 88//84
f 59//43 88//84 71//60
f 48//45 71//60 72//85
f 47//44 11//86 18//87 35//42
f 60//88 90//89 74//90
f 51//41 80//91 94//92
f 63//71 95//70 96//93
f 63//94 81//95 64//96
f 55//79 102//80 85//97
f 56//54 69//81 106//98
f 106//98 107//99 56//54
f 58//83 87//100 88//84
f 72//85 126//101 89//102
f 73//103 112//104 60//88
f 60//88 112//104 90//89
f 75//105 114//106 76//107
f 77//65 116//108 78//66
f 61//39 91//68 154//109
f 80//91 92//110 93//111
f 80//91 93//111 94//92
f 63//94 97//112 81//95
f 81//95 98//113 82//114
f 83//115 133//116 99//117
f 99//118 100//119 66//77
f 100//120 123//121 84//122
f 84//122 123//121 101//123
f 102//80 103//124 85//97
f 67//125 85//97 104//126
f 69//81 105//127 106//98
f 70//58 124//128 58//83
f 89//129 111//130 128//131
f 73//103 128//132 112//104
f 90//89 129//133 113//134
f 75//105 113//135 148//136
f 75//105 148//136 114//106
f 116//108 152//137 91//68
f 91//68 152//137 117//138
f 91//68 117//138 153//139
f 92//110 130//140 118//141
f 94//92 93//111 62//47
f 95//70 131//142 119//143
f 96//144 119//145 97//146
f 98//147 97//148 120//149
f 83//115 98//113 121//150
f 100//120 134//151 123//121
f 105//127 138//152 139//153
f 105//127 140//154 106//98
f 106//98 140//154 107//155
f 107//99 141//156 108//157
f 111//130 127//158 128//132
f 90//89 112//104 129//133
f 129//133 147//159 113//134
f 148//136 149//160 114//106
f 114//106 115//161 116//108
f 119//143 131//142 156//162
f 119//143 179//163 132//164
f 97//148 132//164 158//165
f 98//113 120//166 160//167
f 100//120 122//168 134//151
f 134//169 135//170 123//121
f 136//171 205//172 137//173
f 103//124 166//174 104//175
f 104//175 166//174 138//176
f 105//127 139//153 140//154
f 142//177 143//178 109//179
f 109//179 143//178 124//180
f 87//100 144//181 110//182
f 110//182 144//181 188//183
f 127//158 126//101 171//184
f 128//132 127//158 145//185
f 128//132 145//185 146//186
f 113//134 147//159 148//187
f 148//188 173//189 149//190
f 115//161 149//160 150//191
f 116//108 151//192 152//137
f 153//139 195//193 175//194
f 132//164 157//195 158//165
f 158//165 159//196 120//197
f 120//166 159//198 160//167
f 135//199 162//200 163//201
f 135//202 163//203 164//204
f 164//204 205//172 136//171
f 137//173 205//172 165//205
f 103//124 165//205 166//174
f 142//177 169//206 143//178
f 87//100 125//207 170//208
f 87//100 170//208 144//181
f 144//181 170//208 188//183
f 126//101 188//183 171//184
f 127//158 172//209 145//185
f 152//137 194//210 117//211
f 130//140 215//212 176//213
f 118//141 176//213 177//214
f 118//141 177//214 178//215
f 156//216 155//216 179//216
f 157//195 179//163 199//217
f 161//218 182//219 201//220
f 161//218 201//220 183//221
f 133//116 183//221 184//222
f 165//205 206//223 166//174
f 166//174 206//223 220//224
f 166//174 220//224 138//225
f 140//154 223//226 168//227
f 168//227 209//228 141//229
f 141//230 187//231 169//232
f 143//178 224//233 125//207
f 125//207 210//234 170//208
f 188//183 226//235 171//184
f 171//184 189//236 127//158
f 145//185 172//209 190//237
f 147//159 317//238 148//187
f 173//189 192//239 149//190
f 117//211 194//210 213//240
f 117//211 213//240 195//241
f 175//194 196//242 154//109
f 178//243 198//244 155//245
f 155//245 198//244 199//217
f 155//245 199//217 179//163
f 158//165 157//195 216//246
f 159//196 180//247 200//248
f 181//249 201//220 182//219
f 183//221 201//220 202//250
f 183//221 203//251 184//222
f 184//222 203//251 204//252
f 162//253 204//254 240//255
f 163//203 205//172 164//204
f 165//205 244//256 206//223
f 206//223 244//256 245//257
f 138//225 220//224 207//258
f 167//259 207//260 185//261
f 224//233 251//262 125//207
f 146//186 212//263 191//264
f 151//192 150//191 230//265
f 174//266 231//267 194//210
f 194//210 231//267 213//240
f 213//268 233//269 175//270
f 215//212 234//271 177//214
f 157//195 199//217 216//246
f 200//248 180//247 238//272
f 200//248 238//272 181//273
f 203//251 217//274 204//252
f 163//203 241//275 242//276
f 163//203 242//276 205//172
f 205//172 243//277 218//278
f 206//223 245//257 219//279
f 221//280 208//281 185//261
f 248//282 209//228 168//227
f 169//232 187//231 224//283
f 210//284 252//285 211//286
f 192//239 229//287 149//190
f 193//288 230//265 150//191
f 174//266 257//289 231//267
f 213//268 232//290 233//269
f 196//242 274//291 214//292
f 215//212 214//292 234//271
f 236//293 260//294 178//243
f 199//217 277//295 278//296
f 180//247 216//246 237//297
f 180//247 237//297 238//272
f 203//251 202//298 281//299
f 204//254 217//300 240//255
f 218//278 243//277 244//256
f 208//301 247//302 222//303
f 223//226 222//304 248//282
f 187//231 249//305 224//283
f 252//285 335//306 211//286
f 226//235 270//307 271//308
f 271//308 337//309 189//236
f 189//236 337//309 227//310
f 147//311 191//264 255//312
f 317//238 192//239 173//189
f 229//287 256//313 193//314
f 231//267 257//289 258//315
f 233//269 259//316 274//291
f 214//292 274//291 275//317
f 235//318 234//271 296//319
f 198//244 260//294 261//320
f 216//246 278//296 237//297
f 181//249 238//321 262//322
f 217//323 264//324 240//325
f 243//277 242//276 302//326
f 243//277 284//327 244//256
f 220//224 246//328 266//329
f 305//330 285//331 221//332
f 247//302 267//333 222//303
f 248//282 222//304 307//334
f 251//262 250//335 268//336
f 270//307 288//337 271//308
f 227//310 253//338 254//339
f 228//340 291//341 317//238
f 259//316 273//342 274//343
f 214//292 321//344 276//345
f 234//271 276//345 296//319
f 278//296 298//346 237//297
f 237//297 343//347 279//348
f 263//349 300//350 202//351
f 241//275 282//352 301//353
f 266//329 246//328 305//330
f 208//301 285//331 286//354
f 209//228 307//334 186//355
f 225//356 249//305 311//357
f 271//308 288//337 337//309
f 191//264 314//358 315//359
f 255//312 291//341 228//340
f 256//313 318//360 292//361
f 258//362 319//363 293//364
f 274//343 273//342 320//365
f 276//345 321//344 296//319
f 260//366 297//367 324//368
f 281//369 327//370 264//371
f 283//372 348//373 302//326
f 265//374 303//375 304//376
f 246//328 304//376 330//377
f 305//330 330//377 331//378
f 286//354 306//379 267//333
f 267//333 332//380 307//381
f 249//305 310//382 311//357
f 311//383 333//384 250//335
f 312//385 355//386 335//306
f 255//312 316//387 291//341
f 192//239 318//388 229//287
f 292//389 387//390 319//391
f 273//342 294//392 320//365
f 320//365 340//393 274//343
f 296//319 360//394 322//395
f 296//319 322//395 323//396
f 297//397 392//398 324//399
f 324//368 342//400 261//401
f 261//401 342//400 277//402
f 299//403 298//346 343//347
f 343//347 344//404 279//348
f 262//405 396//406 326//407
f 262//405 326//407 280//408
f 280//409 345//410 263//349
f 263//349 345//410 300//350
f 281//411 300//350 346//412
f 282//352 327//413 347//414
f 335//306 382//415 336//416
f 254//339 313//417 338//418
f 292//389 503//419 387//390
f 294//392 357//420 339//421
f 322//422 363//423 323//396
f 298//346 367//424 343//347
f 238//321 344//404 396//425
f 347//414 371//426 301//353
f 301//353 371//426 372//427
f 328//428 348//429 283//430
f 302//431 348//429 373//432
f 303//375 349//433 329//434
f 329//434 375//435 304//376
f 331//378 330//377 376//436
f 307//381 332//380 351//437
f 308//438 351//439 309//440
f 311//357 310//382 352//441
f 353//442 354//443 312//385
f 334//444 382//415 335//306
f 337//309 336//416 409//445
f 337//309 409//445 384//446
f 384//446 410//447 289//448
f 313//417 289//448 411//449
f 291//341 450//450 317//238
f 317//238 450//450 192//239
f 318//451 503//419 292//389
f 339//421 388//452 358//453
f 361//454 362//455 322//422
f 344//404 369//456 396//425
f 345//410 397//457 346//412
f 346//458 399//459 327//370
f 327//413 399//460 419//461
f 349//433 373//462 422//463
f 349//433 374//464 329//434
f 329//434 374//464 375//435
f 304//376 375//435 423//465
f 330//377 350//466 376//436
f 331//378 400//467 377//468
f 332//380 306//379 402//469
f 351//437 332//380 441//470
f 351//439 378//471 309//440
f 309//440 378//471 379//472
f 379//472 405//473 310//382
f 310//382 405//473 406//474
f 333//384 352//441 380//475
f 333//384 407//476 353//442
f 334//444 408//477 382//415
f 336//416 383//478 409//445
f 315//359 413//479 426//480
f 316//387 426//480 385//481
f 316//387 385//482 414//483
f 316//387 414//483 291//341
f 192//239 450//450 415//484
f 360//394 359//485 390//486
f 361//454 391//487 362//455
f 363//423 418//488 364//489
f 367//424 366//490 393//491
f 367//424 393//491 435//492
f 368//493 394//494 344//404
f 344//404 394//494 369//456
f 369//456 395//495 396//425
f 345//496 370//497 397//498
f 419//461 420//499 347//414
f 348//429 465//500 373//432
f 331//378 376//436 400//467
f 377//468 400//467 424//501
f 440//502 401//503 306//379
f 306//379 401//503 402//469
f 379//472 378//471 404//504
f 379//472 404//504 405//473
f 384//446 425//505 410//447
f 338//418 412//506 413//479
f 356//507 450//450 291//341
f 318//451 502//508 503//419
f 387//390 416//509 319//391
f 319//391 472//510 357//511
f 357//511 473//512 388//513
f 358//514 388//513 427//515
f 362//455 430//516 418//488
f 342//400 341//517 366//490
f 394//494 437//518 369//456
f 396//425 438//519 370//497
f 373//462 466//520 422//463
f 378//521 403//522 443//523
f 383//478 470//524 409//445
f 409//445 425//505 384//446
f 412//506 501//525 413//479
f 416//509 472//510 319//391
f 389//526 417//527 453//528
f 359//485 453//528 428//529
f 390//530 428//531 429//532
f 390//530 429//532 391//533
f 391//533 429//532 455//534
f 391//533 455//534 430//516
f 365//535 456//536 457//537
f 341//517 431//538 432//539
f 394//494 436//540 437//541
f 437//542 459//543 395//495
f 399//460 463//544 419//461
f 421//545 420//499 464//546
f 464//546 465//547 328//548
f 373//432 465//500 466//520
f 375//435 467//549 423//465
f 400//467 376//436 490//550
f 400//467 439//551 424//501
f 405//473 404//504 406//474
f 406//474 444//552 352//441
f 380//475 445//553 381//554
f 354//443 407//476 469//555
f 354//443 469//555 446//556
f 411//449 499//557 448//558
f 412//506 448//558 500//559
f 388//513 451//560 427//515
f 417//527 452//561 453//528
f 455//534 478//562 430//516
f 430//516 527//563 418//488
f 418//488 527//563 456//536
f 435//492 511//564 436//540
f 436//540 479//565 437//541
f 459//566 437//541 529//567
f 438//519 481//568 461//569
f 464//546 420//499 485//570
f 374//464 422//463 488//571
f 489//572 490//550 376//436
f 440//502 491//573 401//503
f 401//503 491//573 468//574
f 442//575 441//470 492//576
f 446//556 469//555 496//577
f 446//556 497//578 447//579
f 447//579 524//580 470//524
f 412//506 500//559 501//525
f 503//419 471//581 387//390
f 451//560 474//582 427//515
f 453//528 452//561 505//583
f 430//516 478//562 527//563
f 527//563 507//584 456//536
f 432//539 509//585 510//586
f 458//587 511//564 435//492
f 459//566 529//567 480//588
f 459//566 480//588 460//589
f 481//568 530//590 461//569
f 461//569 482//591 462//592
f 485//570 420//499 484//593
f 466//520 487//594 422//463
f 443//523 442//575 493//595
f 443//523 494//596 404//504
f 494//596 522//597 406//474
f 496//577 497//578 446//556
f 425//505 567//598 499//557
f 426//480 525//599 385//481
f 450//600 356//601 570//602
f 386//603 546//604 502//508
f 507//584 508//605 457//537
f 457//537 508//605 509//585
f 434//606 554//607 458//587
f 460//589 480//588 512//608
f 482//591 514//609 462//592
f 462//592 514//609 483//610
f 483//610 515//611 463//544
f 463//544 516//612 420//499
f 485//570 532//613 465//547
f 487//594 534//614 488//571
f 467//549 560//615 489//572
f 491//573 537//616 468//574
f 402//469 468//574 519//617
f 443//523 493//595 521//618
f 495//619 540//620 445//553
f 445//553 540//620 469//555
f 496//577 523//621 497//578
f 497//578 542//622 447//579
f 447//579 542//622 524//580
f 500//559 568//623 501//525
f 502//508 546//604 503//419
f 453//528 505//583 506//624
f 506//624 550//625 475//626
f 476//627 551//628 477//629
f 527//563 573//630 507//584
f 508//605 642//631 509//585
f 479//565 588//632 529//567
f 529//567 588//633 480//588
f 512//608 530//590 481//634
f 482//591 513//635 531//636
f 482//591 531//637 514//609
f 465//547 532//613 486//638
f 488//571 534//614 535//639
f 488//571 535//639 560//640
f 560//615 517//641 489//572
f 490//550 517//641 536//642
f 518//643 537//616 491//573
f 519//617 537//616 538//644
f 406//474 522//597 563//645
f 497//578 523//621 566//646
f 524//580 581//647 543//648
f 525//649 545//650 609//651
f 570//602 449//652 569//653
f 450//600 570//602 386//603
f 471//581 416//509 387//390
f 472//510 547//654 473//512
f 504//655 548//656 505//583
f 506//624 505//583 549//657
f 506//624 549//657 550//625
f 476//627 571//658 572//659
f 476//627 572//659 551//628
f 551//628 552//660 477//629
f 510//586 642//661 643//662
f 510//586 643//662 586//663
f 528//664 586//663 574//665
f 555//666 587//667 588//632
f 512//608 556//668 530//590
f 513//635 589//669 531//670
f 486//638 532//613 559//671
f 487//594 559//671 533//672
f 517//641 560//615 595//673
f 520//674 578//675 600//676
f 493//595 601//677 562//678
f 522//597 579//679 580//680
f 523//621 565//681 566//646
f 542//622 606//682 524//580
f 524//580 634//683 581//647
f 543//648 581//647 567//598
f 525//684 609//651 582//685
f 549//657 571//658 550//625
f 573//630 585//686 507//584
f 512//608 647//687 668//688
f 515//689 514//690 590//691
f 558//692 621//693 484//593
f 532//613 591//694 593//695
f 532//613 593//695 559//696
f 533//672 559//697 575//698
f 535//639 576//699 560//640
f 560//615 576//700 595//673
f 517//641 577//701 536//642
f 599//702 624//703 537//616
f 537//616 624//703 626//704
f 538//644 626//704 578//675
f 521//618 562//678 628//705
f 521//618 628//705 579//679
f 542//622 566//646 606//706
f 606//682 634//683 524//580
f 581//647 607//707 567//598
f 567//598 608//708 544//709
f 544//709 637//710 568//623
f 416//509 610//711 472//510
f 451//560 611//712 474//582
f 583//713 584//714 572//659
f 572//659 584//714 551//628
f 552//660 641//715 553//716
f 645//717 587//667 555//666
f 587//667 646//718 588//632
f 589//669 590//719 531//670
f 557//720 515//689 620//721
f 591//722 592//723 593//724
f 559//697 593//724 594//725
f 596//726 623//727 517//641
f 561//728 597//729 598//730
f 624//731 625//732 626//733
f 578//675 626//704 676//734
f 578//675 676//734 600//676
f 562//678 601//677 628//705
f 628//705 602//735 579//679
f 605//736 632//737 565//681
f 547//654 611//712 451//560
f 548//656 612//738 549//739
f 586//740 666//741 574//665
f 619//742 670//743 589//669
f 592//723 648//744 593//724
f 594//725 674//745 535//639
f 595//673 576//700 650//746
f 625//732 654//747 626//733
f 580//748 629//749 678//750
f 603//751 700//752 630//753
f 604//754 655//755 605//736
f 605//736 655//755 631//756
f 606//706 657//757 633//758
f 581//647 635//759 607//707
f 607//707 635//759 608//708
f 608//708 636//760 544//709
f 544//709 636//760 637//710
f 609//651 704//761 638//762
f 639//763 640//764 504//765
f 504//655 640//764 548//656
f 571//766 549//767 683//768
f 641//715 664//769 553//716
f 585//770 684//771 685//772
f 666//741 688//773 617//774
f 622//775 692//776 591//722
f 596//726 651//777 623//727
f 598//730 652//778 599//702
f 599//702 652//778 624//703
f 625//732 624//779 653//780
f 654//747 697//781 626//782
f 627//783 699//784 628//785
f 628//786 699//786 602//786
f 602//735 699//787 629//749
f 603//751 678//750 700//752
f 630//753 679//788 604//754
f 631//756 655//755 656//789
f 632//790 702//791 657//792
f 633//793 681//794 634//683
f 569//653 658//795 570//602
f 658//795 732//796 546//604
f 583//797 614//798 584//714
f 641//715 584//714 663//799
f 615//800 685//772 709//801
f 616//802 665//803 666//741
f 644//804 710//805 645//806
f 588//632 646//718 667//807
f 647//687 667//808 689//809
f 647//687 689//809 668//688
f 590//719 670//743 671//810
f 620//811 672//812 621//693
f 621//693 672//812 715//813
f 622//814 715//815 692//816
f 649//817 693//818 594//725
f 694//819 718//820 650//746
f 675//821 720//822 652//778
f 629//749 699//787 678//750
f 700//752 679//788 630//753
f 631//756 656//789 680//823
f 631//756 680//823 632//790
f 635//759 788//824 636//760
f 637//710 747//825 704//761
f 582//685 638//762 730//826
f 569//653 829//827 658//795
f 547//654 661//828 705//829
f 662//830 707//831 612//738
f 612//738 733//832 549//739
f 549//767 733//832 683//768
f 584//714 614//798 768//833
f 642//661 709//801 686//834
f 666//741 687//835 688//773
f 618//836 711//837 646//838
f 692//776 716//839 673//840
f 651//777 718//820 798//841
f 675//821 761//842 720//822
f 652//778 696//843 653//844
f 676//734 697//781 698//845
f 632//790 680//823 702//791
f 702//791 726//846 633//847
f 681//794 727//848 703//849
f 634//683 703//849 728//850
f 635//759 728//850 788//824
f 829//827 731//851 658//795
f 682//852 661//828 610//711
f 584//714 768//833 708//853
f 663//799 770//854 641//715
f 686//834 772//855 665//803
f 687//835 753//856 688//773
f 688//773 755//857 710//805
f 667//808 712//858 757//859
f 669//860 689//809 713//861
f 669//860 713//861 690//862
f 692//776 736//863 716//839
f 716//839 737//864 673//840
f 673//840 737//864 649//817
f 798//841 739//865 651//777
f 651//777 739//865 719//866
f 720//822 762//867 652//778
f 697//781 653//780 721//868
f 698//869 741//870 677//871
f 627//872 723//873 699//874
f 700//752 678//750 743//875
f 700//752 743//876 724//877
f 679//788 724//877 744//878
f 701//879 725//880 656//789
f 638//762 704//761 730//826
f 569//653 730//826 829//827
f 684//881 664//769 771//882
f 671//810 714//883 758//884
f 620//811 691//885 672//812
f 717//886 693//818 778//887
f 694//819 738//888 718//820
f 719//866 739//865 740//889
f 719//866 740//890 695//891
f 696//843 763//892 653//844
f 678//750 742//893 743//875
f 701//894 744//878 745//895
f 725//880 746//896 680//823
f 680//823 766//897 702//791
f 702//791 786//898 726//846
f 727//848 767//899 703//849
f 703//849 808//900 728//850
f 732//796 731//851 748//901
f 732//796 790//902 659//903
f 682//852 791//904 749//905
f 611//906 792//907 706//908
f 686//834 794//909 772//855
f 665//803 750//910 751//911
f 665//803 752//912 687//835
f 687//835 754//913 753//856
f 734//914 756//915 711//837
f 711//837 813//916 712//917
f 713//861 689//809 775//918
f 690//862 713//919 776//920
f 672//812 759//921 715//813
f 716//839 736//863 760//922
f 739//865 798//841 821//923
f 740//890 780//924 695//891
f 720//822 781//925 762//867
f 741//870 722//926 783//927
f 725//928 824//929 746//930
f 746//896 766//897 680//823
f 726//846 786//898 727//848
f 728//850 787//931 788//824
f 682//852 790//902 791//904
f 683//768 733//832 793//932
f 663//799 769//933 770//854
f 770//854 771//882 664//769
f 754//913 773//934 755//857
f 756//915 833//935 711//837
f 774//936 775//918 689//809
f 691//885 796//937 672//812
f 737//864 760//922 797//938
f 693//818 777//939 778//887
f 739//865 821//923 839//940
f 761//842 780//924 781//925
f 721//868 763//892 782//941
f 722//942 801//943 783//944
f 783//945 802//946 741//947
f 824//929 825//948 746//930
f 727//848 786//898 827//949
f 808//900 787//931 728//850
f 788//824 857//950 729//951
f 747//825 857//950 903//952
f 747//825 903//952 789//953
f 747//825 789//953 828//954
f 748//901 790//902 732//796
f 749//905 887//955 661//828
f 661//828 887//955 705//956
f 683//768 811//957 614//958
f 751//911 832//959 752//912
f 773//934 867//960 755//857
f 691//961 758//884 870//962
f 691//885 870//962 796//937
f 759//963 837//964 816//965
f 778//887 777//939 819//966
f 779//967 821//923 798//841
f 762//867 781//925 799//968
f 762//867 799//968 800//969
f 804//970 847//971 743//972
f 764//973 805//974 724//877
f 785//975 807//976 786//898
f 808//900 767//899 853//977
f 788//824 787//931 857//950
f 887//955 810//978 705//956
f 792//907 859//979 706//908
f 640//764 860//980 662//830
f 793//932 811//957 683//768
f 685//772 771//981 890//982
f 776//920 869//983 735//984
f 758//884 795//985 870//962
f 870//962 836//986 796//937
f 738//888 875//987 779//967
f 799//968 841//988 800//969
f 801//943 843//989 783//944
f 783//944 843//989 844//990
f 807//976 852//991 786//898
f 786//898 852//991 827//949
f 808//900 854//992 855//993
f 790//902 748//901 858//994
f 706//908 830//995 640//764
f 768//833 888//996 889//997
f 769//933 831//998 770//854
f 771//981 831//999 890//982
f 772//855 794//909 864//1000
f 773//934 866//1001 867//960
f 813//1002 812//1003 834//1004
f 775//918 814//1005 835//1006
f 760//922 817//1007 838//1008
f 777//939 871//1009 872//1010
f 820//1011 875//987 738//888
f 779//967 876//1012 821//923
f 821//923 914//1013 839//940
f 801//943 782//941 919//1014
f 803//1015 845//1016 882//1017
f 803//1015 882//1017 922//1018
f 803//1015 922//1018 846//1019
f 824//929 849//1020 850//1021
f 825//948 851//1022 826//1023
f 826//1023 851//1022 766//897
f 808//900 853//977 854//992
f 829//827 828//954 944//1024
f 793//932 929//1025 811//957
f 768//833 811//1026 888//996
f 708//853 889//997 862//1027
f 862//1027 769//933 708//853
f 773//934 909//1028 866//1001
f 834//1004 911//1029 814//1005
f 839//940 877//1030 822//1031
f 823//1032 878//1033 879//1034
f 919//1035 920//1036 843//989
f 843//989 880//1037 844//990
f 844//990 881//1038 845//1016
f 845//1016 881//1038 882//1017
f 853//977 900//1039 854//992
f 855//993 885//1040 856//1041
f 731//851 904//1042 748//901
f 929//1025 888//996 811//957
f 794//909 863//1043 907//1044
f 751//911 864//1000 950//1045
f 950//1045 908//1046 832//959
f 866//1001 932//1047 867//960
f 812//1003 892//1048 834//1004
f 814//1005 911//1029 893//1049
f 815//1050 869//983 913//1051
f 818//1052 838//1053 871//1009
f 872//1010 871//1009 937//1054
f 875//987 956//1055 876//1012
f 877//1030 938//1056 878//1033
f 879//1034 895//1057 840//1058
f 880//1037 940//1059 844//990
f 847//971 897//1060 805//1061
f 849//1020 883//1062 923//1063
f 854//1064 900//1039 901//1065
f 856//1041 885//1040 902//1066
f 789//953 903//952 926//1067
f 928//1068 904//1042 731//851
f 1006//1069 905//1070 791//904
f 862//1027 906//1071 769//933
f 908//1046 931//1072 865//1073
f 909//1028 932//1047 866//1001
f 868//1074 910//1075 812//1003
f 956//1055 958//1076 876//1012
f 839//940 914//1013 915//1077
f 938//1056 916//1078 878//1033
f 782//941 918//1079 919//1014
f 920//1036 963//1080 880//1037
f 881//1038 921//1081 882//1017
f 896//1082 942//1082 847//1082
f 883//1062 965//1083 923//1063
f 851//1022 925//1084 899//1085
f 789//953 926//1067 927//1086
f 886//1087 905//1088 947//1089
f 906//1071 948//1090 769//933
f 831//998 769//933 930//1091
f 909//1028 986//1092 932//1047
f 912//1093 893//1049 934//1094
f 870//962 795//985 952//1095
f 935//1096 953//1097 936//1098
f 873//1099 937//1054 992//1100
f 877//1030 915//1077 938//1056
f 879//1101 939//1102 895//1103
f 917//1104 918//1079 842//1105
f 919//1014 918//1079 961//1106
f 880//1037 963//1080 940//1059
f 922//1018 921//1107 941//1108
f 883//1062 897//1060 965//1083
f 852//991 899//1085 943//1109
f 886//1087 1020//1110 887//955
f 830//995 968//1111 860//980
f 929//1025 984//1112 888//996
f 1007//1113 906//1071 862//1027
f 890//982 930//1091 949//1114
f 907//1044 863//1043 985//1115
f 864//1000 907//1044 969//1116
f 864//1000 969//1116 950//1045
f 913//1051 952//1095 795//985
f 935//1096 952//1095 953//1097
f 936//1098 953//1097 954//1117
f 838//1008 894//1118 989//1119
f 937//1054 990//1120 955//1121
f 874//1122 992//1100 975//1123
f 956//1055 957//1124 958//1076
f 958//1076 959//1125 914//1013
f 938//1056 915//1077 960//1126
f 938//1056 960//1126 916//1078
f 916//1078 960//1126 879//1127
f 920//1128 961//1129 962//1130
f 920//1131 962//1132 963//1080
f 940//1059 963//1080 964//1133
f 940//1059 997//1134 921//1135
f 884//1136 1005//1137 900//1039
f 900//1039 1005//1137 966//1138
f 900//1039 966//1138 901//1065
f 903//952 902//1066 1019//1139
f 926//1067 903//952 1019//1139
f 928//1068 982//1140 904//1042
f 1020//1110 967//1141 810//978
f 859//979 1074//1142 830//995
f 830//995 1074//1142 968//1111
f 968//1111 983//1143 929//1025
f 863//1043 891//1144 985//1115
f 970//1145 1026//1146 908//1046
f 931//1072 1009//1147 909//1028
f 909//1028 1009//1147 986//1092
f 986//1092 1059//1148 932//1047
f 971//1149 972//1150 933//1151
f 954//1117 974//1152 936//1098
f 955//1121 991//1153 937//1054
f 937//1054 991//1153 992//1100
f 917//1104 976//1154 1013//1155
f 917//1104 1013//1155 918//1079
f 962//1132 1016//1156 963//1080
f 963//1080 1016//1156 977//1157
f 963//1080 977//1157 964//1133
f 940//1059 964//1133 997//1134
f 942//1158 978//1159 979//1160
f 924//1161 1001//1162 1002//1163
f 924//1161 1003//1164 898//1165
f 925//1084 1018//1166 899//1085
f 899//1085 1018//1166 1004//1167
f 1004//1167 980//1168 943//1109
f 943//1109 980//1168 884//1136
f 885//1040 901//1065 981//1169
f 927//1086 1116//1170 944//1024
f 929//1025 983//1143 984//1112
f 889//997 984//1112 1007//1113
f 891//1144 949//1114 985//1115
f 868//1074 1059//1148 910//1075
f 973//1171 972//1172 1029//1173
f 934//1094 951//1174 987//1175
f 934//1094 988//1176 913//1051
f 894//1118 974//1152 1011//1177
f 894//1118 1011//1177 989//1119
f 975//1123 992//1100 1036//1178
f 1036//1178 993//1179 956//1055
f 957//1124 959//1125 958//1076
f 994//1180 1038//1181 960//1126
f 879//1101 995//1182 1039//1183
f 1013//1155 996//1184 918//1079
f 961//1129 1014//1185 962//1130
f 962//1132 1015//1186 1016//1156
f 977//1157 997//1134 964//1133
f 965//1083 999//1187 1000//1188
f 923//1063 1000//1188 1001//1162
f 1002//1163 1001//1162 1017//1189
f 925//1084 1003//1164 1018//1166
f 884//1136 980//1168 1005//1137
f 1074//1142 1054//1190 968//1111
f 984//1112 1055//1191 1007//1113
f 1007//1113 1008//1192 906//1071
f 906//1071 1008//1192 1076//1193
f 906//1071 1076//1193 948//1090
f 907//1044 985//1115 1024//1194
f 907//1044 1024//1194 969//1116
f 970//1145 969//1116 1025//1195
f 970//1145 1025//1195 1026//1146
f 1058//1196 1009//1147 931//1072
f 1009//1147 1100//1197 986//1092
f 1059//1148 1060//1198 910//1075
f 973//1171 1030//1199 951//1174
f 988//1176 1031//1200 913//1051
f 913//1051 1031//1200 952//1095
f 953//1097 952//1095 1010//1201
f 974//1152 954//1117 1032//1202
f 1013//1155 1014//1203 996//1184
f 962//1130 1014//1185 1015//1204
f 998//1205 1043//1206 978//1159
f 978//1159 1044//1207 979//1160
f 1001//1162 1000//1188 1017//1189
f 1006//1069 945//1208 1050//1209
f 947//1089 946//1210 1053//1211
f 1020//1110 1074//1142 859//979
f 1054//1190 1021//1212 983//1143
f 984//1112 983//1143 1022//1213
f 930//1091 948//1090 1056//1214
f 969//1116 1024//1194 1057//1215
f 986//1092 1100//1197 1059//1148
f 1060//1198 971//1149 910//1075
f 972//1150 1028//1216 1029//1217
f 1030//1199 1029//1173 1061//1218
f 988//1176 987//1175 1062//1219
f 952//1095 1031//1200 1010//1201
f 1011//1177 1032//1202 1033//1220
f 989//1221 1035//1222 990//1120
f 990//1120 1035//1222 955//1121
f 991//1153 955//1121 1064//1223
f 993//1179 1037//1224 957//1124
f 995//1182 1038//1181 1082//1225
f 1039//1183 1040//1226 976//1154
f 1014//1185 1110//1227 1066//1228
f 1015//1204 1066//1228 1041//1229
f 1041//1230 1067//1231 1015//1186
f 1016//1156 1068//1232 997//1233
f 998//1234 1042//1234 1043//1234
f 1044//1207 1045//1235 999//1187
f 999//1187 1045//1235 1000//1188
f 1018//1166 1046//1236 1047//1237
f 1070//1238 1114//1239 1048//1240
f 981//1169 901//1065 1049//1241
f 902//1066 1072//1242 1143//1243
f 927//1086 1073//1244 1116//1170
f 1051//1245 1117//1246 946//1210
f 946//1210 1052//1247 1053//1211
f 1076//1193 1056//1214 948//1090
f 969//1116 1057//1215 1077//1248
f 1009//1147 1099//1249 1100//1197
f 1100//1197 1147//1250 1059//1148
f 1028//1216 1061//1251 1029//1217
f 1030//1199 1079//1252 1062//1219
f 1062//1219 1126//1253 1080//1254
f 954//1117 1063//1255 1032//1202
f 1012//1256 1107//1257 1036//1178
f 1038//1181 1081//1258 1108//1259
f 1000//1188 1045//1235 1069//1260
f 1017//1189 1000//1188 1091//1261
f 1002//1163 1017//1189 1092//1262
f 1047//1237 1093//1263 1070//1238
f 926//1067 1019//1139 1073//1244
f 1030//1264 1061//1265 1078//1266
f 1030//1264 1078//1266 1079//1267
f 1031//1200 1080//1254 1102//1268
f 1032//1202 1063//1255 1033//1220
f 1037//1224 1129//1269 1081//1258
f 1038//1181 1108//1259 1131//1270
f 1039//1183 1082//1225 1083//1271
f 1068//1232 1088//1272 998//1273
f 1042//1274 1112//1275 1089//1276
f 1005//1137 1071//1277 1094//1278
f 1053//1211 1052//1247 1119//1279
f 1053//1211 1120//1280 1020//1110
f 1075//1281 1121//1282 1054//1190
f 1022//1213 1146//1283 1097//1284
f 1025//1195 1077//1248 1168//1285
f 1058//1196 1098//1286 1099//1249
f 1058//1196 1099//1249 1009//1147
f 1028//1216 1123//1287 1061//1251
f 1079//1252 1101//1288 1062//1219
f 1063//1255 1104//1289 1033//1220
f 1033//1220 1105//1290 1034//1291
f 1064//1223 1035//1222 1106//1292
f 1012//1256 1128//1293 1152//1294
f 1012//1256 1152//1294 1107//1257
f 1040//1226 1083//1271 1109//1295
f 1065//1296 1109//1295 1110//1227
f 1085//1297 1066//1228 1136//1298
f 1085//1299 1158//1300 1086//1301
f 1088//1272 1087//1302 1111//1303
f 1137//1304 1112//1275 1042//1274
f 1112//1275 1138//1305 1089//1276
f 1092//1262 1017//1189 1140//1306
f 1093//1263 1113//1307 1070//1238
f 1094//1278 1071//1277 1142//1308
f 981//1169 1049//1241 1115//1309
f 1117//1246 1118//1310 1052//1247
f 1052//1247 1118//1310 1119//1279
f 1119//1279 1144//1311 1120//1280
f 1120//1280 1165//1312 1074//1142
f 1096//1313 1121//1282 1075//1281
f 1022//1213 1021//1212 1146//1283
f 1146//1283 1190//1314 1097//1284
f 1057//1215 1024//1194 1193//1315
f 1098//1286 1169//1316 1099//1249
f 1122//1317 1213//1318 1027//1319
f 1027//1319 1213//1318 1123//1287
f 1123//1287 1149//1320 1078//1321
f 1079//1267 1078//1266 1124//1322
f 1102//1268 1218//1323 1103//1324
f 1105//1290 1127//1325 1035//1326
f 1064//1223 1106//1292 1128//1293
f 1037//1224 1107//1257 1153//1327
f 1037//1224 1153//1327 1129//1269
f 1129//1269 1130//1328 1081//1258
f 1081//1258 1130//1328 1108//1259
f 1108//1259 1130//1328 1131//1270
f 1131//1270 1132//1329 1082//1225
f 1082//1225 1132//1329 1154//1330
f 1083//1271 1154//1330 1155//1331
f 1083//1271 1133//1332 1109//1295
f 1110//1227 1176//1333 1135//1334
f 1087//1302 1158//1335 1111//1303
f 1088//1272 1111//1303 1137//1304
f 1112//1275 1137//1304 1159//1336
f 1045//1235 1139//1337 1069//1260
f 1017//1189 1091//1261 1140//1306
f 1092//1262 1205//1338 1093//1263
f 1071//1277 1141//1339 1142//1308
f 1072//1242 1115//1309 1143//1243
f 1019//1139 1143//1243 1187//1340
f 1121//1282 1096//1313 1238//1341
f 1021//1212 1145//1342 1146//1283
f 1023//1343 1167//1344 1024//1194
f 1126//1253 1150//1345 1102//1268
f 1104//1289 1151//1346 1105//1290
f 1153//1327 1130//1328 1129//1269
f 1154//1330 1201//1347 1155//1331
f 1109//1295 1133//1332 1175//1348
f 1136//1298 1135//1349 1156//1350
f 1085//1297 1136//1298 1157//1351
f 1157//1352 1203//1353 1158//1300
f 1139//1337 1183//1354 1069//1260
f 1069//1260 1183//1354 1091//1261
f 1184//1355 1161//1356 1093//1263
f 1093//1263 1161//1356 1113//1307
f 1113//1307 1185//1357 1114//1239
f 1049//1241 1094//1278 1162//1358
f 1116//1170 1073//1244 1188//1359
f 1164//1360 1207//1361 1117//1246
f 1145//1342 1166//1362 1146//1283
f 1190//1363 1209//1364 1191//1365
f 1056//1214 1167//1344 1023//1343
f 1193//1315 1168//1285 1077//1248
f 1099//1249 1169//1316 1170//1366
f 1147//1250 1170//1366 1212//1367
f 1213//1318 1196//1368 1123//1287
f 1215//1369 1171//1370 1149//1320
f 1149//1320 1197//1371 1078//1321
f 1078//1321 1197//1371 1124//1372
f 1125//1373 1198//1374 1216//1375
f 1125//1373 1216//1375 1126//1253
f 1127//1325 1105//1290 1199//1376
f 1131//1270 1174//1377 1132//1329
f 1134//1378 1225//1379 1176//1333
f 1158//1335 1177//1380 1111//1303
f 1159//1336 1179//1381 1138//1305
f 1138//1305 1179//1381 1180//1382
f 1160//1383 1180//1382 1181//1384
f 1092//1262 1140//1306 1233//1385
f 1092//1262 1233//1385 1205//1338
f 1142//1308 1235//1386 1259//1387
f 1143//1243 1206//1388 1187//1340
f 1073//1244 1187//1340 1188//1359
f 1119//1279 1264//1389 1144//1311
f 1168//1285 1194//1390 1098//1286
f 1169//1316 1194//1390 1195//1391
f 1170//1366 1195//1391 1212//1367
f 1218//1323 1220//1392 1104//1289
f 1104//1289 1220//1392 1151//1346
f 1105//1290 1151//1346 1199//1376
f 1106//1292 1200//1393 1172//1394
f 1153//1327 1173//1395 1221//1396
f 1154//1330 1223//1397 1201//1347
f 1201//1347 1202//1398 1133//1332
f 1134//1378 1175//1348 1225//1379
f 1176//1333 1225//1379 1226//1399
f 1158//1335 1203//1400 1177//1380
f 1177//1380 1228//1401 1178//1402
f 1178//1402 1253//1403 1137//1304
f 1137//1304 1253//1403 1159//1336
f 1183//1354 1233//1385 1140//1306
f 1164//1360 1163//1404 1263//1405
f 1164//1360 1263//1405 1207//1361
f 1119//1279 1118//1310 1264//1389
f 1096//1313 1189//1406 1238//1341
f 1209//1364 1268//1407 1191//1365
f 1211//1408 1241//1409 1168//1285
f 1171//1370 1244//1410 1197//1371
f 1198//1374 1217//1411 1216//1375
f 1150//1412 1216//1375 1217//1411
f 1151//1346 1220//1392 1247//1413
f 1153//1327 1221//1396 1222//1414
f 1130//1328 1222//1414 1279//1415
f 1174//1377 1279//1415 1223//1397
f 1223//1397 1224//1416 1201//1347
f 1135//1349 1226//1417 1156//1350
f 1253//1403 1178//1402 1252//1418
f 1159//1336 1229//1419 1179//1381
f 1182//1420 1181//1384 1231//1421
f 1182//1420 1232//1422 1183//1354
f 1141//1339 1185//1423 1235//1386
f 1143//1243 1261//1424 1206//1388
f 1118//1310 1207//1361 1264//1389
f 1189//1406 1266//1425 1238//1341
f 1166//1426 1239//1427 1291//1428
f 1190//1363 1311//1429 1209//1364
f 1196//1368 1214//1430 1215//1369
f 1198//1374 1245//1431 1217//1411
f 1172//1394 1200//1393 1299//1432
f 1221//1396 1277//1433 1222//1414
f 1223//1397 1279//1415 1248//1434
f 1201//1347 1224//1416 1249//1435
f 1202//1398 1281//1436 1175//1348
f 1156//1437 1226//1438 1250//1439
f 1227//1440 1285//1441 1203//1353
f 1228//1401 1252//1418 1178//1402
f 1181//1384 1204//1442 1254//1443
f 1181//1384 1254//1443 1231//1421
f 1232//1422 1322//1444 1183//1354
f 1183//1354 1255//1445 1233//1385
f 1185//1423 1234//1446 1258//1447
f 1259//1387 1309//1448 1260//1449
f 1206//1388 1262//1450 1187//1340
f 1209//1364 1311//1429 1268//1407
f 1240//1451 1270//1452 1211//1408
f 1211//1408 1271//1453 1241//1409
f 1243//1454 1292//1455 1148//1456
f 1214//1430 1213//1318 1294//1457
f 1200//1393 1275//1458 1276//1459
f 1222//1414 1318//1460 1278//1461
f 1248//1434 1280//1462 1224//1416
f 1224//1416 1280//1462 1249//1435
f 1202//1398 1249//1435 1281//1436
f 1282//1463 1283//1464 1226//1465
f 1250//1466 1302//1467 1227//1468
f 1235//1386 1258//1447 1287//1469
f 1259//1387 1287//1469 1309//1448
f 1206//1388 1261//1424 1262//1450
f 1188//1359 1327//1470 1328//1471
f 1207//1361 1310//1472 1288//1473
f 1207//1361 1288//1473 1264//1389
f 1239//1427 1267//1474 1291//1428
f 1241//1409 1271//1453 1242//1475
f 1243//1454 1272//1476 1361//1477
f 1292//1455 1293//1478 1148//1456
f 1213//1318 1293//1478 1294//1457
f 1219//1479 1315//1480 1220//1392
f 1277//1433 1221//1396 1340//1481
f 1278//1461 1248//1434 1279//1415
f 1249//1435 1280//1462 1301//1482
f 1281//1436 1301//1482 1319//1483
f 1250//1466 1284//1484 1302//1467
f 1251//1485 1302//1467 1303//1486
f 1251//1487 1345//1488 1285//1441
f 1253//1403 1349//1489 1229//1419
f 1230//1490 1396//1491 1204//1442
f 1231//1421 1254//1443 1305//1492
f 1231//1421 1306//1493 1232//1494
f 1257//1495 1351//1496 1307//1497
f 1234//1446 1307//1498 1308//1499
f 1263//1405 1236//1500 1310//1472
f 1310//1472 1329//1501 1288//1473
f 1265//1502 1289//1503 1354//1504
f 1290//1505 1331//1506 1355//1507
f 1291//1428 1356//1508 1357//1509
f 1270//1452 1333//1510 1211//1408
f 1292//1455 1335//1511 1336//1512
f 1245//1513 1274//1514 1313//1515
f 1245//1513 1313//1515 1295//1516
f 1276//1459 1339//1517 1298//1518
f 1277//1433 1340//1481 1318//1460
f 1280//1462 1300//1519 1343//1520
f 1319//1483 1320//1521 1282//1463
f 1302//1467 1284//1484 1344//1522
f 1251//1487 1303//1523 1345//1488
f 1228//1401 1321//1524 1252//1418
f 1349//1489 1377//1525 1229//1419
f 1261//1424 1401//1526 1262//1450
f 1163//1404 1328//1471 1381//1527
f 1310//1472 1352//1528 1329//1501
f 1288//1473 1329//1501 1330//1529
f 1330//1529 1353//1530 1289//1503
f 1266//1425 1355//1507 1267//1531
f 1291//1532 1357//1533 1332//1534
f 1311//1429 1358//1535 1268//1407
f 1333//1510 1384//1536 1271//1453
f 1242//1475 1271//1453 1334//1537
f 1242//1475 1334//1537 1272//1476
f 1244//1410 1312//1538 1386//1539
f 1274//1514 1365//1540 1313//1515
f 1313//1515 1367//1541 1295//1516
f 1314//1542 1369//1543 1315//1480
f 1315//1480 1370//1544 1316//1545
f 1316//1545 1371//1546 1247//1413
f 1276//1459 1317//1547 1339//1548
f 1339//1517 1373//1549 1298//1518
f 1298//1518 1373//1549 1340//1550
f 1278//1461 1390//1551 1342//1552
f 1280//1462 1343//1520 1301//1482
f 1301//1482 1343//1520 1374//1553
f 1345//1554 1346//1555 1285//1556
f 1348//1557 1321//1524 1228//1401
f 1305//1492 1378//1558 1306//1493
f 1322//1559 1306//1493 1350//1560
f 1322//1559 1323//1561 1286//1562
f 1256//1563 1323//1561 1351//1496
f 1351//1496 1398//1564 1307//1497
f 1186//1565 1325//1566 1326//1567
f 1402//1568 1352//1528 1310//1472
f 1330//1529 1382//1569 1353//1530
f 1289//1503 1353//1530 1354//1504
f 1354//1570 1426//1571 1331//1506
f 1355//1507 1405//1572 1267//1531
f 1267//1474 1405//1573 1356//1508
f 1272//1476 1334//1537 1361//1477
f 1314//1542 1368//1574 1369//1543
f 1339//1517 1372//1575 1373//1549
f 1318//1460 1341//1576 1390//1551
f 1342//1552 1413//1577 1300//1519
f 1300//1519 1413//1577 1392//1578
f 1301//1482 1374//1553 1319//1483
f 1283//1464 1375//1579 1344//1522
f 1344//1522 1415//1580 1302//1467
f 1348//1557 1376//1581 1321//1524
f 1349//1489 1420//1582 1377//1525
f 1322//1559 1350//1560 1323//1561
f 1287//1469 1399//1583 1379//1584
f 1324//1585 1379//1584 1380//1586
f 1326//1567 1400//1587 1401//1526
f 1262//1450 1401//1526 1327//1470
f 1236//1500 1381//1527 1402//1568
f 1353//1530 1426//1571 1354//1570
f 1356//1508 1405//1588 1427//1589
f 1336//1512 1361//1477 1434//1590
f 1336//1591 1435//1592 1362//1593
f 1293//1478 1363//1594 1385//1595
f 1312//1538 1364//1596 1386//1539
f 1366//1597 1387//1598 1313//1515
f 1338//1599 1389//1600 1314//1601
f 1314//1601 1389//1600 1368//1602
f 1369//1543 1410//1603 1370//1544
f 1371//1546 1411//1604 1317//1547
f 1374//1553 1414//1605 1319//1483
f 1303//1486 1417//1606 1345//1607
f 1346//1555 1345//1554 1418//1608
f 1396//1491 1421//1609 1397//1610
f 1378//1558 1473//1611 1350//1560
f 1327//1470 1476//1612 1328//1471
f 1352//1528 1478//1613 1329//1501
f 1353//1530 1382//1569 1403//1614
f 1353//1530 1403//1614 1426//1571
f 1355//1507 1404//1615 1405//1572
f 1333//1616 1383//1617 1430//1618
f 1364//1596 1482//1619 1386//1539
f 1365//1540 1457//1620 1458//1621
f 1367//1541 1387//1598 1506//1622
f 1388//1623 1460//1624 1338//1625
f 1389//1600 1409//1626 1368//1602
f 1371//1546 1439//1627 1411//1604
f 1411//1628 1484//1629 1339//1517
f 1373//1630 1372//1631 1412//1632
f 1412//1633 1440//1634 1341//1576
f 1283//1464 1393//1635 1375//1579
f 1347//1636 1471//1637 1376//1581
f 1323//1561 1492//1638 1423//1639
f 1323//1561 1423//1639 1351//1496
f 1379//1584 1399//1583 1424//1640
f 1327//1470 1401//1526 1476//1612
f 1402//1568 1381//1527 1425//1641
f 1352//1528 1425//1642 1478//1613
f 1382//1569 1478//1613 1450//1643
f 1427//1589 1428//1644 1357//1509
f 1332//1534 1428//1644 1452//1645
f 1406//1646 1429//1647 1358//1648
f 1429//1649 1480//1650 1269//1651
f 1455//1652 1433//1653 1334//1537
f 1361//1477 1433//1653 1434//1590
f 1385//1595 1436//1654 1364//1596
f 1460//1624 1437//1655 1338//1625
f 1338//1599 1437//1656 1389//1600
f 1410//1603 1438//1657 1463//1658
f 1411//1628 1439//1659 1484//1629
f 1413//1577 1443//1660 1392//1578
f 1392//1578 1443//1660 1343//1520
f 1343//1520 1443//1660 1467//1661
f 1418//1662 1417//1663 1470//1664
f 1420//1582 1394//1665 1489//1666
f 1378//1558 1422//1667 1473//1611
f 1350//1560 1473//1611 1492//1638
f 1398//1564 1423//1639 1446//1668
f 1308//1499 1520//1669 1474//1670
f 1308//1499 1474//1670 1424//1640
f 1308//1499 1424//1640 1399//1583
f 1380//1586 1379//1584 1447//1671
f 1328//1471 1476//1612 1449//1672
f 1404//1673 1498//1674 1405//1588
f 1405//1588 1498//1674 1427//1589
f 1432//1675 1431//1676 1455//1652
f 1433//1653 1481//1677 1502//1678
f 1434//1679 1456//1680 1435//1592
f 1506//1622 1508//1681 1408//1682
f 1409//1626 1437//1656 1461//1683
f 1409//1626 1509//1684 1410//1685
f 1463//1686 1510//1687 1439//1688
f 1372//1631 1484//1629 1511//1689
f 1372//1631 1511//1689 1464//1690
f 1440//1634 1465//1691 1441//1692
f 1441//1692 1485//1693 1391//1694
f 1391//1694 1485//1693 1442//1695
f 1374//1553 1467//1661 1468//1696
f 1444//1697 1513//1698 1375//1579
f 1415//1580 1514//1699 1416//1700
f 1416//1700 1515//1701 1417//1606
f 1418//1608 1487//1702 1471//1637
f 1420//1582 1489//1666 1490//1703
f 1423//1639 1492//1638 1493//1704
f 1398//1564 1446//1668 1520//1669
f 1379//1584 1424//1640 1521//1705
f 1447//1671 1495//1706 1475//1707
f 1449//1672 1567//1708 1381//1527
f 1450//1643 1478//1613 1497//1709
f 1527//1710 1498//1674 1404//1673
f 1455//1652 1501//1711 1481//1677
f 1456//1680 1503//1712 1435//1592
f 1435//1592 1504//1713 1363//1594
f 1363//1594 1505//1714 1385//1595
f 1460//1715 1483//1716 1437//1656
f 1440//1634 1412//1633 1512//1717
f 1418//1662 1470//1664 1487//1702
f 1471//1637 1487//1702 1488//1718
f 1445//1719 1490//1703 1491//1720
f 1445//1721 1491//1722 1472//1723
f 1472//1723 1517//1724 1422//1667
f 1424//1640 1494//1725 1521//1705
f 1381//1527 1567//1708 1523//1726
f 1381//1527 1523//1726 1496//1727
f 1478//1613 1477//1728 1497//1709
f 1403//1614 1526//1729 1451//1730
f 1451//1730 1526//1729 1546//1731
f 1451//1730 1546//1731 1527//1732
f 1527//1710 1547//1733 1498//1674
f 1429//1647 1406//1646 1529//1734
f 1431//1676 1531//1735 1501//1711
f 1436//1654 1553//1736 1482//1619
f 1409//1626 1461//1683 1509//1684
f 1412//1632 1464//1690 1512//1717
f 1485//1693 1584//1737 1442//1695
f 1414//1605 1468//1696 1534//1738
f 1469//1739 1563//1740 1514//1699
f 1489//1666 1419//1741 1538//1742
f 1491//1722 1588//1743 1472//1723
f 1473//1611 1518//1744 1541//1745
f 1446//1668 1423//1639 1542//1746
f 1446//1668 1542//1746 1520//1669
f 1474//1670 1520//1669 1543//1747
f 1474//1670 1543//1747 1544//1748
f 1496//1727 1523//1726 1524//1749
f 1452//1645 1529//1734 1406//1646
f 1453//1750 1595//1751 1531//1735
f 1504//1713 1505//1714 1363//1594
f 1505//1714 1553//1736 1436//1654
f 1459//1752 1555//1753 1599//1754
f 1508//1681 1556//1755 1557//1756
f 1508//1681 1557//1756 1483//1757
f 1483//1757 1557//1756 1558//1758
f 1463//1686 1462//1759 1581//1760
f 1440//1634 1512//1717 1465//1691
f 1486//1761 1534//1738 1535//1762
f 1469//1739 1513//1698 1563//1740
f 1487//1702 1516//1763 1564//1764
f 1487//1702 1564//1764 1536//1765
f 1419//1741 1537//1766 1538//1742
f 1490//1703 1538//1742 1539//1767
f 1491//1722 1540//1768 1588//1743
f 1493//1704 1519//1769 1609//1770
f 1493//1704 1542//1746 1423//1639
f 1447//1671 1521//1705 1589//1771
f 1476//1612 1448//1772 1590//1773
f 1476//1612 1590//1773 1567//1708
f 1547//1733 1571//1774 1498//1674
f 1498//1674 1571//1774 1499//1775
f 1479//1776 1548//1777 1572//1778
f 1479//1776 1572//1778 1500//1779
f 1480//1650 1529//1734 1574//1780
f 1574//1780 1575//1781 1530//1782
f 1453//1750 1549//1783 1576//1784
f 1502//1678 1481//1677 1578//1785
f 1502//1678 1578//1785 1551//1786
f 1552//1787 1532//1788 1551//1786
f 1506//1622 1599//1754 1600//1789
f 1509//1684 1461//1683 1602//1790
f 1464//1690 1533//1791 1582//1792
f 1465//1691 1512//1717 1560//1793
f 1465//1691 1584//1737 1485//1693
f 1466//1794 1605//1795 1443//1660
f 1467//1661 1443//1660 1562//1796
f 1562//1796 1585//1797 1468//1696
f 1513//1698 1535//1762 1586//1798
f 1513//1698 1586//1798 1563//1740
f 1538//1742 1537//1766 1565//1799
f 1523//1726 1635//1800 1614//1801
f 1477//1802 1524//1749 1615//1803
f 1477//1802 1615//1803 1568//1804
f 1545//1805 1568//1804 1569//1806
f 1591//1807 1570//1808 1526//1809
f 1526//1809 1616//1810 1546//1811
f 1546//1811 1616//1810 1547//1733
f 1529//1734 1593//1812 1574//1780
f 1595//1751 1577//1813 1501//1711
f 1481//1677 1577//1813 1578//1785
f 1578//1785 1552//1787 1551//1786
f 1532//1814 1596//1815 1503//1712
f 1553//1736 1598//1816 1579//1817
f 1557//1756 1556//1818 1624//1819
f 1581//1760 1604//1820 1510//1687
f 1465//1691 1560//1793 1583//1821
f 1443//1660 1605//1795 1562//1796
f 1585//1797 1628//1822 1534//1738
f 1535//1762 1628//1822 1606//1823
f 1535//1762 1606//1823 1586//1798
f 1586//1798 1629//1824 1563//1740
f 1563//1740 1647//1825 1514//1699
f 1543//1747 1542//1746 1611//1826
f 1567//1708 1590//1773 1612//1827
f 1567//1708 1612//1827 1613//1828
f 1523//1726 1613//1828 1635//1800
f 1569//1806 1591//1807 1545//1805
f 1526//1809 1570//1808 1616//1810
f 1547//1733 1616//1810 1592//1829
f 1549//1783 1575//1781 1594//1830
f 1550//1831 1637//1832 1656//1833
f 1552//1787 1639//1834 1532//1788
f 1503//1712 1597//1835 1505//1714
f 1555//1753 1579//1817 1599//1754
f 1600//1789 1623//1836 1601//1837
f 1641//1838 1602//1790 1461//1683
f 1533//1791 1604//1820 1645//1839
f 1584//1737 1626//1840 1691//1841
f 1561//1842 1584//1737 1627//1843
f 1561//1842 1627//1843 1605//1795
f 1563//1740 1629//1824 1647//1825
f 1538//1742 1565//1799 1607//1844
f 1540//1845 1607//1844 1632//1846
f 1517//1724 1648//1847 1541//1745
f 1519//1769 1541//1745 1609//1770
f 1609//1770 1610//1848 1542//1746
f 1543//1747 1611//1826 1544//1748
f 1589//1771 1521//1705 1722//1849
f 1589//1771 1747//1850 1495//1706
f 1524//1749 1614//1851 1615//1803
f 1570//1808 1654//1852 1616//1810
f 1572//1778 1617//1853 1528//1854
f 1576//1784 1594//1830 1637//1832
f 1577//1813 1618//1855 1619//1856
f 1639//1834 1686//1857 1596//1858
f 1596//1858 1686//1857 1620//1859
f 1598//1816 1621//1860 1579//1817
f 1579//1817 1621//1860 1622//1861
f 1601//1862 1661//1863 1580//1864
f 1602//1790 1642//1865 1559//1866
f 1582//1792 1625//1867 1512//1717
f 1584//1737 1691//1841 1627//1843
f 1585//1797 1646//1868 1665//1869
f 1585//1797 1665//1869 1628//1822
f 1606//1870 1668//1871 1586//1798
f 1536//1765 1630//1872 1631//1873
f 1517//1724 1588//1743 1648//1847
f 1747//1850 1650//1874 1495//1706
f 1614//1875 1677//1876 1615//1877
f 1574//1780 1593//1812 1682//1878
f 1656//1879 1638//1880 1595//1751
f 1578//1785 1619//1856 1684//1881
f 1597//1835 1658//1882 1598//1816
f 1598//1816 1658//1882 1621//1860
f 1622//1861 1621//1860 1659//1883
f 1624//1819 1662//1884 1558//1758
f 1603//1885 1642//1865 1643//1886
f 1643//1886 1644//1887 1603//1888
f 1627//1889 1691//1890 1664//1891
f 1664//1891 1646//1868 1562//1796
f 1628//1822 1665//1869 1666//1892
f 1670//1893 1772//1894 1564//1764
f 1631//1873 1630//1872 1694//1895
f 1588//1743 1608//1896 1719//1897
f 1609//1770 1541//1745 1696//1898
f 1544//1748 1611//1826 1699//1899
f 1612//1827 1634//1900 1675//1901
f 1614//1875 1701//1902 1677//1876
f 1591//1807 1678//1903 1653//1904
f 1636//1905 1617//1853 1572//1778
f 1617//1853 1655//1906 1573//1907
f 1655//1906 1681//1908 1593//1812
f 1575//1781 1682//1878 1683//1909
f 1594//1830 1575//1781 1683//1909
f 1618//1855 1657//1910 1619//1856
f 1639//1834 1685//1911 1686//1857
f 1686//1857 1733//1912 1620//1859
f 1620//1913 1640//1914 1597//1835
f 1621//1860 1658//1882 1659//1883
f 1659//1915 1709//1916 1622//1917
f 1622//1917 1660//1918 1661//1863
f 1641//1838 1662//1884 1711//1919
f 1625//1867 1663//1920 1560//1793
f 1560//1793 1663//1920 1626//1840
f 1665//1869 1692//1921 1666//1892
f 1606//1870 1667//1922 1668//1871
f 1670//1893 1587//1923 1717//1924
f 1694//1895 1671//1925 1631//1873
f 1607//1844 1565//1799 1695//1926
f 1607//1844 1695//1926 1673//1927
f 1611//1826 1610//1848 1698//1928
f 1635//1800 1676//1929 1701//1930
f 1701//1902 1725//1931 1677//1876
f 1679//1932 1727//1933 1616//1810
f 1616//1810 1704//1934 1592//1829
f 1617//1935 1705//1935 1680//1935
f 1617//1853 1680//1936 1655//1906
f 1619//1856 1657//1910 1684//1881
f 1658//1882 1640//1914 1708//1937
f 1658//1882 1708//1937 1687//1938
f 1658//1882 1687//1938 1659//1883
f 1660//1918 1763//1939 1661//1863
f 1711//1919 1736//1940 1641//1838
f 1643//1886 1689//1941 1644//1887
f 1644//1942 1712//1943 1604//1820
f 1604//1820 1712//1943 1645//1839
f 1626//1840 1663//1920 1713//1944
f 1668//1871 1715//1945 1669//1946
f 1629//1824 1693//1947 1647//1825
f 1587//1923 1647//1825 1717//1924
f 1565//1799 1672//1948 1695//1926
f 1648//1847 1719//1897 1696//1898
f 1634//1949 1651//1950 1723//1951
f 1676//1929 1675//1901 1724//1952
f 1676//1929 1700//1953 1701//1930
f 1725//1931 1751//1954 1677//1876
f 1677//1876 1751//1954 1778//1955
f 1678//1903 1753//1956 1726//1957
f 1727//1933 1704//1934 1616//1810
f 1592//1829 1704//1934 1799//1958
f 1592//1829 1799//1958 1705//1959
f 1680//1936 1729//1960 1655//1906
f 1638//1880 1707//1961 1618//1855
f 1685//1911 1684//1881 1731//1962
f 1640//1914 1759//1963 1708//1937
f 1708//1937 1735//1964 1687//1938
f 1661//1863 1710//1965 1662//1884
f 1712//1943 1644//1942 1737//1966
f 1645//1839 1739//1967 1690//1968
f 1664//1891 1741//1969 1714//1970
f 1646//1868 1714//1970 1768//1971
f 1742//1972 1743//1973 1667//1922
f 1715//1945 1716//1974 1669//1975
f 1647//1825 1693//1947 1717//1924
f 1717//1924 1772//1894 1670//1893
f 1696//1898 1719//1897 1720//1976
f 1697//1977 1696//1898 1721//1978
f 1698//1928 1697//1977 1775//1979
f 1611//1826 1698//1928 1746//1980
f 1649//1981 1699//1899 1812//1982
f 1651//1950 1650//1874 1723//1951
f 1700//1983 1725//1931 1701//1902
f 1703//1984 1779//1985 1679//1932
f 1680//1936 1728//1986 1729//1960
f 1756//1987 1683//1909 1755//1988
f 1706//1989 1780//1990 1638//1880
f 1686//1857 1757//1991 1733//1912
f 1733//1912 1734//1992 1640//1914
f 1708//1937 1759//1963 1760//1993
f 1708//1937 1760//1993 1735//1964
f 1662//1884 1710//1965 1764//1994
f 1689//1941 1785//1995 1644//1887
f 1644//1942 1785//1995 1737//1966
f 1712//1943 1737//1966 1828//1996
f 1741//1969 1767//1997 1714//1970
f 1692//1921 1768//1971 1769//1998
f 1769//1998 1770//1999 1742//2000
f 1669//1975 1716//1974 1745//2001
f 1669//1975 1745//2001 1629//1824
f 1671//1925 1694//1895 1789//2002
f 1697//1977 1721//1978 1775//1979
f 1699//1899 1746//1980 1776//2003
f 1748//2004 1723//1951 1794//2005
f 1749//2006 1750//2007 1700//1983
f 1702//2008 1779//1985 1703//1984
f 1727//1933 1779//1985 1819//2009
f 1705//1959 1799//1958 1800//2010
f 1705//1959 1800//2010 1820//2011
f 1705//1959 1820//2011 1680//2012
f 1683//1909 1730//2013 1755//1988
f 1686//1857 1732//2014 1757//1991
f 1757//1991 1782//2015 1733//1912
f 1734//1992 1758//2016 1759//1963
f 1709//1916 1735//1964 1761//2017
f 1764//1994 1736//1940 1711//1919
f 1663//1920 1740//2018 1786//2019
f 1713//1944 1766//2020 1741//1969
f 1714//1970 1767//1997 1768//1971
f 1742//1972 1770//1999 1830//2021
f 1717//1924 1693//1947 1771//2022
f 1717//1924 1771//2022 1772//1894
f 1694//1895 1772//1894 1789//2002
f 1671//1925 1789//2002 1773//2023
f 1674//2024 1718//2025 1790//2026
f 1674//2024 1790//2026 1719//1897
f 1699//1899 1776//2003 1812//1982
f 1649//1981 1777//2027 1722//1849
f 1751//1954 1725//1931 1752//2028
f 1778//1955 1752//2028 1834//2029
f 1753//1956 1778//1955 1797//2030
f 1702//2008 1798//2031 1779//1985
f 1754//2032 1801//2033 1802//2034
f 1706//1989 1756//2035 1823//2036
f 1780//1990 1781//2037 1707//1961
f 1781//2037 1824//2038 1731//1962
f 1757//1991 1732//2014 1804//2039
f 1760//1993 1840//2040 1735//1964
f 1763//1939 1764//1994 1710//1965
f 1764//1994 1805//2041 1736//1940
f 1784//2042 1765//2043 1688//2044
f 1737//1966 1785//1995 1828//1996
f 1768//1971 1767//1997 1808//2045
f 1743//1973 1809//2046 1788//2047
f 1715//1945 1744//2048 1810//2049
f 1745//2001 1848//2050 1693//1947
f 1721//1978 1720//1976 1792//2051
f 1794//2005 1723//1951 1793//2052
f 1778//1955 1834//2029 1797//2030
f 1753//1956 1797//2030 1726//1957
f 1798//2031 1817//2053 1779//1985
f 1779//1985 1817//2053 1818//2054
f 1779//1985 1818//2054 1819//2009
f 1728//1986 1822//2055 1729//1960
f 1802//2034 1730//2013 1754//2032
f 1755//1988 1730//2013 1837//2056
f 1755//1988 1803//2057 1756//2035
f 1781//2037 1780//1990 1838//2058
f 1762//2059 1825//2060 1763//1939
f 1785//1995 1765//2043 1859//2061
f 1786//2019 1806//2062 1766//2020
f 1767//1997 1766//2020 1807//2063
f 1767//1997 1807//2063 1808//2045
f 1744//2064 1788//2065 1810//2049
f 1848//2050 1771//2022 1693//1947
f 1750//2007 1814//2066 1725//1931
f 1725//1931 1814//2066 1752//2028
f 1752//2028 1814//2066 1849//2067
f 1834//2029 1815//2068 1797//2030
f 1781//2037 1838//2058 1824//2038
f 1782//2015 1804//2039 1881//2069
f 1734//1992 1839//2070 1758//2016
f 1758//2016 1839//2070 1883//2071
f 1826//2072 1857//2073 1784//2042
f 1785//1995 1859//2061 1827//2074
f 1785//1995 1827//2074 1828//1996
f 1828//1996 1844//2075 1829//2076
f 1806//2062 1862//2077 1766//2020
f 1808//2045 1807//2063 1846//2078
f 1808//2045 1846//2078 1787//2079
f 1773//2023 1866//2080 1672//1948
f 1718//2025 1695//1926 1894//2081
f 1791//2082 1774//2083 1895//2084
f 1775//1979 1792//2051 1832//2085
f 1776//2003 1867//2086 1812//1982
f 1777//2027 1868//2087 1747//1850
f 1723//1951 1868//2087 1813//2088
f 1796//2089 1869//2090 1750//2007
f 1818//2054 1872//2091 1819//2009
f 1819//2009 1835//2092 1799//1958
f 1802//2034 1875//2093 1922//2094
f 1730//2013 1922//2094 1837//2056
f 1838//2058 1880//2095 1824//2038
f 1762//2096 1856//2097 1842//2098
f 1825//2060 1884//2099 1805//2041
f 1805//2041 1908//2100 1826//2072
f 1765//2043 1858//2101 1859//2061
f 1829//2076 1844//2075 1861//2102
f 1829//2076 1845//2103 1806//2062
f 1806//2062 1845//2103 1862//2077
f 1807//2063 1862//2077 1846//2078
f 1787//2079 1846//2078 1889//2104
f 1830//2021 1889//2104 1863//2105
f 1849//2067 1814//2066 1870//2106
f 1834//2029 1850//2107 1815//2068
f 1815//2068 1901//2108 1797//2030
f 1798//2031 1816//2109 1851//2110
f 1798//2031 1851//2110 1817//2053
f 1836//2111 1873//2112 1820//2011
f 1837//2056 1922//2094 1877//2113
f 1803//2057 1877//2113 1823//2036
f 1780//1990 1823//2036 1948//2114
f 1782//2015 1881//2069 1907//2115
f 1840//2040 1854//2116 1855//2117
f 1842//2098 1884//2099 1825//2060
f 1884//2099 1908//2100 1805//2041
f 1908//2100 1857//2073 1826//2072
f 1827//2118 1859//2061 1860//2119
f 1844//2075 1843//2120 1861//2102
f 1809//2121 1847//2122 1864//2123
f 1809//2121 1864//2123 1788//2124
f 1866//2080 1892//2125 1831//2126
f 1831//2126 1893//2127 1695//1926
f 1777//2027 1897//2128 1868//2087
f 1796//2089 1899//2129 1869//2090
f 1850//2107 1901//2108 1815//2068
f 1836//2111 1853//2130 1873//2112
f 1922//2094 1876//2131 1877//2113
f 1838//2058 1948//2114 1878//2132
f 1838//2058 1878//2132 1880//2095
f 1881//2069 1882//2133 1907//2115
f 1842//2098 1927//2134 1884//2099
f 1857//2073 1908//2100 1885//2135
f 1861//2102 1887//2136 1845//2103
f 1864//2123 1890//2137 1788//2124
f 1716//1974 1810//2049 1962//2138
f 1848//2050 1935//2139 1771//2022
f 1771//2022 1935//2139 1865//2140
f 1831//2126 1892//2125 1893//2127
f 1774//2083 1915//2141 1895//2084
f 1813//2088 1937//2142 1793//2052
f 1833//2143 1898//2144 1899//2129
f 1869//2090 1939//2145 1814//2146
f 1901//2108 1918//2147 1816//2109
f 1873//2112 1921//2148 1821//2149
f 1875//2093 1968//2150 1922//2094
f 1876//2131 1902//2151 1877//2113
f 1880//2095 1879//2152 1904//2153
f 1880//2095 1904//2153 1905//2154
f 1882//2133 1972//2155 1907//2115
f 1839//2070 1907//2115 1973//2156
f 1884//2099 1928//2157 1908//2100
f 1858//2101 1910//2158 1859//2061
f 1860//2119 1929//2159 1886//2160
f 1929//2159 1956//2161 1886//2160
f 1886//2162 1956//2163 1843//2120
f 1843//2120 1956//2163 1861//2102
f 1887//2136 1958//2164 1911//2165
f 1887//2136 1911//2165 1888//2166
f 1810//2049 1890//2167 1962//2138
f 1789//2002 1865//2140 1963//2168
f 1811//2169 2009//2170 1915//2141
f 1791//2082 1895//2084 1916//2171
f 1867//2086 1897//2128 1777//2027
f 1897//2128 1936//2172 1868//2087
f 1793//2052 1898//2144 1833//2143
f 1898//2144 1938//2173 1899//2129
f 1851//2110 1918//2147 1919//2174
f 1852//2175 1942//2176 1872//2091
f 1853//2130 1943//2177 1920//2178
f 1873//2112 1920//2178 1967//2179
f 1874//2180 1921//2148 1990//2181
f 1903//2182 1902//2151 1946//2183
f 1906//2184 1993//2185 1924//2186
f 1907//2115 1972//2155 1973//2156
f 1950//2187 1925//2188 1854//2116
f 1884//2099 1927//2134 1928//2157
f 1953//2189 1999//2190 1885//2135
f 1860//2119 1954//2191 1929//2159
f 1958//2192 1931//2192 1911//2192
f 1913//2193 1934//2194 1863//2195
f 1894//2081 1893//2127 2009//2170
f 1895//2084 1915//2141 1982//2196
f 1897//2128 1983//2197 1936//2172
f 1898//2144 1986//2198 1938//2173
f 1899//2129 1966//2199 1939//2145
f 1901//2108 1988//2200 1940//2201
f 1901//2108 1940//2201 1918//2147
f 1872//2091 1942//2176 1943//2177
f 1943//2177 1944//2202 1920//2178
f 1920//2178 1944//2202 1967//2179
f 1967//2179 1990//2181 1921//2148
f 1903//2203 1969//2204 1923//2205
f 1923//2205 1969//2204 1947//2206
f 1923//2205 1947//2206 1948//2114
f 1879//2152 1971//2207 1949//2208
f 1906//2209 1904//2153 1993//2185
f 1856//2097 1952//2210 1926//2211
f 1885//2135 1999//2190 1909//2212
f 1954//2191 1955//2213 1929//2159
f 1929//2159 1955//2213 1956//2161
f 1956//2163 1957//2214 1930//2215
f 1930//2215 1957//2214 1958//2164
f 1958//2164 1979//2216 1931//2217
f 1911//2165 1931//2217 1959//2218
f 1864//2123 1934//2194 1961//2219
f 1892//2220 1914//2221 1964//2222
f 1895//2084 1982//2196 1965//2223
f 1937//2142 1986//2198 1793//2052
f 1793//2052 1986//2198 1898//2144
f 1919//2174 1940//2201 1989//2224
f 1990//2181 2047//2225 1968//2150
f 1946//2183 1902//2151 2015//2226
f 1948//2114 1991//2227 1971//2207
f 1904//2153 1949//2208 1993//2185
f 1973//2156 1974//2228 1883//2071
f 1952//2210 1976//2229 1927//2134
f 1928//2157 1998//2230 1977//2231
f 1928//2157 1977//2231 1953//2189
f 1955//2213 2001//2232 1956//2161
f 1891//2233 1980//2234 1914//2221
f 1915//2141 2055//2235 1982//2196
f 1983//2197 1984//2236 1936//2172
f 1937//2142 1985//2237 1986//2198
f 1900//2238 2011//2239 1988//2200
f 1942//2176 1941//2240 2060//2241
f 1943//2177 1942//2176 2024//2242
f 1943//2177 2024//2242 1944//2202
f 1969//2204 2029//2243 2016//2244
f 1993//2185 1994//2245 1924//2186
f 1972//2155 1995//2246 1973//2156
f 1973//2156 1995//2246 1996//2247
f 1974//2228 1997//2248 1925//2188
f 1977//2231 1999//2190 1953//2189
f 1999//2190 2000//2249 1954//2191
f 1954//2191 2000//2249 1955//2213
f 1955//2213 2000//2249 2001//2232
f 1979//2250 2002//2251 1959//2252
f 1890//2167 2006//2253 1962//2138
f 1935//2139 2038//2254 2007//2255
f 1891//2233 1963//2168 2008//2256
f 1832//2085 1896//2257 2107//2258
f 1917//2259 2040//2260 1867//2086
f 1867//2086 2040//2260 2010//2261
f 2022//2262 2023//2263 1871//2264
f 1900//2238 1987//2265 2011//2239
f 1942//2176 2060//2241 2024//2242
f 2024//2242 2013//2266 1944//2202
f 2026//2267 2015//2226 1902//2151
f 2015//2268 2029//2243 1946//2269
f 1946//2269 2029//2243 1969//2204
f 2016//2244 2030//2270 1947//2206
f 1991//2227 1970//2271 2031//2272
f 1993//2185 1992//2273 2032//2274
f 1975//2275 2035//2276 1952//2210
f 1952//2210 2035//2276 2017//2277
f 1952//2210 2017//2277 1976//2229
f 1977//2231 2037//2278 1999//2190
f 1978//2279 2019//2280 1979//2250
f 1979//2250 2019//2280 2002//2251
f 2003//2281 2002//2251 2020//2282
f 2003//2281 2020//2282 2004//2283
f 1935//2139 2074//2284 1963//2168
f 2009//2170 1981//2285 2039//2286
f 1896//2257 1916//2171 2056//2287
f 2010//2261 2057//2288 1897//2128
f 1897//2289 1984//2289 1983//2289
f 2012//2290 2044//2291 1940//2201
f 1940//2201 2044//2291 1989//2224
f 2025//2292 2013//2266 2046//2293
f 2026//2267 2027//2294 2015//2226
f 2015//2226 2027//2294 2028//2295
f 2015//2268 2028//2296 2029//2243
f 2029//2243 2064//2297 2016//2244
f 1994//2245 2033//2298 1995//2246
f 2033//2299 2034//2300 1995//2246
f 1995//2246 2034//2300 1996//2247
f 1951//2301 2068//2302 1975//2275
f 2017//2277 2036//2303 1998//2230
f 2037//2278 2049//2304 1999//2190
f 2019//2280 2071//2305 2002//2251
f 2002//2251 2071//2305 2072//2306
f 1890//2137 1961//2219 2052//2307
f 1890//2137 2052//2307 2006//2308
f 1981//2309 1964//2222 2039//2286
f 1896//2257 2056//2287 2107//2258
f 1985//2237 2077//2310 1986//2198
f 2022//2311 2094//2312 2023//2263
f 2011//2239 1987//2265 2043//2313
f 2060//2241 2045//2314 2024//2242
f 2025//2292 2046//2293 2047//2225
f 2047//2225 2114//2315 2062//2316
f 2062//2316 2063//2317 2014//2318
f 2026//2319 2014//2318 2097//2320
f 2029//2243 2028//2296 2064//2297
f 2016//2244 2064//2297 2030//2270
f 1970//2271 2048//2321 2031//2272
f 2032//2274 2081//2322 1994//2245
f 1996//2247 2067//2323 2083//2324
f 1974//2228 2083//2325 1997//2248
f 2050//2326 2070//2327 2018//2328
f 2018//2328 2070//2327 2019//2280
f 2090//2329 2073//2330 1933//2331
f 2006//2253 2053//2332 2038//2254
f 2009//2170 2039//2286 2055//2235
f 1965//2223 1982//2196 2056//2287
f 2048//2321 2065//2333 2031//2272
f 2031//2272 2065//2333 2066//2334
f 1997//2248 2084//2335 2068//2302
f 2050//2326 2069//2336 2088//2337
f 2072//2306 2122//2338 2020//2339
f 2073//2330 2123//2340 2005//2341
f 1980//2234 2008//2256 2092//2342
f 1984//2236 2140//2343 2076//2344
f 1987//2265 2023//2263 2078//2345
f 2046//2293 2013//2266 2096//2346
f 2028//2296 2116//2347 2064//2297
f 2032//2274 2066//2348 2081//2322
f 2033//2298 2101//2349 2082//2350
f 2035//2276 2068//2302 2085//2351
f 2035//2276 2085//2351 2103//2352
f 2036//2303 2103//2352 2086//2353
f 2086//2353 2104//2354 2037//2278
f 2070//2327 2088//2337 2105//2355
f 2072//2306 2071//2305 2135//2356
f 2004//2357 2020//2339 2136//2358
f 2073//2330 2090//2329 2123//2340
f 2005//2341 2123//2340 2185//2359
f 2008//2256 2074//2360 2092//2342
f 2056//2287 1982//2196 2075//2361
f 2056//2287 2139//2362 2107//2258
f 2042//2363 2093//2364 2058//2365
f 2043//2313 2129//2366 2044//2291
f 2044//2291 2129//2366 2113//2367
f 2044//2291 2113//2367 2059//2368
f 2079//2369 2130//2370 2045//2314
f 2045//2314 2130//2370 2095//2371
f 2028//2296 2146//2372 2116//2347
f 2081//2322 2100//2373 2101//2349
f 2067//2323 2132//2374 2083//2324
f 2084//2335 2102//2375 2068//2302
f 2049//2304 2104//2354 2087//2376
f 2071//2305 2089//2377 2135//2356
f 2135//2356 2122//2338 2072//2306
f 2040//2260 2107//2258 2108//2378
f 2094//2312 2158//2379 2023//2263
f 2078//2345 2112//2380 2043//2313
f 2098//2381 2080//2382 2175//2383
f 2098//2381 2161//2384 2065//2333
f 2082//2350 2118//2385 2067//2386
f 2102//2375 2119//2387 2085//2388
f 2103//2352 2119//2389 2120//2390
f 2104//2354 2134//2391 2087//2376
f 2088//2337 2087//2376 2121//2392
f 2088//2337 2121//2392 2105//2355
f 2051//2393 2185//2359 2124//2394
f 2075//2361 2055//2235 2169//2395
f 2056//2287 2126//2396 2139//2362
f 2077//2310 2141//2397 2111//2398
f 2093//2364 2157//2399 2094//2312
f 2112//2380 2128//2400 2129//2401
f 2061//2402 2096//2346 2143//2403
f 2146//2372 2147//2404 2116//2347
f 2080//2382 2147//2404 2175//2383
f 2100//2373 2099//2405 2148//2406
f 2100//2373 2149//2407 2101//2349
f 2117//2408 2178//2409 2082//2410
f 2132//2411 2150//2412 2102//2413
f 2102//2375 2133//2414 2119//2387
f 2121//2392 2184//2415 2105//2355
f 2089//2377 2207//2416 2135//2356
f 2136//2358 2154//2417 2090//2329
f 2124//2394 2185//2359 2231//2418
f 2168//2419 2233//2420 2091//2421
f 2057//2288 2209//2422 2140//2343
f 2076//2344 2109//2423 2210//2424
f 2110//2425 2156//2426 2141//2397
f 2111//2398 2141//2397 2093//2364
f 2128//2427 2142//2427 2129//2427
f 2113//2367 2159//2428 2059//2368
f 2131//2429 2144//2430 2115//2431
f 2144//2430 2173//2432 2145//2433
f 2099//2405 2161//2434 2148//2406
f 2117//2408 2163//2435 2178//2436
f 2119//2387 2166//2437 2120//2438
f 2089//2377 2184//2415 2207//2416
f 2207//2416 2153//2439 2135//2356
f 2135//2356 2153//2439 2122//2338
f 2122//2338 2153//2439 2167//2440
f 2196//2441 2185//2359 2123//2340
f 2124//2394 2231//2418 2106//2442
f 2092//2342 2125//2443 2155//2444
f 2055//2235 2138//2445 2169//2395
f 2139//2362 2218//2446 2107//2258
f 2113//2367 2129//2366 2159//2428
f 2146//2372 2145//2433 2174//2447
f 2146//2372 2174//2447 2147//2404
f 2133//2414 2166//2437 2119//2387
f 2166//2437 2181//2448 2120//2438
f 2181//2449 2182//2450 2151//2451
f 2075//2361 2169//2395 2126//2396
f 2126//2396 2186//2452 2139//2362
f 2141//2397 2221//2453 2157//2399
f 2079//2369 2170//2454 2130//2370
f 2145//2433 2173//2432 2174//2447
f 2147//2404 2212//2455 2175//2383
f 2162//2456 2177//2457 2149//2407
f 2149//2407 2177//2457 2163//2435
f 2163//2435 2177//2457 2178//2436
f 2194//2458 2180//2459 2133//2460
f 2166//2461 2205//2462 2181//2449
f 2182//2450 2183//2463 2151//2451
f 2152//2464 2184//2415 2121//2392
f 2185//2359 2255//2465 2231//2418
f 2106//2442 2231//2418 2232//2466
f 2161//2384 2176//2467 2190//2468
f 2162//2456 2190//2469 2202//2470
f 2162//2456 2202//2470 2191//2471
f 2178//2472 2177//2457 2203//2473
f 2164//2474 2193//2475 2165//2476
f 2165//2476 2194//2458 2150//2412
f 2182//2450 2206//2477 2183//2463
f 2183//2463 2195//2478 2152//2464
f 2184//2415 2230//2479 2207//2416
f 2154//2417 2167//2440 2196//2441
f 2091//2421 2233//2420 2125//2480
f 2156//2426 2210//2424 2235//2481
f 2156//2426 2235//2482 2219//2483
f 2141//2397 2220//2484 2221//2453
f 2188//2485 2222//2486 2170//2454
f 2171//2487 2170//2454 2223//2488
f 2160//2489 2189//2490 2211//2491
f 2131//2429 2211//2491 2201//2492
f 2175//2383 2212//2455 2213//2493
f 2190//2469 2176//2467 2202//2470
f 2192//2494 2203//2473 2177//2457
f 2194//2458 2193//2475 2204//2495
f 2206//2477 2229//2496 2253//2497
f 2184//2415 2195//2478 2230//2479
f 2207//2416 2254//2498 2153//2439
f 2242//2499 2167//2440 2153//2439
f 2196//2441 2167//2440 2271//2500
f 2137//2501 2155//2444 2257//2502
f 2138//2445 2217//2503 2169//2395
f 2221//2453 2236//2504 2187//2505
f 2203//2473 2192//2494 2215//2506
f 2164//2474 2227//2507 2193//2475
f 2180//2508 2204//2509 2252//2510
f 2205//2462 2180//2508 2228//2511
f 2230//2479 2254//2498 2207//2416
f 2155//2444 2197//2512 2257//2502
f 2138//2445 2137//2501 2217//2503
f 2217//2503 2243//2513 2169//2395
f 2209//2422 2198//2514 2234//2515
f 2140//2343 2209//2422 2109//2423
f 2246//2516 2220//2484 2141//2397
f 2223//2488 2224//2517 2189//2518
f 2211//2491 2248//2519 2201//2492
f 2214//2520 2239//2521 2176//2467
f 2191//2471 2240//2522 2226//2523
f 2226//2523 2241//2524 2192//2494
f 2215//2506 2227//2507 2164//2474
f 2180//2508 2252//2510 2228//2511
f 2197//2525 2233//2420 2294//2526
f 2210//2424 2245//2527 2235//2481
f 2219//2483 2284//2528 2246//2516
f 2220//2484 2286//2529 2221//2453
f 2221//2453 2286//2529 2236//2504
f 2199//2530 2247//2531 2237//2532
f 2201//2492 2248//2519 2238//2533
f 2202//2470 2239//2534 2240//2522
f 2204//2509 2251//2535 2252//2510
f 2254//2498 2292//2536 2242//2499
f 2137//2501 2258//2537 2217//2503
f 2235//2482 2283//2538 2219//2483
f 2236//2504 2259//2539 2199//2530
f 2199//2530 2259//2539 2247//2531
f 2200//2540 2261//2541 2224//2517
f 2238//2533 2275//2542 2225//2543
f 2240//2544 2263//2545 2264//2546
f 2241//2524 2249//2547 2250//2548
f 2266//2549 2267//2550 2227//2507
f 2252//2510 2269//2551 2228//2511
f 2229//2496 2269//2551 2253//2497
f 2270//2552 2254//2498 2230//2479
f 2232//2466 2256//2553 2208//2554
f 2257//2502 2258//2537 2137//2501
f 2243//2513 2273//2555 2244//2556
f 2244//2556 2273//2555 2234//2515
f 2234//2515 2273//2555 2282//2557
f 2209//2422 2282//2557 2245//2527
f 2220//2484 2246//2516 2286//2529
f 2224//2517 2261//2541 2262//2558
f 2253//2497 2302//2559 2216//2560
f 2254//2498 2270//2552 2292//2536
f 2292//2536 2303//2561 2242//2499
f 2233//2420 2168//2419 2294//2526
f 2217//2503 2258//2537 2243//2513
f 2243//2513 2281//2562 2273//2555
f 2245//2527 2307//2563 2283//2538
f 2219//2483 2283//2538 2284//2528
f 2284//2528 2285//2564 2246//2516
f 2246//2516 2285//2564 2286//2529
f 2259//2539 2308//2565 2247//2531
f 2237//2532 2274//2566 2260//2567
f 2260//2567 2274//2566 2261//2541
f 2264//2568 2263//2569 2276//2570
f 2251//2535 2268//2571 2314//2572
f 2270//2552 2291//2573 2292//2536
f 2272//2574 2257//2502 2295//2575
f 2245//2527 2282//2557 2307//2563
f 2283//2538 2297//2576 2284//2528
f 2286//2529 2298//2577 2236//2504
f 2247//2531 2309//2578 2274//2566
f 2262//2558 2287//2579 2288//2580
f 2275//2581 2288//2580 2289//2582
f 2275//2581 2289//2582 2263//2569
f 2276//2570 2300//2583 2265//2584
f 2265//2585 2311//2585 2290//2585
f 2268//2571 2313//2586 2301//2587
f 2269//2551 2314//2572 2322//2588
f 2168//2419 2280//2589 2294//2526
f 2257//2502 2294//2526 2333//2590
f 2257//2502 2333//2590 2295//2575
f 2258//2537 2296//2591 2281//2562
f 2273//2555 2281//2562 2306//2592
f 2283//2538 2307//2563 2297//2576
f 2285//2564 2325//2593 2286//2529
f 2236//2504 2298//2577 2259//2539
f 2276//2570 2289//2582 2300//2583
f 2265//2584 2300//2583 2311//2594
f 2269//2551 2315//2595 2302//2559
f 2279//2596 2332//2597 2316//2598
f 2272//2574 2295//2575 2296//2591
f 2281//2562 2305//2599 2306//2592
f 2285//2564 2297//2576 2324//2600
f 2286//2529 2325//2593 2326//2601
f 2289//2582 2288//2580 2320//2602
f 2300//2583 2310//2603 2311//2594
f 2302//2559 2315//2604 2323//2605
f 2323//2605 2331//2606 2291//2573
f 2293//2607 2343//2608 2280//2589
f 2307//2563 2306//2609 2297//2576
f 2298//2577 2318//2610 2308//2565
f 2309//2578 2327//2611 2299//2612
f 2299//2612 2337//2613 2319//2614
f 2311//2594 2310//2603 2321//2615
f 2301//2587 2330//2616 2322//2588
f 2306//2609 2305//2599 2335//2617
f 2326//2601 2336//2618 2318//2610
f 2318//2610 2327//2611 2308//2565
f 2320//2602 2338//2619 2329//2620
f 2310//2603 2329//2620 2339//2621
f 2321//2615 2340//2622 2330//2616
f 2331//2606 2347//2623 2291//2573
f 2294//2526 2343//2608 2333//2590
f 2317//2624 2344//2625 2305//2599
f 2305//2599 2344//2625 2335//2617
f 2306//2609 2335//2617 2324//2600
f 2310//2603 2339//2621 2340//2622
f 2322//2588 2330//2616 2358//2626
f 2323//2605 2315//2604 2358//2627
f 2331//2606 2341//2628 2347//2623
f 2332//2597 2342//2629 2293//2607
f 2333//2590 2343//2608 2348//2630
f 2333//2590 2348//2630 2295//2575
f 2317//2624 2354//2631 2344//2625
f 2324//2600 2335//2617 2345//2632
f 2345//2632 2356//2633 2336//2618
f 2358//2626 2346//2634 2323//2635
f 2304//2636 2347//2623 2365//2637
f 2334//2638 2348//2630 2354//2631
f 2335//2617 2344//2625 2360//2639
f 2335//2617 2355//2640 2345//2632
f 2337//2613 2350//2641 2328//2642
f 2340//2622 2352//2643 2330//2616
f 2341//2628 2346//2634 2347//2623
f 2347//2623 2364//2644 2365//2645
f 2342//2629 2359//2646 2353//2647
f 2354//2631 2360//2639 2344//2625
f 2350//2641 2361//2648 2338//2619
f 2339//2621 2351//2649 2362//2650
f 2347//2623 2346//2634 2364//2644
f 2365//2651 2359//2646 2342//2629
f 2354//2631 2367//2652 2360//2639
f 2353//2647 2366//2653 2348//2630
f 2354//2631 2348//2630 2367//2652
f 2335//2617 2360//2639 2355//2640
f 2368//2654 2370//2655 2357//2656
f 2357//2656 2369//2657 2361//2648
f 2363//2658 2371//2659 2364//2644
f 2365//2651 2371//2659 2372//2660
f 2365//2651 2372//2660 2359//2646
f 2348//2630 2366//2653 2367//2652
f 2360//2639 2370//2655 2355//2640
f 2362//2650 2370//2655 2371//2659
f 2372//2660 2371//2659 2370//2655
f 2367//2652 2372//2660 2370//2655
f 2//2 1//1 13//8
f 2//2 13//8 3//11
f 1//1 8//5 19//24
f 3//11 13//8 9//26
f 3//11 9//26 23//28
f 4//6 2//2 40//17
f 8//5 11//22 19//24
f 1//1 19//24 12//16
f 9//26 13//8 21//10
f 2//2 14//12 40//17
f 6//7 5//3 27//20
f 6//7 16//31 17//15
f 8//5 29//21 18//87
f 8//5 18//87 11//86
f 12//16 19//24 30//34
f 13//8 20//25 50//9
f 3//11 23//28 24//67
f 3//11 24//67 31//29
f 10//13 4//6 25//18
f 15//14 26//19 27//20
f 6//7 45//30 16//31
f 18//87 29//21 35//42
f 19//24 47//23 36//38
f 12//16 30//34 20//25
f 50//9 38//46 21//10
f 14//12 31//29 51//41
f 26//19 25//18 42//48
f 26//19 43//2661 44//36
f 27//20 44//36 45//30
f 16//31 45//30 32//2662
f 16//31 32//2662 28//32
f 29//2663 28//2664 33//55
f 29//2663 33//55 34//57
f 29//2663 34//57 35//59
f 49//61 37//33 36//38 48//37
f 30//34 37//33 20//25
f 21//10 38//46 78//66
f 21//10 78//66 39//35
f 22//27 21//10 39//35
f 31//29 24//67 61//39
f 25//18 40//17 41//69
f 26//19 42//2665 43//2661
f 44//36 43//2661 66//77
f 32//2662 45//30 55//79
f 32//2662 67//125 46//52
f 28//2664 32//2662 46//52
f 33//55 28//2664 46//52
f 35//42 58//83 59//43
f 63//71 64//2666 52//49 41//69
f 20//25 37//33 38//46
f 38//46 76//64 78//66
f 23//28 39//35 24//67
f 41//69 40//17 62//47
f 25//18 41//69 52//49
f 42//48 25//18 52//49
f 43//2661 42//48 53//50
f 43//2661 53//50 66//77
f 32//2662 55//79 67//125
f 46//52 67//125 68//53
f 33//55 46//52 56//54
f 33//55 56//54 57//56
f 34//57 57//56 70//58
f 35//59 70//58 58//83
f 49//2667 48//45 72//85
f 49//61 72//2668 60//62
f 37//33 60//62 74//63
f 38//46 74//63 75//2669
f 39//35 78//66 91//68
f 24//67 39//35 91//68
f 41//69 62//47 95//70
f 105//127 69//81 86//2670 104//126
f 53//2671 82//114 65//2672
f 66//77 65//76 99//118
f 44//36 84//78 54//51
f 54//51 84//78 102//80
f 54//51 102//80 45//30
f 67//125 86//2670 68//53
f 57//56 108//82 70//58
f 60//88 72//85 73//103
f 38//46 75//2669 76//64
f 76//107 114//106 77//2673
f 51//41 79//40 80//91
f 62//47 51//41 94//92
f 52//74 81//2674 82//75
f 65//2672 82//114 83//115
f 65//2672 83//115 99//117
f 66//77 100//119 84//78
f 67//125 55//79 85//97
f 68//53 86//2670 69//81
f 56//54 107//99 108//157
f 71//60 88//84 110//182
f 72//85 71//60 126//101
f 73//103 72//85 89//102
f 74//90 90//89 113//134
f 74//2675 113//135 75//105
f 78//66 116//108 91//68
f 79//40 61//39 92//110
f 80//91 79//40 92//110
f 95//70 119//143 96//93
f 63//71 96//93 97//2676
f 81//95 97//112 98//113
f 83//115 82//114 98//113
f 102//80 84//122 101//123
f 86//2670 67//125 104//126
f 137//173 102//80 101//123 136//171
f 70//58 108//82 109//2677
f 70//2678 109//179 124//180
f 58//83 124//128 87//100
f 71//60 110//182 126//101
f 89//129 126//101 111//130
f 73//103 89//102 128//132
f 77//2673 114//106 116//108
f 91//68 153//139 154//109
f 92//110 61//39 154//109
f 93//111 92//110 118//141
f 95//70 62//47 131//2679
f 97//146 119//145 132//2680
f 83//115 121//150 133//116
f 99//117 133//116 122//2681
f 100//2682 99//117 122//2681
f 161//218 121//150 98//113 160//167
f 102//80 137//173 103//124
f 104//126 85//97 103//124
f 105//127 104//2683 138//152
f 108//157 142//177 109//179
f 87//100 124//128 125//207
f 110//182 88//84 87//100
f 111//130 126//101 127//158
f 115//161 114//106 149//160
f 92//110 154//109 130//140
f 62//47 93//111 131//2679
f 119//143 156//162 179//163
f 120//149 97//148 158//165
f 135//170 164//2684 101//123 123//121
f 133//116 121//150 161//218
f 169//206 142//177 108//157 141//156
f 101//2685 164//2685 136//2685
f 107//2686 140//154 168//227
f 185//261 139//153 138//152 167//259
f 124//180 143//178 125//207
f 126//101 110//182 188//183
f 112//104 128//132 146//186
f 129//133 112//104 146//186
f 116//108 115//161 151//192
f 153//139 175//194 154//109
f 118//141 130//140 176//213
f 131//2679 93//111 155//2687
f 131//142 155//2688 156//162
f 132//164 179//163 157//195
f 161//218 160//167 182//2689
f 133//116 161//218 183//221
f 122//2681 133//116 184//222
f 134//151 122//168 184//2690
f 134//169 184//222 162//2691
f 135//170 134//169 162//2691
f 103//124 137//173 165//205
f 181//2692 160//167 159//2693 200//2693
f 139//153 185//261 140//154
f 107//2686 168//227 141//229
f 127//158 189//236 172//209
f 146//186 145//185 190//237
f 149//160 193//288 150//191
f 115//161 150//191 151//192
f 152//137 151//192 174//266
f 152//137 174//266 194//210
f 153//139 117//138 195//193
f 130//140 154//109 215//212
f 93//111 118//141 178//215
f 155//2687 93//111 178//215
f 159//196 158//165 180//247
f 292//361 230//2694 193//314 256//313
f 160//167 181//2692 182//2689
f 162//2691 184//222 204//252
f 163//201 162//200 241//2695
f 140//154 185//261 208//281
f 140//154 208//281 223//226
f 143//178 169//206 224//233
f 171//184 226//235 189//236
f 146//186 190//237 212//263
f 129//133 146//186 191//264
f 147//311 129//133 191//264
f 147//159 228//340 317//238
f 148//188 317//238 173//189
f 151//192 257//289 174//266
f 195//2696 213//268 175//270
f 154//109 196//242 215//212
f 177//214 176//213 215//212
f 177//214 197//2697 178//215
f 180//247 158//165 216//246
f 183//221 202//2698 203//251
f 162//2699 240//2699 241//2699
f 165//205 205//172 218//278
f 165//205 218//278 244//256
f 206//223 219//279 220//224
f 167//2700 138//2700 207//2700
f 185//261 207//260 221//280
f 168//227 223//226 248//282
f 141//229 209//228 186//2701
f 141//230 186//355 187//231
f 210//234 125//207 251//262
f 170//208 210//284 211//286
f 188//183 170//208 211//286
f 172//209 189//236 227//310
f 172//209 227//310 190//237
f 193//314 149//190 229//287
f 257//289 151//192 230//265
f 175//270 233//269 196//242
f 215//212 196//242 214//292
f 197//2697 177//214 234//271
f 178//2702 197//2703 236//2704
f 181//249 239//2705 201//220
f 207//258 220//224 221//332
f 223//226 208//281 222//2706
f 210//284 251//262 252//285
f 188//183 211//286 269//2707
f 188//183 269//2707 226//235
f 189//236 226//235 271//308
f 190//237 227//310 254//339
f 212//263 190//237 290//2708
f 147//311 255//312 228//340
f 213//268 231//267 232//290
f 197//2703 234//271 235//318
f 178//243 260//294 198//244
f 199//217 198//244 277//295
f 216//246 199//217 278//296
f 181//249 262//322 239//2705
f 201//220 239//2705 202//351
f 217//274 203//251 281//299
f 243//277 205//172 242//276
f 220//224 219//2709 246//328
f 221//332 220//224 266//329
f 221//332 266//329 305//330
f 224//283 249//305 225//356
f 224//2710 225//2711 250//335
f 251//262 224//233 250//335
f 211//286 335//306 269//2707
f 226//235 269//2707 270//307
f 227//310 337//309 253//338
f 290//2708 190//237 254//339
f 212//263 290//2708 191//264
f 292//2712 319//2713 257//289 230//265
f 231//267 258//315 272//2714
f 231//267 272//2714 232//290
f 233//269 232//290 259//316
f 196//242 233//269 274//291
f 234//271 214//292 276//345
f 236//2704 197//2703 235//318
f 236//293 235//2715 260//294
f 277//295 198//244 261//320
f 238//272 237//297 279//348
f 202//351 239//2705 263//349
f 240//325 264//324 282//352
f 241//275 240//2716 282//352
f 242//276 241//275 301//353
f 243//277 302//326 284//327
f 244//256 284//327 265//374
f 245//257 244//256 265//374
f 219//2709 245//257 246//328
f 208//301 221//332 285//331
f 208//301 286//354 247//302
f 248//282 307//334 209//228
f 252//285 251//262 268//336
f 252//285 268//336 312//385
f 290//2708 314//358 191//264
f 255//312 191//264 315//359
f 273//342 259//316 232//290 272//2714
f 258//2717 257//289 319//2713
f 265//374 304//376 246//328 245//257
f 214//292 275//317 321//344
f 235//2718 296//2719 297//367
f 239//2720 262//405 280//408
f 239//2705 280//409 263//349
f 202//351 300//350 281//411
f 217//2721 281//369 264//371
f 302//326 242//276 283//372
f 384//446 289//448 253//338 337//309
f 247//302 286//354 267//333
f 222//303 267//333 307//381
f 186//355 309//440 287//2722
f 187//231 186//355 287//2722
f 187//231 287//2722 249//2723
f 225//2711 311//383 250//335
f 252//285 312//385 335//306
f 288//337 270//307 269//2707
f 353//442 268//336 250//335 333//384
f 256//313 229//287 318//360
f 272//2724 258//362 293//364
f 272//2724 293//364 294//392
f 273//2725 272//2724 294//392
f 275//317 295//2726 321//344
f 296//319 323//396 297//397
f 260//366 235//2718 297//367
f 261//401 260//366 324//368
f 237//297 298//346 299//403
f 343//347 237//297 299//403
f 282//352 264//324 327//413
f 283//372 242//276 301//353
f 284//327 302//326 303//375
f 265//374 284//327 303//375
f 305//330 246//328 330//377
f 285//331 305//330 377//468
f 285//331 377//468 286//354
f 186//355 307//334 308//438
f 186//355 308//438 309//440
f 249//2723 287//2722 310//382
f 335//306 355//386 334//444
f 269//2707 335//306 336//416
f 288//337 269//2707 336//416
f 254//339 253//338 313//417
f 254//339 338//418 290//2708
f 275//317 274//291 340//2727
f 275//2728 340//2728 295//2728
f 296//319 321//344 360//394
f 297//397 323//396 364//489
f 277//402 342//400 325//2729
f 278//2730 277//402 325//2729
f 298//346 278//296 367//424
f 238//321 279//2731 344//404
f 262//322 238//321 396//425
f 280//408 326//407 345//496
f 281//369 346//458 327//370
f 282//352 347//414 301//353
f 303//375 302//326 349//433
f 303//375 329//434 304//376
f 305//330 331//378 377//468
f 267//333 306//379 332//380
f 308//438 307//334 351//439
f 287//2722 379//472 310//382
f 359//485 360//394 321//344 340//393
f 268//336 353//442 312//385
f 337//309 288//337 336//416
f 313//417 253//338 289//448
f 255//312 315//359 426//480
f 255//312 426//480 316//387
f 293//364 319//363 357//420
f 294//392 293//364 357//420
f 320//365 294//392 339//421
f 321//344 295//2726 340//393
f 322//395 360//394 361//2732
f 322//422 362//455 363//423
f 297//397 364//489 392//398
f 324//399 392//398 341//517
f 324//399 341//517 342//400
f 278//2733 325//2729 366//490
f 367//424 278//296 366//490
f 300//350 345//410 346//412
f 283//372 301//353 372//2734
f 328//548 283//372 372//2734
f 349//433 302//326 373//462
f 330//377 304//376 350//466
f 286//354 377//468 424//501
f 287//2722 309//440 379//472
f 333//384 311//357 352//441
f 355//386 312//385 354//443
f 355//386 408//477 334//444
f 290//2708 338//418 413//479
f 315//359 314//358 413//479
f 318//388 192//239 415//484
f 318//451 386//603 502//508
f 320//365 339//421 358//453
f 398//2735 346//412 397//457 462//592
f 364//489 323//396 363//423
f 392//2736 364//489 365//535
f 343//347 367//424 368//493
f 344//404 343//347 368//493
f 345//496 326//407 370//497
f 347//414 327//413 419//461
f 350//466 304//376 423//465
f 286//354 424//501 440//502
f 306//379 286//354 440//502
f 310//382 406//474 352//441
f 333//384 380//475 381//554
f 333//384 381//554 407//476
f 353//442 407//476 354//443
f 355//386 354//443 408//477
f 382//415 383//478 336//416
f 289//448 410//447 411//449
f 338//418 313//417 412//506
f 314//358 290//2708 413//479
f 318//451 415//2737 386//603
f 339//421 357//420 388//452
f 320//365 358//453 389//526
f 340//393 320//365 389//526
f 359//485 340//393 389//526
f 361//2732 360//394 390//486
f 361//454 390//2738 391//487
f 363//423 362//455 418//488
f 364//489 418//488 456//536
f 365//535 364//489 456//536
f 325//2729 342//400 366//490
f 368//493 367//424 435//492
f 368//493 435//492 436//540
f 326//407 396//406 370//497
f 420//499 421//545 371//426 347//414
f 346//412 398//2735 399//460
f 431//538 341//517 392//2736 365//535
f 371//426 421//545 372//2734
f 348//429 328//428 465//500
f 374//464 349//433 422//463
f 332//380 402//469 441//470
f 351//437 441//470 403//522
f 378//521 351//437 403//522
f 408//477 447//579 382//415
f 382//415 447//579 470//524
f 382//415 470//524 383//478
f 291//341 414//483 356//507
f 358//514 427//515 417//527
f 389//526 358//514 417//527
f 359//485 389//526 453//528
f 362//455 391//487 430//516
f 460//589 438//519 395//495 459//543
f 393//491 366//490 433//2739
f 368//493 436//540 394//494
f 369//456 437//518 395//495
f 396//425 395//495 438//519
f 397//498 370//497 461//569
f 397//457 461//569 462//592
f 372//2734 421//545 464//546
f 372//2734 464//546 328//548
f 350//466 423//465 376//436
f 441//470 402//469 519//617
f 441//470 442//575 403//522
f 378//471 443//523 404//504
f 381//554 445//553 407//476
f 408//477 354//443 446//556
f 410//447 425//505 499//557
f 410//447 499//557 411//449
f 313//417 411//449 448//558
f 313//417 448//558 412//506
f 413//479 501//525 426//480
f 357//511 472//510 473//512
f 390//486 359//485 428//529
f 365//535 457//537 509//585
f 431//538 365//535 509//585
f 366//490 341//517 432//539
f 366//490 432//539 433//2739
f 393//491 433//2739 434//606
f 393//491 434//606 458//587
f 393//491 458//587 435//492
f 475//2740 476//627 455//534 429//532
f 370//497 438//519 461//569
f 419//461 463//544 420//499
f 423//465 467//549 489//572
f 423//465 489//572 376//436
f 401//503 468//574 402//469
f 403//522 442//575 443//523
f 380//475 352//441 444//552
f 380//475 444//2741 445//553
f 408//477 446//556 447//579
f 409//445 470//524 543//648
f 414//483 385//482 449//652
f 414//483 449//652 356//507
f 417//527 427//515 452//561
f 428//529 453//528 454//2742
f 428//531 454//2743 429//532
f 431//538 509//585 432//539
f 436//540 511//564 479//565
f 438//519 460//589 481//568
f 398//2735 462//592 483//610
f 399//460 398//2735 463//544
f 375//435 374//464 467//549
f 439//551 400//467 490//550
f 424//501 439//551 440//502
f 406//474 404//504 494//596
f 407//476 445//553 469//555
f 409//445 543//648 425//505
f 448//558 499//557 544//709
f 448//558 544//709 500//559
f 385//482 525//684 449//652
f 415//2737 450//600 386//603
f 388//513 473//512 451//560
f 427//515 474//582 452//561
f 429//532 454//2744 475//2740
f 518//643 491//573 439//551 561//728
f 455//534 476//627 477//629
f 478//562 455//534 477//629
f 456//536 507//584 457//537
f 433//2739 528//664 434//606
f 437//541 479//565 529//567
f 461//569 530//590 482//591
f 398//2735 483//610 463//544
f 464//546 485//570 465//547
f 466//520 465//500 486//638
f 422//463 487//594 488//571
f 374//464 488//2745 467//549
f 490//550 489//572 517//641
f 440//502 439//551 491//573
f 441//470 519//617 538//644
f 445//553 444//2741 495//619
f 470//524 524//580 543//648
f 499//557 567//598 498//2746
f 426//480 501//525 525//649
f 356//601 449//652 570//602
f 454//2742 453//528 506//624
f 475//2740 454//2744 506//2747
f 478//562 477//629 527//563
f 433//2739 432//539 510//586
f 479//565 511//564 555//666
f 481//568 460//589 512//608
f 530//590 513//635 482//591
f 483//610 514//609 515//611
f 463//544 515//611 557//2748
f 420//499 516//612 484//593
f 487//594 466//520 486//638
f 467//549 488//2745 560//615
f 439//551 490//550 536//642
f 563//645 539//2749 444//552 406//474
f 442//575 492//576 520//674
f 493//595 442//575 520//674
f 443//523 521//618 494//596
f 586//663 528//664 433//2739 510//586
f 444//2741 539//2750 495//619
f 469//555 540//620 541//2751
f 496//577 469//555 541//2751
f 496//577 565//681 523//621
f 499//557 498//2746 544//709
f 501//525 568//623 545//650
f 525//649 501//525 545//650
f 386//603 526//2752 546//604
f 503//419 546//604 659//903
f 503//419 659//903 471//581
f 452//561 474//582 504//655
f 452//561 504//655 505//583
f 475//626 550//625 571//658
f 475//626 571//658 476//627
f 510//586 509//585 642//631
f 556//668 589//669 513//635 530//590
f 434//606 528//664 554//607
f 479//565 555//666 588//632
f 480//588 588//633 647//687
f 512//608 480//588 647//687
f 487//594 533//672 534//614
f 561//728 439//551 536//642
f 519//617 468//574 537//616
f 492//576 441//470 538//644
f 522//597 494//596 521//618
f 495//619 539//2750 540//620
f 542//622 497//578 566//646
f 425//505 543//648 567//598
f 500//559 544//709 568//623
f 386//603 570//602 526//2752
f 527//563 477//629 553//716
f 508//605 507//584 615//2753
f 642//631 508//605 615//2753
f 511//564 458//587 645//717
f 558//692 516//612 463//544 557//2754
f 561//728 599//702 537//616 518//643
f 484//593 516//612 558//692
f 487//594 486//638 559//671
f 534//614 575//698 535//639
f 536//642 577//701 561//728
f 600//676 601//2755 493//595 520//674
f 538//644 537//616 626//704
f 492//576 538//644 578//675
f 520//674 492//576 578//675
f 584//714 641//715 552//660 551//628
f 521//618 493//595 562//678
f 522//597 521//618 579//679
f 522//597 580//680 563//645
f 540//620 539//2756 564//2757
f 541//2751 540//620 564//2757
f 565//681 496//577 541//2751
f 498//2746 567//598 544//709
f 449//652 525//684 569//653
f 472//510 610//711 547//654
f 473//512 547//654 451//560
f 504//655 474//582 639//2758
f 549//739 505//583 548//656
f 477//629 552//660 553//716
f 573//2759 527//563 553//716
f 507//584 585//686 615//2753
f 554//607 528//664 574//665
f 458//587 554//607 644//804
f 645//717 458//587 644//804
f 555//666 511//564 645//717
f 556//668 512//608 668//688
f 589//669 556//668 619//742
f 485//570 484//593 621//693
f 532//613 485//570 591//694
f 534//614 533//672 575//698
f 595//673 596//726 517//641
f 561//728 577//701 597//729
f 561//728 598//730 599//702
f 580//680 579//679 602//735
f 539//2749 563//645 580//680
f 564//2757 539//2756 603//751
f 565//681 541//2751 605//736
f 567//598 607//707 608//708
f 545//650 568//623 609//651
f 569//653 525//684 582//685
f 570//602 658//795 526//2752
f 474//582 611//712 639//2758
f 572//659 571//658 583//2760
f 622//2761 591//694 485//570 621//693
f 586//740 643//662 616//802
f 554//607 574//665 617//774
f 554//607 617//774 644//804
f 514//690 531//2762 590//691
f 557//2754 620//811 558//692
f 614//958 583//2763 571//766 613//2764
f 575//698 559//697 594//725
f 535//639 575//698 594//725
f 577//701 517//641 623//727
f 580//680 602//735 629//749
f 539//2756 580//748 603//751
f 541//2751 564//2757 604//754
f 541//2751 604//754 605//736
f 565//681 632//737 566//646
f 568//623 637//710 609//651
f 582//685 609//651 638//762
f 526//2752 658//795 546//604
f 471//581 682//852 416//509
f 671//2765 620//721 515//689 590//691
f 553//716 684//881 573//2759
f 585//770 573//2766 684//771
f 574//665 666//741 617//774
f 617//774 688//773 644//804
f 587//667 645//717 618//2767
f 590//719 589//669 670//743
f 694//819 576//699 535//639 674//745
f 594//725 593//724 648//744
f 677//2768 627//783 628//785 601//2755
f 595//673 650//746 596//726
f 577//701 623//727 597//729
f 632//737 657//757 606//706 566//646
f 603//751 580//748 678//750
f 564//2757 603//751 630//753
f 604//754 564//2757 630//753
f 632//790 605//736 631//756
f 648//744 592//723 591//722 692//776
f 606//682 633//793 634//683
f 581//647 634//683 635//759
f 608//708 635//759 636//760
f 609//651 637//710 704//761
f 659//903 660//2769 471//581
f 548//656 640//764 612//738
f 613//2764 571//766 683//768
f 553//716 664//769 684//881
f 615//800 585//770 685//772
f 616//802 643//662 686//834
f 586//740 616//802 666//741
f 556//668 668//688 669//860
f 619//742 556//668 669//860
f 670//743 619//742 669//860
f 621//693 558//692 620//811
f 649//817 594//725 648//744 673//840
f 695//891 597//729 623//727 719//866
f 576//700 694//819 650//746
f 596//726 650//746 651//777
f 598//730 597//729 675//821
f 598//730 675//821 652//778
f 625//732 653//780 654//747
f 626//2770 697//781 676//734
f 601//2755 600//676 698//845
f 677//2768 601//2755 698//845
f 569//653 582//685 730//826
f 682//852 471//581 660//2769
f 610//711 416//509 682//852
f 547//654 610//711 661//828
f 639//763 706//908 640//764
f 612//738 640//764 662//830
f 642//661 615//800 709//801
f 643//662 642//661 686//834
f 616//802 686//834 665//803
f 645//806 710//805 618//836
f 646//718 587//667 618//2767
f 647//687 588//633 667//808
f 622//2761 621//693 715//813
f 594//725 693//818 674//745
f 650//746 718//820 651//777
f 623//727 651//777 719//866
f 655//755 604//754 679//788 701//879
f 675//821 597//729 695//891
f 624//703 652//778 653//844
f 654//747 653//780 697//781
f 600//676 676//734 698//845
f 747//825 637//710 636//760 729//951
f 657//792 702//791 633//847
f 634//683 681//794 703//849
f 635//759 634//683 728//850
f 546//604 732//796 659//903
f 611//712 547//654 705//829
f 644//804 688//773 710//805
f 618//836 710//805 711//837
f 667//808 757//859 689//809
f 669//860 668//688 689//809
f 670//743 669//860 690//862
f 671//810 670//743 714//883
f 671//2765 691//2771 620//721
f 648//744 692//776 673//840
f 627//872 677//2772 723//873
f 655//755 701//879 656//789
f 633//847 726//846 681//2773
f 636//760 788//824 729//951
f 776//920 735//984 670//743 690//862
f 639//763 611//906 706//908
f 612//738 707//831 733//832
f 584//714 708//853 663//799
f 641//715 770//854 664//769
f 666//741 665//803 687//835
f 688//773 753//856 755//857
f 710//805 734//914 711//837
f 667//807 646//718 712//2774
f 691//961 671//810 758//884
f 674//745 693//818 717//886
f 674//745 717//886 694//819
f 761//842 675//821 695//891
f 652//778 762//867 696//843
f 698//869 722//926 741//870
f 677//2772 741//947 723//873
f 699//874 723//873 742//2775
f 678//750 699//787 742//893
f 679//788 700//752 724//877
f 701//894 679//788 744//878
f 656//789 725//880 680//823
f 658//795 731//851 732//796
f 685//772 684//771 771//981
f 665//803 751//911 752//912
f 710//805 755//857 734//914
f 646//838 711//837 712//917
f 757//859 774//936 689//809
f 803//1015 804//2776 743//875 742//893
f 714//883 670//743 735//984
f 692//816 715//815 736//863
f 649//817 737//864 797//938
f 649//817 797//938 693//818
f 694//819 717//886 738//888
f 718//820 738//888 779//967
f 718//820 779//967 798//841
f 720//822 761//842 781//925
f 696//843 762//867 800//969
f 721//868 653//780 763//892
f 697//781 721//868 801//943
f 698//845 697//781 722//942
f 723//873 741//947 742//2775
f 701//894 745//895 725//928
f 702//791 766//897 785//975
f 702//791 785//975 786//898
f 681//2773 726//846 727//848
f 729//951 857//950 747//825
f 730//826 704//761 828//954
f 659//903 790//902 660//2769
f 661//828 682//852 749//905
f 611//906 705//956 792//907
f 613//2764 683//768 614//958
f 686//834 709//801 794//909
f 665//803 772//855 750//910
f 687//835 752//912 754//913
f 753//856 754//913 755//857
f 734//914 755//857 756//915
f 712//858 813//1002 757//859
f 736//863 715//815 759//963
f 737//864 716//839 760//922
f 693//818 797//938 777//939
f 695//891 780//924 761//842
f 696//843 800//969 763//892
f 721//868 782//941 801//943
f 697//781 801//943 722//942
f 742//2775 741//947 803//2777
f 724//877 743//876 764//973
f 745//895 744//878 765//2778
f 725//928 745//895 824//929
f 703//849 767//899 808//900
f 704//761 747//825 828//954
f 682//852 660//2769 790//902
f 755//857 867//960 756//915
f 711//837 833//935 813//916
f 759//921 672//812 796//937
f 736//863 759//963 816//965
f 736//863 816//965 760//922
f 717//886 778//887 820//1011
f 717//886 820//1011 738//888
f 739//865 839//940 740//889
f 826//1023 766//897 746//930 825//948
f 744//878 724//877 784//2779
f 765//2778 744//2780 806//2781
f 834//1004 774//936 757//859 813//1002
f 727//848 827//949 767//899
f 829//827 730//826 828//954
f 791//904 809//2782 749//905
f 733//832 707//831 861//2783
f 793//932 733//832 861//2783
f 768//833 614//798 811//1026
f 663//799 708//853 769//933
f 752//912 832//959 908//1046
f 752//912 908//1046 754//913
f 841//988 842//1105 763//892 800//969
f 774//936 814//1005 775//918
f 776//920 713//919 835//2784
f 758//884 714//883 795//985
f 760//922 816//965 817//2785
f 777//939 797//938 818//1052
f 780//924 740//890 822//1031
f 780//924 822//1031 878//1033
f 890//982 863//1043 709//801 685//772
f 783//945 844//2786 802//946
f 741//947 802//946 803//2777
f 743//972 847//971 764//2787
f 784//2779 724//877 805//974
f 806//2781 744//878 784//2779
f 765//2778 806//2781 848//2788
f 765//2778 848//2788 745//895
f 808//900 855//993 787//931
f 857//950 787//931 856//1041
f 829//827 928//1068 731//851
f 791//904 790//902 858//994
f 749//905 809//2782 887//955
f 705//956 810//978 792//907
f 662//830 860//980 707//831
f 878//1033 823//1032 781//925 780//924
f 709//801 863//1043 794//909
f 756//915 867//960 833//935
f 814//1005 774//936 834//1004
f 713//861 775//918 835//1006
f 776//920 835//2784 869//983
f 714//883 735//984 869//983
f 795//985 714//883 815//1050
f 837//964 759//963 796//937
f 777//939 872//1010 819//966
f 820//1011 778//887 819//966
f 779//967 875//987 876//1012
f 812//1003 813//916 833//935 868//1074
f 799//968 781//925 823//1032
f 782//941 763//892 842//1105
f 802//946 844//2786 845//2789
f 803//2777 802//946 845//2789
f 764//2787 847//971 805//1061
f 806//2781 784//2779 883//1062
f 785//975 766//897 807//976
f 767//899 827//949 853//977
f 829//827 944//1024 928//1068
f 640//764 830//995 860//980
f 707//831 860//980 861//2783
f 708//853 768//833 889//997
f 771//882 770//854 831//998
f 750//910 772//855 864//1000
f 754//913 865//1073 773//934
f 905//1088 886//1087 809//2782 791//2790
f 835//2784 912//1093 869//983
f 714//883 869//983 815//1050
f 837//964 796//937 836//986
f 817//2785 816//965 837//964
f 797//938 760//922 838//1008
f 818//1052 797//938 838//1053
f 777//939 818//1052 871//1009
f 819//966 872//1010 873//1099
f 820//1011 874//1122 875//987
f 821//923 876//1012 914//1013
f 740//889 839//940 822//1031
f 823//1032 840//1058 799//968
f 843//989 801//943 919//1014
f 804//2776 803//1015 846//1019
f 847//2791 804//2776 846//1019
f 883//1062 784//2779 805//974
f 745//895 848//2788 849//1020
f 824//929 745//895 849//1020
f 825//948 824//929 850//1021
f 825//948 850//1021 898//1165
f 766//897 851//1022 899//1085
f 766//897 899//1085 807//976
f 787//931 855//993 856//1041
f 809//2782 886//1087 887//955
f 792//907 810//978 859//979
f 706//908 859//979 830//995
f 751//911 750//910 864//1000
f 832//959 751//911 950//1045
f 773//934 865//1073 909//1028
f 833//935 867//960 868//1074
f 835//1006 814//1005 893//1049
f 835//1006 893//1049 912//1093
f 837//964 894//1118 817//2785
f 819//966 873//1099 820//1011
f 822//1031 877//1030 878//1033
f 823//1032 879//1034 840//1058
f 841//988 799//968 840//1058
f 842//1105 841//988 840//1058
f 843//989 920//1036 880//1037
f 848//2788 806//2781 883//1062
f 849//1020 848//2788 883//1062
f 825//948 898//1165 851//1022
f 827//949 852//991 884//1136
f 827//949 884//1136 853//977
f 855//993 854//1064 901//1065
f 857//950 856//1041 902//1066
f 858//994 748//901 904//1042
f 791//904 858//994 1006//1069
f 956//1055 875//987 874//1122 975//1123
f 793//932 861//2783 929//1025
f 863//1043 890//982 891//1144
f 864//1000 794//909 907//1044
f 754//913 908//1046 865//1073
f 867//960 932//1047 868//1074
f 834//1004 892//2792 911//1029
f 815//1050 913//1051 795//985
f 836//986 870//962 935//1096
f 837//964 836//986 935//1096
f 837//964 936//1098 894//1118
f 838//1008 817//1007 894//1118
f 820//1011 873//1099 874//1122
f 782//941 842//1105 918//1079
f 844//990 940//1059 881//1038
f 847//2791 846//1019 896//2793
f 883//1062 805//1061 897//1060
f 807//976 899//1085 852//991
f 885//1040 855//993 901//1065
f 810//978 967//1141 859//979
f 889//997 1007//1113 862//1027
f 865//1073 931//1072 909//1028
f 812//1003 910//1075 892//1048
f 893//1049 911//1029 973//1171
f 912//1093 934//1094 869//983
f 837//964 935//1096 936//1098
f 872//1010 937//1054 873//1099
f 972//1172 973//1171 911//1029 933//2794
f 876//1012 958//1076 914//1013
f 878//1033 916//1078 879//2795
f 840//1058 895//1103 917//1104
f 842//1105 840//1058 917//1104
f 882//2796 921//1107 922//1018
f 896//2793 846//1019 922//1018
f 897//1060 847//971 942//1158
f 850//1021 849//1020 924//1161
f 852//991 943//1109 884//1136
f 903//952 857//950 902//1066
f 828//954 789//953 927//1086
f 944//1024 828//954 927//1086
f 860//980 968//1111 861//2783
f 890//982 831//999 930//1091
f 908//1046 950//1045 970//1145
f 910//1075 971//1149 892//1048
f 911//1029 892//2792 933//2794
f 869//983 934//1094 913//1051
f 870//962 952//1095 935//1096
f 874//1122 873//1099 992//1100
f 877//1030 839//940 915//1077
f 895//1103 939//1102 917//1104
f 920//1036 919//1035 961//2797
f 881//1038 940//1059 921//1135
f 850//1021 924//1161 898//1165
f 851//1022 898//1165 925//1084
f 853//977 884//1136 900//1039
f 902//1066 885//1040 981//1169
f 858//994 904//1042 945//1208
f 1006//1069 946//1210 905//1070
f 947//1089 905//1088 946//1210
f 887//955 1020//1110 810//978
f 861//2783 968//1111 929//1025
f 930//1091 769//933 948//1090
f 891//1144 890//982 949//1114
f 932//1047 1059//1148 868//1074
f 892//1048 971//1149 933//1151
f 994//1180 915//1077 914//1013 959//1125
f 934//1094 893//1049 951//1174
f 894//1118 936//1098 974//1152
f 838//1053 989//1221 990//1120
f 871//1009 838//1053 990//1120
f 937//1054 871//1009 990//1120
f 1070//1238 1004//1167 1018//1166 1047//1237
f 917//1104 939//1102 976//1154
f 941//1108 921//1107 997//2798
f 922//1018 941//1108 978//1159
f 896//2793 922//1018 978//1159
f 942//1158 896//2793 978//1159
f 849//1020 923//1063 1001//1162
f 924//1161 849//1020 1001//1162
f 943//1109 899//1085 1004//1167
f 944//1024 982//1140 928//1068
f 904//1042 982//1140 945//1208
f 889//997 888//996 984//1112
f 908//1046 1026//1146 931//1072
f 893//1049 973//1171 951//1174
f 975//1123 1036//1178 956//1055
f 960//1126 915//1077 994//1180
f 961//1106 918//1079 996//1184
f 897//1060 942//1158 979//1160
f 965//1083 897//1060 979//1160
f 923//1063 965//1083 1000//1188
f 924//1161 1002//1163 1003//1164
f 898//1165 1003//1164 925//1084
f 858//994 945//1208 1006//1069
f 947//1089 1053//1211 886//1087
f 968//1111 1054//1190 983//1143
f 970//1145 950//1045 969//1116
f 931//1072 1026//1146 1058//1196
f 973//1171 1029//1173 1030//1199
f 934//1094 987//1175 988//1176
f 954//2799 953//1097 1010//1201
f 992//1100 991//1153 1012//1256
f 957//1124 956//1055 993//1179
f 960//1126 1038//1181 995//1182
f 879//1127 960//1126 995//1182
f 939//1102 879//1101 1039//1183
f 939//1102 1039//1183 976//1154
f 961//2800 996//1184 1014//1203
f 941//2801 997//2801 998//2801
f 941//1108 998//1205 978//1159
f 965//1083 979//1160 999//1187
f 1004//1167 1048//1240 980//1168
f 902//1066 981//1169 1072//1242
f 1020//1110 886//1087 1053//1211
f 859//979 967//1141 1020//1110
f 985//1115 949//1114 1023//1343
f 972//1150 971//1149 1027//1319
f 1011//1177 974//1152 1032//1202
f 977//2802 1016//2802 997//2802
f 997//1233 1068//1232 998//1273
f 978//1159 1043//1206 1044//1207
f 999//1187 979//1160 1044//1207
f 1062//1219 987//2803 951//1174 1030//1199
f 1048//1240 1004//1167 1070//1238
f 980//1168 1048//1240 1005//1137
f 944//1024 1116//1170 982//1140
f 946//1210 1006//1069 1051//1245
f 1074//1142 1075//1281 1054//1190
f 984//1112 1022//1213 1055//1191
f 1007//1113 1055//1191 1008//1192
f 949//1114 930//1091 1056//1214
f 972//1150 1027//1319 1028//1216
f 1037//1224 1081//1258 994//1180 959//1125
f 988//1176 1062//1219 1080//1254
f 988//1176 1080//1254 1031//1200
f 1011//1177 1033//1220 1034//1291
f 1011//1177 1034//1291 989//1119
f 1012//1256 991//1153 1064//1223
f 1036//1178 992//1100 1012//1256
f 959//1125 957//1124 1037//1224
f 1040//1226 1084//2804 1013//1155 976//1154
f 994//1180 1081//1258 1038//1181
f 1085//1299 1086//1301 1067//2805 1041//2806
f 1013//1155 1084//2804 1014//1203
f 1015//1204 1014//1185 1066//1228
f 1016//1156 1015//1186 1068//1232
f 1003//1164 1002//1163 1046//1236
f 1018//1166 1003//1164 1046//1236
f 1005//1137 1048//1240 1071//1277
f 901//1065 966//1138 1049//1241
f 1019//1139 902//1066 1143//1243
f 927//1086 926//1067 1073//1244
f 1006//1069 1050//1209 1051//1245
f 1020//1110 1120//1280 1074//1142
f 1024//1194 985//1115 1023//1343
f 1025//1195 969//1116 1077//1248
f 1058//1196 1026//1146 1098//1286
f 971//1149 1060//1198 1027//1319
f 1010//1201 1031//1200 1102//1268
f 1010//1201 1102//1268 1103//1324
f 954//2799 1010//1201 1103//1324
f 989//1119 1034//1291 1035//1326
f 955//1121 1035//1222 1064//1223
f 993//1179 1036//1178 1107//1257
f 1082//1225 1038//1181 1131//1270
f 1014//1185 1084//2804 1065//1296
f 1110//1227 1014//1185 1065//1296
f 1041//1229 1066//1228 1085//2807
f 1015//1186 1067//1231 1068//1232
f 1043//1206 1042//1274 1089//1276
f 1044//1207 1043//1206 1090//2808
f 1046//1236 1002//1163 1092//1262
f 1050//1209 945//1208 1095//2809
f 1050//1209 1095//2809 1051//1245
f 946//1210 1117//1246 1052//1247
f 983//1143 1021//1212 1022//1213
f 1008//1192 1055//1191 1076//1193
f 1023//1343 949//1114 1056//1214
f 1026//1146 1025//1195 1168//1285
f 1098//1286 1026//1146 1168//1285
f 1060//1198 1059//1148 1147//1250
f 1027//1319 1123//1287 1028//1216
f 954//2799 1103//1324 1063//1255
f 1039//1183 995//1182 1082//1225
f 1039//1183 1083//1271 1040//1226
f 1086//1301 1087//1302 1068//1232 1067//2805
f 1093//1263 1047//1237 1046//1236 1092//1262
f 1068//1232 1087//1302 1088//1272
f 998//1273 1088//1272 1137//1304
f 998//2810 1137//1304 1042//1274
f 1043//1206 1089//1276 1090//2808
f 1091//1261 1000//1188 1069//1260
f 1116//1170 1095//2809 945//1208 982//1140
f 1114//1239 1070//1238 1113//1307
f 1048//1240 1114//1239 1071//1277
f 966//1138 1005//1137 1094//1278
f 1139//1337 1045//1235 1044//1207 1090//2808
f 1053//1211 1119//1279 1120//1280
f 1054//1190 1121//1282 1021//1212
f 1055//1191 1022//1213 1097//1284
f 1076//1193 1055//1191 1097//2811
f 1060//1198 1147//1250 1122//2812
f 1060//1198 1122//1317 1027//1319
f 1061//1251 1123//1287 1078//1321
f 1062//1219 1101//1288 1125//1373
f 1063//1255 1103//1324 1104//1289
f 1035//1326 1034//1291 1105//1290
f 1012//1256 1064//1223 1128//1293
f 993//1179 1107//1257 1037//1224
f 1083//1271 1082//1225 1154//1330
f 1084//2804 1040//1226 1109//1295
f 1065//1296 1084//2804 1109//1295
f 1086//1301 1158//1300 1087//1302
f 1135//1334 1136//1298 1066//1228 1110//1227
f 1071//1277 1114//1239 1141//2813
f 1072//1242 981//1169 1115//1309
f 1051//1245 1164//1360 1117//1246
f 1075//1281 1074//1142 1165//1312
f 1076//1193 1191//1365 1056//1214
f 1077//1248 1057//1215 1193//1315
f 1100//1197 1099//1249 1170//1366
f 1100//1197 1170//1366 1147//1250
f 1122//2812 1147//1250 1212//1367
f 1123//1287 1215//1369 1149//1320
f 1101//1288 1079//1267 1124//1322
f 1126//1253 1062//1219 1125//1373
f 1080//1254 1126//1253 1102//1268
f 1033//1220 1104//1289 1105//1290
f 1106//1292 1035//1326 1127//1325
f 1083//1271 1155//1331 1133//1332
f 1110//2814 1109//1295 1134//1378
f 1176//1333 1110//1227 1134//1378
f 1160//1383 1090//2808 1089//1276 1138//1305
f 1085//1299 1157//1352 1158//1300
f 1238//1341 1208//2815 1021//1212 1121//1282
f 1090//2808 1160//1383 1139//1337
f 1049//1241 966//1138 1094//1278
f 1073//1244 1019//1139 1187//1340
f 1095//2809 1116//1170 1163//1404
f 1120//1280 1144//1311 1165//1312
f 1075//1281 1165//1312 1096//1313
f 1076//1193 1097//2811 1190//1363
f 1076//1193 1190//1363 1191//1365
f 1024//1194 1167//1344 1193//1315
f 1122//2812 1212//1367 1148//1456
f 1102//1268 1150//1345 1218//1323
f 1103//1324 1218//1323 1104//1289
f 1128//1293 1106//1292 1172//1394
f 1128//1293 1172//1394 1152//1294
f 1109//1295 1175//1348 1134//1378
f 1137//1304 1111//1303 1178//1402
f 1138//1305 1112//1275 1159//1336
f 1160//1383 1138//1305 1180//1382
f 1139//1337 1182//1420 1183//1354
f 1140//1306 1091//1261 1183//1354
f 1093//1263 1205//1338 1184//1355
f 1114//1239 1185//1357 1141//2816
f 1051//1245 1095//2809 1164//1360
f 1117//1246 1207//1361 1118//1310
f 1198//1374 1125//1373 1101//1288 1124//1322
f 1145//1342 1021//1212 1208//2815
f 1190//1314 1146//1283 1166//1362
f 1056//1214 1191//1365 1192//2817
f 1098//1286 1194//1390 1169//1316
f 1149//1320 1171//1370 1197//1371
f 1124//1372 1197//1371 1198//2818
f 1237//2819 1189//1406 1165//1312 1144//1311
f 1126//1253 1216//1375 1150//1412
f 1127//1325 1275//1458 1106//1292
f 1107//1257 1152//1294 1173//1395
f 1107//1257 1173//1395 1153//1327
f 1131//1270 1130//1328 1174//1377
f 1223//1397 1132//1329 1174//1377
f 1132//1329 1223//1397 1154//1330
f 1133//1332 1155//1331 1201//1347
f 1157//1351 1136//1298 1156//1350
f 1111//1303 1177//1380 1178//1402
f 1139//1337 1160//1383 1181//1384
f 1094//1278 1142//1308 1259//1387
f 1162//1358 1094//1278 1259//1387
f 1115//1309 1049//1241 1162//1358
f 1143//1243 1115//1309 1186//1565
f 1163//1404 1116//1170 1188//1359
f 1164//1360 1095//2809 1163//1404
f 1269//1651 1210//2820 1167//2821 1056//1214
f 1145//1342 1208//2815 1166//1362
f 1167//1344 1240//1451 1193//1315
f 1193//1315 1211//1408 1168//1285
f 1168//1285 1241//1409 1194//1390
f 1170//1366 1169//1316 1195//1391
f 1122//1317 1148//1456 1213//1318
f 1123//1287 1196//1368 1215//1369
f 1218//1323 1219//1479 1220//1392
f 1275//1458 1127//1325 1199//1376
f 1201//1347 1249//1435 1202//1398
f 1175//1348 1133//1332 1202//1398
f 1135//1334 1176//1333 1226//1399
f 1157//1352 1227//1440 1203//1353
f 1159//1336 1253//1403 1229//1419
f 1180//1382 1179//1381 1230//1490
f 1181//1384 1180//1382 1204//1442
f 1182//1420 1139//1337 1181//1384
f 1184//1355 1205//1338 1161//1356
f 1142//1308 1141//1339 1235//1386
f 1144//1311 1264//1389 1237//2819
f 1096//1313 1165//1312 1189//1406
f 1166//1426 1208//2822 1239//1427
f 1192//2817 1191//1365 1268//1407
f 1056//1214 1192//2817 1269//1651
f 1255//1445 1286//1562 1205//1338 1233//1385
f 1194//1390 1241//1409 1242//1475
f 1196//1368 1213//1318 1214//1430
f 1215//1369 1273//2823 1171//1370
f 1197//1371 1244//1410 1274//1514
f 1197//1371 1274//1514 1198//2818
f 1150//1345 1217//1411 1246//2824
f 1150//1345 1246//2824 1218//1323
f 1151//1346 1247//1413 1199//1376
f 1106//1292 1275//1458 1200//1393
f 1152//1294 1172//1394 1299//1432
f 1152//1294 1299//1432 1173//1395
f 1130//1328 1153//1327 1222//1414
f 1174//1377 1130//1328 1279//1415
f 1157//1351 1156//1350 1227//2825
f 1204//1442 1180//1382 1230//1490
f 1161//1356 1205//1338 1257//1495
f 1113//1307 1161//1356 1234//2826
f 1185//1357 1113//1307 1234//2826
f 1186//1565 1115//1309 1162//1358
f 1143//1243 1186//1565 1261//1424
f 1188//1359 1187//1340 1262//1450
f 1263//1405 1163//1404 1236//1500
f 1190//2827 1166//1426 1291//1428
f 1190//1363 1291//2828 1311//1429
f 1167//2821 1210//2820 1240//1451
f 1193//1315 1240//1451 1211//1408
f 1194//1390 1272//1476 1195//1391
f 1212//1367 1195//1391 1243//1454
f 1148//1456 1212//1367 1243//1454
f 1213//1318 1148//1456 1293//1478
f 1215//1369 1214//1430 1273//2823
f 1171//1370 1273//2823 1244//1410
f 1218//1323 1246//2824 1219//1479
f 1220//1392 1316//1545 1247//1413
f 1199//1376 1247//1413 1275//1458
f 1221//1396 1173//1395 1299//1432
f 1223//1397 1248//1434 1224//1416
f 1175//1348 1281//1436 1225//1379
f 1225//1379 1282//1463 1226//1465
f 1156//2829 1250//1466 1227//1468
f 1179//1381 1229//1419 1230//1490
f 1232//1494 1182//1420 1231//1421
f 1183//1354 1322//1444 1255//1445
f 1290//1505 1189//1406 1237//2819 1265//1502
f 1205//1338 1286//1562 1256//1563
f 1257//1495 1205//1338 1256//1563
f 1161//1356 1257//1495 1307//1497
f 1161//1356 1307//1497 1234//2826
f 1235//1386 1185//1423 1258//1447
f 1162//1358 1259//1387 1260//1449
f 1207//1361 1263//1405 1310//1472
f 1237//2819 1264//1389 1265//1502
f 1348//1557 1177//1380 1203//1400 1285//1556
f 1208//2815 1238//1341 1267//1531
f 1239//1427 1208//2822 1267//1474
f 1240//1451 1210//2820 1270//1452
f 1194//1390 1242//1475 1272//1476
f 1243//1454 1195//1391 1272//1476
f 1200//1393 1276//1459 1298//1518
f 1222//1414 1277//1433 1318//1460
f 1279//1415 1222//1414 1278//1461
f 1282//1463 1225//1379 1281//1436
f 1226//1465 1283//1464 1284//1484
f 1250//1439 1226//1438 1284//2830
f 1227//1468 1302//1467 1251//2831
f 1227//1440 1251//1487 1285//1441
f 1297//2832 1246//2824 1217//1411 1296//2833
f 1252//1418 1304//2834 1253//1403
f 1259//1387 1235//1386 1287//1469
f 1162//2835 1260//2835 1324//2835
f 1186//1565 1326//1567 1261//1424
f 1163//1404 1188//1359 1328//1471
f 1264//1389 1288//1473 1289//1503
f 1265//1502 1264//1389 1289//1503
f 1266//1425 1189//1406 1290//1505
f 1267//1531 1238//1341 1266//1425
f 1269//1651 1192//2817 1268//1407
f 1211//1408 1333//1510 1271//1453
f 1243//1454 1335//1511 1292//1455
f 1198//2818 1274//1514 1245//1513
f 1217//1411 1245//1431 1295//2836
f 1217//1411 1295//2836 1296//2833
f 1315//1480 1219//1479 1246//2824 1314//1542
f 1365//1540 1274//1514 1244//1410 1337//2837
f 1220//1392 1315//1480 1316//1545
f 1200//1393 1298//1518 1340//1550
f 1299//1432 1200//1393 1340//1481
f 1299//1432 1340//1481 1221//1396
f 1280//1462 1248//1434 1300//1519
f 1281//1436 1249//1435 1301//1482
f 1281//1436 1319//1483 1282//1463
f 1253//1403 1304//2834 1349//1489
f 1230//1490 1229//1419 1395//2838
f 1230//1490 1395//2838 1396//1491
f 1204//1442 1396//1491 1254//1443
f 1231//1421 1305//1492 1306//1493
f 1322//1559 1232//1494 1306//1493
f 1255//1445 1322//1444 1286//1562
f 1258//1447 1234//1446 1308//1499
f 1260//1449 1309//1448 1324//1585
f 1186//1565 1162//1358 1324//1585
f 1188//1359 1262//1450 1327//1470
f 1288//1473 1330//1529 1289//1503
f 1290//1505 1265//1502 1354//1570
f 1266//1425 1290//1505 1355//1507
f 1291//1428 1267//1474 1356//1508
f 1243//1454 1361//1477 1335//1511
f 1273//2823 1214//1430 1312//1538
f 1273//2823 1312//1538 1244//1410
f 1367//1541 1388//2839 1296//2840 1295//2840
f 1246//2824 1297//2832 1314//2841
f 1276//1459 1275//1458 1317//1547
f 1278//1461 1318//1460 1390//1551
f 1282//1463 1320//1521 1283//1464
f 1177//1380 1348//1557 1228//1401
f 1252//1418 1321//1524 1304//2834
f 1229//1419 1377//2842 1395//2838
f 1254//1443 1396//1491 1305//1492
f 1256//1563 1286//1562 1323//1561
f 1257//1495 1256//1563 1351//1496
f 1258//1447 1308//1499 1399//1583
f 1287//1469 1258//1447 1399//1583
f 1186//1565 1324//1585 1325//1566
f 1261//1424 1326//1567 1401//1526
f 1236//1500 1163//1404 1381//1527
f 1310//1472 1236//1500 1402//1568
f 1290//1505 1354//1570 1331//1506
f 1311//2843 1291//1532 1332//1534
f 1269//1651 1268//1407 1358//1535
f 1210//2820 1269//1651 1359//2844
f 1293//1478 1292//1455 1362//1593
f 1312//1538 1214//1430 1294//1457
f 1337//2837 1244//1410 1386//1539
f 1346//1555 1347//1636 1348//1557 1285//1556
f 1296//2845 1388//1623 1338//1625
f 1297//2846 1296//2845 1338//1625
f 1315//1480 1369//1543 1370//1544
f 1275//1458 1247//1413 1371//1546
f 1317//1547 1275//1458 1371//1546
f 1318//1460 1340//1481 1341//1576
f 1248//1434 1278//1461 1342//1552
f 1300//1519 1248//1434 1342//1552
f 1343//1520 1300//1519 1392//1578
f 1284//1484 1283//1464 1344//1522
f 1394//1665 1349//1489 1304//2834 1321//1524
f 1305//1492 1396//1491 1397//1610
f 1308//1499 1307//1498 1398//1564
f 1324//1585 1309//1448 1379//1584
f 1311//2843 1332//1534 1358//1648
f 1270//1452 1210//2820 1383//1617
f 1270//1452 1383//1617 1333//1616
f 1271//1453 1384//1536 1360//2847
f 1271//1453 1360//2847 1334//1537
f 1336//1512 1335//1511 1361//1477
f 1292//1455 1336//1591 1362//1593
f 1293//1478 1362//2848 1363//1594
f 1294//1457 1364//1596 1312//1538
f 1337//2837 1386//1539 1365//1540
f 1313//1515 1365//1540 1366//1597
f 1297//2849 1338//1599 1314//1601
f 1316//1545 1370//1544 1371//1546
f 1340//2850 1373//1630 1412//1632
f 1341//1576 1340//1481 1412//1633
f 1319//1483 1393//1635 1320//1521
f 1320//1521 1393//1635 1283//1464
f 1344//1522 1375//1579 1415//1580
f 1302//1467 1415//1580 1303//1486
f 1454//2851 1384//1536 1333//1510 1430//1618
f 1305//1492 1397//1610 1378//1558
f 1306//1493 1378//1558 1350//1560
f 1309//1448 1287//1469 1379//1584
f 1325//1566 1324//1585 1380//1586
f 1330//1529 1329//1501 1382//1569
f 1356//1508 1427//1589 1357//1509
f 1210//2820 1359//2844 1383//1617
f 1406//1646 1358//1648 1332//1534 1452//1645
f 1360//2847 1384//1536 1432//1675
f 1294//1457 1293//1478 1385//1595
f 1364//1596 1294//1457 1385//1595
f 1386//1539 1407//2852 1365//1540
f 1366//1597 1365//1540 1458//1621
f 1313//1515 1387//1598 1367//1541
f 1339//1548 1317//1547 1411//1604
f 1342//1552 1390//1551 1391//2853
f 1413//1577 1342//1552 1442//1695
f 1319//1483 1414//1605 1393//1635
f 1415//1580 1416//1700 1303//1486
f 1376//1581 1348//1557 1347//1636
f 1321//1524 1376//1581 1394//1665
f 1349//1489 1394//1665 1420//1582
f 1377//1525 1420//1582 1445//1719
f 1377//2842 1445//1721 1395//2838
f 1378//1558 1397//1610 1422//1667
f 1326//1567 1325//1566 1400//1587
f 1381//1527 1328//1471 1449//1672
f 1352//1528 1402//1568 1425//1642
f 1382//1569 1329//1501 1478//1613
f 1355//1507 1331//1506 1404//1615
f 1332//1534 1357//1533 1428//1644
f 1408//1682 1388//2839 1367//1541 1506//1622
f 1269//1651 1358//1535 1429//1649
f 1359//2844 1269//1651 1480//1650
f 1384//1536 1431//1676 1432//1675
f 1334//1537 1360//2847 1455//1652
f 1362//2848 1435//1592 1363//1594
f 1386//1539 1482//1619 1407//2852
f 1366//1597 1458//1621 1387//1598
f 1439//1627 1371//1546 1370//1544 1463//1658
f 1368//2854 1409//1626 1369//2855
f 1370//1544 1410//1603 1463//1658
f 1471//1637 1347//1636 1346//1555 1418//1608
f 1339//1517 1484//1629 1372//1575
f 1390//1551 1341//1576 1441//1692
f 1390//1551 1441//1692 1391//1694
f 1442//1695 1342//1552 1391//2853
f 1303//1486 1416//1700 1417//1606
f 1418//1662 1345//2856 1417//1663
f 1421//1609 1396//1491 1395//2838 1472//1723
f 1376//1581 1471//1637 1419//1741
f 1394//1665 1376//1581 1419//1741
f 1395//2838 1445//1721 1472//1723
f 1451//1730 1527//1732 1404//1615 1426//1571
f 1397//1610 1421//1609 1422//1667
f 1323//1561 1350//1560 1492//1638
f 1351//1496 1423//1639 1398//1564
f 1308//1499 1398//1564 1520//1669
f 1400//1587 1325//1566 1380//1586
f 1403//1614 1382//1569 1450//1643
f 1404//1615 1331//1506 1426//1571
f 1384//1536 1454//2851 1431//1676
f 1455//1652 1360//2847 1432//1675
f 1361//1477 1334//1537 1433//1653
f 1435//1592 1336//1591 1434//1679
f 1364//1596 1436//1654 1482//1619
f 1388//2839 1408//1682 1460//2857
f 1389//1600 1437//1656 1409//1626
f 1369//2855 1409//1626 1410//1685
f 1341//1576 1440//1634 1441//1692
f 1374//1553 1343//1520 1467//1661
f 1393//1635 1486//1761 1444//1697
f 1393//1635 1444//1697 1375//1579
f 1375//1579 1469//1739 1415//1580
f 1380//1586 1447//1671 1475//1707
f 1400//1587 1380//1586 1475//1707
f 1401//1526 1400//1587 1448//1772
f 1425//1642 1477//1728 1478//1613
f 1426//1571 1403//1614 1451//1730
f 1502//1678 1551//1786 1434//1590 1433//1653
f 1427//1589 1498//1674 1479//1776
f 1427//1589 1479//1776 1428//1644
f 1359//2844 1480//1650 1383//1617
f 1383//1617 1453//1750 1430//1618
f 1433//1653 1455//1652 1481//1677
f 1483//1757 1460//2857 1408//1682 1508//1681
f 1434//1679 1551//2858 1456//1680
f 1365//1540 1407//2852 1457//1620
f 1387//1598 1458//1621 1459//1752
f 1506//1622 1387//1598 1459//1752
f 1574//1780 1530//1782 1383//1617 1480//1650
f 1410//1685 1509//1684 1438//2859
f 1438//2859 1462//1759 1463//1686
f 1412//1632 1372//1631 1464//1690
f 1413//1577 1442//1695 1466//1794
f 1443//1660 1413//1577 1466//1794
f 1374//1553 1468//1696 1414//1605
f 1393//1635 1414//1605 1486//1761
f 1375//1579 1513//1698 1469//1739
f 1415//1580 1469//1739 1514//1699
f 1417//1663 1515//1701 1470//1664
f 1419//1741 1471//1637 1488//1718
f 1445//1719 1420//1582 1490//1703
f 1421//1609 1472//1723 1422//1667
f 1379//1584 1521//1705 1447//1671
f 1400//1587 1475//1707 1448//1772
f 1401//1526 1448//1772 1476//1612
f 1449//1672 1476//1612 1567//1708
f 1450//1643 1497//1709 1526//1729
f 1403//1614 1450//1643 1526//1729
f 1479//1776 1498//1674 1499//1775
f 1428//1644 1479//1776 1500//1779
f 1452//1645 1428//1644 1500//1779
f 1453//1750 1383//1617 1530//1782
f 1430//1618 1453//1750 1454//2851
f 1431//1676 1454//2851 1531//1735
f 1455//1652 1431//1676 1501//1711
f 1458//1621 1457//2860 1459//1752
f 1508//1681 1506//1622 1507//2861
f 1437//1656 1483//1716 1461//1683
f 1438//2859 1509//1684 1462//1759
f 1439//1659 1510//1687 1484//1629
f 1441//1692 1465//1691 1485//1693
f 1466//1794 1442//1695 1561//1842
f 1444//1697 1486//1761 1535//1762
f 1444//1697 1535//1762 1513//1698
f 1416//1700 1514//1699 1515//1701
f 1422//1667 1517//1724 1518//1744
f 1473//1611 1422//1667 1518//1744
f 1424//1640 1474//1670 1494//1725
f 1475//1707 1495//1706 1522//2862
f 1425//1641 1381//1527 1496//1727
f 1477//1802 1425//1641 1496//1727
f 1429//1647 1529//1734 1480//1650
f 1510//1687 1533//1791 1511//1689 1484//1629
f 1531//1735 1454//2851 1453//1750
f 1456//1680 1551//2863 1532//1814
f 1435//1592 1503//1712 1504//1713
f 1385//1595 1505//1714 1436//1654
f 1457//1620 1407//2852 1554//2864
f 1459//1752 1457//2860 1555//1753
f 1442//1695 1584//1737 1561//1842
f 1486//1761 1414//1605 1534//1738
f 1470//1664 1515//1701 1516//1763
f 1487//1702 1470//1664 1516//1763
f 1489//1666 1394//1665 1419//1741
f 1493//1704 1492//1638 1519//1769
f 1474//1670 1544//1748 1494//1725
f 1475//1707 1522//2862 1590//1773
f 1475//1707 1590//1773 1448//1772
f 1497//1709 1477//1728 1525//2865
f 1527//2866 1546//1811 1547//1733
f 1479//1776 1499//1775 1548//1777
f 1452//1645 1500//1779 1528//1854
f 1530//1782 1549//1783 1453//1750
f 1453//1750 1550//2867 1595//1751
f 1456//1680 1532//1814 1503//1712
f 1407//2852 1482//1619 1554//2864
f 1457//2860 1554//2864 1555//1753
f 1506//1622 1459//1752 1599//1754
f 1507//2861 1506//1622 1600//1789
f 1508//1681 1507//2861 1556//2868
f 1483//1757 1558//1758 1461//1683
f 1510//1687 1463//1686 1581//1760
f 1607//1844 1491//1720 1490//1703 1539//1767
f 1464//1690 1511//1689 1533//1791
f 1468//1696 1467//1661 1562//1796
f 1515//1701 1514//1699 1516//1763
f 1488//1718 1487//1702 1536//1765
f 1419//1741 1488//1718 1536//1765
f 1490//1703 1489//1666 1538//1742
f 1579//1817 1554//2864 1482//1619 1553//1736
f 1472//1723 1588//1743 1517//1724
f 1518//1744 1517//1724 1541//1745
f 1492//1638 1473//1611 1541//1745
f 1519//1769 1492//1638 1541//1745
f 1495//1706 1447//1671 1589//1771
f 1522//2862 1495//1706 1566//2869
f 1477//1802 1496//1727 1524//1749
f 1497//1709 1525//2865 1545//1805
f 1497//2870 1545//2871 1591//1807
f 1497//2870 1591//1807 1526//1809
f 1499//1775 1571//1774 1548//1777
f 1528//1854 1500//1779 1572//1778
f 1452//1645 1528//1854 1529//1734
f 1550//2867 1453//1750 1576//1784
f 1531//1735 1595//1751 1501//1711
f 1481//1677 1501//1711 1577//1813
f 1504//1713 1503//1712 1505//1714
f 1601//1837 1580//2872 1507//2861 1600//1789
f 1556//2868 1507//2861 1580//2872
f 1509//1684 1602//1790 1559//1866
f 1462//1759 1509//1684 1559//1866
f 1581//1760 1462//1759 1559//1866
f 1512//1717 1464//1690 1582//1792
f 1466//1794 1561//1842 1605//1795
f 1534//1738 1468//1696 1585//1797
f 1535//1762 1534//1738 1628//1822
f 1514//1699 1587//1923 1516//1763
f 1537//1766 1419//1741 1536//1765
f 1491//1720 1607//1844 1540//1845
f 1493//1704 1609//1770 1542//1746
f 1543//1747 1520//1669 1542//1746
f 1590//1773 1522//2862 1566//2869
f 1523//1726 1567//1708 1613//1828
f 1524//1749 1523//1726 1614//1801
f 1525//2865 1477//1802 1568//1804
f 1545//1805 1525//2865 1568//1804
f 1529//1734 1528//1854 1573//1907
f 1530//1782 1575//1781 1549//1783
f 1555//1753 1554//2864 1579//1817
f 1598//1816 1553//1736 1505//1714 1597//1835
f 1557//1756 1624//1819 1558//1758
f 1581//2873 1559//2873 1603//2873
f 1533//1791 1510//1687 1604//1820
f 1465//1691 1583//1821 1584//1737
f 1514//1699 1647//1825 1587//1923
f 1564//1764 1516//1763 1587//1923
f 1537//1766 1536//1765 1631//1873
f 1571//1774 1547//1733 1592//1829
f 1571//1774 1636//1905 1548//1777
f 1529//1734 1573//1907 1593//1812
f 1576//1784 1549//1783 1594//1830
f 1550//2867 1576//1784 1637//1832
f 1550//2867 1656//1879 1595//1751
f 1578//1785 1577//1813 1619//1856
f 1532//1788 1639//1834 1596//1858
f 1503//1712 1620//1913 1597//1835
f 1661//1863 1624//1819 1556//1818 1580//1864
f 1622//1861 1623//1836 1600//1789 1599//1754
f 1461//1683 1558//1758 1641//1838
f 1584//1737 1583//1821 1626//1840
f 1539//1767 1538//1742 1607//1844
f 1588//1743 1540//1845 1608//1896
f 1590//1773 1566//2869 1633//2874
f 1568//1804 1615//1877 1652//2875
f 1568//1804 1652//2875 1569//1806
f 1591//1807 1653//1904 1570//1808
f 1636//1905 1571//1774 1592//1829
f 1548//1777 1636//1905 1572//1778
f 1528//1854 1617//1853 1573//1907
f 1577//1813 1595//1751 1618//1855
f 1503//1712 1596//1815 1620//1913
f 1599//1754 1579//1817 1622//1861
f 1736//1940 1642//1865 1602//1790 1641//1838
f 1601//1862 1623//2876 1661//1863
f 1603//1885 1559//1866 1642//1865
f 1560//1793 1512//1717 1625//1867
f 1583//1821 1560//1793 1626//1840
f 1562//2877 1605//2878 1664//1891
f 1585//1797 1562//1796 1646//1868
f 1606//1823 1628//1822 1666//1892
f 1629//1824 1586//1798 1668//1871
f 1564//1764 1587//1923 1670//1893
f 1536//1765 1564//1764 1630//1872
f 1540//1845 1632//1846 1608//1896
f 1494//1725 1544//1748 1699//1899
f 1494//1725 1699//1899 1649//1981
f 1521//1705 1494//1725 1649//1981
f 1566//2869 1495//1706 1650//1874
f 1590//1773 1633//2874 1634//1900
f 1612//1827 1590//1773 1634//1900
f 1613//1828 1612//1827 1675//1901
f 1615//1877 1677//1876 1652//2875
f 1569//1806 1678//1903 1591//1807
f 1570//1808 1653//1904 1654//1852
f 1593//1812 1573//1907 1655//1906
f 1575//1781 1574//1780 1682//1878
f 1618//1855 1595//1751 1638//1880
f 1552//1787 1578//1785 1684//1881
f 1552//1787 1684//1881 1639//1834
f 1623//2876 1622//1917 1661//1863
f 1624//1819 1661//1863 1662//1884
f 1558//1758 1662//1884 1641//1838
f 1581//1760 1603//2879 1644//1942
f 1581//1760 1644//1942 1604//1820
f 1582//1792 1533//1791 1645//1839
f 1605//2878 1627//1889 1664//1891
f 1629//1824 1668//1871 1669//1946
f 1630//1872 1564//1764 1772//1894
f 1632//1846 1607//1844 1673//1927
f 1632//1846 1674//2024 1608//1896
f 1611//1826 1542//1746 1610//1848
f 1722//1849 1521//1705 1649//1981
f 1633//2880 1566//2869 1650//1874
f 1633//2880 1651//1950 1634//1949
f 1613//1828 1675//1901 1676//1929
f 1635//1800 1613//1828 1676//1929
f 1569//1806 1652//2875 1678//1903
f 1654//1852 1653//1904 1703//1984
f 1616//1810 1654//1852 1679//1932
f 1593//1812 1681//1908 1682//1878
f 1637//1832 1594//1830 1683//1909
f 1639//1834 1684//1881 1685//1911
f 1597//1835 1640//1914 1658//1882
f 1622//1917 1709//1916 1660//1918
f 1645//1839 1690//1968 1625//1867 1582//1792
f 1702//2008 1653//1904 1678//1903 1726//1957
f 1664//1891 1714//1970 1646//1868
f 1606//1823 1666//1892 1667//2881
f 1537//1766 1631//1873 1671//1925
f 1565//1799 1537//1766 1672//1948
f 1719//1897 1608//1896 1674//2024
f 1648//1847 1588//1743 1719//1897
f 1541//1745 1648//1847 1696//1898
f 1697//1977 1609//1770 1696//1898
f 1610//1848 1609//1770 1697//1977
f 1651//1950 1633//2880 1650//1874
f 1614//1801 1635//1800 1701//1930
f 1652//2875 1677//1876 1778//1955
f 1653//1904 1702//2008 1703//1984
f 1654//1852 1703//1984 1679//1932
f 1617//1853 1636//1905 1705//1959
f 1656//1833 1637//1832 1683//1909
f 1620//1859 1733//1912 1640//1914
f 1661//1863 1763//1939 1710//1965
f 1643//1886 1642//1865 1688//2044
f 1625//1867 1690//1968 1663//1920
f 1691//1841 1626//1840 1713//1944
f 1664//1891 1691//1890 1741//1969
f 1665//1869 1646//2882 1692//1921
f 1667//2881 1666//1892 1742//2000
f 1668//1871 1667//1922 1715//1945
f 1672//1948 1537//1766 1671//1925
f 1674//2024 1632//1846 1673//1927
f 1610//1848 1697//1977 1698//1928
f 1589//1771 1722//1849 1747//1850
f 1634//1949 1723//1951 1748//2004
f 1634//1949 1748//2004 1675//1901
f 1678//1903 1652//2875 1778//1955
f 1678//1903 1778//1955 1753//1956
f 1735//1964 1709//1916 1659//1915 1687//1938
f 1636//1905 1592//1829 1705//1959
f 1655//1906 1729//1960 1681//1908
f 1682//1878 1681//1908 1754//2032
f 1682//1878 1754//2032 1683//1909
f 1656//1833 1683//1909 1756//1987
f 1656//1879 1756//2035 1706//1989
f 1656//1879 1706//1989 1638//1880
f 1618//1855 1707//1961 1657//1910
f 1685//1911 1732//2014 1686//1857
f 1769//1998 1742//2000 1666//1892 1692//1921
f 1660//1918 1709//1916 1761//2017
f 1688//2044 1642//1865 1736//1940
f 1689//1941 1643//1886 1688//2044
f 1645//1839 1712//1943 1738//2883
f 1663//1920 1690//1968 1740//2018
f 1691//1890 1713//1944 1741//1969
f 1692//1921 1646//1868 1768//1971
f 1744//2048 1715//1945 1667//1922 1743//1973
f 1826//2072 1784//2042 1688//2044 1736//1940
f 1694//1895 1630//1872 1772//1894
f 1674//2024 1673//1927 1718//2025
f 1699//1899 1611//1826 1746//1980
f 1675//1901 1748//2004 1724//1952
f 1676//1929 1724//1952 1749//2884
f 1700//1953 1676//1929 1749//2884
f 1679//1932 1779//1985 1727//1933
f 1681//1908 1729//1960 1754//2032
f 1683//1909 1754//2032 1730//2013
f 1638//1880 1780//1990 1707//1961
f 1657//1910 1707//1961 1781//2037
f 1684//1881 1657//1910 1731//1962
f 1685//1911 1731//1962 1732//2014
f 1640//1914 1734//1992 1759//1963
f 1660//1918 1762//2059 1763//1939
f 1711//1919 1662//1884 1764//1994
f 1712//1943 1828//1996 1738//2883
f 1645//1839 1738//2883 1739//1967
f 1690//1968 1739//1967 1740//2018
f 1629//1824 1745//2001 1693//1947
f 1721//1978 1696//1898 1720//1976
f 1650//1874 1747//1850 1723//1951
f 1778//1955 1751//1954 1752//2028
f 1799//1958 1704//1934 1727//1933
f 1680//2012 1820//2011 1728//1986
f 1657//1910 1781//2037 1731//1962
f 1733//1912 1782//2015 1734//1992
f 1660//1918 1761//2017 1762//2059
f 1689//1941 1688//2044 1765//2043
f 1689//1941 1765//2043 1785//1995
f 1713//1944 1663//1920 1786//2019
f 1713//1944 1786//2019 1766//2020
f 1742//1972 1830//2021 1743//1973
f 1671//1925 1773//2023 1672//1948
f 1672//1948 1831//2126 1695//1926
f 1718//2025 1673//1927 1695//1926
f 1720//1976 1719//1897 1774//2083
f 1746//1980 1698//1928 1775//1979
f 1649//1981 1812//1982 1777//2027
f 1747//1850 1722//1849 1777//2027
f 1749//2006 1724//1952 1796//2089
f 1700//1983 1750//2007 1725//1931
f 1702//2008 1726//1957 1798//2031
f 1754//2032 1729//1960 1801//2033
f 1706//1989 1823//2036 1780//1990
f 1760//1993 1759//1963 1758//2016
f 1761//2017 1735//1964 1783//2885
f 1808//2045 1787//2079 1769//1998 1768//1971
f 1738//2883 1828//1996 1739//1967
f 1740//2018 1739//1967 1786//2019
f 1741//1969 1766//2020 1767//1997
f 1795//2886 1724//1952 1748//2004 1794//2005
f 1770//1999 1769//1998 1787//2079
f 1743//1973 1830//2021 1809//2046
f 1744//2048 1743//1973 1788//2047
f 1715//1945 1810//2049 1716//1974
f 1719//1897 1790//2026 1811//2169
f 1792//2051 1775//1979 1721//1978
f 1723//1951 1747//1850 1868//2087
f 1856//2887 1762//2059 1761//2017 1841//2888
f 1724//1952 1795//2886 1796//2089
f 1749//2006 1796//2089 1750//2007
f 1727//1933 1819//2009 1799//1958
f 1728//1986 1820//2011 1821//2149
f 1729//1960 1822//2055 1801//2033
f 1755//1988 1837//2056 1803//2057
f 1756//2035 1803//2057 1823//2036
f 1731//1962 1824//2038 1732//2014
f 1757//1991 1804//2039 1782//2015
f 1783//2885 1735//1964 1840//2040
f 1763//1939 1825//2060 1764//1994
f 1736//1940 1805//2041 1826//2072
f 1739//1967 1828//1996 1829//2076
f 1739//1967 1829//2076 1786//2019
f 1809//2046 1830//2021 1847//2889
f 1774//2083 1719//1897 1811//2169
f 1791//2082 1720//1976 1774//2083
f 1792//2051 1720//1976 1791//2082
f 1746//1980 1775//1979 1832//2085
f 1793//2052 1723//1951 1813//2088
f 1752//2028 1849//2067 1834//2029
f 1726//1957 1797//2030 1816//2109
f 1798//2031 1726//1957 1816//2109
f 1799//1958 1836//2111 1800//2010
f 1800//2010 1836//2111 1820//2011
f 1728//1986 1821//2149 1822//2055
f 1801//2033 1822//2055 1875//2093
f 1802//2034 1801//2033 1875//2093
f 1802//2034 1922//2094 1730//2013
f 1732//2014 1824//2038 1804//2039
f 1760//1993 1758//2016 1883//2071
f 1761//2017 1783//2885 1841//2888
f 1762//2059 1842//2098 1825//2060
f 1764//1994 1825//2060 1805//2041
f 1765//2043 1784//2042 1857//2073
f 1828//1996 1843//2120 1844//2075
f 1786//2019 1829//2076 1806//2062
f 1807//2063 1766//2020 1862//2077
f 1770//1999 1787//2079 1830//2021
f 1848//2050 1745//2001 1716//1974
f 1772//1894 1771//2022 1865//2140
f 1789//2002 1772//1894 1865//2140
f 1773//2023 1789//2002 1866//2890
f 1672//1948 1866//2080 1831//2126
f 1790//2026 1718//2025 1894//2081
f 1811//2169 1790//2026 1894//2081
f 1776//2003 1746//1980 1917//2259
f 1812//1982 1867//2086 1777//2027
f 1794//2005 1833//2143 1795//2886
f 1750//2007 1869//2090 1814//2146
f 1817//2053 1852//2175 1818//2054
f 1799//1958 1835//2092 1853//2130
f 1799//1958 1853//2130 1836//2111
f 1822//2055 1821//2149 1874//2180
f 1822//2055 1874//2180 1875//2093
f 1837//2056 1877//2113 1803//2057
f 1804//2039 1824//2038 1881//2069
f 1734//1992 1782//2015 1907//2115
f 1734//1992 1907//2115 1839//2070
f 1840//2040 1760//1993 1883//2891
f 1783//2885 1840//2040 1855//2117
f 1783//2885 1855//2117 1841//2888
f 1843//2120 1828//1996 1827//2074 1886//2162
f 1885//2135 1858//2101 1765//2043 1857//2073
f 1830//2021 1787//2079 1889//2104
f 1847//2889 1830//2021 1863//2105
f 1774//2083 1811//2169 1915//2141
f 1917//2259 1746//1980 1832//2085
f 1776//2003 1917//2259 1867//2086
f 1794//2005 1793//2052 1833//2143
f 1834//2029 1849//2067 1850//2107
f 1816//2109 1797//2030 1901//2108
f 1818//2054 1852//2175 1872//2091
f 1819//2009 1872//2091 1835//2892
f 1838//2058 1780//1990 1948//2114
f 1824//2038 1880//2095 1905//2154
f 1881//2069 1824//2038 1905//2154
f 1840//2893 1883//2893 1950//2893
f 1840//2040 1950//2187 1854//2116
f 1888//2166 1862//2077 1845//2103 1887//2136
f 1827//2118 1860//2119 1886//2160
f 1845//2103 1829//2076 1861//2102
f 1846//2078 1862//2077 1888//2166
f 1889//2104 1846//2078 1888//2166
f 1695//1926 1893//2127 1894//2081
f 1796//2089 1795//2886 1833//2143
f 1796//2089 1833//2143 1899//2129
f 1849//2067 1870//2106 1871//2264
f 1849//2067 1900//2238 1850//2107
f 1816//2109 1918//2147 1851//2110
f 1852//2175 1817//2053 1851//2110
f 1835//2892 1872//2091 1853//2130
f 1821//2149 1820//2011 1873//2112
f 1877//2113 1923//2205 1823//2036
f 1880//2095 1878//2132 1879//2152
f 1861//2102 1930//2215 1887//2136
f 1932//2894 1912//2895 1889//2104 1888//2166
f 1863//2105 1889//2104 1913//2896
f 1810//2049 1788//2065 1890//2167
f 1848//2050 1716//1974 1962//2138
f 1866//2890 1789//2002 1891//2233
f 1792//2051 1791//2082 1916//2171
f 1832//2085 1792//2051 1896//2257
f 1868//2087 1936//2172 1813//2088
f 1869//2090 1899//2129 1939//2145
f 1814//2146 1939//2145 1870//2897
f 1849//2067 1871//2264 1900//2238
f 1942//2176 1852//2175 1851//2110
f 1853//2130 1920//2178 1873//2112
f 1874//2180 1821//2149 1921//2148
f 1875//2093 1874//2180 1968//2150
f 1877//2113 1902//2151 1903//2182
f 1877//2113 1903//2203 1923//2205
f 1879//2152 1878//2132 1971//2207
f 1881//2069 1905//2154 1906//2209
f 1881//2898 1906//2184 1882//2133
f 1883//2071 1839//2070 1973//2156
f 1842//2098 1856//2097 1926//2211
f 1842//2098 1926//2211 1927//2134
f 1908//2100 1953//2189 1885//2135
f 1858//2101 1885//2135 1909//2212
f 1858//2101 1909//2212 1910//2158
f 1859//2061 1910//2158 1860//2119
f 1861//2102 1956//2163 1930//2215
f 1951//2301 1975//2275 1841//2888 1855//2117
f 1913//2896 1889//2104 1912//2895
f 1891//2233 1789//2002 1963//2168
f 1892//2220 1866//2890 1914//2221
f 1811//2169 1894//2081 2009//2170
f 1896//2257 1792//2051 1916//2171
f 1813//2088 1936//2172 1937//2142
f 1871//2264 1870//2106 1939//2899
f 1850//2107 1900//2238 1901//2108
f 1942//2176 1851//2110 1941//2240
f 1853//2130 1872//2091 1943//2177
f 1873//2112 1967//2179 1921//2148
f 1968//2150 1874//2180 1990//2181
f 1823//2036 1923//2205 1948//2114
f 1878//2132 1948//2114 1971//2207
f 1906//2209 1905//2154 1904//2153
f 1882//2133 1906//2184 1924//2186
f 1951//2301 1855//2117 1854//2116
f 2021//2900 1966//2199 1938//2173 1986//2198
f 1841//2901 1975//2275 1856//2097
f 1908//2100 1928//2157 1953//2189
f 1958//2164 1887//2136 1930//2215
f 1888//2166 1911//2165 1932//2894
f 1913//2193 1933//2331 1934//2194
f 1847//2122 1863//2195 1934//2194
f 1864//2123 1847//2122 1934//2194
f 1935//2139 1848//2050 1962//2138
f 1866//2890 1891//2233 1914//2221
f 1867//2086 2010//2261 1897//2128
f 1899//2129 1938//2173 1966//2199
f 1939//2145 1966//2199 2022//2311
f 1901//2108 1900//2238 1988//2200
f 1919//2174 1918//2147 1940//2201
f 1851//2110 1919//2174 1941//2240
f 1922//2094 1968//2150 1945//2902
f 1876//2131 1922//2094 1945//2902
f 1876//2131 2026//2267 1902//2151
f 1903//2203 1946//2269 1969//2204
f 1904//2153 1879//2152 1949//2208
f 1972//2155 1882//2133 1924//2186
f 1927//2134 1926//2211 1952//2210
f 1927//2134 1976//2229 1928//2157
f 1909//2212 1999//2190 1910//2158
f 1910//2158 1954//2191 1860//2119
f 1932//2894 1911//2165 1959//2218
f 1912//2903 1932//2904 1960//2905
f 1913//2193 1912//2903 1960//2905
f 1933//2331 1913//2193 1960//2905
f 1890//2137 1864//2123 1961//2219
f 1865//2140 1935//2139 1963//2168
f 1916//2171 1895//2084 1965//2223
f 1936//2172 1984//2236 1937//2142
f 1919//2174 1989//2224 1941//2240
f 2026//2319 1876//2131 1945//2902
f 1950//2187 1883//2071 1974//2228
f 1925//2188 1950//2187 1974//2228
f 1854//2116 1925//2188 1951//2301
f 1856//2097 1975//2275 1952//2210
f 1928//2157 1976//2229 1998//2230
f 1910//2158 1999//2190 1954//2191
f 1956//2161 2001//2232 1957//2906
f 1958//2164 1957//2214 1978//2907
f 1958//2164 1978//2907 1979//2216
f 1959//2218 1931//2217 1979//2216
f 1935//2139 1962//2138 2038//2254
f 1893//2127 1892//2125 1981//2285
f 2009//2170 1893//2127 1981//2285
f 1915//2141 2009//2170 2055//2235
f 1937//2142 1984//2236 1985//2237
f 1991//2227 1992//2273 1949//2208 1971//2207
f 1939//2899 2022//2262 1871//2264
f 1871//2264 1987//2265 1900//2238
f 1944//2202 2025//2292 1967//2179
f 1947//2206 1969//2204 2016//2244
f 1948//2114 1947//2206 1970//2271
f 1948//2114 1970//2271 1991//2227
f 2003//2281 2004//2357 1960//2905 1932//2904
f 1949//2208 1992//2273 1993//2185
f 1924//2186 1994//2245 1995//2246
f 1972//2155 1924//2186 1995//2246
f 1973//2156 1996//2247 1974//2228
f 1951//2301 1925//2188 1997//2248
f 1957//2906 2001//2232 1978//2279
f 1959//2252 2002//2251 2003//2281
f 1932//2904 1959//2252 2003//2281
f 2073//2330 2005//2341 1934//2194 1933//2331
f 1933//2331 1960//2905 2004//2357
f 2011//2239 2012//2290 1940//2201 1988//2200
f 1961//2219 1934//2194 2051//2393
f 1962//2138 2006//2253 2038//2254
f 1980//2234 1891//2233 2008//2256
f 1981//2309 1892//2220 1964//2222
f 1917//2259 1832//2085 2107//2258
f 2040//2260 1917//2259 2107//2258
f 1871//2264 2023//2263 1987//2265
f 2066//2334 2032//2274 1992//2273 2031//2272
f 1944//2202 2013//2266 2025//2292
f 1968//2150 2047//2225 2062//2316
f 1945//2902 1968//2150 2014//2318
f 2026//2319 1945//2902 2014//2318
f 1976//2229 2017//2277 1998//2230
f 2000//2249 2050//2326 2001//2232
f 1978//2279 2001//2232 2018//2328
f 1978//2279 2018//2328 2019//2280
f 1934//2194 2005//2341 2051//2393
f 2008//2256 1963//2168 2054//2908
f 1964//2222 1914//2221 1980//2234
f 1916//2171 1965//2223 2056//2287
f 1986//2198 2041//2909 2021//2900
f 1966//2199 2058//2365 2022//2311
f 1941//2240 1989//2224 2044//2291
f 1990//2181 1967//2179 2025//2292
f 1990//2181 2025//2292 2047//2225
f 2014//2318 1968//2150 2062//2316
f 1947//2206 2030//2270 1970//2271
f 1991//2227 2031//2272 1992//2273
f 1993//2185 2032//2274 1994//2245
f 1996//2247 2034//2300 2067//2323
f 1975//2275 2068//2302 2035//2276
f 1977//2231 1998//2230 2036//2303
f 1977//2231 2036//2303 2037//2278
f 1999//2190 2049//2304 2000//2249
f 2001//2232 2050//2326 2018//2328
f 2002//2251 2072//2306 2020//2339
f 1933//2331 2004//2357 2090//2329
f 1963//2168 2074//2284 2054//2910
f 2010//2261 2040//2260 2057//2288
f 1897//2128 2057//2288 1984//2236
f 1986//2198 2077//2310 2041//2909
f 1966//2199 2021//2900 2058//2365
f 2012//2290 2011//2239 2043//2313
f 1941//2240 2044//2291 2059//2368
f 1941//2240 2059//2368 2060//2241
f 2024//2242 2045//2314 2013//2266
f 2026//2911 2097//2911 2027//2911
f 1970//2271 2030//2270 2048//2321
f 2093//2364 2041//2909 2077//2310 2111//2398
f 1974//2228 1996//2247 2083//2325
f 1997//2248 2083//2325 2084//2912
f 1951//2301 1997//2248 2068//2302
f 2017//2277 2035//2276 2103//2352
f 2017//2277 2103//2352 2036//2303
f 2000//2249 2049//2304 2069//2336
f 2000//2249 2069//2336 2050//2326
f 2038//2254 2053//2332 2007//2255
f 1935//2139 2007//2255 2091//2421
f 1935//2139 2091//2421 2074//2284
f 2039//2286 1964//2222 2092//2342
f 1984//2236 2076//2344 1985//2237
f 2021//2900 2041//2909 2042//2363
f 2021//2900 2042//2363 2058//2365
f 2022//2311 2058//2365 2094//2312
f 2012//2290 2043//2313 2044//2291
f 2047//2225 2046//2293 2114//2315
f 2062//2316 2115//2431 2063//2317
f 2028//2295 2027//2294 2097//2913
f 2030//2270 2064//2297 2080//2382
f 2048//2321 2030//2270 2080//2382
f 2033//2298 1994//2245 2081//2322
f 2037//2278 2036//2303 2086//2353
f 2049//2304 2087//2376 2069//2336
f 2050//2326 2088//2337 2070//2327
f 2019//2280 2070//2327 2071//2305
f 2004//2357 2136//2358 2090//2329
f 2008//2256 2054//2908 2074//2360
f 1964//2222 1980//2234 2092//2342
f 1982//2196 2055//2235 2075//2361
f 1984//2236 2057//2288 2140//2343
f 1987//2265 2078//2345 2043//2313
f 2060//2241 2059//2368 2079//2369
f 2060//2241 2079//2369 2045//2314
f 2046//2293 2061//2402 2114//2315
f 2062//2316 2114//2315 2115//2431
f 2033//2298 2081//2322 2101//2349
f 2034//2914 2033//2298 2082//2350
f 2049//2304 2037//2278 2104//2354
f 2071//2305 2070//2327 2089//2377
f 2005//2341 2185//2359 2051//2393
f 1961//2219 2051//2393 2124//2394
f 2052//2307 1961//2219 2124//2394
f 2006//2308 2052//2307 2053//2915
f 2140//2343 2109//2423 2076//2344
f 2095//2371 2096//2346 2013//2266 2045//2314
f 2041//2909 2093//2364 2042//2363
f 2058//2365 2093//2364 2094//2312
f 2156//2426 2110//2425 2076//2344 2210//2424
f 2061//2402 2046//2293 2096//2346
f 2063//2317 2115//2431 2144//2430
f 2014//2318 2063//2317 2097//2320
f 2028//2296 2097//2916 2146//2372
f 2080//2382 2064//2297 2116//2347
f 2048//2321 2080//2382 2098//2381
f 2065//2333 2048//2321 2098//2381
f 2066//2334 2065//2333 2099//2917
f 2081//2322 2066//2348 2100//2373
f 2034//2914 2082//2350 2067//2386
f 2068//2302 2102//2375 2085//2388
f 2086//2353 2103//2352 2120//2390
f 2086//2353 2120//2390 2104//2354
f 2069//2336 2087//2376 2088//2337
f 2070//2327 2105//2355 2089//2377
f 2020//2339 2122//2338 2136//2358
f 2052//2307 2124//2394 2106//2442
f 2052//2307 2106//2442 2053//2915
f 2039//2286 2092//2342 2155//2444
f 2057//2288 2040//2260 2108//2378
f 1985//2237 2076//2344 2110//2425
f 2077//2310 1985//2237 2110//2425
f 2023//2263 2158//2379 2078//2345
f 2043//2313 2112//2380 2129//2401
f 2097//2320 2063//2317 2144//2430
f 2097//2916 2145//2433 2146//2372
f 2065//2333 2161//2384 2099//2917
f 2100//2373 2066//2348 2099//2405
f 2082//2410 2101//2349 2117//2408
f 2084//2912 2083//2325 2132//2411
f 2102//2413 2084//2912 2132//2411
f 2103//2352 2085//2351 2119//2389
f 2104//2354 2120//2390 2151//2451
f 2104//2354 2151//2451 2134//2391
f 2007//2255 2168//2419 2091//2421
f 2074//2918 2091//2421 2125//2480
f 2092//2342 2074//2360 2125//2443
f 2056//2287 2075//2361 2126//2396
f 2057//2288 2108//2378 2209//2422
f 2077//2310 2110//2425 2141//2397
f 2094//2312 2157//2399 2158//2379
f 2078//2345 2158//2379 2127//2919
f 2078//2345 2127//2919 2112//2380
f 2079//2369 2059//2368 2159//2428
f 2114//2315 2061//2402 2143//2403
f 2114//2315 2131//2429 2115//2431
f 2097//2320 2144//2430 2145//2433
f 2080//2382 2116//2347 2147//2404
f 2100//2373 2148//2406 2149//2407
f 2101//2349 2149//2407 2117//2408
f 2082//2410 2178//2409 2118//2920
f 2067//2386 2118//2385 2132//2411
f 2134//2391 2152//2464 2087//2376
f 2105//2355 2184//2415 2089//2377
f 2122//2338 2167//2440 2136//2358
f 2123//2340 2090//2329 2196//2441
f 2055//2235 2039//2286 2138//2445
f 2108//2378 2107//2258 2218//2446
f 2171//2487 2160//2921 2096//2346 2095//2371
f 2112//2380 2127//2919 2128//2400
f 2096//2346 2160//2489 2143//2403
f 2131//2429 2114//2315 2143//2403
f 2098//2381 2175//2383 2161//2384
f 2117//2408 2149//2407 2163//2435
f 2132//2411 2165//2476 2150//2412
f 2133//2460 2102//2413 2150//2412
f 2151//2451 2120//2390 2181//2922
f 2087//2376 2152//2464 2121//2392
f 2167//2440 2154//2417 2136//2358
f 2090//2329 2154//2417 2196//2441
f 2137//2501 2039//2286 2155//2444
f 2138//2445 2039//2286 2137//2501
f 2093//2364 2141//2397 2157//2399
f 2199//2530 2128//2400 2127//2919 2158//2379
f 2148//2406 2161//2434 2162//2456
f 2148//2406 2162//2456 2149//2407
f 2132//2411 2118//2385 2164//2474
f 2132//2411 2164//2474 2165//2476
f 2150//2412 2194//2458 2133//2460
f 2134//2391 2151//2451 2183//2463
f 2134//2391 2183//2463 2152//2464
f 2106//2442 2208//2554 2053//2915
f 2007//2255 2053//2915 2208//2554
f 2139//2362 2186//2452 2218//2446
f 2141//2397 2156//2426 2246//2516
f 2157//2399 2187//2505 2158//2379
f 2129//2923 2142//2924 2159//2428
f 2079//2369 2159//2428 2170//2454
f 2130//2370 2170//2454 2171//2487
f 2095//2371 2130//2370 2171//2487
f 2144//2430 2131//2429 2172//2925
f 2173//2432 2144//2430 2172//2925
f 2161//2384 2175//2383 2176//2467
f 2161//2434 2190//2469 2162//2456
f 2118//2385 2178//2472 2179//2926
f 2164//2474 2118//2385 2179//2926
f 2166//2927 2133//2460 2180//2459
f 2106//2442 2232//2466 2208//2554
f 2168//2419 2007//2255 2208//2554
f 2209//2422 2108//2378 2198//2514
f 2156//2426 2219//2483 2246//2516
f 2157//2399 2221//2453 2187//2505
f 2223//2928 2189//2928 2160//2921 2171//2487
f 2159//2428 2142//2924 2128//2400
f 2170//2454 2159//2428 2188//2485
f 2229//2496 2182//2450 2181//2449 2205//2462
f 2143//2403 2160//2489 2211//2491
f 2143//2403 2211//2491 2131//2429
f 2131//2429 2201//2492 2172//2929
f 2173//2432 2172//2929 2174//2447
f 2147//2404 2174//2447 2212//2455
f 2176//2467 2175//2383 2213//2493
f 2177//2457 2162//2456 2191//2471
f 2179//2926 2178//2472 2203//2473
f 2166//2461 2180//2508 2205//2462
f 2201//2492 2212//2455 2174//2447 2172//2929
f 2182//2450 2229//2496 2206//2477
f 2184//2415 2152//2464 2195//2478
f 2185//2359 2196//2441 2255//2465
f 2155//2444 2125//2443 2197//2512
f 2126//2396 2169//2395 2186//2452
f 2108//2378 2218//2446 2198//2514
f 2158//2379 2187//2505 2199//2530
f 2128//2400 2199//2530 2188//2485
f 2159//2428 2128//2400 2188//2485
f 2275//2542 2263//2930 2214//2520 2225//2543
f 2177//2457 2191//2471 2226//2523
f 2192//2494 2177//2457 2226//2523
f 2194//2458 2165//2476 2193//2475
f 2180//2459 2194//2458 2204//2495
f 2205//2462 2228//2511 2229//2496
f 2183//2463 2206//2477 2195//2478
f 2196//2441 2271//2500 2255//2465
f 2198//2514 2218//2446 2244//2556
f 2188//2485 2199//2530 2237//2532
f 2170//2454 2222//2486 2200//2540
f 2223//2488 2170//2454 2200//2540
f 2176//2467 2213//2493 2214//2520
f 2179//2926 2203//2473 2215//2506
f 2164//2474 2179//2926 2215//2506
f 2193//2475 2227//2507 2251//2931
f 2206//2477 2253//2497 2216//2560
f 2206//2477 2216//2560 2195//2478
f 2153//2439 2254//2498 2242//2499
f 2231//2418 2255//2465 2279//2596
f 2232//2466 2231//2418 2279//2596
f 2197//2525 2125//2480 2233//2420
f 2169//2395 2243//2513 2186//2452
f 2210//2424 2109//2423 2245//2527
f 2187//2505 2236//2504 2199//2530
f 2188//2485 2237//2532 2222//2486
f 2211//2491 2189//2490 2224//2517
f 2213//2493 2212//2455 2225//2543
f 2214//2520 2213//2493 2225//2543
f 2202//2470 2176//2467 2239//2521
f 2191//2471 2202//2470 2240//2522
f 2215//2506 2192//2494 2250//2548
f 2204//2495 2193//2475 2251//2931
f 2186//2452 2243//2513 2218//2446
f 2198//2514 2244//2556 2234//2515
f 2109//2423 2209//2422 2245//2527
f 2222//2486 2237//2532 2260//2567
f 2222//2486 2260//2567 2200//2540
f 2223//2488 2200//2540 2224//2517
f 2248//2519 2211//2491 2224//2517
f 2212//2455 2201//2492 2238//2533
f 2212//2455 2238//2533 2225//2543
f 2214//2520 2263//2930 2239//2521
f 2226//2523 2240//2544 2241//2524
f 2192//2494 2241//2524 2250//2548
f 2227//2507 2215//2506 2266//2549
f 2251//2931 2227//2507 2267//2550
f 2228//2511 2269//2551 2229//2496
f 2195//2478 2216//2560 2270//2552
f 2230//2479 2195//2478 2270//2552
f 2271//2500 2278//2932 2255//2465
f 2168//2419 2208//2554 2256//2553
f 2218//2446 2243//2513 2244//2556
f 2209//2422 2234//2515 2282//2557
f 2235//2481 2245//2527 2283//2538
f 2238//2533 2248//2519 2262//2558
f 2265//2933 2249//2547 2241//2524 2240//2544
f 2240//2522 2239//2534 2263//2934
f 2240//2544 2264//2546 2265//2933
f 2303//2561 2271//2500 2167//2440 2242//2499
f 2215//2506 2250//2935 2266//2549
f 2312//2936 2313//2586 2266//2937 2277//2938
f 2257//2502 2272//2574 2258//2537
f 2200//2540 2260//2567 2261//2541
f 2248//2519 2224//2517 2262//2558
f 2238//2533 2262//2558 2275//2542
f 2250//2935 2249//2939 2266//2549
f 2251//2535 2267//2940 2268//2571
f 2253//2497 2269//2551 2302//2559
f 2216//2560 2302//2559 2270//2552
f 2255//2465 2332//2597 2279//2596
f 2232//2466 2293//2607 2256//2553
f 2257//2502 2197//2525 2294//2526
f 2243//2513 2258//2537 2281//2562
f 2237//2532 2247//2531 2274//2566
f 2261//2541 2274//2566 2287//2579
f 2262//2558 2261//2541 2287//2579
f 2264//2568 2276//2570 2265//2584
f 2249//2547 2265//2933 2290//2941
f 2249//2547 2290//2941 2277//2942
f 2266//2943 2249//2547 2277//2942
f 2268//2571 2267//2940 2266//2937
f 2252//2510 2251//2535 2314//2572
f 2269//2551 2252//2510 2314//2572
f 2255//2465 2278//2932 2332//2597
f 2232//2466 2279//2596 2293//2607
f 2168//2419 2256//2553 2280//2589
f 2258//2537 2272//2574 2296//2591
f 2247//2531 2308//2565 2309//2578
f 2275//2581 2262//2558 2288//2580
f 2276//2570 2263//2569 2289//2582
f 2311//2594 2312//2936 2277//2938 2290//2944
f 2268//2571 2266//2937 2313//2586
f 2314//2572 2268//2571 2301//2587
f 2270//2552 2302//2559 2323//2605
f 2270//2552 2323//2605 2291//2573
f 2271//2500 2304//2636 2278//2932
f 2279//2596 2316//2598 2293//2607
f 2256//2553 2293//2607 2280//2589
f 2282//2557 2273//2555 2306//2592
f 2284//2528 2297//2576 2285//2564
f 2259//2539 2298//2577 2308//2565
f 2274//2566 2309//2578 2299//2612
f 2274//2566 2299//2612 2287//2579
f 2269//2551 2322//2588 2315//2595
f 2271//2500 2303//2561 2304//2636
f 2332//2597 2278//2932 2304//2636
f 2296//2591 2295//2575 2317//2624
f 2281//2562 2296//2591 2305//2599
f 2307//2563 2282//2557 2306//2592
f 2298//2577 2286//2529 2326//2601
f 2287//2579 2299//2612 2319//2614
f 2288//2580 2287//2579 2319//2614
f 2300//2583 2289//2582 2310//2603
f 2301//2587 2313//2586 2321//2615
f 2292//2536 2291//2573 2303//2561
f 2296//2591 2317//2624 2305//2599
f 2297//2576 2306//2609 2324//2600
f 2285//2564 2324//2600 2345//2632
f 2285//2564 2345//2632 2325//2593
f 2298//2577 2326//2601 2318//2610
f 2309//2578 2308//2565 2327//2611
f 2288//2580 2319//2614 2320//2602
f 2289//2582 2320//2602 2329//2620
f 2310//2603 2289//2582 2329//2620
f 2312//2936 2311//2594 2321//2615
f 2313//2586 2312//2936 2321//2615
f 2301//2587 2321//2615 2330//2616
f 2314//2572 2301//2587 2322//2588
f 2303//2561 2291//2573 2347//2623
f 2294//2526 2280//2589 2343//2608
f 2317//2624 2295//2575 2334//2638
f 2299//2612 2327//2611 2337//2613
f 2319//2614 2337//2613 2328//2642
f 2320//2602 2319//2614 2328//2642
f 2321//2615 2310//2603 2340//2622
f 2331//2606 2323//2605 2341//2628
f 2316//2598 2332//2597 2293//2607
f 2326//2601 2325//2593 2345//2632
f 2326//2601 2345//2632 2336//2618
f 2327//2611 2318//2610 2337//2613
f 2320//2602 2328//2642 2338//2619
f 2322//2588 2358//2626 2315//2595
f 2341//2628 2323//2605 2346//2634
f 2303//2561 2347//2623 2304//2636
f 2293//2607 2342//2629 2343//2608
f 2295//2575 2348//2630 2334//2638
f 2317//2624 2334//2638 2354//2631
f 2336//2618 2356//2633 2318//2610
f 2318//2610 2349//2945 2337//2613
f 2338//2619 2328//2642 2350//2641
f 2339//2621 2329//2620 2338//2619
f 2343//2608 2342//2629 2353//2647
f 2345//2632 2355//2640 2356//2633
f 2318//2610 2356//2633 2349//2945
f 2337//2613 2349//2945 2350//2641
f 2358//2626 2330//2616 2352//2643
f 2332//2597 2304//2636 2365//2651
f 2332//2597 2365//2651 2342//2629
f 2348//2630 2343//2608 2353//2647
f 2349//2945 2356//2633 2357//2656
f 2349//2945 2357//2656 2350//2641
f 2338//2619 2361//2648 2351//2649
f 2339//2621 2338//2619 2351//2649
f 2340//2622 2339//2621 2362//2650
f 2352//2643 2340//2622 2362//2650
f 2346//2634 2358//2626 2363//2658
f 2356//2633 2355//2640 2368//2654
f 2356//2633 2368//2654 2357//2656
f 2350//2641 2357//2656 2361//2648
f 2352//2643 2362//2650 2363//2658
f 2358//2626 2352//2643 2363//2658
f 2346//2634 2363//2658 2364//2644
f 2357//2656 2370//2655 2369//2657
f 2351//2649 2361//2648 2369//2657
f 2362//2650 2351//2649 2369//2657
f 2363//2658 2362//2650 2371//2659
f 2365//2651 2364//2644 2371//2659
f 2353//2647 2359//2646 2372//2660
f 2366//2653 2353//2647 2372//2660
f 2355//2640 2370//2655 2368//2654
f 2362//2650 2369//2657 2370//2655
f 2366//2653 2372//2660 2367//2652
f 2370//2655 2360//2639 2367//2652
