keys,es,ru,pt,de,jp,fr,pl
You go play games first!!,¡¡¡Primero ve a jugar!!!,А ты иди поиграй в игры первым!!,Primeiro você vai jogar videogame!!,Spiel du erst mal Spiele!,まずはゲームをやりましょう!!,Allez d'abord jouer à des jeux !,Najpierw idźcie pograć w gry!!
Do hard games!,¡Haz juegos difíciles!,Играйте в сложные игры!,Faça jogos difíceis!,Mach schwierige Spiele!,難しいゲームをやろう！,Jouez à des jeux difficiles !,Graj w trudne gry!
"No buy, play game!","¡No compres, juega!","Не покупай, играй в игру!","Sem comprar, jogue!","Kein Kauf, nur Spiel!",買う必要はなく、ゲームをプレイするだけです!,"Pas d'achat, jouez !","Nie kupuj, graj!"
Specialty! No buy ok!,¡Especialidad! ¡No se puede comprar!,Фирменное блюдо! Покупка запрещена!,"Especial! Sem compra, ok!",Spezialität! Kein Kauf erlaubt!,特選品！買わなくてもOK！,Spécialité ! Pas d'achat ok !,"Specjalność! Nie kupuj, OK!"
It costs bits!,¡Cuesta bits!,Это стоит копейки!,Custa bits!,Es kostet ein paar Cent!,かなり費用がかかります!,Ça coûte des miettes !,To kosztuje krocie!
You cant!,¡No puedes!,Нельзя!,Você não pode!,Das geht nicht!,あなたはできません！,Tu ne peux pas !,Nie możesz!
It freen't!,¡No es gratis!,"Нет, это не свободно!",Não é grátis!,Es ist kostenlos!,それは無料じゃない！,Ce n'est pas gratuit !,Nie wolno!
Cant buy without bits for buying!!,¡No se puede comprar sin piezas para comprar!,Невозможно совершить покупку без дополнительных запчастей!,Não dá para comprar sem peças para comprar!!,Ohne die benötigten Kleinigkeiten kann man nichts kaufen!,購入用のビットがないと購入できません!!,Impossible d'acheter sans pièces pour l'achat !,Nie można kupić bez części do kupienia!!
Wrong!,¡Equivocado!,Неправильный!,Errado!,Falsch!,間違っている！,Faux!,Zło!
Ted need bits!,¡Ted necesita piezas!,Теду нужны запчасти!,Ted precisa de pedaços!,Ted braucht Kleinigkeiten!,テッドにはビットが必要です!,Ted a besoin de morceaux !,Ted potrzebuje kawałków!
"You give Ted bits, Ted give you heads.","Le das pedazos a Ted, Ted te da cabezas.","Ты даешь Теду кусочки, Тед дает тебе головы.","Você dá pedaços para o Ted, e o Ted te dá cabeças.","Du gibst Ted Kleinigkeiten, Ted gibt dir Köpfe.",あなたがテッドに一部を与えると、テッドはあなたに頭を与える。,"Tu donnes des morceaux à Ted, Ted te donne des têtes.","Dajesz Tedowi kawałki, Ted daje ci głowy."
Come back when richer!,¡Vuelve cuando seas más rico!,"Приходите, когда разбогатеете!",Volte quando estiver mais rico!,"Komm wieder, wenn du reicher bist!",もっと裕福になったら戻ってきてください！,Revenez quand vous serez plus riche !,Wróć bogatszy!
Choice is good!,¡La elección es buena!,Выбор — это хорошо!,Ter opções é bom!,Auswahl ist gut!,選択は良いです！,"Le choix, c'est bien !",Wybór jest dobry!
Cool Head!,¡Cabeza fría!,Хладнокровие!,Cabeça fria!,Ruhig Kopf!,冷静になれ！,Gardez votre sang-froid !,Spokojna głowa!
Thank you shopping here!,¡Gracias por comprar aquí!,Спасибо за покупку!,Obrigado por comprar aqui!,Vielen Dank für Ihren Einkauf!,ご利用ありがとうございました！,Merci d'avoir fait vos achats ici !,Dziękujemy za zakupy!
Buying!,¡Comprar!,Покупка!,Comprando!,Kauf!,買います！,Achat!,Kupuję!
Thank! ............ HEY WHY YOU STEALING MY HEADS!?,¡Gracias! ............ ¡¿HEY POR QUÉ ME ROBÁIS LA CABEZA?!,"Спасибо! ............ ЭЙ, ЗАЧЕМ ТЫ КРАДЕШЬ МОИ ГОЛОВЫ?!","Obrigado! ............ EI, POR QUE VOCÊ ESTÁ ROUBANDO MINHAS CABEÇAS!?","Danke! ............ HEY, WARUM STEHLT IHR MIR DIE KÖPFE?!",ありがとう！............ おい、なんで私の頭を盗んだんだ？,"Merci ! ............ HÉ, POURQUOI TU ME VOLES LES TÊTES ?!","Dziękuję! ............ HEJ, CZEMU KRADNIESZ MOJE GŁOWY!?"
Yay Bits!!,"¡Sí, Bits!","Ура, Bits!!",Viva os Bits!!,"Juhu, Bits!!",やったー、ビット!!,Super !,Brawo Bits!!
"Ooooh, spender BIG!","Ooooh, ¡gasta a lo GRANDE!","Ооо, транжира, тратит ОГРОМНЫЕ деньги!","Uau, gastador GRANDE!","Ooooh, gib richtig viel Geld aus!",おおお、お金遣いが大きいですね！,"Oh là là, quel dépensier !","Ooooh, rozrzutnik WIELKI!"
That Antique!,¡Esa antigüedad!,Этот антиквариат!,Que antiguidade!,Dieses Antiquität!,あのアンティーク！,Cette antiquité !,Ten antyk!
Mr MoneyMan Bags Man!,¡El señor MoneyMan atrapa al hombre!,Мистер МаниМэн Бэгсмен!,"Senhor MoneyMan, o Homem das Sacolas!",Herr Geldmann Taschenmann!,ミスター・マネーマンは男をバッグに詰める！,Monsieur MoneyMan emballe l'homme !,Pan MoneyMan Torby Człowiek!
Enjoy luxury head!,¡Disfruta de una cabeza de lujo!,Насладитесь роскошным отдыхом в ванной!,Desfrute de uma experiência de luxo!,Genießen Sie luxuriösen Kopf!,贅沢ヘッドをお楽しみください！,Offrez-vous une tête de luxe !,Ciesz się luksusową głową!
Aw I wanted that one,"Ah, yo quería ese","Ах, я хотела именно эту!","Ah, eu queria esse!","Ach, den hätte ich gern gehabt!",ああ、それが欲しかった,"Ah, je le voulais !","Och, tego właśnie chciałem"
Im rich!!!,¡¡¡Soy rico!!!,Я богат!!!,Sou rico!!!,Ich bin reich!!!,私は金持ちです!!!,Je suis riche !!!,Jestem bogaty!!!
You like my heads!,¡Te gustan mis cabezas!,Тебе нравятся мои головы!,Você gosta das minhas cabeças!,Du magst meine Köpfe!,私の頭が好きなんですね！,Vous aimez mes têtes !,Podobają ci się moje głowy!
That one is a head!,¡Esa es una cabeza!,Это голова!,Aquela é uma cabeça!,Das ist ein Kopf!,あれは頭だ！,"Ça, c'est une tête !",A to jest głowa!
So uhhh... how day?,Entonces eh... ¿qué día es?,"Итак, эээ... как сегодня?",Então... como está o dia?,Also äh... wie ist dein Tag?,それで、えーと...何日ですか?,Alors euh... comment ça va aujourd'hui ?,No więc... jak tam dzień?
You ,Tú ,Ты ,Você ,Du ,あなた ,Toi ,Ty 
 bits by the way,bits por cierto,"мелочи, кстати",pedaços a propósito,"Übrigens, Kleinigkeiten.",ちなみに,des bribes au passage,"tak przy okazji, trochę"
You is having bits of,Estás teniendo pedacitos de,У вас наблюдаются отдельные эпизоды,Você está tendo pedaços de,Du hast ein paar von,あなたは少し,Vous avez des bribes de,Masz kawałki
You like the my stand? Ted made with tape and myself!,¿Te gusta mi stand? ¡Ted lo hizo con cinta adhesiva y yo!,Тебе нравится моя подставка? Тед сделал её из скотча и с помощью себя!,Gostaram do meu suporte? O Ted fez com fita adesiva e eu mesma!,Gefällt dir mein Ständer? Den habe ich selbst aus Klebeband gebaut!,私のスタンド気に入ってくれた？テッドと私がテープで作ったんだ！,Tu aimes mon support ? Ted l'a fabriqué avec du ruban adhésif et moi !,Podoba ci się moje stoisko? Ted zrobił je ze mnie i taśmy!
,,#VALUE!,#VALUE!,#VALUE!,#VALUE!,#VALUE!,#VALUE!
,,#VALUE!,#VALUE!,#VALUE!,#VALUE!,#VALUE!,#VALUE!
Bowling Ball,Bola de boliche,Шар для боулинга,Bola de boliche,Bowlingkugel,ボウリングボール,Boule de bowling,Kula do kręgli
Bowl a turkey,Lanzar un pavo a un bol,Сыграйте в боулинг с индейкой,Coloque um peru em uma tigela,Eine Schüssel Truthahn,七面鳥をボウルに入れる,Bol de dinde,Miska z indykiem
Racecar,Coche de carreras,Гоночный автомобиль,Carro de corrida,Rennwagen,レースカー,voiture de course,Samochód wyścigowy
Go 90 mph in a school zone,Conducir a 90 mph en una zona escolar,В школьной зоне нельзя превышать скорость (90 миль в час).,Dirija a 145 km/h em zona escolar.,Fahren Sie in einer Schulzone 90 Meilen pro Stunde.,学校区域で時速90マイルで走行する,Roulez à 145 km/h dans une zone scolaire,Jedź 90 mil na godzinę w strefie szkolnej
Moyai,Moyai,Мояи,Moyai,Moyai,モヤイ,Moyai,Moyai
You're gonna use all the f***n' hot water,Vas a usar toda la maldita agua caliente,Ты израсходуешь всю эту чертову горячую воду!,"Você vai usar toda a água quente, porra!",Du wirst das ganze verdammte heiße Wasser verbrauchen,熱いお湯を全部使うつもりなんだ,Tu vas utiliser toute cette putain d'eau chaude,Zużyjesz całą cholernie gorącą wodę
Glasses,Anteojos,Очки,Copos,Gläser,眼鏡,Lunettes,Okulary
"erm, actually","erm, en realidad","эмм, вообще-то","hum, na verdade","ähm, eigentlich",えーと、実は,"euh, en fait","eee, właściwie"
Extension Cord,Cable de extensión,Удлинительный шнур,Cabo de extensão,Verlängerungskabel,延長コード,Rallonge électrique,Przedłużacz
it works trust,funciona la confianza,"Это работает, поверьте.","Funciona, confie","Es funktioniert, vertrauen Sie.",それは信頼に働く,"ça marche, confiance",to działa zaufanie
Bigger Boy,Niño más grande,Биггер Бой,Menino maior,Großer Junge,ビッグボーイ,Grand garçon,Większy chłopiec
You're not to touch me,No debes tocarme,Ты не смеешь меня трогать,Você não deve me tocar.,Du darfst mich nicht berühren,私に触れないで,Tu n'as pas le droit de me toucher,Nie wolno ci mnie dotykać
Eye,Ojo,Глаз,Olho,Auge,目,Œil,Oko
"Google, show me this guy's walls please","Google, muéstrame las paredes de este tipo por favor","Google, покажи мне, пожалуйста, стены этого парня.","Google, mostre-me as paredes desse cara, por favor.","Google, zeig mir bitte die Wände dieses Typen.",Google、この男の壁を見せてください,"Google, montre-moi les murs de ce type, s'il te plaît.","Google, pokaż mi proszę ściany tego gościa"
Social Credit,Crédito Social,Социальный кредит,Crédito social,Sozialkredit,社会信用,Crédit social,Kredyt społeczny
"-1,000,000 social credit report to Xi Jinping immediately.","-1.000.000 puntos de crédito social, preséntese ante Xi Jinping inmediatamente.",-1 000 000 долларов социального кредитного отчета Си Цзиньпину немедленно.,-1.000.000 de relatório de crédito social para Xi Jinping imediatamente.,-1.000.000 Sozialkreditbericht an Xi Jinping unverzüglich.,-100万人の社会信用情報を習近平に直ちに報告せよ。,-1 000 000 de crédit social à Xi Jinping immédiatement.,-1 000 000 punktów społecznych natychmiast dla Xi Jinpinga.
Skull,Cráneo,Череп,Crânio,Schädel,頭蓋骨,Crâne,Czaszka
fr? 💀,fr? 💀,fr? 💀,fr? 💀,fr? 💀,fr? 💀,fr? 💀,fr? 💀
Fat Man,Hombre gordo,Толстяк,Homem Gordo,Dicker Mann,ファットマン,Gros homme,Gruby człowiek
My main goal is to blow up,Mi objetivo principal es explotar,Моя главная цель — взорваться.,Meu principal objetivo é explodir,"Mein Hauptziel ist es, in die Luft zu jagen",私の主な目標は爆発することです,Mon objectif principal est de faire exploser,Moim głównym celem jest wysadzić
Lightbulb,Bombilla,Лампочка,Lâmpada elétrica,Glühbirne,電球,Ampoule,Żarówka
What's the big idea?,¿Cual es la gran idea?,В чём главная идея?,Qual é a grande ideia?,Was ist die große Idee?,すごいアイデアって何ですか？,Quelle est l'idée principale ?,Jaki jest główny pomysł?
Menger,Menger,Менгер,Menger,Menger,メンガー,Menger,Menger
holes,agujeros,отверстия,buracos,Löcher,穴,trous,dziury
Stikbug,Stikbug,Стикбаг,Stikbug,Stikbug,スティックバグ,Stikbug,Stikbug
Remember this meme? No?,¿Recuerdas este meme? ¿No?,Помните этот мем? Нет?,Lembra desse meme? Não?,Kennt ihr dieses Meme noch? Nein?,このミームを覚えていますか？いいえ？,Vous vous souvenez de ce mème ? Non ?,Pamiętasz tego mema? Nie?
Meme Man,Hombre meme,Человек-мем,Homem Meme,Meme-Mann,ミームマン,Meme Man,Człowiek-mem
invests in stonks,invierte en stonks,инвестирует в акции,investe em ações,investiert in Aktien,ストンクスに投資する,investit dans des actions,inwestuje w kamienie
Maxwell,Maxwell,Максвелл,Maxwell,Maxwell,マクスウェル,Maxwell,Maxwell
The dingus,El dingus,Дингус,O dingus,Der Trottel,ディンガス,Le dingus,Dingus
Dummi,Tonto,Думми,Dummi,Dummi,ダミ,Dummi,Dummi
A handsome fella,Un chico guapo,Красивый парень,Um rapaz bonito,Ein gutaussehender Kerl,ハンサムな男,Un beau garçon,Przystojny facet
Distressed Red Ball,Bola roja desgastada,Потрёпанный красный мяч,Bola vermelha desgastada,abgenutzter roter Ball,傷んだ赤いボール,Boule rouge délabrée,Zniszczona czerwona piłka
"If the earth is round, how come the ball aint goin nowhere?",Si la tierra es redonda ¿por qué la pelota no va a ninguna parte?,"Если Земля круглая, почему же мяч никуда не двигается?","Se a Terra é redonda, por que a bola não vai a lugar nenhum?","Wenn die Erde rund ist, warum bewegt sich der Ball dann nicht von der Stelle?",地球が丸いのなら、なぜボールはどこにも行かないのでしょうか?,"Si la Terre est ronde, comment se fait-il que la balle ne bouge pas ?","Jeśli Ziemia jest okrągła, to dlaczego piłka nigdzie nie leci?"
Mr Heeh,Señor Heeh,Мистер Хи,Senhor Heeh,Herr Heeh,ヒー氏,Monsieur Heeh,Pan Heeh
"Some guy, probobly related to Ted","Un tipo, probablemente relacionado con Ted.","Какой-то парень, вероятно, родственник Теда.","Um cara qualquer, provavelmente parente do Ted.","Irgendein Typ, wahrscheinlich verwandt mit Ted.",テッドと関係のある男,"Un type, probablement apparenté à Ted","Jakiś facet, prawdopodobnie spokrewniony z Tedem"
Kurger Bing Crown,Corona de Kurger Bing,Кургер Бинг Краун,Kurger Bing Crown,Kurger Bing Crown,クルガー・ビング・クラウン,Kurger Bing Crown,Korona Kurgera Binga
Just makes you wanna get on an airplane,Simplemente te hacen querer subirte a un avión,Просто так хочется сесть в самолет.,Dá uma vontade enorme de pegar um avião.,"Da bekommt man doch gleich Lust, in ein Flugzeug zu steigen.",飛行機に乗りたくなる,Ça donne juste envie de prendre l'avion,Aż chce się wsiąść do samolotu
Pumpkin,Calabaza,Тыква,Abóbora,Kürbis,パンプキン,Citrouille,Dynia
Holloween special!!!!!!!!!!!!!!!!!!!!!!!!!!!!!!!!!!!,Especial de holloween!!!!!!!!!!!!!!!!!!!!!!!!!!!!!!!!!!!,Хэллоуинский спецвыпуск!!!!!!!!!!!!!!!!!!!!!!!!!!!!!!!!!!!,Especial de Halloween!!!!!!!!!!!!!!!!!!!!!!!!!!!!!!!!!!!,Halloween-Special!!!!!!!!!!!!!!!!!!!!!!!!!!!!!!!!!!!!,ハロウィンスペシャル!!!!!!!!!!!!!!!!!!!!!!!!!!!!!!!!!!!!,Spécial Halloween !!!!!!!!!!!!!!!!!!!!!!!!!!!!!!!!!!!,Specjalny odcinek na Halloween!!!!!!!!!!!!!!!!!!!!!!!!!!!!!!!!!!!!!!!!!!
Santa Ball,Baile de Santa,Бал Санты,Bola de Papai Noel,Weihnachtsmannball,サンタボール,Bal du Père Noël,Piłka Świętego Mikołaja
Actual ornament I have,Adorno real que tengo,"Настоящее украшение, которое у меня есть",O enfeite que eu tenho é de verdade.,"Tatsächliches Schmuckstück, das ich habe",私が実際に持っている装飾品,Voici l'ornement que je possède.,Posiadam prawdziwą ozdobę
Elevator,Ascensor,Лифт,Elevador,Aufzug,エレベーター,Ascenseur,Winda
Beat The Elevator on Hard,Vence al ascensor en dificultad difícil,"Пройдите игру ""Лифт"" на сложном уровне.",Derrote o elevador no modo Difícil,Besiege den Aufzug auf Schwer,エレベーターをハードモードでクリアする,Battre l'ascenseur en mode difficile,Ukończ windę na poziomie trudnym
Cat Soldier,Soldado gato,Кот-солдат,Soldado Gato,Katzensoldat,猫の兵士,Soldat Chat,Żołnierz Kot
Beat The Cat Batallion on Hard,Derrota al Batallón de Gatos en Difícil,Победите Кошачий батальон на сложном уровне.,Derrote o Batalhão dos Gatos no modo Difícil,Besiege das Katzenbataillon auf Schwer,ハードモードでキャットバタリオンを倒す,Battre le Bataillon des Chats en mode Difficile,Pokonaj Batalion Kotów na poziomie trudnym
Pimpledump's Hat,Sombrero de Pimpledump,Шляпа Пимплдампа,O chapéu do Pimpledump,Pimpledumps Hut,ピンプルダンプの帽子,Le chapeau de Pimpledump,Kapelusz Pimpledumpa
Beat Pimpledump Kinkledorf Dingledale on Hard,Derrota a Pimpledump Kinkledorf Dingledale en dificultad difícil,Победите Пимпледампа Кинкельдорфа Динглдейла на сложном уровне.,Derrote Pimpledump Kinkledorf Dingledale no modo Difícil,Besiege Pimpledump Kinkledorf Dingledale auf Schwer,ハードモードでピンプルダンプ・キンクルドルフ・ディングルデールを倒す,Battre Pimpledump Kinkledorf Dingledale en mode Difficile,Pokonaj Pimpledump Kinkledorf Dingledale na poziomie trudnym
Artillertunk's Head,Cabeza de Artillertunk,Голова Артиллертунка,Cabeça de Artillertunk,Artillertunks Kopf,砲兵の頭,Tête d'Artillertunk,Głowa Artillertunka
Beat Artillertunk on Hard,Derrota a Artillertunk en dificultad difícil,Пройдите игру Artillertunk на сложном уровне.,Derrote Artillertunk no modo Difícil,Beat Artillertunk auf Hard,ハードモードでアーティラータンクを倒す,Battre Artillertunk en mode difficile,Pokonaj Artillertunka na poziomie trudnym
Soda Sola Can,Lata de refresco Soda,Банка Soda Sola,Lata de refrigerante Sola,Soda Sola Dose,ソーダソラ缶,Canette de soda Sola,Puszka po napoju gazowanym Sola
Beat Soda Sola on Hard,Derrota a Soda Sola en dificultad difícil,Победите Сода Сола на сложном уровне.,Derrote Soda Sola no modo Difícil,Besiege Soda Sola auf Schwer,ソーダ・ソラをハードで倒す,Battre Soda Sola en mode difficile,Pokonaj Sodę Solę na Hard
Bioplasm Chunk,Trozo de bioplasma,Кусок биоплазмы,Fragmento de bioplasma,Bioplasma-Stück,バイオプラズムチャンク,Morceau de bioplasme,Kawałek bioplazmy
Beat The Epidermal Bioplasm on Hard,Derrota al bioplasma epidérmico en dificultad difícil,Победите эпидермальную биоплазму на сложном уровне.,Derrote o bioplasma epidérmico no modo difícil,Besiege das epidermale Bioplasma auf Hart,ハードで表皮バイオプラズマを倒す,Combattre le bioplasme épidermique à fond,Pokonaj bioplazmę naskórka na poziomie trudnym
Rusty Chiln's Head,Cabeza de niño oxidado,Голова Расти Чилна,Cabeça de Rusty Chiln,Rusty Chilns Kopf,ラスティ・チルンズ・ヘッド,Tête de Rusty Chiln,Głowa Rusty'ego Chilna
Beat Rusty Chiln on Hard,Derrota a Rusty Chiln en dificultad difícil,Пройдите игру Rusty Chil на сложном уровне.,Derrote Rusty Chiln no modo Difícil,Besiege Rusty Chiln auf Schwer,ハードモードでラスティ・チルンを倒す,Battre Rusty Chiln à fond,Pokonaj Rusty'ego Chilna na poziomie trudnym
Basketball,Baloncesto,Баскетбол,Basquetebol,Basketball,バスケットボール,Basket-ball,Koszykówka
"Its a secret, shh","Es un secreto, shh","Это секрет, тссс","É segredo, shhh","Es ist ein Geheimnis, psst!",それは秘密だよ,"C'est un secret, chut","To tajemnica, ciii"
Discord,Discordia,Discord,Discórdia,Zwietracht,不和,Discorde,Niezgoda
"Find the code on the discord server, aw dont cwy you can handwle it","Encuentra el código en el servidor de Discord, no sé cómo puedes manejarlo.","Код можно найти на сервере Discord, не волнуйтесь, вы справитесь.","Encontre o código no servidor do Discord, ah, não se preocupe, você consegue lidar com isso.","Den Code findest du auf dem Discord-Server. Keine Sorge, du schaffst das schon.",Discordサーバーでコードを見つけてください。自分で処理できるかどうかはわかりません。,"Trouve le code sur le serveur Discord, aw dont c'est sûr, tu peux le gérer.","Znajdź kod na serwerze Discord, nie czaję, możesz sobie z nim poradzić"
,,#VALUE!,#VALUE!,#VALUE!,#VALUE!,#VALUE!,#VALUE!
,,#VALUE!,#VALUE!,#VALUE!,#VALUE!,#VALUE!,#VALUE!
naw baby that aint for sale,"No, nena, eso no está a la venta.","Нет, детка, это не продаётся.","Não, querida, isso não está à venda.","Nein, Baby, das ist nicht zu verkaufen.",いや、それは売り物じゃない,"Non bébé, ça n'est pas à vendre","nie, skarbie, to nie jest na sprzedaż"
you gotta work for this one,Tienes que trabajar para esto,За это нужно потрудиться.,Você precisa se esforçar para conseguir isso.,Dafür muss man sich etwas anstrengen.,これには努力が必要だ,Il va falloir mériter celui-ci,musisz na to zapracować
"aint for sale, you gotta earn it","No está en venta, tienes que ganártelo","Оно не продаётся, его нужно заслужить.","Não está à venda, você tem que conquistar.","Das ist nicht käuflich, das muss man sich verdienen.",売ってないよ、自分で稼いで,"Ça ne s'achète pas, il faut le gagner","nie jest na sprzedaż, musisz na to zasłużyć"
you got the skills? you need em for this!,¿Tienes las habilidades? ¡Las necesitas para esto!,У тебя есть необходимые навыки? Они тебе понадобятся!,Você tem as habilidades? Você vai precisar delas para isso!,Hast du das Zeug dazu? Du brauchst es dafür!,スキルはありますか？これにはスキルが必要です！,Tu as les compétences ? Tu en auras besoin pour ça !,Masz umiejętności? Są ci potrzebne do tego!
,,#VALUE!,#VALUE!,#VALUE!,#VALUE!,#VALUE!,#VALUE!
you is poor as hell!,¡Eres pobre como el infierno!,Ты ужасно беден!,Você é pobre pra caramba!,Du bist bettelarm!,君は本当に貧乏だよ！,Tu es pauvre comme Job !,jesteś biedny jak cholera!
you aint got the funds!,¡No tienes los fondos!,У тебя нет средств!,Você não tem dinheiro!,Du hast nicht das nötige Geld!,あなたには資金がない！,Vous n'avez pas les fonds !,nie masz funduszy!
"naw baby, no bits no fits","No nena, sin mordeduras no hay ataques","Нет, детка, никаких припадков, никаких истерик","Não, querida, sem frescuras, sem chiliques.","Nein, Baby, ohne Teile keine Passformen",いや、ベイビー、何もないから発作もない,"Non bébé, pas de morceaux, pas de coupes","nie, kochanie, nie ma kawałków, nie ma napadów"
you is broke as a joke!,¡Estás en la ruina!,Ты совершенно нищий!,Você está falido pra caramba!,Du bist ja pleite wie ein Witz!,あなたは冗談のようにお金がない！,Tu es fauché comme les blés !,jesteś spłukany jak cholera!
"no mo money on ya, get a job!","¡No tienes más dinero, consigue un trabajo!","Больше никаких денег с тебя, найди работу!","Sem dinheiro nenhum, arrume um emprego!","Kein Geld mehr, such dir einen Job!",もうお金はない、仕事を見つけろ!,"T'as plus un sou, trouve-toi un boulot !","nie ma już dla ciebie pieniędzy, znajdź sobie pracę!"
come back when u got the guap!,¡Vuelve cuando tengas la buena!,"Приходи, когда наберёшь деньги!",Volte quando tiver a grana!,"Komm wieder, wenn du das Geld hast!",グアプを手に入れたら戻ってきてください!,Reviens quand tu auras le fric !,wróć jak dostaniesz kasę!
"you broke, and no there aint ""another way you can pay me""",Te arruinaste y no hay otra forma de pagarme.,"У тебя совсем нет денег, и нет, ""другого способа мне заплатить"" не существует.","Você está falido, e não, não há ""outra forma de você me pagar"".","Du bist pleite, und nein, es gibt keine andere Möglichkeit, wie du mich bezahlen kannst.",あなたはお金がなくて、「他に私に支払う方法」はない,"Tu es fauché, et non, il n'y a pas d'autre moyen de me payer.","jesteś spłukany i nie ma innego sposobu, w jaki możesz mi zapłacić"
you want that gud sh*t? get cho money up!,¿Quieres esa buena mierda? ¡Consigue ese dinero!,Хочешь оторваться по полной? Зарабатывай деньги!,Quer coisas boas? Junte seu dinheiro!,Du willst den guten Scheiß? Dann verdien dein Geld!,そんないいものが欲しい？金を用意しろ！,Tu veux de la bonne came ? Fais-toi du fric !,chcesz tego gówna? dawaj kasę!
,,#VALUE!,#VALUE!,#VALUE!,#VALUE!,#VALUE!,#VALUE!
thats gon look gud on u!,¡Eso se verá bien en ti!,Это будет тебе очень к лицу!,Isso vai ficar ótimo em você!,Das wird dir gut stehen!,それは君によく似合うよ！,Ça va bien t'aller !,to będzie na tobie wyglądać świetnie!
you lookin spiffy!,¡Te ves elegante!,Ты выглядишь великолепно!,Você está com uma aparência impecável!,Du siehst toll aus!,かっこいいですね！,Tu as l'air super !,wyglądasz świetnie!
gud choice baby!,"¡Buena elección, nena!","Отличный выбор, детка!","Boa escolha, meu bem!","Gute Wahl, Baby!",良い選択だよ、ベイビー！,"Bon choix, bébé !","dobry wybór, kochanie!"
ay you a snack!,¡Te doy un bocadillo!,Приятного аппетита!,Te ofereço um lanche!,Hier ist ein Snack!,おやつをください！,Je te donne un en-cas !,daj mi przekąskę!
"makes ya look skinnier, HA!","¡Te hace ver más delgada, JA!","Благодаря этому ты выглядишь стройнее, ха!","Faz você parecer mais magra, HA!","Lässt dich schlanker aussehen, HA!",痩せて見えるよ、ハハ！,"Ça te fait paraître plus mince, HA !","sprawia, że ​​wyglądasz szczuplej, HA!"
thanks for the funds baby!,¡Gracias por los fondos bebé!,"Спасибо за деньги, детка!","Obrigada pela doação, meu bem!","Danke für die Spende, Baby!",資金をありがとう、ベイビー！,"Merci pour les fonds, bébé !","dzięki za pieniądze, kochanie!"
,,#VALUE!,#VALUE!,#VALUE!,#VALUE!,#VALUE!,#VALUE!
OOH you a big spenda now!,"¡Oh, ahora estás gastando mucho!","Ого, ты теперь настоящий транжира!","Nossa, você está gastando muito agora!","Oh, du bist ja ein richtiger Großverdiener geworden!",ああ、あなたは今や大金使いですね！,"Oh, tu dépenses beaucoup maintenant !","O, teraz jesteś strasznie rozrzutny!"
lookin drippy as hell baby!,"¡Luciendo como el infierno, nena!","Выглядишь просто сногсшибательно, детка!","Tá arrasando, gata!","Siehst verdammt geil aus, Baby!",すごく滴り落ちてるように見えるよ、ベイビー！,"T'es super stylée, bébé !","wyglądasz cholernie mokro, kochanie!"
AYYY im stacked! haHA!,¡AYYY estoy lleno! ¡Jaja!,"АААА, у меня шикарная фигура! ха-ха!","E aí, tô cheio de grana! haHA!","AYYY, ich bin vollgepackt! haHA!",やあ、俺はすごいよ！ハハハ！,AYYY je suis super bien foutue ! haHA !,"AYYY, jestem naładowany! haHA!"
gettin luxurious up in this b*tch!,¡Poniéndome lujoso en esta perra!,"Здесь, в этой сучке, царит роскошь!",Curtindo o luxo nessa parada!,Hier wird's richtig luxuriös!,このビッチで贅沢しよ！,Je me la coule douce dans cette salope !,w tej suce jest luksusowo!
That was mah grannies!,¡Esas eran mis abuelas!,Это были бабушки!,Essa era a minha avó!,Das war meine Oma!,それは私のおばあちゃんたちでした！,C'était ma grand-mère !,To były moje babcie!
Yeeaaaah fill up mah bitbag!,"¡Sííííí, llena mi bolsita!","Даааа, наполни мой мешокчик всякой всячиной!","Yeeaaaah, encha meu saco de bits!","Jaaaa, füll meine Muschi!",そうだ、私のビットバッグをいっぱいにしなさい！,"Ouais, remplis mon sac à bits !","Yeeaaaah, napełnij mój woreczek!"
,,#VALUE!,#VALUE!,#VALUE!,#VALUE!,#VALUE!,#VALUE!
you like whatchu seen?,¿Te gustó lo que viste?,"Тебе понравилось то, что ты увидел?",Gostou do que viu?,"Gefällt dir, was du gesehen hast?",見たものが好きですか？,Tu as aimé ce que tu as vu ?,"Podoba ci się to, co widziałeś?"
dat one got some stank!,¡Éste tiene algo de olor!,От него ужасно воняло!,Aquele estava fedendo!,Das Ding stank aber!,あれはちょっと臭かったよ！,Celui-là puait vraiment !,ale śmierdziało!
how you doin baby?,¿Cómo estás bebé?,"Как дела, детка?","Como você está, meu bem?","Wie geht's dir, Baby?",調子はどう？ベイビー？,"Comment vas-tu, bébé ?","Jak się masz, kochanie?"
you got a gud,tienes un buen,у тебя хороший,Você tem um bom,Du hast einen guten,君は良い子だ,tu as un bon,masz chłopaka
bits to spend baby,pedacitos para gastar bebe,"мелочи, чтобы потратить, малыш",dinheiro para gastar com o bebê,Kleinigkeiten zum Ausgeben fürs Baby,赤ちゃんを過ごすためのビット,quelques pièces à dépenser pour bébé,"bity do wydania, kochanie"
dont you walk away with all,¿No te vayas con todo?,не уходи со всем этим,Não vá embora levando tudo.,Geh nicht mit allem davon.,すべてを持ち去らないで,Ne repartez pas avec tout,nie odchodź ze wszystkim
of those bits!,¡de esos pedacitos!,из этих частей!,dessas partes!,Diese Teile!,それらのビットの！,de ces morceaux !,tych kawałków!
you need some style!,¡Necesitas algo de estilo!,Тебе нужен стиль!,Você precisa de um pouco de estilo!,Du brauchst etwas Stil!,スタイルが必要です!,Il te faut du style !,potrzebujesz stylu!
,,#VALUE!,#VALUE!,#VALUE!,#VALUE!,#VALUE!,#VALUE!
,,#VALUE!,#VALUE!,#VALUE!,#VALUE!,#VALUE!,#VALUE!
Default,Por defecto,По умолчанию,Padrão,Standard,デフォルト,Défaut,Domyślny
Your birthday suit,Tu traje de cumpleaños,Твой костюм на день рождения,Seu traje de aniversário,Dein Geburtstagsanzug,あなたの誕生日の服装,Votre tenue d'anniversaire,Twój urodzinowy garnitur
Guillermo's hoodie,La sudadera con capucha de Guillermo,Толстовка Гильермо,O moletom do Guillermo,Guillermos Hoodie,ギレルモのパーカー,Le sweat à capuche de Guillermo,Bluza z kapturem Guillermo
"""He's supposed to be Spanish?""","""¿Se supone que es español?""","«Он что, испанец?»","""Ele supostamente é espanhol?""","""Er soll Spanier sein?""",「彼はスペイン人なの？」,« Il est censé être espagnol ? »,„Ma być Hiszpanem?”
Tuxedo,Smoking,Смокинг,Smoking,Smoking,タキシード,Smoking,Smoking
Look good for the huzz,Luce bien para el huzz,Выглядите хорошо для Huzz,Fique bonita para o marido,Sieht gut aus für den Huzz,騒ぎのために見栄えが良い,Ayez l'air en forme pour le huzz,"Wyglądaj dobrze, gdy jest na to czas"
Bakini,Bakini,Бакини,Bakini,Bakini,バキニ,Bakini,Bakini
Boukisha's Bakini,Bakini de Boukisha,Бакини Букиши,Bakini de Boukisha,Boukishas Bakini,ブキシャのバキニ,Bakini de Boukisha,Bakini Boukishy
King's Robe,Túnica del rey,Королевская мантия,Manto do Rei,Königsmantel,王のローブ,Robe du roi,Szata Króla
Only for the richest,Sólo para los más ricos,Только для самых богатых,Apenas para os mais ricos.,Nur für die Reichsten,最も裕福な人だけ,Réservé aux plus riches,Tylko dla najbogatszych
Jersey,Jersey,Джерси,Jersey,Jersey,ジャージー,Jersey,Golf
"Ba Ba Ba, lin, lin","Ba Ba Ba, lin, lin","Ба Ба Ба, лин, лин","Ba Ba Ba, lin, lin","Ba Ba Ba, lin, lin",バババ、リン、リン,"Ba Ba Ba, lin, lin","Ba Ba Ba, lin, lin"
Oiled Up,Engrasado,Смазанный маслом,Todo oleado,eingeölt,オイルアップ,Huilé,Naoliwiony
1000 bottles of oil,1000 botellas de aceite,1000 бутылок масла,1000 garrafas de óleo,1000 Flaschen Öl,オイル1000本,1000 bouteilles d'huile,1000 butelek oleju
,,#VALUE!,#VALUE!,#VALUE!,#VALUE!,#VALUE!,#VALUE!
,,#VALUE!,#VALUE!,#VALUE!,#VALUE!,#VALUE!,#VALUE!
"check out the shortcuts in the options menu, stop pressing the restart button like a pleb.","Revisa los atajos en el menú de opciones, deja de presionar el botón de reinicio como un plebeyo.","Проверьте сочетания клавиш в меню настроек, перестаньте нажимать кнопку перезагрузки, как какой-то невежда.",Confira os atalhos no menu de opções e pare de apertar o botão de reiniciar como um novato.,"Schau dir die Tastenkombinationen im Optionsmenü an, hör auf, wie ein Laie ständig den Neustartknopf zu drücken.",オプション メニューのショートカットをチェックして、庶民のように再起動ボタンを押すのはやめましょう。,"Consultez les raccourcis dans le menu des options, arrêtez d'appuyer sur le bouton de redémarrage comme un idiot.",sprawdź skróty w menu opcji i przestań naciskać przycisk restartu jak plebs.
"for sega genesis players, there are graphics settings to adjust.","Para los jugadores de Sega Genesis, hay configuraciones de gráficos para ajustar.",Для игроков Sega Genesis есть возможность регулировать графические настройки.,"Para jogadores de Sega Genesis, existem configurações gráficas que podem ser ajustadas.","Für Sega Genesis-Spieler gibt es Grafikeinstellungen, die angepasst werden können.",セガジェネシスプレーヤーの場合、調整するグラフィック設定があります。,"Pour les joueurs de Sega Genesis, il existe des paramètres graphiques à ajuster.",gracze Sega Genesis mogą dostosować ustawienia grafiki.
is the music too loud? not loud enough? change it! you can shut it off but i might cry.,"¿Está la música muy alta? ¿No lo suficiente? ¡Cámbiala! Puedes apagarla, pero podría llorar.","Музыка слишком громкая? Недостаточно громкая? Переключи! Можешь выключить, но я, наверное, заплачу.","A música está muito alta? Ou muito baixa? Mude o volume! Você pode desligar, mas eu posso chorar.","Ist die Musik zu laut? Nicht laut genug? Ändere sie! Du kannst sie ausschalten, aber dann muss ich vielleicht weinen.",音楽はうるさすぎますか？音量が足りないですか？変えてください！消してもいいけど、泣いてしまうかも。,"La musique est trop forte ? Pas assez forte ? Change-la ! Tu peux l'éteindre, mais je risque de pleurer.","Muzyka jest za głośna? Za mało? Zmień ją! Możesz ją wyłączyć, ale ja bym się rozpłakała."
"theres lots to find in the lobby, look around some time.","Hay mucho que encontrar en el vestíbulo, mira a tu alrededor algún día.","В холле много чего интересного, поищите как-нибудь.","Há muita coisa para descobrir no saguão, dê uma olhada quando tiver um tempo.","In der Lobby gibt es viel zu entdecken, schau dich mal um.",ロビーにはたくさんのものがありますので、ぜひ見て回ってください。,"Il y a plein de choses à découvrir dans le hall, prenez le temps de le parcourir.","jest wiele do znalezienia w lobby, rozejrzyj się trochę."
"this game has achievements, dont you want them all?","Este juego tiene logros, ¿no los quieres todos?","В этой игре есть достижения, разве вы не хотите получить их все?","Este jogo tem conquistas, você não quer todas?","Dieses Spiel hat Erfolge, willst du sie nicht alle haben?",このゲームには実績がありますが、全部欲しくないですか?,"Ce jeu propose des succès, vous ne les voulez pas tous ?",Ta gra ma osiągnięcia. Nie chcesz ich wszystkich?
some of the harder achievements reward bits!,¡Algunos de los logros más difíciles recompensan con bits!,За выполнение некоторых сложных заданий начисляются бонусные баллы!,Algumas das conquistas mais difíceis recompensam com bits!,Für einige der schwierigeren Erfolge erhält man Bits als Belohnung!,より難しい成果を達成すると、ビットが報酬として与えられます。,Certaines des récompenses les plus difficiles sont des morceaux !,niektóre trudniejsze osiągnięcia są nagrodami!
challenges for each boss are unlocked after beating normal mode,Los desafíos para cada jefe se desbloquean después de superar el modo normal.,Испытания для каждого босса открываются после прохождения обычного режима.,Os desafios para cada chefe são desbloqueados após concluir o modo normal.,"Die Herausforderungen für jeden Boss werden freigeschaltet, nachdem man den normalen Modus durchgespielt hat.",各ボスのチャレンジは、通常モードをクリアすると解除されます。,Les défis de chaque boss se débloquent après avoir terminé le mode normal.,wyzwania dla każdego bossa odblokowują się po pokonaniu trybu normalnego
the sock's name is crusty,El nombre del calcetín es crusty,"Носок называется ""корковатым"".",O nome da meia é Crusty.,Die Socke heißt Krusty,靴下の名前はクラスティ,Le nom de la chaussette est croustillante,skarpetka nazywa się crusty
most characters have lots of dialogue,La mayoría de los personajes tienen mucho diálogo.,У большинства персонажей много диалогов.,A maioria dos personagens tem muitos diálogos.,Die meisten Charaktere haben viele Dialoge.,ほとんどのキャラクターはたくさんのセリフを持っています,La plupart des personnages ont beaucoup de dialogues.,większość postaci ma dużo dialogów
"there are trailers on the youtube channel, subscribe to Tezt Dummi why dontcha.","Hay trailers en el canal de youtube, suscríbete a Tezt Dummi, ¿por qué no?","Трейлеры есть на YouTube-канале, подпишитесь на Tezt Dummi, почему бы и нет?","Tem trailers no canal do YouTube, se inscreva no Tezt Dummi, por que não?","Es gibt Trailer auf dem YouTube-Kanal, abonniert doch Tezt Dummi.",YouTube チャンネルに予告編がありますので、ぜひ Tezt Dummi を購読してください。,"Il y a des bandes-annonces sur la chaîne YouTube, abonnez-vous à Tezt Dummi, pourquoi pas ?","są zwiastuny na kanale youtube, subskrybuj Tezt Dummi, dlaczego nie."
the red hoodie guy goes somewhere every time you come back to the lobby.,El chico de la sudadera roja va a algún lado cada vez que regresas al vestíbulo.,"Парень в красной толстовке куда-то уходит каждый раз, когда вы возвращаетесь в вестибюль.",O cara do moletom vermelho vai a algum lugar toda vez que você volta para o saguão.,"Der Typ mit dem roten Hoodie verschwindet jedes Mal irgendwohin, wenn man in die Lobby zurückkommt.",ロビーに戻ってくるたびに、赤いパーカーの男はどこかへ行きます。,Le type au sweat à capuche rouge disparaît à chaque fois que vous revenez dans le hall.,"facet w czerwonym kapturze gdzieś idzie za każdym razem, gdy wracasz do lobby."
"every boss has one bag of bits hidden somewhere, each worth 100 bits","Cada jefe tiene una bolsa de bits escondida en algún lugar, cada una vale 100 bits.","У каждого босса где-то спрятан мешок с битами, каждый из которых стоит 100 битов.","Cada chefe tem um saco de bits escondido em algum lugar, cada um valendo 100 bits.","Jeder Boss hat irgendwo einen Beutel mit Bits versteckt, jeder Beutel ist 100 Bits wert.",各ボスはどこかにビットの袋を1つ隠しており、それぞれ100ビットの価値がある。,"Chaque boss possède un sac de pièces caché quelque part, chaque sac valant 100 pièces.","każdy szef ma gdzieś ukrytą torbę z bitami, każda warta 100 bitów"
links to important websites are in the credits.,Los enlaces a sitios web importantes se encuentran en los créditos.,"Ссылки на важные веб-сайты указаны в разделе ""Благодарности"".",Os links para sites importantes estão nos créditos.,Links zu wichtigen Webseiten finden Sie im Abspann.,重要なウェブサイトへのリンクはクレジットに記載されています。,Les liens vers les sites web importants figurent dans le générique.,Linki do ważnych stron internetowych podano w napisach końcowych.
if you want real tips go talk to rim,"Si quieres consejos reales, habla con Rim.","Если хотите получить действительно полезные советы, поговорите с Римом.","Se você quer dicas de verdade, fale com o Rim.","Wenn du wirklich Tipps willst, sprich mit Rim.",本当のヒントが欲しかったらリムに話を聞いてください,"Si vous voulez de vrais conseils, allez parler à Rim.","jeśli chcesz prawdziwych porad, porozmawiaj z Rimem"
talk to rim for more tips,Habla con Rim para obtener más consejos.,Обратитесь к Риму за дополнительными советами.,Fale com o Rim para mais dicas.,"Sprich mit Rim, um weitere Tipps zu erhalten.",さらに詳しいヒントについてはリムにご相談ください,Parlez à Rim pour plus de conseils,"porozmawiaj z rimem, aby uzyskać więcej wskazówek"
labubu is repulsive,Labubu es repulsivo,Лабубу отвратителен,labubu é repulsivo,Labubu ist abstoßend,ラブブは不快だ,Labubu est répugnant.,labubu jest odpychający
santa isnt real,Santa no es real,Санта-Клауса не существует.,Papai Noel não existe.,Der Weihnachtsmann existiert nicht.,サンタは実在しない,Le Père Noël n'existe pas.,Święty Mikołaj nie istnieje
beware the bone men,cuidado con los hombres de hueso,Остерегайтесь костяных людей,Cuidado com os homens-osso,Hütet euch vor den Knochenmännern,骨の男たちに気をつけろ,Méfiez-vous des hommes d'os,uważaj na ludzi z kości
my name tezt dummi :),mi nombre es tezt dummi :),Меня зовут Тецт Дамми :),Meu nome é Tezt Dummi :),Mein Name ist Tezt Dummi :),私の名前はtezt dummiです:),Mon nom est Tezt Dummi :),nazywam się tezt dummi :)
the isnt?,¿el no es?,Разве нет?,Não é?,Ist das nicht so?,そうじゃないの？,n'est-ce pas ?,a nie jest?
she slap on my stick till i boss,Ella me da una palmada en el palo hasta que yo mando.,"Она шлёпала меня по палке, пока я не начал командовать.",Ela bateu no meu pau até eu virar chefe.,"Sie schlug auf meinen Stock, bis ich der Boss war",彼女は私が上司になるまで私の棒を叩く,Elle m'a tapé sur le bâton jusqu'à ce que je sois le patron,"ona klepie mnie po pałce, aż zaczynam rządzić"
maintaining a pg-13 rating f***ing sucks,Mantener una clasificación pg-13 es una mierda.,Поддерживать рейтинг PG-13 — это чертовски ужасно.,Manter uma classificação indicativa para maiores de 13 anos é uma merda.,Eine PG-13-Freigabe beizubehalten ist echt scheiße.,PG-13の評価を維持するのは本当に最悪だ,"Maintenir une classification PG-13, c'est vraiment nul.",utrzymanie oceny PG-13 jest do dupy
rim is kinda cute ngl,"El borde es bastante lindo, no voy a mentir","Ободок довольно симпатичный, честно говоря.","A borda é meio fofa, para ser sincera.","Der Rand ist irgendwie süß, muss ich sagen.",正直言ってリムはちょっとかわいい,"Rim est plutôt mignon, je dois l'avouer.",obręcz jest całkiem słodka
"the FitnessGram Pacer Test is NOT a multistage aerobic capacity test that progressively gets more difficult as it continues, wake up sheeple.","El FitnessGram Pacer Test NO es una prueba de capacidad aeróbica de varias etapas que se vuelve progresivamente más difícil a medida que avanza, despierten, ovejas.","Тест FitnessGram Pacer НЕ является многоступенчатым тестом на аэробную выносливость, сложность которого постепенно возрастает по мере продолжения, очнитесь, люди!","O teste FitnessGram Pacer NÃO é um teste de capacidade aeróbica de múltiplos estágios que se torna progressivamente mais difícil à medida que continua, acordem, alienados.","Der FitnessGram Pacer Test ist KEIN mehrstufiger Ausdauertest, der mit der Zeit immer schwieriger wird, wacht auf, ihr Schafe!",FitnessGram Pacer テストは、続けるにつれて徐々に難しくなる多段階の有酸素能力テストではありません。目を覚ましてください。,"Le test FitnessGram Pacer n'est PAS un test d'endurance aérobie à plusieurs niveaux dont la difficulté augmente progressivement, réveillez-vous, les moutons !","Test FitnessGram Pacer NIE jest wieloetapowym testem wydolności tlenowej, który z czasem staje się coraz trudniejszy. Obudźcie się owce."
ye is not that bad,No eres tan malo,"Да, это не так уж плохо.","sim, não é tão ruim assim","Ja, so schlimm ist es gar nicht.",そんなに悪くないよ,"Oui, ce n'est pas si mal.",nie jest tak źle
zorbus borbus,Zorbus borbus,зорбус борбус,zorbus borbus,zorbus borbus,ゾルバス・ボルバス,zorbus borbus,zorbus borbus
"slapstick lore is actually deep as hell, the roobeer cat represents Ares the god of war","La tradición de las payasadas es realmente profunda, el gato Roobeer representa a Ares, el dios de la guerra.","В мире фарса на самом деле очень много замыслов, кот-рубер олицетворяет Ареса, бога войны.","A mitologia do humor pastelão é, na verdade, muito profunda; o gato roobeer representa Ares, o deus da guerra.","Die Slapstick-Mythologie ist in Wirklichkeit verdammt tiefgründig; die Roobeerkatze repräsentiert Ares, den Kriegsgott.",スラップスティックの伝承は実に奥深く、ルービーア猫は戦争の神アレスを表している,"La mythologie burlesque est en réalité incroyablement riche ; le chat roobeer représente Arès, le dieu de la guerre.","slapstickowa wiedza jest naprawdę głęboka jak diabli, kot-roobeer reprezentuje Aresa, boga wojny"
"i get like 50 views a video, if you like this game check em out on the Tezt Dummi channel","Obtengo alrededor de 50 vistas por video. Si te gusta este juego, échale un vistazo en el canal Tezt Dummi.","Мои видео набирают около 50 просмотров, если вам нравится эта игра, посмотрите их на канале Tezt Dummi.","Eu consigo umas 50 visualizações por vídeo, se você curte esse jogo, dá uma olhada no canal do Tezt Dummi.","Ich bekomme ungefähr 50 Aufrufe pro Video. Wenn euch das Spiel gefällt, schaut mal auf dem Tezt Dummi-Kanal vorbei.",動画1本あたり50回くらい視聴されています。このゲームが好きなら、Tezt Dummiチャンネルをチェックしてみてください。,"Je reçois environ 50 vues par vidéo. Si ce jeu vous plaît, allez voir la chaîne Tezt Dummi.","Mam około 50 wyświetleń na film. Jeśli podoba Ci się ta gra, sprawdź ją na kanale Tezt Dummi"
"theses tips are gonna be pretty unreadale for people who's pc's can load levels faster. if you can read the entirety of this message, than your pc might not be very good. bros runnin of a GeForce GTX 480, 64 MB of ram, and a cinderblock for a cpu. if you're still reading this then i feel bad.","Estos consejos serán bastante ilegibles para las personas cuyas PC pueden cargar niveles más rápido. Si puedes leer todo este mensaje, entonces tu PC podría no ser muy buena. Hermanos, usando una GeForce GTX 480, 64 MB de RAM y un bloque de cemento como CPU, si todavía estás leyendo esto, me siento mal.","Эти советы будут довольно нечитабельны для тех, чьи компьютеры загружают уровни быстрее. Если вы можете прочитать это сообщение целиком, значит, ваш компьютер, возможно, не очень мощный. У меня видеокарта GeForce GTX 480, 64 МБ оперативной памяти и процессор из бетонного блока. Если вы всё ещё это читаете, мне вас жаль.","Essas dicas serão praticamente ilegíveis para quem tem um PC que carrega fases mais rápido. Se você conseguiu ler esta mensagem inteira, seu PC provavelmente não é muito bom. Meu PC tem uma GeForce GTX 480, 64 MB de RAM e um processador fraco. Se você ainda está lendo isso, sinto muito.","Diese Tipps sind für Leute, deren PCs Level schnell laden, ziemlich unlesbar. Wenn du diese Nachricht komplett lesen kannst, ist dein PC wahrscheinlich nicht der beste. Mein Kumpel hat eine GeForce GTX 480, 64 MB RAM und einen Schrott-Prozessor. Wenn du das hier immer noch liest, tut es mir leid.",これらのヒントは、レベルを高速にロードできる PC の人にとってはかなり理解しにくいものになるでしょう。このメッセージ全体を読める場合は、PC の性能があまり良くない可能性があります。GeForce GTX 480、RAM 64 MB、CPU としてコンクリートブロックを使用しています。まだこれを読んでいるのなら、申し訳ないです。,"Ces astuces seront probablement inutiles pour ceux dont le PC charge les niveaux plus rapidement. Si vous arrivez à lire ce message en entier, c'est que votre PC n'est probablement pas très performant. Le mien tourne avec une GeForce GTX 480, 64 Mo de RAM et un processeur digne d'un parpaing. Si vous lisez encore ça, je vous plains.","Te porady będą dość nieczytelne dla osób, których komputery potrafią szybciej ładować poziomy. Jeśli możesz przeczytać całość tej wiadomości, to znaczy, że twój komputer może nie być zbyt dobry. Koledzy, korzystam z karty graficznej GeForce GTX 480, 64 MB pamięci RAM i pustaka betonowego jako procesora. Jeśli nadal to czytasz, to mi przykro."
leave,dejar,оставлять,deixar,verlassen,離れる,partir,Zostawić
don't let Pimpledump show you his secret pimple,No dejes que Pimpledump te muestre su grano secreto,Не позволяйте Пимплдампу показать вам свой секретный прыщ.,Não deixe que Pimpledump revele a espinha secreta dele.,Lass dir von Pimpledump bloß nicht seinen geheimen Pickel zeigen!,ピンプルダンプに秘密のニキビを見せさせないでください,Ne laissez pas Pimpledump vous montrer son bouton secret,nie pozwól Pimpledumpowi pokazać ci jego sekretnego pryszcza
long ago there was once a bread named Barry,Hace mucho tiempo había un pan llamado Barry,Давным-давно существовал хлеб по имени Барри.,"Há muito tempo atrás, existiu um pão chamado Barry.",Vor langer Zeit gab es einmal ein Brot namens Barry.,昔々、バリーというパンがありました,"Il y a longtemps, il existait un pain nommé Barry.",dawno temu istniał chleb o imieniu Barry
"made you look, dumbahh","Te hice mirar, tonto",Ты выглядишь как дурак!,"Te peguei, seu bobão!","Ich hab dich zum Staunen gebracht, du Dummkopf!",見てしまったよ、バカ,"t'as regardé, imbécile","sprawiło, że wyglądasz, głuptasie"
"nothing beats a Jet2holiday, and right now, you can save fifty pounds per person, that's two hundred pounds off for a family of four, we've got millions of free child place holidays available with twenty two kilograms of baggage included, book now with Jet2holidays package holidays you can trust","Nada supera a Jet2holiday, y ahora mismo, puedes ahorrar cincuenta libras por persona, eso es doscientas libras de descuento para una familia de cuatro, tenemos millones de vacaciones con plazas para niños gratis disponibles con veintidós kilogramos de equipaje incluido, reserva ahora con Jet2holidays, paquetes de vacaciones en los que puedes confiar","Ничто не сравнится с предложениями Jet2holiday, и прямо сейчас вы можете сэкономить пятьдесят фунтов на человека, то есть двести фунтов скидки для семьи из четырех человек. У нас есть миллионы бесплатных мест для детей, включая 22 килограмма багажа. Бронируйте прямо сейчас пакетные туры от Jet2holidays, которым вы можете доверять.","Nada supera uma viagem com a Jet2holiday, e agora você pode economizar cinquenta libras por pessoa, o que representa duzentas libras de desconto para uma família de quatro pessoas. Temos milhões de pacotes de férias com crianças grátis e 22 quilos de bagagem incluídos. Reserve agora com a Jet2holidays, os pacotes de férias em que você pode confiar.",Nichts geht über eine Reise mit Jet2holidays! Sparen Sie jetzt 50 Pfund pro Person – das sind 200 Pfund für eine vierköpfige Familie. Wir bieten Millionen von kostenlosen Kinderplätzen und 22 Kilogramm Freigepäck. Buchen Sie jetzt Ihren Traumurlaub mit Jet2holidays – vertrauen Sie uns!,Jet2holidayに勝るものはありません。今なら1人あたり50ポンド、4人家族なら200ポンドもお得です。22キロの荷物込みで、お子様連れのご家族向けの無料宿泊プランも多数ご用意しています。信頼できるJet2holidaysのパッケージ旅行を今すぐご予約ください。,"Rien ne vaut un séjour Jet2holiday ! En ce moment, vous pouvez économiser 50 £ par personne, soit 200 £ de réduction pour une famille de quatre. Des millions de séjours avec place enfant gratuite et 22 kg de bagages inclus sont disponibles. Réservez dès maintenant avec Jet2holiday et faites confiance à nos formules vacances.","Nic nie przebije oferty Jet2holiday, a teraz możesz zaoszczędzić pięćdziesiąt funtów na osobę, czyli dwieście funtów dla czteroosobowej rodziny. Mamy miliony darmowych wakacji z miejscem dla dzieci, z dwudziestoma dwoma kilogramami bagażu w cenie. Zarezerwuj teraz pakiety wakacyjne Jet2holidays, którym możesz zaufać."
"im stronger im smarter, im better, I AM BETTER","Soy más fuerte, soy más inteligente, soy mejor, SOY MEJOR","Я сильнее, я умнее, я лучше, Я ЛУЧШЕ","Eu sou mais forte, eu sou mais inteligente, eu sou melhor, EU SOU MELHOR","Ich bin stärker, ich bin klüger, ich bin besser, ICH BIN BESSER",私はより強く、より賢く、より良く、より優れている,"Je suis plus fort, je suis plus intelligent, je suis meilleur, JE SUIS MEILLEUR","Jestem silniejszy, jestem mądrzejszy, jestem lepszy, JESTEM LEPSZY"
pee is stored in the balls,La orina se almacena en las bolas,Моча хранится в яичках.,A urina fica armazenada nos testículos.,In den Hoden wird Urin gespeichert.,おしっこはボールの中に貯められます,L'urine est stockée dans les testicules.,mocz gromadzi się w jajach
"AGAIN, AGAIN, AGAIN, AGAIN, AGAIN, BORN AGAIN, AGAIN, AGAIN, AGAIN, AGAIN, AGAIN","OTRA VEZ, OTRA VEZ, OTRA VEZ, OTRA VEZ, NACIDO DE NUEVO, OTRA VEZ, OTRA VEZ, OTRA VEZ, OTRA VEZ","СНОВА, СНОВА, СНОВА, СНОВА, СНОВА, РОЖДАЮ СНОВА, СНОВА, СНОВА, СНОВА, СНОВА, СНОВА","DE NOVO, DE NOVO, DE NOVO, DE NOVO, DE NOVO, NASCIDOS DE NOVO, DE NOVO, DE NOVO, DE NOVO, DE NOVO, DE NOVO","WIEDER, WIEDER, WIEDER, WIEDER, WIEDER, WIEDER GEBOREN, WIEDER, WIEDER, WIEDER, WIEDER, WIEDER",もう一度、もう一度、もう一度、もう一度、もう一度、もう一度、生まれ変わる、もう一度、もう一度、もう一度、もう一度、もう一度、もう一度,"ENCORE, ENCORE, ENCORE, ENCORE, ENCORE, NÉ À NOUVEAU, ENCORE, ENCORE, ENCORE, ENCORE, ENCORE","PONOWNIE, PONOWNIE, PONOWNIE, PONOWNIE, PONOWNIE, NARODZONY PONOWNIE, PONOWNIE, PONOWNIE, PONOWNIE, PONOWNIE, PONOWNIE, PONOWNIE"
there's a bag of bits hidden somewhere in every boss,Hay una bolsa de piezas escondida en algún lugar de cada jefe.,В каждом боссе где-то спрятан мешочек с мелочами.,Há um saco de peças escondido em algum lugar em cada chefe.,In jedem Boss ist irgendwo ein Beutel mit Kleinteilen versteckt.,どのボスにもどこかにビットの袋が隠されている,Il y a un sac de pièces détachées caché quelque part dans chaque boss,w każdym bossie jest ukryta torba z częściami
there is no war in Ba Sing Se,No hay guerra en Ba Sing Se,В Ба Синг Се нет войны.,Não há guerra em Ba Sing Se.,In Ba Sing Se herrscht kein Krieg.,バシンセには戦争はない,Il n'y a pas de guerre à Ba Sing Se,w Ba Sing Se nie ma wojny
the wee you is underrated,El pequeño tú está subestimado,Этот малыш недооценен.,O pequeno você é subestimado,Du bist unterschätzt,小さなあなたは過小評価されている,Le petit toi est sous-estimé,ty mały jesteś niedoceniany
no game fell off harder than Roblocks,Ningún juego cayó más fuerte que Roblocks,"Ни одна игра не потерпела такого сокрушительного краха, как Roblocks.",Nenhum jogo perdeu tanto prestígio quanto Roblox.,Kein Spiel ist so stark gefallen wie Roblocks.,Roblocksほど落ち目になったゲームはない,Aucun jeu n'a connu un échec aussi retentissant que Roblocks.,żadna inna gra nie odniosła większego sukcesu niż Roblocks
"im eating animal crackers right now, jealous?","Estoy comiendo galletas de animales ahora mismo, ¿celosa?","Я сейчас ем печенье в форме животных, завидуешь?","Estou comendo biscoitos de animais agora mesmo, com inveja?","Ich esse gerade Tierkekse, bist du neidisch?",今動物せんべいを食べてるよ、羨ましい？,"Je mange des biscuits animaux en ce moment, vous êtes jaloux ?","Właśnie jem krakersy w kształcie zwierząt, zazdroszczę?"
,,#VALUE!,#VALUE!,#VALUE!,#VALUE!,#VALUE!,#VALUE!
,,#VALUE!,#VALUE!,#VALUE!,#VALUE!,#VALUE!,#VALUE!
whatchu want fat f***,"¿Qué quieres, carajo gordo?","Чего тебе нужно, жирный ублюдок?","O que você quer, seu gordo filho da puta?","Was willst du, du fette Sau?",お前はデブが何を望んでるんだ,"Qu'est-ce que tu veux, gros connard ?",czego chcesz gruby k***a
what the game?,¿Qué es el juego?,Что это за игра?,Qual é o jogo?,Welches Spiel?,何のゲーム？,Quel est le jeu ?,co za gra?
"it's about fighting bosses and stuff i guess, you're askin the wrong guy",Supongo que se trata de luchar contra jefes y esas cosas. Le estás preguntando a la persona equivocada.,"Полагаю, речь идёт о сражениях с боссами и всё такое, ты не к тому человеку обращаешься.","É sobre lutar contra chefões e coisas do tipo, eu acho. Você está perguntando para a pessoa errada.","Es geht wohl um Bosskämpfe und so, aber du fragst den Falschen.",ボスと戦ったりするってことだと思うけど、聞く相手が間違ってるよ,"Il s'agit de combattre des boss et tout ça, je suppose. Tu t'adresses à la mauvaise personne.","chodzi o walkę z bossami i takie tam, chyba pytasz niewłaściwą osobę"
"idk, its made by one guy so probobly not","No sé, lo hizo una sola persona, así que probablemente no.","Не знаю, его сделал один человек, так что, наверное, нет.","Não sei, foi feito por uma pessoa só, então provavelmente não.","Keine Ahnung, es wurde von nur einer Person entwickelt, also wahrscheinlich nicht.",わからないけど、これは1人の男が作ったものなので、おそらくそうではない,"Je ne sais pas, c'est fait par une seule personne, donc probablement pas.","nie wiem, zrobił to jeden facet, więc prawdopodobnie nie"
his brainrot ahh watches instergam reels,Su cerebro podrido ahh mira los carretes de Instergam,его мозговая деградация ахх смотрит instergam reels,sua podridão cerebral ahh assiste a rolos instérmicos,"Seine Hirnfäule, ahh, schaut sich Internet-Reels an.",彼の脳腐れはああインスタグラムのリールを見る,sa dégénérescence cérébrale ahh regarde des bobines instergam,jego mózg zgnił ahh ogląda filmy instergam
GYEAH,"Sí, sí",ДААА,É isso aí!,GYEAH,ぎゃー,OUAIS,GYEAH
u see that store?,¿Ves esa tienda?,Видишь тот магазин?,Você viu aquela loja?,Siehst du den Laden?,あの店が見えますか？,Tu vois ce magasin ?,Widziałeś ten sklep?
go in.,entrar.,входить.,entrar.,Geh hinein.,入る。,entrer.,wchodzić.
"i dont have all day fat***, i gotta stand in this spot some more","No tengo grasa todo el día, tengo que quedarme en este lugar un poco más","У меня нет целого дня, толстяк, мне нужно еще немного постоять на этом месте.","Não tenho o dia todo, gordo, preciso ficar parado aqui mais um pouco.","Ich habe nicht den ganzen Tag Zeit, ich muss noch etwas länger hier stehen bleiben.",一日中太っているわけじゃないから、もう少しこの場所に立たなきゃ,"J'ai pas toute la journée, gros lard, je dois rester là encore un peu.","nie mam tłuszczu przez cały dzień***, muszę jeszcze trochę wytrzymać w tym miejscu"
bye gyeah,"adiós, sí",пока-пока,tchau gyeah,bye gyeah,さようなら,au revoir gyeah,"pa, panie"
"i dont have all day fat***, i gotta stand in this spot some more","No tengo grasa todo el día, tengo que quedarme en este lugar un poco más","У меня нет целого дня, толстяк, мне нужно еще немного постоять на этом месте.","Não tenho o dia todo, gordo, preciso ficar parado aqui mais um pouco.","Ich habe nicht den ganzen Tag Zeit, ich muss noch etwas länger hier stehen bleiben.",一日中太っているわけじゃないから、もう少しこの場所に立たなきゃ,"J'ai pas toute la journée, gros lard, je dois rester là encore un peu.","nie mam tłuszczu przez cały dzień***, muszę jeszcze trochę wytrzymać w tym miejscu"
bye gyeah,"adiós, sí",пока-пока,tchau gyeah,bye gyeah,さようなら,au revoir gyeah,"pa, panie"
you dumb fat lard quit eating so much,"¡Tonta y gorda, deja de comer tanto!","Ты тупой жирный сало, перестань так много есть!","Seu gordo idiota, pare de comer tanto!","Du dummer, fetter Sack, hör auf, so viel zu essen!",このバカな太っちょはそんなに食べるのをやめろ,"Espèce de gros lard stupide, arrête de manger autant !",ty głupi gruby smalcu przestań tyle jeść
probly got fat in yur brain,Probablemente tienes grasa en el cerebro,"Наверное, у тебя в мозгу скопилось много жира.",Provavelmente engordou no seu cérebro.,Wahrscheinlich hat sich Fett in deinem Gehirn angesammelt,おそらく脳に脂肪がついたのだろう,Tu as probablement pris du poids dans ton cerveau,prawdopodobnie masz tłuszcz w mózgu
"i can smell the fat, fat f***","Puedo oler la grasa, grasa de mierda","Я чувствую запах жира, жирного ублюдка","Consigo sentir o cheiro daquele gordo, aquele gordo filho da puta.","Ich kann den fetten, fetten Kerl riechen",脂っこい、脂っこいクソの匂いがする,"je sens la graisse, la grosse merde","czuję zapach tłustego, tłustego k***sa"
come back when u graduate preschool,regresa cuando te gradúes de preescolar,"Возвращайся, когда закончишь детский сад.",Volte quando você se formar na pré-escola.,"Komm wieder, wenn du den Kindergarten abgeschlossen hast.",幼稚園を卒業したら戻ってきて,Reviens quand tu auras fini la maternelle.,"wróć, jak skończysz przedszkole"
if u dont wanna play thats fine with me,"Si no quieres jugar, por mí está bien.","Если ты не хочешь играть, это меня вполне устраивает.","Se você não quiser jogar, tudo bem para mim.","Wenn du nicht spielen willst, ist das für mich in Ordnung.",遊びたくないならそれでいいよ,"Si tu ne veux pas jouer, ça me va.","Jeśli nie chcesz grać, nie mam nic przeciwko"
bye gyeah,"adiós, sí",пока-пока,tchau gyeah,bye gyeah,さようなら,au revoir gyeah,"pa, panie"
yeah yeah bye chubber go eat some more jello,"Sí, sí, adiós gordito, ve a comer más gelatina.","Да-да, пока, толстяк, иди съешь еще желе.","É, é, tchau gordinho, vai comer mais gelatina.","Ja ja, tschüss Dickerchen, iss noch mehr Wackelpudding!",うんうん、さようならチャバー、もっとゼリーを食べに行きな,"Ouais ouais, salut gros lard, va manger encore de la gelée",tak tak pa chuber idź zjeść jeszcze trochę galaretki
GYEAH,"Sí, sí",ДААА,É isso aí!,GYEAH,ぎゃー,OUAIS,GYEAH
what now?,¿Y ahora qué?,Что теперь?,E agora?,Und nun?,次は何をする？,Et maintenant ?,co teraz?
uhh... you can press f2 to restart?,uhh... ¿puedes presionar f2 para reiniciar?,Эмм... можно нажать F2 для перезапуска?,Hum... você pode pressionar F2 para reiniciar?,"Ähm... man kann F2 drücken, um neu zu starten?",えっと…F2 キーを押して再起動できますか?,Euh... vous pouvez appuyer sur F2 pour redémarrer ?,"uhh... możesz nacisnąć f2, żeby zrestartować?"
idk talk to the store guy god damn,"No sé hablar con el chico de la tienda, maldita sea","Не знаю, поговори с продавцом в магазине, чёрт возьми.","Sei lá, fala com o cara da loja, caramba.","Keine Ahnung, sprich mit dem Typen im Laden, verdammt nochmal!",店員と話せねえよクソッ,"Je sais pas, parle au vendeur, putain !","nie wiem, porozmawiaj ze sprzedawcą, do cholery"
oh my god you motherfu,"Oh Dios mío, hijo de puta","О боже мой, ты, ублюдок!",ai meu deus seu filho da puta,"Oh mein Gott, du verdammter Mistkerl!",ああ、神様、あなたはクソだ,"Oh mon dieu, espèce d'enfoiré","o mój Boże, ty skurwysynu"
NOOOOOOOOOOOO S*** YOURSELF GRAAAAAAAAAH,"¡NOOOOOOOOOOOOO, MIERDA, GRAAAAAAAAAH!",НЕТ ...,NÃO! SE MERDA! GRAAAAAAAAH,NEEEEEEEEEEEEEIN SCHEIß DICH SELBST GRAAAAAAAAAH,いやああああああ、クソくらえ、グラーーーーー,NON ! TU ES MORT GRAAAAAAAAAH,NIEEE ...
FAT F*** OOOOOHMAHHGNYEEAAAAAHHHHD NO!,GORDA M*** OOOOOHMAHHGNYEEAAAAAHHHHD ¡NO!,ЖИРНЫЙ *** ООООООООООООООООООООООООООООООООООООООООООООООООООООООООООООООООООООООООООООООООООООООООООООООООООООООООООООООООООООООООООООООООООООООООООООООООООООООООООООООООООООО до МАХ-ГНЫЕАААААА-НЕТ!,GORDO F*** OOOOOHMAHHGNYEEAAAAAHHHHD NÃO!,FAT F*** OOOOOHMAHHGNYEEAAAAAHHHHD NEIN!,デブクソ*** おおおおおおおおおおおおおおおおおおおおおおおおおおおおおおおおおおおおおおおおおおおおおおおおおおおおおおおおおおおおおおおおおおおおおおおおおおおおおおおおおおおおおおおおおおおおおおおおおおおおおおおおおおおおおおおおおおおおおおおおおおおおおおおおおおおおおおおおおおおおおおおおおおおおおおおおおおおおおおおおおおおおおおおおおおおおおおおおおおおおおおおおおおおおおおおおおおおおおおおおおおおおおおおおおおおおおおおおおおおおおおおお！,GROS F*** OOOOOOHMAHHGNYEEAAAAAHHHHD NON !,GRUBY KURWA OOOOOHMAHGNYEEAAAAAHHHHD NIE!
GETTHEF***OUTAHERE GYEEEEEEAAAAAAAAAAAAAAAAAAAAAAAAAAAAHhhhAAAhhhhAAAAhhhhAAAAAAAH!!,GETTHEF***OUTAHERE GYEEEEEEAAAAAAAAAAAAAAAAAAAAAAAAAAAAHhhhAAAhhhhAAAahhhhAAAAAAAH!!,"ПОЛУЧИТЕ *** ЗДЕСЬ, ДАААААААААААААААААААААААААААААААААААААААААААААААААААААААААААА!!",TÁ *** FORA AQUI GYEEEEEEAAAAAAAAAAAAAAAAAAAAAAAHhhhAAAhhhhAAAAhhhhAAAAAAAH!!,GETTHEF***OUTAHERE GYEEEEEEAAAAAAAAAAAAAAAAAAAAAAAAAAAAHhhhAAAhhhhAAAAhhhhAAAAAAAH!!,GETTHEF***OUTAHERE GYEEEEEEああああああああああああああああああああああああああああああああああああああああああああああああ！！,GETTHEF***OUTAHERE GYEEEEEEAAAAAAAAAAAAAAAAAAAAAAAAAAAAAHhhhAAAhhhhAAAAhhhhAAAAAAAH !!,WYJDŹ TUTAJ GYEEEEEEEEEEEEEEEEEEEEEEEEEEEEEEEEEEEEEEEEEEEEEEEEEEEEEEEEEEEEEEEEEEEEEEEEEEEEEEEEEEEEEEAAAAAAAAAAAAAAAAAAAAAAAAAAAAAAAAAAAAAAAAAAAAAAAAAA!!
YOU FAT F*** YOU WANT A BEEF TACO DONT YOU FAT***,"GORDO DE MIERDA, ¿QUIERES UN TACO DE CARNE, NO GORDO***?","Ты, жирный ублюдок, хочешь тако с говядиной, не так ли, жирный ублюдок?","SEU GORDO DE MERDA, VOCÊ QUER UM TACO DE CARNE, NÃO É, SEU GORDO?","DU FETTES FICK, WILLST DU NICHT EIN RINDFLEISCH-TACO, DU FETTES FICK?",このデブ野郎、ビーフタコスが食べたいんでしょ、デブ野郎,"GROS CON, TU VEUX UN TACOS AU BŒUF, PAS GROS CON ?","TY GRUBY CHCESZ TACO Z WOŁOWINĄ, CZY NIE JESTEŚ GRUBY***"
YOU WANT THE IIIIICE CREAM!?!?!?,¿¡QUIERES EL HELADO!?!?!?,ТЫ ХОЧЕШЬ МОРОЖЕНОЕ?!?!?,VOCÊ QUER SORVETE?!?!?,DU WILLST DAS EISCREME?!?!?,アイスクリームが欲しいんですか！？！？！？,TU VEUX DE LA GLACE ?!?!?!?,CHCESZ LODÓW!?!?!?
EVERY DAY YOU WANT A PIZZA SLICE YOU FAT,"TODOS LOS DÍAS SI QUIERES UNA REBANADA DE PIZZA, ENGORDAS","Каждый день тебе хочется кусочек пиццы, ты толстяк!","TODO DIA VOCÊ QUER UMA FATIA DE PIZZA, SEU GORDO","JEDEN TAG WILLST DU EIN STÜCK PIZZA, DU FETTES DU",毎日ピザを食べたくなる,"TU AS ENVIE D'UNE PART DE PIZZA TOUS LES JOURS, GROS GROS","KAŻDEGO DNIA CHCESZ KAWAŁEK PIZZY, JESTEŚ GRUBY"
FAT,GORDO,ТОЛСТЫЙ,GORDO,FETT,脂肪,GRAISSE,TŁUSZCZ
FAT F***,GORDO DE MIERDA,ЖИРНЫЙ Ублюдок,GORDO FILHO DA PUTA,FETTER SCHEISSKERL,デブ野郎,GROS CON,GRUBY KURWA
GYEEEAAHAHHHMHMMMNMMNMMM!!,¡¡¡GYEEAAHAHHHMHMMMNMMNMMM!!,ГИЕЕЕААХАХХМХМММНММНММ!!,GYEEEAAHAHHHMHMMMNMMNMMM!!,GYEEEAAHAHHHMHMMMNMMNMMM!!,ぎゃあああああああああ!!,GYEEEAAHAHHHMHMMMNMMNMMM!!,GYEEEAAHAHHHMHMMMNMMNMMM!!
get outta here jelly boy,"¡Sal de aquí, chico gelatinoso!","Убирайся отсюда, желеобразный мальчик","Sai daqui, garoto gelatinoso","Hau ab, du Weichei!",ジェリーボーイ、ここから出て行け,"Dégage, petit bonhomme.","wynoś się stąd, galaretkowaty chłopcze"
GYYEEEEEAH,GYYEEEEEAH,ГЙЙЕЕЕЕАХ,GYYEEEEEAH,GYEEEEEAH,ぎゃーーー,GYYEEEEEAH,GYYEEEEEEAH
hey fatty,Hola gordito,"Эй, толстяк!","Ei, gordinho","Hey, Dickerchen!",おい、デブ,"Hé, grosse !",hej grubasie
"nah, only fat people paint stuff gyeah","No, solo la gente gorda pinta cosas, sí.","Нет, только толстые люди рисуют, да.","Não, só pessoas gordas pintam coisas, é isso aí.","Naja, nur dicke Leute malen Sachen, ja.",いや、太った人だけが絵を描くんだよ,"Non, seuls les gros peignent des trucs, ouais.","nie, tylko grubasy malują rzeczy, kurde"
GNO,GNO,ГНО,GNO,GNO,GNO,GNO,GNO
what?,¿qué?,что?,o que?,Was?,何？,quoi ?,Co?
real like how? like are they made of wood?,real como ¿cómo? ¿están hechos de madera?,"Как это вообще возможно? Они что, сделаны из дерева?","Tipo, como assim? São feitos de madeira?",Echt? Wie genau? Sind die aus Holz?,本物ってどういうこと？例えば木でできてる？,"Vraiment comment ? Genre, elles sont en bois ?",jak prawdziwe? czy są zrobione z drewna?
and metal?,¿Y el metal?,А металл?,E metal?,und Metall?,そして金属？,et du métal ?,i metalu?
and brush..... material?,y pincel.....material?,и кисть... материал?,e pincel... material?,und Pinsel... Material?,そしてブラシ.....材質は？,et le pinceau... matériau ?,i pędzel.....materiał?
you're fat at small talk gyeah,"Estás gordo para las charlas triviales, sí","Ты толстый, когда дело доходит до светской беседы, да?","Você é péssimo em conversa fiada, é mesmo?","Du bist ein Witz im Smalltalk, ja?",君は世間話が得意だね,"t'es nul en conversation banale, ouais","jesteś gruba w small talku, gyeah"
tf is this smile man.,tf es esta sonrisa hombre.,"Что это за улыбка, чувак?","Que sorriso é esse, cara?","Was zum Teufel ist das für ein Lächeln, Mann?",この笑顔は何なんだよ。,"C'est quoi ce sourire, mec ?",tf to ten uśmiechnięty człowiek.
"sh*t's creepy, but like in a fat way.","La mierda es espeluznante, pero en el sentido gordo.","Это жутко, но в каком-то смысле, как у толстяка.","É assustador, mas de um jeito meio gordo.","Das ist echt gruselig, aber auf eine total abgefahrene Art.",気持ち悪いけど、太った感じで気持ち悪いよ。,"C'est flippant, mais genre gros.","to jest straszne, ale w gruby sposób."
whoever made it's probably got grease falls pouring out of their fat f***ing rotund fat rolls.,Quien lo haya hecho probablemente tenga cataratas de grasa saliendo de sus jodidos y redondos panecillos gordos.,"Тот, кто это приготовил, наверняка аж жирные складки льются рекой.",Quem fez isso provavelmente tem gordura escorrendo de suas enormes dobras de gordura.,"Wer auch immer das gemacht hat, dem tropft wahrscheinlich das Fett aus seinen fetten, verdammt runden Speckröllchen.",これを作った人は、その太った脂肪の塊から油が流れ出ているに違いない。,Celui qui a fait ça doit avoir de la graisse qui dégouline de ses gros bourrelets bien ronds.,"ktokolwiek to zrobił, pewnie ma tłuste krople wylewające się z jego grubych, k**** grubych wałków."
WHY THE F*CK ARE YOU TALKING DON'T F*CKING TALK TO ME UNTIL YOU'RE NOT THE FATTEST F*CKING THING TO EVER WALK THE EARTH.,¿POR QUÉ COÑO HABLAS? NO ME HABLES HASTA QUE NO SEAS LA COSA MÁS GORDA QUE HA CAMINADO JAMÁS SOBRE LA TIERRA.,"С какого хрена ты со мной разговариваешь? Не смей со мной разговаривать, пока не перестанешь быть самым толстым существом на земле.",POR QUE RAIOS VOCÊ ESTÁ FALANDO? NÃO FALE COMIGO ATÉ QUE VOCÊ NÃO SEJA A COISA MAIS GORDA QUE JÁ PISOU A TERRA.,"WARUM ZUM TEUFEL REDEST DU DA? REDE NICHT MIT MIR, BIS DU NICHT MEHR DAS FETTESTE VERDAMMTE DING BIST, DAS JE AUF DER ERDE GEWANNT IST.",なんで喋ってるんだよ。地球上で最もデブじゃなくなるまで俺に話しかけるなよ。,"POURQUOI TU PARLES, PUTAIN ? NE ME PARLE PLUS TANT QUE TU NE SERAS PAS LA CHOSE LA PLUS GROSSE AYANT JAMAIS FAIT LE TERRE.","DLACZEGO DO CHOLERY TY gadasz? NIE MÓW DO MNIE, DOPÓKI NIE BĘDZIESZ NAJGRUBSZYM, KURWA, JAKIM KIEDYKOLWIEK CHODZIŁO PO ZIEMI."
I CAN'T F*CKING TELL IF YOU'RE THE LARGEST FUCKING THING TO NOT FIT IN MY FIELD OF VIEW OR IF YOU'RE JUST PREGNANT WITH 415 F*CKING KIDS.,NO PUEDO DECIR SI ERES LA COSA MÁS GRANDE QUE NO CABE EN MI CAMPO DE VISIÓN O SI SOLO ESTÁS EMBARAZADA DE 415 PUTOS HIJOS.,"Я, блять, не могу понять, ты просто самая большая, блять, штука, которая не помещается в моём поле зрения, или ты просто беременна 415, блять, детьми.",Eu não consigo dizer se você é a maior coisa que não cabe no meu campo de visão ou se você está grávida de 415 filhos.,"ICH KANN NICHT SCHAUEN, OB DU DAS GRÖSSTE VERDAMMTE DING BIST, DAS NICHT IN MEIN SICHTFELD PASST, ODER OB DU EINFACH NUR MIT 415 VERDAMMTEN KINDERN SCHWANGER BIST.",お前が俺の視界に収まらないほど巨大な存在なのか、それとも415人もの子供を妊娠しているのか、俺には分からない。,JE N'ARRIVE PAS À DIRE SI TU ES LA PLUS GROSSE CHOSE QUI NE TIENT PAS DANS MON CHAMP DE VUE OU SI TU ES JUSTE ENCEINTE DE 415 PUTAIN D'ENFANTS.,"NIE MOGĘ KURWA POZNAĆ, CZY JESTEŚ NAJWIĘKSZĄ RZECZĄ, KTÓRA NIE PASUJE DO MOJEGO POLA WIDZENIA, CZY PO PROSTU JESTEŚ W CIĄŻY Z 415 DZIEĆMI."
THE MOON AIN'T SH*T COMPARED TO YOU YOU'RE THE F*CKING REASON FOR TIDAL WAVES.,"LA LUNA NO ES UNA MIERDA COMPARADA CONTIGO, ERES LA MALDITA RAZÓN DE LOS MAREMONOS.","Луна — ничто по сравнению с тобой, ты, блядь, причина приливных волн.",A lua não é nada comparada a você. Você é o verdadeiro motivo dos tsunamis.,"DER MOND IST NICHTS IM VERGLEICH ZU DIR, DU BIST DER VERDAMMTE GRUND FÜR DIE TIDALWELLE.",月はあなたに比べれば取るに足らない存在。あなたは津波を引き起こすファッキンな原因なのです。,"LA LUNE, C'EST DE LA MERDE COMPARÉ À TOI, C'EST TOI QUI ES LA PUTAIN DE RAISON DES MARÉES.",KSIĘŻYC TO NIC NIE ZNACZY W PORÓWNANIU Z TOBĄ. JESTEŚ CHOLERNYM POWODEM FAL PRZYPŁYWOWYCH.
EVERY TIME YOU BREATHE YOU MOVE TECTONIC PLATES YOU FAT,CADA VEZ QUE RESPIRAS MUEVES PLACAS TECTÓNICAS ENGRASAS,"Каждый раз, когда ты дышишь, ты двигаешь тектонические плиты, ты толстеешь.","A cada respiração, você move as placas tectônicas. Você engorda.",Bei jedem Atemzug bewegen sich tektonische Platten. Du Fett,呼吸するたびにプレートが動き、太ります,"À CHAQUE FOIS QUE VOUS RESPIREZ, VOUS FAITES BOUGER LES PLAQUES TECTONIQUES, VOUS GROSSEZ","ZA KAŻDYM RAZEM, GDY ODDYCHASZ, PRZESUWASZ PŁYTY TEKTONICZNE, TYJESZ"
FAT,GORDO,ТОЛСТЫЙ,GORDO,FETT,脂肪,GRAISSE,TŁUSZCZ
FAT,GORDO,ТОЛСТЫЙ,GORDO,FETT,脂肪,GRAISSE,TŁUSZCZ
F*CK!!,¡¡¡JODER!!!,ЧЁРТ ВОЗЬМИ!!,PORRA!!,VERDAMMT!!,クソッ!!,PUTAIN !!,KURWA!!
gyea,gyea,гиеа,gyea,gyea,ギャ,gyea,gyea
uhhhhh hey man...,uhhhhh hola hombre...,"Ээээ, привет, чувак...",uhhhhh ei cara...,"Ähm, hey Mann...",うーん、やあ…,euhhhhh salut mec...,uhhhhh hej stary...
Yknow just...,¿Sabes? Simplemente...,"Ну, просто...","Sabe, só...","Weißt du, einfach...",ええと…,"Tu sais, juste...","Wiesz, po prostu..."
stoppin by your place yknow?,"Pasando por tu casa, ¿sabes?","Заскочил к тебе, знаешь?","Vou dar uma passadinha na sua casa, sabe?","Ich schau mal bei dir vorbei, weißt du?",あなたのところに立ち寄るんだよ、知ってる？,"Je passerais chez toi, tu sais ?","wpadam do ciebie, wiesz?"
I DONT LIVE AT A FAT HOTEL YOU LIVE AT FAT HOTELS YOUVE PROBLY BEEN TO EVERY FAT F*** HOTEL ON EARTH,"YO NO VIVO EN UN HOTEL PARA GORDOS, VIVES EN HOTELES PARA GORDOS. PROBABLEMENTE HAS ESTADO EN TODOS LOS HOTELES PARA GORDOS DE LA TIERRA.","Я не живу в отеле для толстяков, это вы живете в отелях для толстяков. Вы, наверное, побывали во всех этих чертовых отелях на земле.","Eu não moro em um hotel para gordos, você mora em hotéis para gordos. Você provavelmente já esteve em todos os hotéis para gordos do mundo.","ICH WOHNE NICHT IN EINEM FETTEN HOTEL, DU WOHNST IN FETTEN HOTELS, DU WARST WAHRSCHEINLICH SCHON IN JEDEM FETTEN HOTEL DER WELT",私はデブホテルに住んでない。君はデブホテルに住んでる。君は地球上のあらゆるデブホテルに行ったことがあるだろう。,"JE NE VIS PAS DANS UN HÔTEL POUR GROS, C'EST VOUS QUI VIVEZ DANS DES HÔTELS POUR GROS, VOUS AVEZ PROBABLEMENT FAIT LE TOUR DE TOUS LES HÔTELS POUR GROS DE LA TERRE",NIE MIESZKAM W GRUBYM HOTELU. TY MIESZKASZ W GRUBYCH HOTELACH. PRAWDOPODOBNIE BYŁEŚ W KAŻDYM GRUBYM HOTELU NA ŚWIECIE.
YOU BREATH FATLY DID YOU KNOW THAT YOU BREATH FATLY I CAN SMELL YOUR FATNESS FROM ACROSS THE MAP,RESPIRAS FUERTE ¿SABÍAS QUE RESPIRAS FUERTE? PUEDO OLER TU GORDA DESDE TODO EL MAPA,"Ты дышишь жиром, ты знаешь, что дышишь жиром? Я чувствую запах твоей жирности издалека.","Você tem um hálito pesado, sabia? Eu consigo sentir o cheiro da sua gordura do outro lado do mapa.","Du atmest fett. Wusstest du, dass du fett atmest? Ich kann deine Fettleibigkeit von der anderen Seite der Karte riechen.",君の息は脂ぎってるね 君の息は脂ぎってるって知ってた？ 地図の向こうからでも君の太り具合がわかるよ,Tu respires grassement. Savais-tu que tu respires grassement ? Je peux sentir ta graisse de l'autre côté de la carte.,"ODDYCHASZ GŁUPOTO CZY WIESZ, ŻE ODDYCHASZ GŁUPOTO CZY MOGĘ WYCZUĆ TWOJĄ GŁUPOTĘ Z CAŁEJ MAPY"
YOU HAVE GRAVITATIONAL FATNESS YOU HAVE FOUR FAT SEASONS YOU ORBIT A FAT SUN FAT F*** PLANET F***,TIENES GRAVEDAD GRAVITACIONAL TIENES CUATRO ESTACIONES DE GORDA ORBITAS UN SOL GORDO UN PLANETA GORDO DE MIERDA,"У тебя гравитационная полнота, у тебя четыре времени года, когда ты толстеешь, ты вращаешься вокруг толстого солнца, жирная планета, блин, блин!",VOCÊ TEM GORDURA GRAVITACIONAL VOCÊ TEM QUATRO ESTAÇÕES GORDAS VOCÊ ORBITA UM SOL GORDO PLANETA GORDO F*** F***,"DU BIST DURCH DIE GRAVITATION FETT, DU HAST VIER FETT-JAHREZEITEN, DU UMKREIST EINE FETTE SONNE, FETTER PLANET, FETTER PLANET",君には重力肥満がある 君には肥満の四季がある 君は肥満の太陽を周回している 肥満のクソ惑星を周回している,"TU AS UNE GRAISSE GRAVITATIONNELLE, TU AS QUATRE SAISONS GRASSES, TU ORBITES AUTOUR D'UN GROS SOLEIL, GROSSE PLANÈTE, PUTAIN DE PLANÈTE, PUTAIN DE PLANÈTE","MASZ GRAWITACJĘ, MASZ CZTERY GRUBE PORY ROKU, ORBITUJESZ WOKÓŁ GRUBEGO SŁOŃCA, GRUBE K***A, PLANETĘ K***A"
F***ING S*** YOU F*** A** B**** NO F***ING HUMAN COULD F***ING DREAM OF BEING AS H U M O N G U S AS YOU FAT A** FAT B*** A** FAT,"JODIDA MIERDA, JODIDA P*TA, NINGÚN JODIDO HUMANO PODRÍA SOÑAR CON SER TAN HUMOR COMO TÚ, GORDO, GORDO, GORDO","Ебаная дрянь, ты, ебаная сука! Ни один ебаный человек не мог бы и мечтать быть таким же огромным, как ты, жирная сука!","SEU FILHO DA PUTA, SEU FILHO DA PUTA! NENHUM SER HUMANO PODERIA SONHAR EM SER TÃO GORDO QUANTO VOCÊ, SEU GORDO, SEU FILHO DA PUTA!","Verdammte Scheiße, du verdammte Schlampe! Kein Mensch könnte sich vorstellen, so menschlich zu sein wie du, du fette Schlampe!",クソったれ、お前はクソ野郎、どんな人間もお前のような人間にはなれない、デブ、デブ、デブ、女、デブ,"PUTAIN DE SALOPE, ESPÈCE DE CONNASSE ! AUCUN HUMAIN NE POURRAIT RÊVER D'ÊTRE AUSSI HUMAIN QUE TOI, GROSSE CONNASSE !","K***A, TY K***A, K***A, KU**A, ŻADEN K***A CZŁOWIEK NIE MOŻE K***A MARZYĆ O BYCIU TAKIM CZŁOWIEKIEM JAK TY GRUBA KU**A, GRUBA KU**A, GRUBA"
FAT TUBBY LARDY CHUBBY BLUBBERY CHUNKY MONKEY ROUND F*** YOU MAKE EAR SHATTERING SOUND WHEN YOU WALK HEAD A*** B****,"GORDO REBOZADO, REGORDIZO, GORDIZO, MONO REBORDE, JODIDO, HACES UN RUIDO ENSORPRENDENTE CUANDO CAMINAS, CABEZA DE C***, P****","Толстый, пухлый, сочный, тугой, толстый, коренастый, обезьяна, круглый, блядь, ты издаешь оглушительный звук, когда ходишь, тупой, ебаный, ебаный","GORDO, CHEINHO, RECHEADO, GORDINHO, CHEINHO, MACACO REDONDO, FODA-SE, VOCÊ FAZ UM SOM ENSURDECEDOR QUANDO ANDA, SEU IDIOTA!","DICKER, PULSIGER, SCHLANKER, PUMPIGER, SPECKIGER, KNOCHENHAFTER AFFE, RUND, F*** DU MACHST EIN OHRENSCHÜTZENDES GERÄUSCH, WENN DU GEHST, KOPF, A***, SCHLAMPE",太って、ずんぐりして、太って、脂肪で、ずんぐりして、猿みたいに丸くて、歩くたびに耳をつんざくような音を立てる、頭がA*** B****,GROS GROS GROS GROS GROS GROS GROS SINGE ROND TU FAIS UN BRUIT ASSOURDISSANT QUAND TU MARCHES TÊTE DE CON,"GRUBY, GRUBSZY, DUŻY, PULSYWNY, OBRUŚNY, OBRUŚNY, MAŁPA, OKRĄGŁY, KURWA, WYDAJESZ DŹWIĘK ROZTRZASKAJĄCY USZ, GŁOWA, DUPA, SUKA"
HOLY F*** MY HEART,¡Santo cielo! Mi corazón,"ЧЁРТ ВОЗЬМИ, МОЁ СЕРДЦЕ","PUTA QUE PARIU, MEU CORAÇÃO","HEILIGE SCHEISSE, MEIN HERZ",なんてこった、私の心,PUTAIN DE MERDE MON CŒUR,"O cholera, moje serce"
*death*,*muerte*,*смерть*,*morte*,*Tod*,*死*,*la mort*,*śmierć*
what a dumb fountain,¡Qué fuente más tonta!,Какой же глупый фонтан!,Que fonte idiota,Was für ein blöder Brunnen!,なんて馬鹿げた噴水だ,Quelle fontaine stupide,jaka głupia fontanna
probly cuz you're fat,Probablemente porque estás gorda,"Вероятно, потому что ты толстый.",Provavelmente porque você é gordo(a).,"Vermutlich, weil du dick bist.",たぶん太ってるからだろう,Probablement parce que tu es gros,"prawdopodobnie dlatego, że jesteś gruby"
GYEAH,"Sí, sí",ДААА,É isso aí!,GYEAH,ぎゃー,OUAIS,GYEAH
YOU'RE A DUMB FOUNTAIN AEAEAEAEEAAAAHAHAGAGAGAAAAA,ERES UNA FUENTE TONTA AEAEAEAEEAAAAHAHAGAGAGAAAAA,ТЫ ТУПОЙ ФОНТАН АЭ ...,VOCÊ É UMA FONTE IDIOTA AEAEAEAEEAAAAHAHAGAGAGAAAAA,DU BIST EIN DUMMER BRUNNEN AEAEAEAEEAAAAHAHAGAGAGAAAAA,君はバカな噴水だ、あああああああ、ハハガガガァァァ,TU ES UNE FONDUE STUPIDE AEAEAEAEEAAAAHAHAGAGAGAAAAA,JESTEŚ GŁUPIĄ FONTANNĄ AEAEAEAEEAAAAHAHAGAGAGAAAAA
GYEAH,"Sí, sí",ДААА,É isso aí!,GYEAH,ぎゃー,OUAIS,GYEAH
"don't eat the gloop fat man, I heard it's letha-","No comas esa sustancia pegajosa, gordo. He oído que es letal.","Не ешь эту липкую массу, толстяк, я слышал, она смертельна!","Não coma essa gosma, gordo! Ouvi dizer que é letal.","Iss den Schleim nicht, du Dickerchen, ich hab gehört, der ist tödlich!",グジュグジュのデブは食べないで。致命的だって聞いたから…,"Ne mange pas cette bouillie, gros bonhomme, j'ai entendu dire qu'elle est mortelle.","nie jedz tego kleiku grubasie, słyszałem, że jest śmiertelny"
eat the gloop girth king,come la grosura rey de la circunferencia,"съешьте эту липкую массу, король обхвата",coma o rei da circunferência gosmenta,Iss den Schleim-Umfangskönig,グループガースキングを食べる,mange le roi de la circonférence gluante,"zjedz gluta, król obwodu"
"because I don't f***ing like you, go, now, eat the fucking gloop gyeah","Porque no me gustas una mierda, vete, ahora, come esa maldita sustancia pegajosa, jeje","Потому что ты мне, блять, не нравишься, иди, ну и съешь эту ебаную жижу, да","Porque eu não gosto de você, então vai, agora, come essa gosma horrível!","Weil ich dich verdammt nochmal nicht mag, geh jetzt und iss den verdammten Schleim, ja?",お前のことなんて嫌いだから、今すぐ、そのクソみたいなグジュグジュを食らえ,"Parce que je ne t'aime pas, putain, vas-y, mange cette putain de bouillie !","bo cię kurwa nie lubię, idź już i zjedz tę pieprzoną glutę, dziewczyno"
"you did, by being as fat as you are in the same vicinity as me.","Lo hiciste, al ser tan gordo como estás y estar en la misma vecindad que yo.","Да, это так, потому что ты такой толстый и находишься рядом со мной.","Você conseguiu, por ser tão gordo quanto você e estar na mesma região que eu.","Das hast du getan, indem du so fett bist wie du und dich in meiner Nähe aufhältst.",あなたは私と同じぐらい太っていたので、そうしました。,"Tu l'as fait, en étant aussi grosse que toi et à proximité de moi.","zrobiłeś to, będąc tak grubym i będąc w pobliżu mnie."
"actually, you're always in the same vicinity as me.","En realidad, siempre estás en la misma zona que yo.","На самом деле, ты всегда находишься рядом со мной.","Na verdade, você está sempre por perto, assim como eu.",Tatsächlich befindest du dich immer in der gleichen Gegend wie ich.,実際、あなたはいつも私と同じ近くにいるんです。,"En fait, tu es toujours dans les environs de moi.","Tak naprawdę, zawsze jesteś w tej samej okolicy co ja."
"BECAUSE YOUR A FOOD HOARDING MONSTER, IF YOU DIED WORLD HUNGER WOULD CEASE TO EXIST, YOU'RE THE REASON FOR THE GREAT FAMINE YOU CHUNKY PIECE OF S***, JESUS ONLY HAS HIS FASTING RECORD BECAUSE HE COULDN'T FIND ANY FOOD THAT WASN'T ALREADY CLOGGING YOUR OBESE ARTERIES, INFLATING YOUR HEART OR STUCK IN THAT VORTEX YOU CALL A THROAT, NOW EAT THE F***ING GLOOP gyeah","PORQUE ERES UN MONSTRUO ACUMULADOR DE COMIDA, SI MURIERAS EL HAMBRE MUNDIAL DEJARÍA DE EXISTIR, ERES LA RAZÓN DE LA GRAN HAMBURGUESA, GORDO DE MIERDA, JESÚS SOLO TIENE SU RÉCORD DE AYUNO PORQUE NO PUDO ENCONTRAR NINGUNA COMIDA QUE NO ESTUVIERA YA OBSTRUYENDO TUS ARTERIAS OBESAS, INFLANDO TU CORAZÓN O ATASCADO EN ESE VÓRTICE QUE LLAMAS GARGANTA, AHORA CÓMETE LA PUTA PEGAJOSA, sí","Потому что ты монстр, запасающий еду, если бы ты умер, мировой голод прекратил бы существовать. Ты причина великого голода, ты, толстый кусок дерьма. У Иисуса есть записи о постах только потому, что он не смог найти никакой еды, которая не забивала бы твои тучные артерии, не раздувала сердце или не застревала в этом вихре, который ты называешь горлом. А теперь съешь эту чёртову жижу!","Porque você é um monstro acumulador de comida, se você morresse, a fome no mundo deixaria de existir. Você é o motivo da Grande Fome, seu pedaço de merda gordo. Jesus só tem o recorde de jejum porque não conseguia encontrar comida que não estivesse entupindo suas artérias obesas, inflando seu coração ou preso naquele vórtice que você chama de garganta. Agora coma essa porcaria de gosma!","Weil du ein gieriges Monster bist, würde der Welthunger aufhören zu existieren, wenn du stürbst. Du bist der Grund für die große Hungersnot, du fettes Stück Scheiße. Jesus hat seinen Fastenrekord nur, weil er kein Essen finden konnte, das nicht schon deine fetten Arterien verstopfte, dein Herz aufblähte oder in diesem Strudel feststeckte, den du Kehle nennst. Jetzt friss endlich den verdammten Schleim!",お前は食料貯蔵モンスターだから、お前が死ねば世界の飢餓はなくなる、大飢饉の原因はお前自身だ、このデブ野郎、イエスが断食記録を持っているのは、お前の太った動脈を詰まらせたり、心臓を膨張させたり、お前が喉と呼ぶ渦に巻き込まれたりしていない食べ物を見つけられなかったからだ、今すぐそのクソみたいな塊を食べろ、ぎゃー,"Parce que tu es un monstre qui thésaurise la nourriture, si tu mourais, la faim dans le monde cesserait d'exister, tu es la cause de la grande famine, espèce de gros tas de merde, Jésus n'a ses records de jeûne que parce qu'il ne trouvait pas de nourriture qui ne bouchait pas déjà tes artères obèses, qui ne gonflait pas ton cœur ou qui ne restait pas coincée dans ce vortex que tu appelles une gorge, maintenant mange cette putain de bouillie gyeah","BO JESTEŚ POTWOREM GROMADZĄCYM ŻYWNOŚĆ. GDYBYŚ UMARŁ, GŁÓD NA ŚWIECIE PRZESTAŁBY ISTNIEĆ, JESTEŚ POWODEM WIELKIEGO GŁODU, TY GRUBY KAWAŁKU GÓWNA. JEZUS MA SWÓJ REJESTR POSTÓW TYLKO DLATEGO, ŻE NIE MÓGŁ ZNALEŹĆ ŻADNEGO JEDZENIA, KTÓRE NIE ZATYKAŁOBY TWOICH OTYŁYCH TĘTNIC, NIE ROZPYLAŁO TWOJEGO SERCA LUB NIE UTkwiło W TYM WIRZE, KTÓRY NAZYWASZ GARDĄ. TERAZ ZJEDZ TĘ PIEPRZONĄ GLUPOTĘ, Gyeah"
GYEAH,"Sí, sí",ДААА,É isso aí!,GYEAH,ぎゃー,OUAIS,GYEAH
yeah I'm stealing one and bombing your house,"Sí, voy a robar uno y bombardear tu casa.","Да, я украду один и взорву твой дом.","Sim, vou roubar uma e bombardear sua casa.","Ja, ich klaue eins und bombardiere dein Haus.",そうだ、一つ盗んで君の家を爆撃するよ,"Ouais, j'en vole une et je fais sauter ta maison","tak, ukradnę jeden i zbombarduję twój dom"
uhhh you live at the fat hotel chubby cheeks,"Uhhh vives en el hotel gordo, mejillas regordetas","Эээ, ты живёшь в отеле для толстяков с пухлыми щеками?","Uhhh, você mora no hotel dos gordos, bochechas rechonchudas.","Ähm, du wohnst im Hotel für Dicke, Pausbäckchen?",ああ、あなたは太ったホテルに住んでいるのね、ぽっちゃりした頬,"Euh, tu habites à l'hôtel des gros, joues potelées ?",uhhh mieszkasz w grubym hotelu pulchne policzki
"I DON'T LIVE AT THE FAT HOTEL YOU LARDASS F***ING WHALE, YOU'VE CUT AT LEAST 20 YEARS OFF YOUR LIFE BECAUSE OF HOW DISGUSTING OF A F***ING GOURMAND GIRTHY GLUTTON GERD BOY YOU ARE, MORE PEOPLE DIE CLIMBING YOUR BEHEMOTH ASS YEARLY THAN EVEREST, I'LL KEEP BOMBING FAT HOTELS UNTIL I RID THE WORLD OF YOUR PLANETARY GIRTH gyeah","NO VIVO EN EL HOTEL GORDO, IMPRESIONANTE BALLENA, TE HAS CORTADO AL MENOS 20 AÑOS DE VIDA POR LO ASQUEROSO QUE ERES COMO UN CHICO GOLÓN, GOURMAND Y GORDO, MÁS GENTE MUERE ESCALANDO TU TRASERO GIGANTE CADA AÑO QUE EL EVEREST, SEGUIRÉ BOMBARDEANDO HOTELES GORDOS HASTA LIBERAR AL MUNDO DE TU CINTA PLANETARIA, sí.","Я не живу в этом жирном отеле, ты, жирный, чёртов кит! Ты сократил свою жизнь как минимум на 20 лет из-за того, какой ты отвратительный, толстый, обжорливый, страдающий ГЭРБ-мальчик! Каждый год больше людей умирают, залезая на твою гигантскую задницу, чем на Эвересте! Я буду продолжать бомбить жирные отели, пока не избавлю мир от твоей планетарной толщины!","Eu não moro no Hotel dos Gordos, seu gordo desgraçado! Você cortou pelo menos 20 anos da sua vida por ser um glutão nojento e guloso como você é. Mais pessoas morrem escalando sua bunda enorme todo ano do que no Everest. Vou continuar bombardeando hotéis de gordos até livrar o mundo da sua circunferência planetária!","Ich wohne nicht im Fetthotel, du fetter, verdammter Wal! Du hast dir mindestens 20 Jahre deines Lebens versaut, weil du so ein widerlicher, fetter, gieriger Fresser bist! Mehr Menschen sterben jedes Jahr beim Erklimmen deines riesigen Arschs als am Mount Everest! Ich werde weiterhin Fetthotels bombardieren, bis ich die Welt von deinem planetarischen Fett befreit habe!",俺はデブホテルに住んでない、このデブクソクジラめ。お前がどれだけ気持ち悪いデブグルメで太っちょで大食いで逆流性食道炎の小僧なのか、そのせいで少なくとも20年は寿命を縮めたんだ。お前の巨大な尻を登って死ぬ人の数は年間エベレストより多いんだ、お前の惑星の胴回りを世界から一掃するまでデブホテルを爆撃し続けるぞぎゃー,"JE NE VIS PAS DANS CET HÔTEL POUR GROS, ESPÈCE DE GROS CUL DE BALEINE ! TU AS DÉPASSÉ AU MOINS 20 ANS DE TA VIE À CAUSE DE TON ÊTRE DE GOURMAND GROS ET DÉGOÛTANT ! PLUS DE GENS MEURENT EN ESCALADANT TON CUL DE GÉANT CHAQUE ANNÉE qu'EN GRIMPANT L'EVEREST ! JE CONTINUERAI À BOMBARDER LES HÔTELS POUR GROS JUSQU'À CE QUE LE MONDE SOIT DÉBARRASSÉ DE TA GROSSE CROÛTE !","NIE MIESZKAM W TŁUSTYM HOTELU, TY PIEPRZONY WIELORYBIE, SKRÓCIŁEŚ SOBIE ŻYCIE O CO NAJMNIEJ 20 LAT, PONIEWAŻ JESTEŚ TAK Obrzydliwym, PIEPRZONYM SMAKOSZEM, GRUBYM ŻARŁOKIEM, CHŁOPAKIEM Z CHOROBĄ GERD, WIĘCEJ LUDZI GINIE WSPINAJĄC SIĘ NA TWOJĄ WIELKĄ DUPĘ ROCZNIE NIŻ NA EVEREST, BĘDĘ DALEJ BOMBARDOWAŁ GRUBE HOTELE, AŻ DOPÓKI NIE OCZYSZCZĘ ŚWIATA Z TWOJEGO PLANETARNEGO OBWODU, gyeah"
GYEAH,"Sí, sí",ДААА,É isso aí!,GYEAH,ぎゃー,OUAIS,GYEAH
"you breathe fatly, you exist fatly, get the f*** out my face fat shit","Respiras gordamente, existes gordamente, ¡vete de mi cara, mierda gorda!","Ты дышишь жиром, ты существуешь жиром, убирайся нахуй с моего лица, жирная дрянь","Você respira pesado, você existe pesado, sai da minha frente, seu gordo de merda","Du atmest fett, du existierst fett, verpiss dich aus meinem Gesicht, du fettes Drecksloch",お前は太った呼吸をして、太った存在として存在している、俺の顔から出て行けよ、太ったクソ野郎,"Tu respires grassement, tu existes grassement, dégage de ma vue, gros con !","oddychasz tłusto, istniejesz tłusto, wypierdalaj mi z twarzy, tłusty gównie"
GYEAH,"Sí, sí",ДААА,É isso aí!,GYEAH,ぎゃー,OUAIS,GYEAH
yo yo yo yo yo yo yo yo yo yo yo yo yo yo yo dude dude dude dude dude    dude        dude           dude              dude,yo yo yo yo yo yo yo yo yo yo yo yo yo yo yo amigo amigo amigo amigo amigo amigo amigo amigo,йо йо йо йо йо йо йо йо йо йо йо йо чувак чувак чувак чувак чувак чувак чувак чувак чувак,yo yo yo yo yo yo yo yo yo yo yo yo yo yo yo cara cara cara cara cara cara cara cara,Yo yo yo yo yo yo yo yo yo yo yo yo yo yo Alter Alter Alter Alter Alter Alter Alter Alter Alter Alter,ヨーヨーヨーヨーヨーヨーヨーヨーヨーヨーヨーヨーヨーヨーヨーヨーヨーヨーヨーヨーヨーヨーヨーヨーヨーヨーヨーヨーヨーヨーヨーヨーヨーヨーヨーヨーヨーヨーヨーヨーヨーヨーヨーヨーヨーヨーヨーヨーヨーヨーヨーヨーヨーヨーヨーヨーヨーヨーヨーヨーヨーヨーヨーヨーヨーヨー,yo yo yo yo yo yo yo yo yo yo yo yo yo yo yo mec mec mec mec mec mec mec mec mec,jo jo jo jo jo jo jo jo jo jo jo jo jo jo jo jo jo jo jo jo jo jo jo koleś koleś koleś koleś koleś koleś koleś koleś koleś koleś
what the f*** is wrong with this alley like i can only see it from the front wtf,¿Qué diablos le pasa a este callejón? Solo puedo verlo desde el frente. ¿Qué diablos?,"Что, блять, не так с этим переулком? Я вижу его только спереди, что за фигня?",Que porra tá acontecendo com esse beco? Só consigo ver ele de frente. Que merda é essa?,"Was zum Teufel stimmt mit dieser Gasse nicht? Ich kann sie nur von vorne sehen, was soll das?",この路地は一体どうなってるんだ、前からしか見えない。何なんだよ,Mais qu'est-ce qui cloche avec cette ruelle ? Je ne peux la voir que de face ! C'est quoi ce bordel ?,"co do cholery jest nie tak z tą alejką? Widzę ją tylko z przodu, co za cholerstwo"
dude is this world even real man?,"Amigo, ¿este mundo es realmente real?","Чувак, этот мир вообще существует?","Cara, esse mundo é real mesmo?","Alter, ist diese Welt überhaupt real?",おい、この世界って本当に現実なのか？,"Mec, ce monde est-il vraiment réel ?",Kolesiu czy ten świat w ogóle jest prawdziwy?
"like seriously, this is like some truman show s***","En serio, esto es como una mierda del Show de Truman.","Серьёзно, это же как в «Шоу Трумана»!","Sério, isso é tipo coisa de filme de terror.","Im Ernst, das ist ja wie in der Truman Show!",マジで、これってトゥルーマンショーみたいな話だよね,"Sérieusement, c'est du genre Truman Show.","serio, to jest jak jakieś gówno z Truman Show"
are you an actor?,¿Eres actor?,Вы актёр?,Você é ator/atriz?,Bist du Schauspieler?,あなたは俳優ですか？,Êtes-vous acteur ?,Czy jesteś aktorem?
IS THAT A CAMERA!?!?!? IS EVERYTHING A CAMERA?!?!??!?!??!!??!!?!,¿¡ESO ES UNA CÁMARA!? ¡¿¡TODO ES UNA CÁMARA?!?!?!?!?!??!!??!!?!,"Это что, фотоаппарат?!?!? Всё что угодно — фотоаппарат?!?!?!?!?!??!!??!!?!",É UMA CÂMERA?!?!? TUDO É UMA CÂMERA?!?!??!?!??!!??!!?!,IST DAS EINE KAMERA?!?!? IST ALLES EINE KAMERA?!?!??!??!??!!??!!?!,あれはカメラですか！？！？！？全部カメラですか！？！？！？！？！？！？！？！,EST-CE UNE CAMÉRA ?!?!?!? TOUT EST UNE CAMÉRA ?!?!?!?!?!?!!??!!?!,CZY TO JEST APARAT!?!?!? CZY WSZYSTKO JEST APARATEM?!?!??!?!??!!??!!?!
AAAAAAAAAAAAAAAAAAAAAAAAAAAAAAAAAAAAAAAAAAAAAAAAAAAAAAAAAAAAAAAAAAAAAAAAAAAAAAAAAAAAAAAAAAAAAAAAAAAAAAAAAAAAAAAAAAAAAAAAAAAAAAAA,AAAAAAAAAAAAAAAAAAAAAAAAAAAAAAAAAAAAAAAAAAAAAAAAAAAAAAAAAAAAAAAAAAAAAAAAAAAAAAAAAAAAAAAAAAAAAAAAAAAAAAAAAAAAAAAAAAAAAAAAAAAAAAAAAAAAAAAAAAAAAAAAAAAAAAAAAAAAAAAAAAAAAAAAAAAAAAAAAAAAAAAAAAAAA,ААААААААААААААААААААААААААААААААААААААААААААААААААААААААААААААААААААААААААААААААААААААААААААААААААААААААААААААААААААААААААААААААААА,AAAAAAAAAAAAAAAAAAAAAAAAAAAAAAAAAAAAAAAAAAAAAAAAAAAAAAAAAAAAAAAAAAAAAAAAAAAAAAAAAAAAAAAAAAAAAAAAAAAAAAAAAAAAAAAAAAAAAAAAAAAAAAAAAAAAAAAAAAAAAAAAAAAAAAAAAAAAAAAAAAAAA,AAAAAAAAAAAAAAAAAAAAAAAAAAAAAAAAAAAAAAAAAAAAAAAAAAAAAAAAAAAAAAAAAAAAAAAAAAAAAAAAAAAAAAAAAAAAAAAAAAAAAAAAAAAAAAAAAAA,あああああああああああああああああああああああああああああああああああああああああああああああああああああああああああああああああああ,AAAAAAAAAAAAAAAAAAAAAAAAAAAAAAAAAAAAAAAAAAAAAAAAAAAAAAAAAAAAAAAAAAAAAAAAAAAAAAAAAAAAAAAAAAAAAAAAAAAAAAAAAAAAAAAAAAAAAAAAAAAAAAA,AAAAAAAAAAAAAAAAAAAAAAAAAAAAAAAAAAAAAAAAAAAAAAAAAAAAAAAAAAAAAAAAAAAAAAAAAAAAAAAAAAAAAAAAAAAAAAAAAAAAAAAAAAAAAAAAAAA!
gross,bruto,валовой,bruto,brutto,きもい,brut,brutto
oh hey gyeah,"Oh, hola, sí","О, привет, да!","oh, ei, sim",oh hey gyeah,ああ、やあ,oh hey gyeah,"o hej, dziewczyno"
how the f*** did i get up here?,¿Cómo diablos llegué aquí arriba?,"Как, блять, я сюда попал?",Como diabos eu vim parar aqui?,Wie zum Teufel bin ich hier hochgekommen?,一体どうやってここまで来たんだ？,Comment diable suis-je arrivé jusqu'ici ?,"jak ja się tu, kurwa, znalazłem?"
"i was in my hotel room, sleeping with this fat f***ing sk*** and...","Estaba en mi habitación de hotel, durmiendo con esta maldita zorra gorda y...","Я был в своем гостиничном номере, спал с этим жирным, блядь, ублюдком и...","Eu estava no meu quarto de hotel, dormindo com essa gorda desgraçada e...",Ich war in meinem Hotelzimmer und schlief mit diesem fetten Drecksack und...,私はホテルの部屋で、このデブのスケベと一緒に寝ていたんだけど...,"J'étais dans ma chambre d'hôtel, en train de coucher avec ce gros connard et...","Byłem w swoim pokoju hotelowym, spałem z tym grubym, pieprzonym gnojem i..."
oh,Vaya,ой,oh,Oh,おお,Oh,Oh
i slept with a boing last night,Anoche dormí con un boing,Я спал прошлой ночью с булькающим звуком.,Dormi com um boing ontem à noite,Ich habe letzte Nacht mit einem Boing geschlafen.,昨夜はボインと一緒に寝た,J'ai couché avec un Boing la nuit dernière,spałem wczoraj z boingiem
f*** you im pushing you off,"Que te jodan, te estoy empujando","Иди на хрен, я тебя столкну!","Vai se f****, estou te empurrando para longe.","Verpiss dich, ich schubse dich weg",クソッタレ、俺は君を押しのける,"Va te faire foutre, je te repousse","pieprzyć cię, odpycham cię"
f*** you im pushing you off,"Que te jodan, te estoy empujando","Иди на хрен, я тебя столкну!","Vai se f****, estou te empurrando para longe.","Verpiss dich, ich schubse dich weg",クソッタレ、俺は君を押しのける,"Va te faire foutre, je te repousse","pieprzyć cię, odpycham cię"
Welcome to Ted's Heds! How can i do for you in my store.,¡Bienvenidos a Ted's Heds! ¿Qué puedo hacer por ustedes en mi tienda?,Добро пожаловать в магазин Ted's Heds! Чем я могу вам помочь?,Bem-vindo à loja do Ted! Como posso ajudá-lo(a) na minha loja?,Willkommen bei Ted's Heds! Was kann ich für Sie in meinem Geschäft tun?,Ted's Heds へようこそ！当店ではどんなお手伝いをさせていただいても結構です。,Bienvenue chez Ted's Heds ! Comment puis-je vous aider dans ma boutique ?,Witamy w Ted's Heds! Co mogę dla Ciebie zrobić w moim sklepie?
"uhhh, renovationings.","uhhh, renovaciones.","Эээ, ремонт.","Hum, reformas.","äh, Renovierungsarbeiten.",うーん、改装工事。,"Euh, des rénovations.","eee, remonty."
I selling the heads!,¡Vendo las cabezas!,Я продаю головки блока цилиндров!,Estou vendendo as cabeças!,Ich verkaufe die Köpfe!,ヘッドを販売します！,Je vends les têtes !,Sprzedaję głowy!
For the fashions and wearing!,¡Para la moda y el vestir!,Для моды и стиля!,Para os amantes da moda e do vestuário!,Für Mode und Tragekomfort!,ファッションや着こなしにも！,Pour la mode et les vêtements !,Dla mody i noszenia!
Grape!,¡Uva!,Виноград!,Uva!,Traube!,グレープ！,Raisin!,Winogrono!
Come back for heads for wearing heads!,¡Vuelve por cabezas para usar cabezas!,Вернитесь за головами за ношение голов!,Volte para buscar cabeças para usar cabeças!,"Kommt wieder, um Köpfe für das Tragen von Köpfen zu finden!",頭をかぶるための頭のために戻ってきてください！,Revenez pour les têtes pour porter des têtes !,Wróćcie po głowy za noszenie głów!
That's two bad.,Eso es muy malo.,Это слишком плохо.,Isso é muito ruim.,Das ist zweimal schlecht.,それは2つ悪いです。,C'est trop mauvais.,To już jest źle.
Welcome to Ted's... oh! it is the you!,Bienvenido a Ted's... ¡oh! ¡eres tú!,Добро пожаловать к Теду... о! Это же ты!,Bem-vindo(a) ao Ted's... ah! É você!,Willkommen bei Ted's... oh! Du bist es ja!,テッドの店へようこそ... ああ！あなたですね！,Bienvenue chez Ted… oh ! c’est toi !,Witajcie u Teda... o! To Ty!
Thankings!,¡Gracias!,Спасибо!,Obrigado!,Danke!,ありがとう！,Merci !,Dziękuję!
Have good time!,¡Que te lo pases bien!,Хорошо проведите время!,Divirta-se!,Viel Spaß!,楽しい時間をお過ごしください！,Passez un bon moment !,Bawcie się dobrze!
Come back!,¡Regresar!,Вернись!,Voltar!,Komm zurück!,戻ってくる！,Revenir!,Wracać!
You like to buying my heads?,¿Te gustaria comprar mis cabezas?,Тебе нравится покупать мои головы?,Você gosta de comprar minhas cabeças?,Du kaufst also gerne meine Köpfe?,私の頭を買うのが好きですか?,Vous aimez acheter mes têtes ?,Lubisz kupować moje głowy?
True!,¡Verdadero!,Истинный!,Verdadeiro!,WAHR!,真実！,Vrai!,PRAWDA!
Good leave!,¡Buenas vacaciones!,Удачного ухода!,Boa viagem!,Auf Wiedersehen!,良い休暇を！,Bon congé !,"Dobrze, że jesteś!"
Sea you.,Mar tu,До встречи.,Até logo.,Wir sehen uns.,シーユー。,À bientôt.,Ja cię kocham.
Welcome here!,¡Bienvenido aquí!,Добро пожаловать!,Bem-vindo(a)!,Herzlich willkommen!,ようこそ！,Bienvenue ici !,Witamy tutaj!
Okay!,¡Bueno!,Хорошо!,OK!,Okay!,わかった！,D'accord!,Dobra!
Bye bye bye!,"¡Adiós, adiós!",Пока-пока!,Tchau tchau tchau!,"Tschüss, tschüss, tschüss!",さようなら！,Au revoir au revoir !,"Żegnaj, żegnaj!"
Aww man.,"Oh, hombre.","Эх, блин.",Puxa vida.,Ach Mann.,ああ、そうだね。,Oh non !,Ojejku.
Well we will looking to who it is here!,"¡Bueno, veremos quién es aquí!","Что ж, мы выясним, кто это здесь!",Vamos ver quem é!,"Nun, wir werden sehen, wer es ist!",さて、ここでは誰なのか見てみましょう！,"Eh bien, nous allons voir qui c'est !","No cóż, zobaczymy, kto tu jest!"
Thats alright!,¡Está bien!,Всё в порядке!,Não tem problema!,Das ist in Ordnung!,大丈夫だよ！,C'est parfait !,Wszystko w porządku!
Thanking!,¡Gracias!,Спасибо!,Agradeço!,Vielen Dank!,感謝します！,Remerciement!,Dziękuję!
Okay... I'll be stand here.,Está bien... me quedaré aquí.,Хорошо... я постою здесь.,Ok... Vou ficar aqui.,Okay... Ich bleibe hier stehen.,はい…私はここに立っています。,D'accord... Je resterai ici.,Dobrze... Będę tu stał.
"hey, i need you to kill that green wizard over there,","Oye, necesito que mates a ese mago verde de allí.","Эй, мне нужно, чтобы ты убил того зелёного волшебника вон там.","Ei, preciso que você mate aquele mago verde ali.","Hey, ich brauche deine Hilfe, um diesen grünen Zauberer da drüben zu töten.",おい、あそこにいる緑の魔法使いを殺してほしいんだ,"Hé, j'ai besoin que tu tues ce sorcier vert là-bas,","Hej, musisz zabić tego zielonego czarodzieja tam,"
he wont leave my infinate void.,Él no abandonará mi vacío infinito.,Он не оставит мою бесконечную пустоту.,Ele não vai sair do meu vazio infinito.,Er wird meine unendliche Leere nicht verlassen.,彼は私の無限の空虚をそのままにしておかない。,Il ne quittera pas mon vide infini.,nie opuści mojej nieskończonej pustki.
so will you?,¿Y tú también lo harás?,И вы тоже так сделаете?,E você?,Und du?,あなたもそうしますか？,Et vous ?,a ty też?
"great, heres a dagger. ill spawn some platforms, go chase him.","Genial, aquí tienes una daga. Generaré algunas plataformas, ve a perseguirlo.","Отлично, вот кинжал. Я создам несколько платформ, погонись за ним.","Ótimo, aqui está uma adaga. Vou criar algumas plataformas, vá atrás dele.","Super, hier ist ein Dolch. Ich lasse ein paar Plattformen erscheinen, dann jag ihn.",よかった、短剣だ。プラットフォームをいくつか生成するから、追いかけてこい。,"Super, voici une dague. Je vais faire apparaître des plateformes, poursuivez-le.","świetnie, oto sztylet. Pojawią się platformy, pójdziesz go ścigać."
biggie,gran cosa,Бигги,grande,Biggie,ビッグギー,grand,wielki
too bad,demasiado,очень жаль,muito ruim,Schade.,残念な,dommage,szkoda
biggie,gran cosa,Бигги,grande,Biggie,ビッグギー,grand,wielki
do it.,hazlo.,Сделайте это.,faça isso.,Mach es.,それをやってください。,fais-le.,zrób to.
Welcome to Rim's Interactive Arts! What can I do for you.,¡Bienvenidos a Rim's Interactive Arts! ¿Qué puedo hacer por ustedes?,Добро пожаловать в Rim's Interactive Arts! Чем я могу вам помочь?,Bem-vindo(a) à Rim's Interactive Arts! O que posso fazer por você?,Willkommen bei Rim's Interactive Arts! Was kann ich für Sie tun?,Rim's Interactive Artsへようこそ！何かお困りごとはございませんか？,Bienvenue chez Rim's Interactive Arts ! Que puis-je faire pour vous ?,Witamy w Rim's Interactive Arts! Co mogę dla Ciebie zrobić?
"The paintings are not for sale, they're for playing!","¡Los cuadros no están a la venta, están para jugar!","Эти картины не продаются, они предназначены для игры!","As pinturas não estão à venda, são para brincar!","Die Gemälde stehen nicht zum Verkauf, sie sind zum Spielen da!",絵画は販売用ではなく、遊ぶためのものです。,"Ces tableaux ne sont pas à vendre, ils sont faits pour jouer !","Obrazy nie są na sprzedaż, służą do zabawy!"
"Alright funny guy, go touch a painting, you'll see what I mean.","Muy bien, chico gracioso, ve a tocar un cuadro y verás a qué me refiero.","Ладно, забавный парень, пойди потрогай картину, и ты поймешь, о чем я говорю.","Muito bem, engraçadinho, vai lá tocar num quadro, você vai entender o que eu quero dizer.","Na gut, du Witzbold, berühr mal ein Gemälde, dann wirst du verstehen, was ich meine.",よし、面白い人、絵に触れてみれば、私の言っている意味が分かるよ。,"Bon, rigolo, va toucher un tableau, tu verras ce que je veux dire.","Dobra, śmieszku, idź dotknąć obrazu, to zrozumiesz, o co mi chodzi."
Come back if you've got any more questions.,Vuelve si tienes más preguntas.,"Если у вас возникнут ещё вопросы, обращайтесь.",Volte se tiver mais alguma dúvida.,"Kommen Sie wieder, wenn Sie weitere Fragen haben.",他に質問があればまたお越しください。,Revenez nous voir si vous avez d'autres questions.,"Wróć, jeśli będziesz miał więcej pytań."
Hello again.,Hola de nuevo.,Привет ещё раз.,Olá novamente.,Hallo nochmal.,こんにちは。,Bonjour à nouveau.,Witam ponownie.
"Yeah sure, on what?","Si, claro. ¿En qué?","Да, конечно, а на чём?","Sim, claro, sobre o quê?","Ja klar, worauf denn?",はい、もちろんです。何についてですか？,"Oui, bien sûr, sur quoi ?","Jasne, na czym?"
"In HARD and the last 30 seconds in NORMAL,","En DIFÍCIL y los últimos 30 segundos en NORMAL,",В режиме HARD последние 30 секунд в режиме NORMAL.,"No modo DIFÍCIL e nos últimos 30 segundos do modo NORMAL,","Im Schwierigkeitsgrad SCHWER und die letzten 30 Sekunden im Schwierigkeitsgrad NORMAL,",HARDでは最後の30秒、NORMALでは最後の30秒、,"En mode DIFFICILE et les 30 dernières secondes en mode NORMAL,","W trybie HARD i ostatnie 30 sekund w trybie NORMALNYM,"
"the elevator will always slam where you are going to be,",El ascensor siempre se cerrará de golpe en el lugar donde vas a estar.,"Лифт всегда резко хлопнет там, где вы окажетесь.",O elevador sempre vai bater com força exatamente onde você vai estar.,"Der Aufzug wird immer genau dort zuschlagen, wo Sie hinwollen.",エレベーターは必ずあなたが行く場所で閉まります。,L'ascenseur s'arrêtera toujours brutalement là où vous allez.,"winda zawsze zatrzaśnie się tam, gdzie zamierzasz być,"
"so you can turn around over and over to avoid him,","para que puedas darte la vuelta una y otra vez para evitarlo,","чтобы ты мог снова и снова оборачиваться, избегая его.","para que você possa se virar várias vezes para evitá-lo,","sodass du dich immer wieder umdrehen kannst, um ihm auszuweichen.",彼を避けるために何度も向きを変えることができるので、,"vous pouvez donc vous retourner sans cesse pour l'éviter,","więc możesz się ciągle odwracać, żeby go uniknąć,"
maybe do a zigzag or something.,Tal vez hacer un zigzag o algo así.,"Может быть, сделать зигзагообразный узор или что-то подобное.",Talvez faça um ziguezague ou algo assim.,Vielleicht im Zickzack oder so.,ジグザグとかやってもいいかも。,Peut-être faire un zigzag ou quelque chose comme ça.,może zrób zygzak albo coś.
"Uhh, I wouldn't rely on hugging it when it's shooting a laser.","Uhh, yo no confiaría en abrazarlo cuando está disparando un láser.","Эээ, я бы не стал полагаться на то, что его можно обнять, когда он стреляет лазером.","Hum, eu não confiaria em abraçá-lo quando ele estiver atirando um laser.","Ähm, ich würde mich nicht darauf verlassen, es zu umarmen, wenn es einen Laser abfeuert.",うーん、レーザーを発射しているときに抱きしめるのはやめましょう。,"Euh, je ne miserais pas sur le fait de le serrer dans mes bras quand il tire un laser.","Eee, nie polegałbym na przytulaniu go, kiedy strzela laserem."
you've gotta predict when its gonna shoot and cross over the warning.,Tienes que predecir cuándo va a disparar y cruzar la advertencia.,"Нужно предсказать, когда произойдет выстрел, и пересечь предупреждающий знак.",Você precisa prever quando o disparo ocorrerá e ultrapassará a linha de aviso.,"Man muss vorhersagen, wann es schießt und die Warnzone überschreitet.",いつ発射されるかを予測し、警告を無視しなければなりません。,Il faut prévoir quand ça va tirer et franchir la zone d'alerte.,"Musisz przewidzieć, kiedy nastąpi strzał i przekroczyć granicę ostrzeżenia."
"Also, its always a 180° sweep in HARD","Además, siempre es un barrido de 180° en HARD","Кроме того, в режиме HARD всегда происходит разворот на 180°.","Além disso, é sempre uma virada de 180° com força.",Außerdem ist es im HARD-Modus immer eine 180°-Drehung.,また、HARDでは常に180°スイープになります,"De plus, il s'agit toujours d'un balayage de 180° en mode DUR",Ponadto w trybie HARD zawsze następuje obrót o 180°
Any time.,En cualquier momento.,В любое время.,A qualquer momento.,Jederzeit.,いつでも。,À tout moment.,W każdej chwili.
Good luck.,Buena suerte.,Удачи.,Boa sorte.,Viel Glück.,幸運を。,Bonne chance.,Powodzenia.
"Oh yeah, it sure is a hard one.","Oh sí, seguro que es difícil.","Да, это действительно сложный вопрос.","Ah, sim, com certeza é uma questão difícil.","Oh ja, das ist in der Tat eine schwierige Frage.",ああ、確かにそれは難しいですね。,"Oh oui, c'est certainement une question difficile.","O tak, to na pewno trudne."
"during the final waves, try to eliminate the lil whiskers' first,","Durante las oleadas finales, intenta eliminar primero a los pequeños bigotes.",На последних этапах постарайтесь сначала удалить мелкие усики.,"Durante as ondas finais, tente eliminar primeiro os bigodes menores.",Versuchen Sie in den letzten Wellen zuerst die kleinen Schnurrhaare zu eliminieren.,最後の波では、まず小さなひげを倒すようにし、,"Lors des dernières vagues, essayez d'éliminer d'abord les petits poils,","podczas ostatnich fal staraj się wyeliminować najpierw małe wąsy,"
"then the floaty ones, then the small ones.","luego los flotantes, luego los pequeños.","Сначала плавающие, потом маленькие.","Primeiro vêm as que flutuam, depois as pequenas.","erst die schwimmenden, dann die kleinen.",次に浮いているもの、そして小さいもの。,"d'abord les flottantes, puis les petites.","potem te unoszące się w powietrzu, a potem te małe."
That way all your attention is on the big guys.,De esa manera toda tu atención estará centrada en los grandes.,"Таким образом, всё ваше внимание будет сосредоточено на крупных игроках.","Dessa forma, toda a sua atenção estará voltada para os grandes nomes.",So kann sich deine ganze Aufmerksamkeit auf die großen Jungs richten.,そうすれば、あなたの注目はすべて大物たちに向けられるでしょう。,"De cette façon, toute votre attention se concentre sur les gros bonnets.",W ten sposób cała twoja uwaga będzie skupiona na tych dużych.
"Yeah, the floaty ones are a bit dumber in the final waves,","Sí, los flotantes son un poco más tontos en las olas finales.","Да, те, кто хорошо держится на воде, в последних волнах ведут себя немного глупее.","Sim, as ondas que flutuam são um pouco mais burras nas ondas finais.","Ja, die schwebenden sind in den letzten Wellen etwas dümmer.",ああ、最後の波では浮遊物はちょっとおかしくなるけど、,"Oui, les plus flottants sont un peu moins performants dans les dernières vagues.","Tak, te unoszące się na wodzie są trochę głupsze na ostatnich falach,"
"They shoot at your position, not where you're gonna be.","Disparan a tu posición, no a donde vas a estar.","Они стреляют по вашей позиции, а не туда, где вы будете находиться.","Eles atiram na sua posição, não em onde você vai estar.","Sie schießen auf deine Position, nicht darauf, wo du sein wirst.",彼らはあなたがいる場所ではなく、あなたの位置を撃ちます。,"Ils tirent sur votre position, pas là où vous allez être.","Strzelają w twoją pozycję, a nie tam, gdzie będziesz."
See ya.,Nos vemos.,До свидания.,Até logo.,Bis dann.,またね。,À bientôt.,Do zobaczenia.
Take care.,Cuidarse.,Заботиться.,Tomar cuidado.,Aufpassen.,気をつけて。,Prends soin de toi.,Dbać o siebie.
"Ah, The musical wizard, yeah i got a few.","Ah, El mago musical, sí, tengo algunos.","Ах, музыкальный волшебник, да, у меня их несколько.","Ah, o mago da música, sim, eu tenho alguns.","Ah, der musikalische Zauberer, ja, da habe ich ein paar.",ああ、ミュージカルウィザード、そうだね、いくつか持ってるよ。,"Ah, le magicien de la musique, oui, j'en ai quelques-uns.","Ach, czarodziej muzyki, tak, mam ich kilka."
You should focus more on keeping up then falling off.,Deberías concentrarte más en mantener el ritmo que en caer.,"Вам следует больше сосредоточиться на том, чтобы не отставать, а не на том, чтобы падать.",Você deve se concentrar mais em acompanhar o ritmo do que em ficar para trás.,"Du solltest dich mehr darauf konzentrieren, mitzuhalten, als zurückzufallen.",落ちてしまうよりも、ついていくことに重点を置くべきです。,Vous devriez vous concentrer davantage sur le maintien du niveau que sur l'échec.,Powinieneś bardziej skupić się na utrzymaniu tempa niż na odpadaniu.
The double jump is more of a failsafe for missing a jump than anything.,El doble salto es más una medida de seguridad para evitar fallar un salto que cualquier otra cosa.,"Двойной прыжок — это скорее страховка на случай неудачного прыжка, чем что-либо ещё.",O salto duplo serve mais como uma medida de segurança caso você erre um salto do que qualquer outra coisa.,"Der Doppelsprung ist eher eine Art Notfallplan für den Fall, dass ein Sprung misslingt, als alles andere.",ダブルジャンプは、ジャンプをミスした場合の安全策としての役割が強いです。,Le double saut est davantage une mesure de sécurité en cas de saut raté qu'autre chose.,"Podwójny skok jest raczej zabezpieczeniem na wypadek nieudanego skoku, niż czymkolwiek innym."
You'd be surprised how far you can jump in this one.,Te sorprendería lo lejos que puedes saltar en este.,"Вы удивитесь, как далеко можно прыгнуть в этой игре.",Você ficaria surpreso com a distância que consegue pular neste aqui.,"Sie wären überrascht, wie weit man damit springen kann.",これでどれだけ遠くまでジャンプできるかに驚かれるでしょう。,Vous seriez surpris de voir jusqu'où vous pouvez sauter avec celui-ci.,"Zdziwiłbyś się, jak daleko możesz skoczyć."
"It's pretty easy to fall behind because of the laser,","Es bastante fácil quedarse atrás debido al láser,",Из-за лазера довольно легко отстать.,É muito fácil ficar para trás por causa do laser.,Wegen des Lasers kann man leicht den Anschluss verlieren.,レーザーのせいで遅れをとるのはかなり簡単です,"Il est assez facile de prendre du retard à cause du laser,","Łatwo jest zostać w tyle z powodu lasera,"
but most of the time you can jump over it.,pero la mayoría de las veces puedes saltarlo.,но в большинстве случаев его можно перепрыгнуть.,Mas na maioria das vezes você pode pular por cima.,Aber meistens kann man darüber springen.,しかし、ほとんどの場合、それを乗り越えることができます。,"mais la plupart du temps, on peut sauter par-dessus.",ale w większości przypadków można ją przeskoczyć.
So pay attention to whether you can or not.,Así que presta atención a si puedes o no.,"Поэтому обращайте внимание на то, сможете вы это сделать или нет.","Portanto, preste atenção se você consegue ou não.","Achten Sie also darauf, ob Sie es können oder nicht.",だから、できるかどうかに注目してください。,"Alors, faites attention à ce que vous pouvez faire ou non.",Dlatego zwróć uwagę na to czy możesz czy nie.
Have a good one.,Que tengas un buen día.,Всего доброго.,Tenha um bom dia.,Schönen Tag noch!,良い一日を。,Bonne journée.,Miłego dnia.
Bye.,Adiós.,Пока.,Tchau.,Tschüss.,さよなら。,Au revoir.,Do widzenia.
"Yeah, that freak of nature is pretty ruthless.","Sí, ese fenómeno de la naturaleza es bastante despiadado.","Да, этот аномальный представитель природы довольно безжалостен.","Sim, essa aberração da natureza é bastante implacável.","Ja, dieses Naturphänomen ist ziemlich rücksichtslos.",ああ、あの自然の異常性はかなり冷酷だ。,"Oui, ce phénomène de la nature est plutôt impitoyable.","Tak, ten wybryk natury jest naprawdę bezlitosny."
"He's always trying to get closer to you, he needs the accuracy.","Él siempre está tratando de acercarse a ti, necesita precisión.","Он всегда пытается приблизиться к тебе, ему нужна точность.","Ele está sempre tentando se aproximar de você, ele precisa de precisão.","Er versucht immer, dir näherzukommen, er braucht die Genauigkeit.",彼は常にあなたに近づこうとしており、正確さを求めています。,"Il cherche toujours à se rapprocher de toi, il a besoin de précision.","On zawsze próbuje się do ciebie zbliżyć, potrzebuje precyzji."
"so its better to run away the whole time, plus the sniper does the most damage, so its good to reflect.","Así que es mejor huir todo el tiempo, además el francotirador es el que hace más daño, así que es bueno reflexionar.","Поэтому лучше все время убегать, к тому же снайпер наносит наибольший урон, так что полезно отражать выстрелы.","Portanto, é melhor fugir o tempo todo, além disso, o atirador de elite causa o maior dano, então é bom usar o reflexo.","Daher ist es besser, die ganze Zeit zu fliehen, außerdem richtet der Scharfschütze den größten Schaden an, daher ist es gut, zu reflektieren.",だから、ずっと逃げ続けるのが良いです。さらにスナイパーは最もダメージを与えるので、反射するのが良いです。,"Il vaut donc mieux fuir tout le temps, d'autant plus que le tireur d'élite inflige le plus de dégâts, il est donc judicieux de le renvoyer.","więc lepiej cały czas uciekać, a poza tym snajper robi największe obrażenia, więc warto się zastanowić."
"Sure, about the ending, y'know when he goes all crazy?","Claro, sobre el final, ¿sabes cuando se vuelve loco?","Конечно, насчет концовки, понимаешь, когда он совсем сходит с ума?","Claro, sobre o final, sabe, quando ele enlouquece completamente?","Klar, wegen des Endes, du weißt schon, wenn er völlig durchdreht?",はい、結末については、彼が狂ってしまうところを知っていますか?,"Oui, pour ce qui est de la fin, vous savez, quand il devient complètement fou ?","Jasne, co do zakończenia, wiesz, kiedy on tak szaleje?"
"Try to hide behind as many walls and riot shields as you can,",Intenta esconderte detrás de tantos muros y escudos antidisturbios como puedas.,Постарайтесь спрятаться за как можно большим количеством стен и щитов для защиты от беспорядков.,Tente se esconder atrás do máximo de paredes e escudos antimotim que conseguir.,"Versuchen Sie, sich hinter so vielen Mauern und Riot-Schilden wie möglich zu verstecken.",できるだけ多くの壁や暴動鎮圧用の盾の後ろに隠れるようにしてください。,"Essayez de vous cacher derrière autant de murs et de boucliers anti-émeute que possible,","Staraj się schować za jak największą liczbą ścian i tarcz ochronnych,"
"but stay on your toes, because if you're not paying attention, the shrinking walls could mess with your movement.","Pero mantente alerta, porque si no prestas atención, las paredes que se encogen podrían interferir con tus movimientos.","Но будьте начеку, потому что, если вы не будете внимательны, сужающиеся стены могут помешать вашим движениям.","Mas fique atento, porque se você não estiver prestando atenção, as paredes que estão encolhendo podem atrapalhar seus movimentos.","Aber seid wachsam, denn wenn ihr nicht aufpasst, könnten die schrumpfenden Wände eure Bewegungen beeinträchtigen.",ただし、気を抜かないようにしてください。注意を払っていないと、縮小する壁が動きを邪魔する可能性があります。,"Mais restez sur vos gardes, car si vous n'y prenez pas garde, le rétrécissement des murs pourrait perturber vos mouvements.","ale bądź czujny, bo jeśli nie będziesz uważny, kurczące się ściany mogą utrudnić ci poruszanie się."
You're welcome.,De nada.,Пожалуйста.,De nada.,Gern geschehen.,どういたしまして。,Vous êtes les bienvenus.,Nie ma za co.
Uh huh.,Ajá.,Ага.,Hum-hum.,Aha.,ああ。,"Euh, oui.",Aha.
"Theres lots more nuance to this one, so liten up.","Hay muchos más matices en este, así que preste atención.","В этом вопросе гораздо больше нюансов, так что расслабьтесь.","Há muito mais nuances nisso, então acenda as luzes.","Hier steckt viel mehr Nuancen dahinter, also nimm es gelassen.",これにはもっと多くのニュアンスがあるので、気を楽にしてください。,"C'est beaucoup plus nuancé, alors détends-toi.","Jest w tym o wiele więcej niuansów, więc bądźcie spokojni."
"Using both hands is CRUCIAL! For one, you must slap a bottle towards a strait wall to kill it.","¡Usar ambas manos es CRUCIAL! Para empezar, debes golpear una botella contra una pared estrecha para matarla.","Использовать обе руки КРАЙНЕ ВАЖНО! Во-первых, чтобы убить бутылку, нужно ударить ею о прямую стену.","Usar as duas mãos é FUNDAMENTAL! Por exemplo, você precisa bater na garrafa contra uma parede reta para destruí-la.","Es ist entscheidend, beide Hände zu benutzen! Zum Beispiel muss man die Flasche gegen eine gerade Wand schlagen, um sie zu zerstören.",両手を使うのが重要です！まず、ボトルをまっすぐな壁に向かって叩きつけて倒さなければなりません。,L'utilisation des deux mains est ESSENTIELLE ! Il faut notamment frapper la bouteille contre un mur droit pour la détruire.,"Użycie obu rąk jest KLUCZOWE! Po pierwsze, musisz rzucić butelką o prostą ścianę, żeby ją zniszczyć."
"On top of that, both hands are needed to get the most cans possible out of the box of 256 when he releases em.","Además de eso, se necesitan ambas manos para sacar la mayor cantidad posible de latas de la caja de 256 cuando las lanza.","Кроме того, для того чтобы вытащить как можно больше банок из коробки с 256 штуками, когда он их выпускает, нужны обе руки.","Além disso, são necessárias ambas as mãos para retirar o máximo possível de latas da caixa de 256 quando ele as libera.","Darüber hinaus benötigt man beide Hände, um beim Öffnen der Schachtel mit 256 Dosen möglichst viele Dosen herauszuholen.",それに加えて、256 個の缶が入った箱から缶をできるだけ多く取り出すには両手が必要です。,"De plus, il faut utiliser les deux mains pour sortir le plus de canettes possible de la boîte de 256 lorsqu'il les libère.","Na dodatek, obie ręce są potrzebne, aby wyciągnąć jak najwięcej puszek z pudełka zawierającego 256 sztuk, gdy je wypuści."
"That's your queue to dash in to grab and throw, you should be able to get 4 hits in if you're quick.","Esa es tu cola para correr a agarrar y lanzar, deberías poder dar 4 golpes si eres rápido.","Это ваш сигнал к тому, чтобы рвануться вперед, схватить и бросить предмет; если вы будете быстры, вы сможете нанести 4 удара.","Essa é a sua deixa para avançar, agarrar e arremessar; você deve conseguir acertar 4 golpes se for rápido.","Das ist dein Signal, schnell vorzupreschen, zu greifen und zu werfen. Wenn du schnell genug bist, solltest du 4 Treffer landen können.",これはダッシュしてつかんで投げるためのキューです。素早ければ 4 回ヒットできるはずです。,C'est le moment de foncer pour attraper et lancer ; vous devriez pouvoir placer 4 coups si vous êtes rapide.,"To twoja kolej, aby ustawić się w kolejce, złapać i rzucić. Jeśli będziesz szybki, powinieneś dać radę zadać cztery ciosy."
"Sure, here's some tips about sliding in general,","Por supuesto, aquí hay algunos consejos sobre el deslizamiento en general.","Конечно, вот несколько советов о скольжении в целом.","Claro, aqui vão algumas dicas sobre deslizamento em geral.","Klar, hier sind ein paar allgemeine Tipps zum Rutschen.",はい、スライディング全般に関するヒントをいくつかご紹介します。,"Bien sûr, voici quelques conseils généraux sur la glisse,","Jasne, oto kilka wskazówek dotyczących ślizgania się w ogóle,"
"Slide jumping, ground slamming, and bunny hopping are your 3 best friends.","Saltar por tobogán, golpear el suelo y dar saltos de conejo son tus tres mejores amigos.","Прыжки со скольжением, удары о землю и прыжки «зайчиком» — ваши три лучших друга.","Saltos deslizantes, impactos no chão e pulos de coelho são seus 3 melhores amigos.","Rutschsprünge, Bodenschläge und Hasenhüpfen sind deine drei besten Freunde.",スライドジャンプ、地面スラム、バニーホッピングはあなたの 3 つのベスト フレンドです。,"Les sauts glissés, les atterrissages au sol et les sauts de lapin sont vos 3 meilleurs amis.","Twoi trzej najlepsi przyjaciele to: skakanie na ślizgu, uderzanie o ziemię i skakanie jak króliczek."
"Ground slamming well is the hardest to master, because its not just used for large falls and crushing enemys.","El golpe al suelo es el más difícil de dominar, porque no solo se usa para grandes caídas y aplastar enemigos.","Умение хорошо бить по земле — самое сложное в освоении, потому что оно используется не только для больших падений и сокрушения врагов.","Dominar o golpe de impacto no chão é o mais difícil, pois não se limita a quedas de grandes proporções e ao esmagamento de inimigos.","Das Bodenschlagen ist am schwierigsten zu meistern, da es nicht nur für große Stürze und das Zerquetschen von Feinden eingesetzt wird.",地面を叩きつける技をうまくマスターするのは最も難しい。なぜなら、これは大きな落下や敵の粉砕だけに使われるわけではないからだ。,"La projection au sol est la technique la plus difficile à maîtriser, car elle ne sert pas uniquement à réaliser de grandes chutes et à écraser les ennemis.","Umiejętność uderzania o ziemię jest najtrudniejsza do opanowania, ponieważ nie jest ona wykorzystywana wyłącznie do dużych upadków i miażdżenia wrogów."
"About to overshoot a jump? About to hit a low pipe? Thats what ground slamming is really good for, dodging these situations.",¿A punto de pasarte de un salto? ¿A punto de chocar contra una tubería baja? Para eso es tan útil el impacto contra el suelo: para esquivar estas situaciones.,Вы вот-вот перепрыгнете? Вы вот-вот ударитесь о низкую трубу? Вот для чего действительно хорош удар о землю — для уклонения от подобных ситуаций.,"Prestes a errar um salto? Prestes a bater em um cano baixo? É para isso que o ground slam serve, para evitar essas situações.","Du stehst kurz davor, einen Sprung zu verfehlen? Oder kurz davor, gegen ein niedriges Rohr zu prallen? Genau dafür ist Ground Slamming super geeignet – um solchen Situationen auszuweichen.",ジャンプをオーバーシュートしそう？低いパイプにぶつかりそう？そんな状況を回避するには、グラウンドスラムが効果的です。,Vous êtes sur le point de rater un saut ? De heurter un tuyau bas ? C’est précisément à cela que sert le ground slamming : éviter ces situations.,Zaraz przelecisz nad przeszkodą? Zaraz uderzysz w niską rurę? Właśnie do tego idealnie nadaje się uderzenie w ziemię – do unikania takich sytuacji.
One more thing I guess.,"Una cosa más, supongo.","Ещё кое-что, пожалуй.",Acho que só mais uma coisa.,"Noch eine Sache, nehme ich an.",あと一つですね。,"Encore une chose, je suppose.",Chyba jeszcze jedno.
"You probobly know that jumping while sliding increases your speed, aka bunny hopping, but so does jumping out of a ground slam.","Probablemente sepas que saltar mientras te deslizas aumenta tu velocidad, también conocido como salto de conejo, pero también lo hace saltar desde un impacto en el suelo.","Вы, наверное, знаете, что прыжок во время скольжения увеличивает скорость, то есть «банни-хоппинг», но то же самое можно сказать и о прыжке после удара о землю.","Você provavelmente sabe que pular enquanto desliza aumenta sua velocidade, também conhecido como bunny hop, mas o mesmo acontece ao pular após um ground slam.","Du weißt wahrscheinlich, dass man durch Springen während des Rutschens schneller wird, auch bekannt als Bunny Hopping, aber das gilt auch für das Abspringen nach einem Ground Slam.",スライディングしながらジャンプする（いわゆるバニーホッピング）とスピードが上がることはご存知だと思いますが、グラウンドスラムからジャンプするのも同様にスピードが上がります。,"Vous savez probablement que sauter en glissant augmente votre vitesse, aussi appelé « bunny hopping », mais sauter après une chute au sol a le même effet.","Prawdopodobnie wiesz, że skakanie w trakcie ślizgu zwiększa twoją prędkość (tzw. bunny hopping), ale tak samo jest ze skakaniem po uderzeniu o ziemię."
"You're welcome, and that last bit is really just a speedrunning tactic, it only cuts a bit of time. Anyway see ya.","De nada, y eso último es solo una táctica de speedrunning; solo ahorra un poco de tiempo. En fin, nos vemos.","Пожалуйста, а последняя часть — это всего лишь тактика скоростного прохождения, она лишь немного сокращает время. В общем, до свидания.","De nada, e essa última parte é só uma tática de speedrun, só economiza um pouco de tempo. Enfim, até mais.","Gern geschehen. Der letzte Tipp ist eigentlich nur eine Speedrun-Taktik, er spart nur ein bisschen Zeit. Na ja, bis dann.",どういたしまして。最後の部分は単なるスピードランの戦術で、ほんの少し時間を短縮するだけです。それではまた。,"De rien, et cette dernière astuce n'est qu'une technique de speedrun, ça ne fait gagner que du temps. À plus !","Proszę bardzo, a ten ostatni fragment to tak naprawdę tylko taktyka speedrunningowa, skraca tylko trochę czas. W każdym razie, do zobaczenia."
You're welcome.,De nada.,Пожалуйста.,De nada.,Gern geschehen.,どういたしまして。,Vous êtes les bienvenus.,Nie ma za co.
Uh huh.,Ajá.,Ага.,Hum-hum.,Aha.,ああ。,"Euh, oui.",Aha.
Hell no!,¡Por supuesto que no!,Ни за что!,De jeito nenhum!,Auf keinen Fall!,絶対にだめ！,Certainement pas !,"Jasne, że nie!"
I paid 3000 bits for this!,¡Pagué 3000 bits por esto!,Я заплатил за это 3000 бит!,Eu paguei 3000 bits por isso!,Ich habe dafür 3000 Bits bezahlt!,これに3000ビット支払いました!,J'ai payé 3000 bits pour ça !,Zapłaciłem za to 3000 bitów!
"Oh y- wait, me or you?","Oh, espera, ¿tú o yo?","Ой, подожди, я или ты?","Ah, espera aí, eu ou você?","Oh, warte mal, ich oder du?",ああ、ちょっと待って、私？それともあなた？,"Oh, attendez, moi ou vous ?","Och, czekaj, ja czy ty?"
"You can earn bits by using my paintings,","Puedes ganar bits usando mis pinturas,","Вы можете зарабатывать биты, используя мои картины.",Você pode ganhar bits usando minhas pinturas.,"Du kannst Bits verdienen, indem du meine Gemälde verwendest.",私の絵を使うことでビットを稼ぐことができます。,"Vous pouvez gagner des bits en utilisant mes peintures,","Możesz zarobić trochę pieniędzy, korzystając z moich obrazów,"
"the higher the difficulty, the more you earn.","Cuanto mayor sea la dificultad, más ganarás.","Чем выше сложность, тем больше вы зарабатываете.","Quanto maior a dificuldade, mais você ganha.","Je höher der Schwierigkeitsgrad, desto mehr verdient man.",難易度が高ければ高いほど、稼げる金額も増えます。,"Plus la difficulté est élevée, plus vous gagnez.","im wyższy poziom trudności, tym więcej zarabiasz."
Thats the only way I know how.,Esa es la única manera que sé.,Это единственный известный мне способ.,Essa é a única maneira que eu conheço.,"Das ist die einzige Möglichkeit, die ich kenne.",それが私が知っている唯一の方法です。,C'est la seule façon que je connaisse.,To jest jedyny sposób jaki znam.
The palettes next to each painting'll do that.,Las paletas al lado de cada cuadro harán eso.,"Это можно сделать с помощью палитр, расположенных рядом с каждой картиной.",As paletas ao lado de cada pintura farão isso.,Die Farbpaletten neben jedem Gemälde werden das bewirken.,各絵画の横にあるパレットがその役割を果たします。,Les palettes placées à côté de chaque tableau serviront à cela.,Służą do tego palety znajdujące się obok każdego obrazu.
See ya.,Nos vemos.,До свидания.,Até logo.,Bis dann.,またね。,À bientôt.,Do zobaczenia.
See ya.,Nos vemos.,До свидания.,Até logo.,Bis dann.,またね。,À bientôt.,Do zobaczenia.
"I get a few hundred every time someone uses a painting,","Recibo unos cientos cada vez que alguien usa una pintura,","Я получаю несколько сотен каждый раз, когда кто-то использует мою картину.",Eu recebo algumas centenas cada vez que alguém usa uma pintura.,"Ich bekomme jedes Mal ein paar Hundert, wenn jemand ein Gemälde benutzt.",誰かが絵を使うたびに数百ドルを受け取ります。,Je reçois quelques centaines d'euros à chaque fois que quelqu'un utilise un tableau.,"Za każdym razem, gdy ktoś używa obrazu, dostaję kilkaset,"
"Its pretty freaky, they just kinda spawn in my pockets.","Es bastante extraño, simplemente aparecen en mis bolsillos.","Это довольно жутко, они просто появляются у меня в карманах.","É muito bizarro, eles simplesmente aparecem nos meus bolsos.","Das ist echt unheimlich, die tauchen einfach so in meinen Taschen auf.",かなり奇妙です。ポケットの中に突然出現するんです。,"C'est assez flippant, ils apparaissent comme par magie dans mes poches.","To dość dziwne, one po prostu pojawiają się w moich kieszeniach."
"No clue, some divine intervention or something.","Ni idea, alguna intervención divina o algo así.","Понятия не имею, возможно, какое-то божественное вмешательство или что-то в этом роде.","Não faço ideia, talvez alguma intervenção divina ou algo do gênero.","Keine Ahnung, vielleicht göttliche Fügung oder so.",手がかりはありません。神の介入か何かでしょう。,"Aucune idée, une intervention divine ou quelque chose du genre.","Nie mam pojęcia, to jakaś boska interwencja czy coś."
Yup.,Sí.,Ага.,Sim.,Jawohl.,うん。,Ouais.,Tak.
"Sorry, maybe in the future I'll care to remember.","Lo siento, quizás en el futuro me importe recordarlo.","Извините, возможно, в будущем я вспомню.","Desculpe, talvez no futuro eu me lembre.","Tut mir leid, vielleicht werde ich mich in Zukunft daran erinnern.",申し訳ありませんが、将来的には覚えておくようにするかもしれません。,"Désolé, peut-être que je m'en souviendrai à l'avenir.","Przepraszam, może w przyszłości będę chciał o tym pamiętać."
Ok?,¿De acuerdo?,Хорошо?,OK?,OK?,わかりました？,D'accord?,OK?
Hey put that down!,"¡Oye, deja eso!","Эй, положи это!","Ei, larga isso!","Hey, leg das weg!",おい、それを置いて！,"Hé, pose ça !","Hej, odłóż to!"
Don't touch my supplies.,No toques mis suministros.,Не трогайте мои припасы.,Não toque nos meus suprimentos.,Fass meine Vorräte nicht an.,私の備品に触れないでください。,Ne touchez pas à mes provisions.,Nie dotykaj moich zapasów.
"wow, thats a big building","Vaya, ese es un edificio grande","Ух ты, какое огромное здание!","Uau, que prédio enorme!","Wow, das ist ein großes Gebäude",わあ、大きな建物ですね,"Waouh, c'est un grand bâtiment","wow, to duży budynek"
yup,sí,ага,sim,Jawohl,うん,ouais,tak
sure is tall,Seguro que es alto,Он определенно высокий.,com certeza é alto,Er ist sicher groß,確かに背が高い,Il est vraiment grand,na pewno jest wysoki
...,...,...,...,...,...,...,...
weres the building,¿Dónde estaba el edificio?,где находится здание,onde ficava o prédio,wo war das Gebäude,建物はどこにあったのか,où était le bâtiment,byli budynkiem
im reporting slapstick bosses,Estoy denunciando a jefes bufonescos,"Я сообщаю о боссах, которые ведут себя комично.",Estou denunciando chefes incompetentes.,Ich melde Slapstick-Bosse.,ドタバタ上司を通報します,Je signale les patrons de slapstick,zgłaszam slapstickowych szefów
yup,sí,ага,sim,Jawohl,うん,ouais,tak
real big building here,Hay un edificio muy grande aquí,Здесь действительно большое здание.,prédio realmente grande aqui,Hier gibt es ein richtig großes Gebäude.,ここは本当に大きな建物です,un très grand bâtiment ici,naprawdę duży budynek tutaj
i bet the top of the building is high,Apuesto a que la parte superior del edificio es alta.,"Держу пари, что вершина здания находится высоко.",Aposto que o topo do prédio é alto.,"Ich wette, die Spitze des Gebäudes ist hoch",建物の最上階は高いだろうね,Je parie que le sommet de l'immeuble est haut.,"zakładam się, że szczyt budynku jest wysoki"
seems big to me,Me parece grande,"Мне кажется, он большой.",Parece-me grande.,Scheint mir groß zu sein,私には大きいように思えます,Ça me paraît grand,wydaje mi się duży
"wow, thats a big building","Vaya, ese es un edificio grande","Ух ты, какое огромное здание!","Uau, que prédio enorme!","Wow, das ist ein großes Gebäude",わあ、大きな建物ですね,"Waouh, c'est un grand bâtiment","wow, to duży budynek"
yup,sí,ага,sim,Jawohl,うん,ouais,tak
sure is tall,Seguro que es alto,Он определенно высокий.,com certeza é alto,Er ist sicher groß,確かに背が高い,Il est vraiment grand,na pewno jest wysoki
...,...,...,...,...,...,...,...
yup,sí,ага,sim,Jawohl,うん,ouais,tak
"hey kid, you're not workin for that paint bucket guy are ya?","Oye niño, no estarás trabajando para ese tipo del cubo de pintura, ¿verdad?","Эй, парень, ты же не на того парня с ведром краски работаешь, правда?","Ei, garoto, você não trabalha para aquele cara do balde de tinta, né?","Hey Kleiner, du arbeitest doch nicht etwa für den Typen mit dem Farbeimer?",おい、君はあのペンキのバケツを持った男のために働いてるんじゃないだろうな？,"Hé gamin, tu ne travailles pas pour ce type avec le seau de peinture, si ?","Hej dzieciaku, nie pracujesz chyba dla tego gościa od wiadra z farbą?"
"I should've known, I can smell his lead paint fumes all over ya.","Debería haberlo sabido, puedo oler los vapores de pintura con plomo por todas partes.","Надо было догадаться, я чувствую запах его свинцовой краски повсюду на тебе.","Eu devia ter imaginado, consigo sentir o cheiro dos vapores da tinta com chumbo em você.","Ich hätte es wissen müssen, ich konnte die Dämpfe seiner bleihaltigen Farbe überall an dir riechen.",わかっていたはずだよ、君の体中から彼の鉛塗料の臭いが漂ってきたんだから。,"J'aurais dû m'en douter, je sens les émanations de sa peinture au plomb partout sur toi.","Powinienem się domyślić, czuję zapach jego farby ołowiowej na całym ciele."
"Me and that f*cknut used to be buisness partners,",Yo y ese idiota solíamos ser socios comerciales.,Мы с этим придурком раньше были деловыми партнерами.,Eu e aquele idiota éramos sócios.,Ich und dieser Vollidiot waren früher Geschäftspartner.,俺とあのクソ野郎はかつてビジネスパートナーだったんだ,"Ce crétin et moi étions associés,","Ja i ten kretyn byliśmy kiedyś partnerami biznesowymi,"
right up until he kicked me out for snortin all his acrylic paints.,hasta que me echó por inhalar todas sus pinturas acrílicas.,"Вплоть до того момента, пока он не выгнал меня за то, что я вдохнул все его акриловые краски через нос.",até o dia em que ele me expulsou por cheirar todas as suas tintas acrílicas.,"bis zu dem Moment, als er mich rausgeschmissen hat, weil ich seine ganzen Acrylfarben geschnupft hatte.",彼がアクリル絵の具を全部吸い取ったからって私が追い出されるまで。,jusqu'à ce qu'il me mette à la porte parce que j'avais sniffé toutes ses peintures acryliques.,"aż do momentu, gdy wyrzucił mnie za wciąganie wszystkich jego farb akrylowych."
Damn that cadmium red...,Maldito rojo cadmio...,"Чёрт возьми, этот кадмиевый красный...",Maldito vermelho cádmio...,"Verdammt nochmal, dieses Kadmiumrot...",あのカドミウムレッドは最悪だ...,Maudit soit ce rouge cadmium...,Do diabła z tą czerwienią kadmową...
Now I'm just tryin to make a livin off his success.,Ahora sólo intento ganarme la vida con su éxito.,Теперь я просто пытаюсь зарабатывать на жизнь за счет его успеха.,Agora estou apenas tentando ganhar a vida com o sucesso dele.,"Jetzt versuche ich nur noch, von seinem Erfolg zu profitieren.",今はただ彼の成功で生計を立てようとしているだけです。,"Maintenant, j'essaie juste de profiter de son succès pour vivre de ma réussite.",Teraz próbuję po prostu żyć z jego sukcesu.
UHHHHHHhhhhh....,UHHHHHHhhhhhhh....,УУ ...,UHHHHHHhhhhh....,UHHHHHHhhhhh....,ああああああああ……。,UHHHHHHhhhhh....,UHHHHHHhhhhhh....
"Sh*t, welp, i guess there's no use hiding it,","Mierda, bueno, supongo que no tiene sentido ocultarlo.","Черт, ну что ж, похоже, скрывать это бесполезно.","Droga, bem, acho que não adianta esconder.","Mist, na ja, ich schätze, es hat keinen Sinn, es zu verheimlichen.",ああ、まあ、隠しても無駄だと思うよ、,"Merde, bon, je suppose qu'il est inutile de le cacher,","Kurwa, cóż, chyba nie ma sensu tego ukrywać,"
"Oh, nevermind forget what I said.","Oh, no importa, olvida lo que dije.","Ой, ладно, забудьте, что я сказал.","Ah, deixa pra lá, esquece o que eu disse.","Ach, vergiss, was ich gesagt habe.",ああ、私が言ったことは忘れてください。,"Oh, laissez tomber, oubliez ce que j'ai dit.","Och, nieważne, zapomnij co powiedziałem."
Man these paint fumes are meltin my head.,"Hombre, estos vapores de pintura me están derritiendo la cabeza.","Блин, от этих паров краски у меня голова плавится.","Cara, esses vapores de tinta estão me deixando louco.","Mann, diese Farbdämpfe lassen mir den Kopf schmelzen.",おい、このペンキの煙で頭が溶けてるぞ。,"Punaise, ces vapeurs de peinture me font fondre la tête.","Człowieku, te opary farby roztapiają mi głowę."
Anyways heres a little secret...,"De todos modos, aquí hay un pequeño secreto...","В общем, вот вам небольшой секрет...","Enfim, aqui vai um segredinho...",Hier ist ein kleines Geheimnis...,とにかく、ここにちょっとした秘密があります...,"Bref, voici un petit secret...","A tak w ogóle, to jest mały sekret..."
I nabbed some old copies of his and put my own spin on em.,Cogí algunas copias viejas suyas y les di mi toque personal.,Я раздобыл несколько его старых экземпляров и внес в них свои собственные изменения.,Peguei alguns exemplares antigos dele e dei meu toque pessoal.,Ich habe mir ein paar alte Ausgaben von ihm besorgt und sie auf meine eigene Art überarbeitet.,私は彼の古いコピーをいくつか手に入れて、自分なりの解釈を加えました。,J'ai récupéré quelques vieux exemplaires de lui et j'y ai ajouté ma propre touche.,Zdobyłem kilka starych egzemplarzy jego książek i dodałem do nich swój własny tekst.
"It's a unique new way to play all of the bucket's works, some hard some not.","Es una forma única y nueva de jugar a todas las obras del juego, algunas difíciles y otras no.","Это уникальный новый способ пройти все игры из этого сборника, некоторые из них сложные, некоторые — нет.","É uma nova e singular forma de jogar todas as peças do jogo, algumas difíceis, outras nem tanto.","Es ist eine einzigartige neue Art, alle Werke des Eimers zu spielen, manche schwierig, manche nicht.",これは、難しいものもそうでないものも含め、バケットのすべての作品を演奏するユニークで新しい方法です。,"C'est une nouvelle façon unique de jouer à tous les jeux du seau, certains difficiles, d'autres non.","To nowy, wyjątkowy sposób grania we wszystkie utwory z serii, niektóre trudne, inne nie."
So are ya up to the challenge kid?,"Entonces, ¿estás preparado para el desafío, chico?","Ну что, ты готов принять вызов, парень?","Então, você topa o desafio, garoto?","Na, bist du bereit für die Herausforderung, Kleiner?",それで、君はその挑戦に応えられるかい？,"Alors, tu relèves le défi, gamin ?","Podołasz wyzwaniu, dzieciaku?"
That's the spirit.,Ese es el espíritu.,Вот это настрой!,É isso aí!,Genau so muss es sein.,それが精神だ。,Voilà l'esprit.,Taki jest duch.
"Tell ya what, you get me some of the bucket's acrilyc paints, then ill let you in.","Te diré algo, consígueme algunas de las pinturas acrílicas del balde y luego te dejaré entrar.","Знаешь что, принеси мне немного акриловых красок из ведра, и я тебя впущу.","Quer saber? Se você me arranjar umas tintas acrílicas do balde, eu te deixo entrar.","Weißt du was? Wenn du mir etwas von den Acrylfarben aus dem Eimer holst, lasse ich dich rein.",いいか、バケツの中のアクリル絵の具を少し取ってきてくれれば、入れてやる。,"Écoute, si tu me rapportes de la peinture acrylique du seau, je te laisserai entrer.","Powiem ci co, przyniesiesz mi trochę farb akrylowych z wiadra i wtedy cię wpuszczę."
I NEED ACRILYC PAINT!!!!,¡¡¡NECESITO PINTURA ACRÍLICA!!!!,Мне нужна акриловая краска!!!!,PRECISO DE TINTA ACRÍLICA!!!!,Ich brauche Acrylfarbe!!!!,アクリル絵の具が必要です!!!!,J'AI BESOIN DE PEINTURE ACRYLIQUE !!!!,POTRZEBUJĘ FARBĘ AKRYLOWĄ!!!!
You'll probably find em around his shop.,Probablemente los encontrarás alrededor de su tienda.,"Скорее всего, вы найдете их возле его магазина.",Você provavelmente os encontrará perto da loja dele.,Du wirst sie wahrscheinlich in der Nähe seines Ladens finden.,おそらく彼の店のあたりで見つけられるでしょう。,Vous les trouverez probablement aux alentours de sa boutique.,Prawdopodobnie znajdziesz je w pobliżu jego sklepu.
Just be sneaky about it.,Simplemente sé astuto al respecto.,Просто действуйте незаметно.,Seja discreto.,Geh dabei einfach heimlich vor.,ただこっそりやればいいんです。,Il suffit d'être discret.,Tylko bądźcie dyskretni.
"Hey kid, you got the stuff?","Oye niño, ¿tienes lo que necesitas?","Эй, парень, у тебя есть всё необходимое?","Ei, garoto, você tem o que precisa?","Hey Kleiner, hast du das Zeug?",おい、坊や、それを手に入れたか？,"Hé gamin, t'as le truc ?","Hej dzieciaku, masz to?"
"Hey thanks kid,","Oye, gracias chico.","Спасибо, малыш!","Ei, obrigado, garoto!","Hey, danke, Kleiner!",ありがとう、坊や,"Hé merci gamin,","Hej, dzięki dzieciaku,"
GIMME GIMME GIMME GIMME,"DAME, DAME, DAME, DAME","ДАЙ МНЕ, ДАЙ МНЕ, ДАЙ МНЕ",ME DÁ ME DÁ ME DÁ ME DÁ,GIBB GIBB GIBB GIBB GIBB,頂戴、頂戴、頂戴、頂戴,DONNEZ-MOI DONNEZ-MOI DONNEZ-MOI DONNEZ-MOI,DAJ MI DAJ MI DAJ MI DAJ MI
intense snorting,resoplido intenso,интенсивное фырканье,fungadas intensas,intensives Schnauben,激しい鼻息,reniflements intenses,intensywne parskanie
GRAAAAAAAAAAAAAAAAAAAAAAAAAAAAAAAAAAHHHH!!!!!!!!!!!,GRAAAAAAAAAAAAAAAAAAAAAAAAAAAAAAAAAHHHH!!!!!!!!!!!,ГРАААААААААААААААААААААААААААААААААААА!!!!!!!!!!!,GRAAAAAAAAAAAAAAAAAAAAAAAAAAAAHHHH!!!!!!!!!!!!,GRAAAAAAAAAAAAAAAAAAAAAAAAAAAAAAAHHHH!!!!!!!!!!!,グラァァァァァァァァァァァァァァァァァァァァァァァァァァァァァァァァァァァァァァァァァァァァァァァァァァァァァァァァァ！,GRAAAAAAAAAAAAAAAAAAAAAAAAAAAAAAAAAAHHHH!!!!!!!!!!!!,GRAAAAAAAAAAAAAAAAAAAAAAAAAAAAAAAAAAAAAAAAAAAAAAAAAAAA!!!!!!!!!!!
THATS SOME GOOD SH*T!,¡¡¡ESO ES UNA BUENA MIERDA!!!,ЭТО ЧТО-ТО КРУТОЕ!,Isso é coisa boa!,DAS IST JA RICHTIG GEIL!,それはすごいことだ！,C'EST DU TRUC DE BON !,TO JEST NIEZŁE GÓWNO!
THANKS KID GET TF IN THERE YEEAAAAAHHHH!!!!!!,"¡GRACIAS NIÑO, ENTRAR AHÍ SÍ ...","СПАСИБО, МАЛЫШ, ЗАХОДИ ТУДА, ДАА ...","Valeu, garoto! Entra logo nessa! Yeeeahhhhh!!!!!","DANKE, JUNGE, GEH DA REIN, JAAAAAA!!!",ありがとう、キッズ、TFをそこへ入れてくれ、イェーーーーー！！！,"MERCI GAMIN, ENTRE-Y ! OUAIS !!!","DZIĘKI DZIECIAKU, WEJDŹ TAM, YEEAAAAAHHHH!!!!!!"
THEN F*CK OFF!!,¡ENTONCES VETE A LA MIERDA!!,Тогда отвали!!,ENTÃO VÁ SE F*DER!!,DANN VERPISS DICH!!,じゃあ消えろよ!!,ALORS VA TE FAIRE FOUTRE !!,TO WYPADAJ!!
HEY!!!!,¡¡¡¡EY!!!!,ПРИВЕТ!!!!,EI!!!!,HEY!!!!,おい！！！！,HÉ!!!!,HEJ!!!!
NO TRESPASSING!,¡PROHIBIDO EL PASO!,ВХОД ВНУТРЬ ЗАПРЕЩЕН!,PROIBIDA A ENTRADA!,Betreten verboten!,立ち入り禁止！,DÉFENSE D'ENTRER !,WSTĘP WZBRONIONY!
"Hey kid, y-you ever snorted eraser shavings?","Oye niño, ¿alguna vez has inhalado virutas de borrador?","Эй, малыш, ты когда-нибудь нюхал стружку от ластика?","Ei, garoto, você já cheirou aparas de borracha?","Hey Kleiner, hast du schon mal Radiergummispäne geschnupft?",おい、君、消しゴムの削りかすを鼻から吸い込んだことあるか？,"Hé gamin, t-tu as déjà sniffé des copeaux de gomme ?","Hej dzieciaku, wciągałeś kiedyś wiórki z gumki do mazania?"
"You're sleepin on this sh*t, half my noggin is gone rn.","Estás durmiendo en esta mierda, la mitad de mi cabeza se ha ido ahora mismo.","Ты это игнорируешь, у меня уже половина головы отвалилась.","Você está ignorando essa merda, metade do meu cérebro já foi embora.","Du verpasst das total, mir fehlt gerade die Hälfte meines Gehirns.",お前はこのクソなことを寝てたな、もう頭の半分が逝ったぞ。,"Tu passes à côté de quelque chose, j'ai la moitié du cerveau qui a disparu là.","Śpisz na tym gównie, a ja już nie mam połowy głowy."
Phent gives me superpowers.,Phent me da superpoderes.,Фент наделяет меня сверхспособностями.,Phent me dá superpoderes.,Phent verleiht mir Superkräfte.,フェントは私に超能力を与えてくれます。,Phent me donne des superpouvoirs.,Phent daje mi supermoce.
DAMN I love shootin up black tar herobrine.,"MALDITA SEA, me encanta inyectarme herobrine de alquitrán negro.","Чёрт, я обожаю колоться чёрной смолой и травкой.","CARAMBA, eu adoro injetar heroína alcatrão preto.","Verdammt, ich liebe es, mir Herobrin in Schwarzteerform zu spritzen.",くそー、ブラックタールのヘロブラインを撃つのが大好きなんだ。,"PUTAIN, j'adore me shooter à l'Herobrine noire.","KURDE, uwielbiam strzelać sobie z czarnego taru herobrine'a."
Did you k-know vaping is bad for you?,¿Sabías que vapear es malo para ti?,"А вы знали, что вейпинг вреден для здоровья?",Você sabia que vaporizar faz mal à saúde?,"Wusstest du, dass Dampfen schädlich für dich ist?",電子タバコは体に悪いって知っていましたか？,Saviez-vous que vapoter est mauvais pour la santé ?,"Czy wiesz, że wapowanie jest szkodliwe?"
GOD I LOVE MOLLY!!!!,¡¡¡DIOS AMO A MOLLY!!!!,"Боже, я обожаю Молли!!!!","MEU DEUS, EU AMO A MOLLY!!!!","GOTT, ICH LIEBE MOLLY!!!!",ああ、私はモリーが大好きです！,DIEU QUE J'ADORE MOLLY !!!!,"BOŻE, KOCHAM MOLLY!!!!"
"I cant get enough of her, she's so sweet! 😊","¡No puedo tener suficiente de ella, es tan dulce! 😊","Я от неё в полном восторге, она такая милая! 😊","Eu adoro ela, ela é tão fofa! 😊","Ich kann gar nicht genug von ihr bekommen, sie ist so lieb! 😊",彼女は本当に優しいので、飽きることがありません！😊,"Je l'adore, elle est tellement adorable ! 😊","Nie mogę się nią nacieszyć, jest taka słodka! 😊"
"Hey kid, did ya know Soda Sola used to add sosaine in their drinks?","Oye niño, ¿sabías que Soda Sola solía agregar sosaína a sus bebidas?","Эй, парень, ты знал, что Soda Sola раньше добавляла созаин в свои напитки?","Ei, garoto, você sabia que a Soda Sola costumava adicionar sosaine às suas bebidas?","Hey Kleiner, wusstest du, dass Soda Sola früher Sosaine in ihre Getränke gemischt hat?",ねえ、君、ソーダソーラがドリンクにソーセージを入れていたって知ってた？,"Hé gamin, tu savais que Soda Sola ajoutait de la soude dans ses boissons ?","Hej dzieciaku, wiedziałeś, że Soda Sola dodawała sos do swoich napojów?"
the g-good old days...,los buenos viejos tiempos...,Старые добрые времена...,Os bons e velhos tempos...,die guten alten Zeiten...,古き良き時代…,les bons vieux jours...,dobre stare czasy...
W-w-what year is it again?,¿Q-q-qué año es de nuevo?,К-к-какой сейчас год?,Q-q-que ano é este mesmo?,W-w-welches Jahr haben wir denn nochmal?,えっと、今年は何年だっけ?,C-c-on est en quelle année déjà ?,K-k-który to już rok?
"Hey kid, do ya know where I can find Mary Jane?","Oye niño, ¿sabes dónde puedo encontrar a Mary Jane?","Эй, парень, ты не знаешь, где я могу найти Мэри Джейн?","Ei, garoto, você sabe onde posso encontrar Mary Jane?","Hey Kleiner, weißt du, wo ich Marihuana finden kann?",ねえ、君、メアリー・ジェーンがどこにいるか知ってる？,"Hé gamin, tu sais où je peux trouver de la marijuana ?","Hej dzieciaku, wiesz gdzie mogę znaleźć Mary Jane?"
"My girlfriend, Mary, have ya seen her?","Mi novia, Mary, ¿la has visto?","Моя девушка, Мэри, ты ее видел?","Minha namorada, Mary, você a viu?","Meine Freundin Mary, hast du sie gesehen?",私の彼女、メアリー、会いましたか？,"Ma copine, Mary, tu l'as vue ?","Moją dziewczynę, Mary, widziałeś ją?"
"Aw damn, I was gonna try her on tonight if you know what I mean.","Oh, maldita sea, iba a probármela esta noche, si sabes a qué me refiero.","Черт, я как раз собирался примерить ее сегодня вечером, если ты понимаешь, о чем я.","Puxa, eu ia tentar algo com ela hoje à noite, se é que você me entende.","Verdammt, ich wollte sie heute Abend eigentlich anprobieren, wenn du verstehst, was ich meine.",ああ、今夜彼女を試してみようと思っていたんだ。,"Zut alors, j'allais l'essayer ce soir, si vous voyez ce que je veux dire.","O cholera, miałem zamiar ją dziś wieczorem przymierzyć, jeśli rozumiesz, o co mi chodzi."
HEH!,¡JEJE!,Хе-хе!,Hehe!,Hehe!,へっ！,Héhé !,HEH!
Is it s-safe to smoke chlorine through a bong pipe?,¿Es seguro fumar cloro a través de un bong?,Безопасно ли курить хлор через бонг?,É seguro fumar cloro em um bong?,"Ist es sicher, Chlor durch eine Bong zu rauchen?",ボングパイプで塩素を吸うのは安全ですか?,Est-il sans danger de fumer du chlore à l'aide d'une pipe à eau (bong) ?,Czy palenie chloru przez fajkę wodną jest bezpieczne?
Asking for a friend.,Preguntando por un amigo.,Спрашиваю за друга.,Perguntando para um amigo.,Ich frage für einen Freund.,友達に頼む。,Je demande pour un ami.,Pytam w imieniu przyjaciela.
NAAAAAHHHH!!!!,¡¡¡NAAAAAHHHH!!!!,НАА ...,NAAAAAHHHH!!!!,NAAAAAHHHH!!!!,いやああああ！！！！,NAAAAAHHHH!!!!,NAAAAAAHHHH!!!!
"I'll do a lot of things but n-not marijuana,","Haré muchas cosas pero n-no marihuana,","Я буду делать много чего, но только не употреблять марихуану.","Eu faço muitas coisas, mas n-não maconha.","Ich mache viele Dinge, aber kein Marihuana.",いろいろやるけどマリファナはやらない,"Je ferai beaucoup de choses, mais pas de marijuana.","Zrobię wiele rzeczy, ale nie marihuanę,"
smells bad.,huele mal,Пахнет плохо.,Cheira mal.,Es riecht schlecht.,臭いです。,Ça sent mauvais.,brzydko pachnie.
"b-believe it or not I love bathing,","Créelo o no, me encanta bañarme.","Верите или нет, я люблю принимать ванну.","Acredite ou não, eu adoro tomar banho.","Ob Sie es glauben oder nicht, ich liebe Baden.",信じられないかもしれませんが、私はお風呂が大好きです。,"Croyez-le ou non, j'adore prendre des bains.","b-wierzcie lub nie, uwielbiam kąpiele,"
bath bombs,bombas de baño,Бомбочки для ванны,bombas de banho,Badebomben,バスボム,bombes de bain,kule do kąpieli
bath salts,sales de baño,соли для ванн,sais de banho,Badesalze,バスソルト,sels de bain,sole do kąpieli
the whole 9 yards.,Las 9 yardas completas.,Всё досконально.,"tudo, até o fim.",das volle Programm.,全部全部。,tout le terrain.,całe 9 jardów.
"Just because I like t-t-to get zooted doesn't m-mean I do alcohol,",Sólo porque me gusta estar drogado no significa que consuma alcohol.,"То, что мне нравится напиваться, вовсе не означает, что я употребляю алкоголь.","Só porque eu gosto de ficar chapado não significa que eu bebo álcool,","Nur weil ich gerne high bin, heißt das nicht, dass ich Alkohol trinke.",酔っぱらうのが好きだからって、お酒を飲むわけじゃないんだよ。,Ce n'est pas parce que j'aime me défoncer que je bois de l'alcool.,"To, że lubię się upijać, nie oznacza, że ​​piję alkohol."
except for rubbing alcohol that sh*t's gas.,"A excepción del alcohol isopropílico, esa mierda es gas.","За исключением медицинского спирта, от которого текут газы.","Exceto o álcool isopropílico, que é puro gás.","Außer Isopropylalkohol, das Zeug ist doch nur Gas.",消毒用アルコールを除いて、あれはガスだ。,"Sauf l'alcool à friction, c'est de l'essence.",oprócz alkoholu izopropylowego to gówniany gaz.
"I shot ketamine the other day... 68 times to be exact,","El otro día me inyecté ketamina... 68 veces para ser exactos,","Я на днях колол кетамин... 68 раз, если быть точным.","Eu injetei ketamina outro dia... 68 vezes, para ser exato.","Ich habe mir neulich Ketamin gespritzt... 68 Mal, um genau zu sein.",先日ケタミンを注射しました。正確には68回です。,"Je me suis injecté de la kétamine l'autre jour... 68 fois pour être exact,","Ostatnio zastrzyknąłem ketaminę... dokładnie 68 razy,"
He was a good dog...,Era un buen perro...,Он был хорошим псом...,Ele era um bom cachorro...,Er war ein guter Hund...,彼は良い犬でした...,C'était un bon chien...,To był dobry pies...
I'm still smellin shapes dawg HELP ME.,"Todavía estoy oliendo formas, amigo. AYÚDAME.","Я всё ещё чувствую запахи, чувак, ПОМОГИ МНЕ.","Ainda estou sentindo o cheiro de formas, cara, ME AJUDE.","Ich rieche immer noch Formen, Mann, HILF MIR.",まだ形の匂いがするよ、助けて。,"Je sens encore des formes, mec, AIDEZ-MOI.","Nadal czuję zapach, kolego POMÓŻ MI."
"I w-was dropped as a baby yknow,","Me dejaron caer cuando era un bebé, ¿sabes?","Меня уронили ещё младенцем, понимаете?","Eu fui deixada cair quando era bebê, sabe?","Ich wurde als Baby fallen gelassen, wissen Sie?",私は赤ん坊の時に落とされたんです,"J'ai été lâché quand j'étais bébé, tu sais,","Zostałem porzucony jako dziecko, wiesz?"
and then punted into the ceiling fan.,y luego lo pateó hacia el ventilador del techo.,а затем пнул его в потолочный вентилятор.,e então foi chutada em direção ao ventilador de teto.,und dann kickte er den Ball gegen den Deckenventilator.,そして天井の扇風機に蹴り飛ばしました。,puis il a donné un coup de pied dans le ventilateur de plafond.,a następnie rzucony w wentylator sufitowy.
You're real right?,Eres real ¿verdad?,"Ты настоящий, правда?","Você é real, né?","Du bist echt, oder?",あなたって本物ですよね？,"Tu es bien réel, n'est-ce pas ?",Masz rację?
"Yo, y-you got a lighter and a spoon?","Oye, ¿tienes un encendedor y una cuchara?","Эй, у тебя есть зажигалка и ложка?","Ei, você tem um isqueiro e uma colher?","Hey, hast du ein Feuerzeug und einen Löffel?",おい、ライターとスプーン持ってるか？,"Yo, t'as un briquet et une cuillère ?","Hej, t-ty masz zapalniczkę i łyżkę?"
I'm tryna brew some shit with the leftover paint,Estoy tratando de preparar algo con la pintura sobrante.,Я пытаюсь сварить кое-что из оставшейся краски.,Tô tentando fazer umas cervejas com a tinta que sobrou.,"Ich versuche, aus der restlichen Farbe irgendwas zu brauen.",残った絵の具で何か作ろうと思ってる,J'essaie de faire un truc avec les restes de peinture.,Próbuję zrobić coś z resztek farby
Yoooo I'm high as a mothaf*cka.,"Yoooo, estoy drogado como un hijo de puta.","Йооо, я обкуренный в хрень.","E aí, tô chapado pra caralho.","Yoooo, ich bin so high wie ein Vollidiot.",よぉ、俺はマジでハイになってるぜ。,"Yoooo, je suis défoncé comme un putain de gamin.","Yoooo, jestem na haju jak cholera."
this store is wigglin like crazyyy.,Esta tienda se mueve como loca.,Этот магазин трясётся как сумасшедший.,Essa loja está se mexendo feito louca!,Dieser Laden wackelt wie verrückt.,この店は狂ったように揺れている。,Ce magasin est en train de gigoter comme un fou !,ten sklep kręci się jak szalony.
"My d-dealer asked me if I needed some horse tranquilizers,",Mi comerciante me preguntó si necesitaba tranquilizantes para caballos.,"Мой дилер спросил меня, не нужны ли мне транквилизаторы для лошадей.",Meu traficante me perguntou se eu precisava de tranquilizantes para cavalos.,"Mein Drogendealer fragte mich, ob ich Pferdeberuhigungsmittel bräuchte.",私のディーラーは私に馬の鎮静剤が必要かどうか尋ねました、,Mon dealer m'a demandé si j'avais besoin de tranquillisants pour chevaux.,"Mój diler zapytał mnie, czy potrzebuję środków uspokajających dla koni,"
how dare he offer me something that has caused horsies so much terror for decades.,¿Cómo se atreve a ofrecerme algo que ha causado tanto terror a los caballos durante décadas?,"Как он смеет предлагать мне то, что десятилетиями причиняло лошадям столько ужаса?",Como ele se atreve a me oferecer algo que causou tanto terror aos criadores de cavalos por décadas?,"Wie kann er es wagen, mir etwas anzubieten, das Pferden seit Jahrzehnten so viel Schrecken einjagt?",何十年も馬たちに恐怖を与えてきたものを、どうして彼は私に提供できるのか。,Comment ose-t-il me proposer quelque chose qui a semé la terreur chez les chevaux pendant des décennies ?,"Jak on śmie proponować mi coś, co od dziesięcioleci wywołuje u koni tak wielki strach."
"I told him ""just give me my damn ketamine"" .","Le dije ""sólo dame mi maldita ketamina"".","Я сказал ему: ""Просто дай мне мой чертов кетамин"".","Eu disse a ele: ""Só me dê minha maldita ketamina"".",Ich sagte ihm: „Gib mir endlich mein verdammtes Ketamin!“,私は彼に「とにかくケタミンをくれ」と言いました。,Je lui ai dit : « Donne-moi juste ma putain de kétamine ».,Powiedziałem mu: „Po prostu daj mi tę cholerną ketaminę”.
"hey baby, you is lookin kinda bare right now","Oye nena, te ves un poco desnuda ahora mismo.","Эй, детка, ты сейчас выглядишь как-то пустовато.","Ei, querida, você está parecendo meio sem graça agora.","Hey Baby, du siehst gerade etwas nackt aus.",ねえベイビー、君は今ちょっと裸に見えるよ,"Hé bébé, tu as l'air un peu nue en ce moment","Hej kochanie, teraz wyglądasz trochę boso"
"well im sellin all the fashion round here, you wanna look gud or nah?","Bueno, estoy vendiendo toda la moda por aquí, ¿quieres lucir bien o no?","Ну, я продаю всю модную одежду в округе, хочешь хорошо выглядеть или нет?","Bom, eu vendo todas as roupas da moda por aqui, você quer ficar estiloso ou não?","Also, ich verkaufe hier die ganze Mode, willst du gut aussehen oder nicht?",まあ、私はここでファッションを全部売っているよ、あなたは素敵に見えたいですか、それともそうじゃないですか?,"Eh bien, je vends toute la mode du coin, tu veux avoir du style ou pas ?","Cóż, sprzedaję całą tutejszą modę, chcesz wyglądać dobrze czy nie?"
mmmmhmm i thought so.,mmmmhmm eso pensé.,"Мммм, я так и думал.","Hummm, eu imaginei.","Mmmhmm, das dachte ich mir.",うーん、そう思ったよ。,"Mmmhmm, je le pensais aussi.",mmmmhmm tak myślałam.
get cho ass in there baby!,"¡Mete ese culo ahí, nena!","Засунь свою задницу туда, детка!","Entra logo aí, querida!","Rein da rein, Baby!",そこへケツを入れろよベイビー！,"Bouge-toi là-dedans, bébé !","zabieraj tam swój tyłek, kochanie!"
cya baby!,¡Hasta luego bebé!,"Пока, детка!","Até logo, meu bem!","Bis dann, Baby!",じゃあね、ベイビー！,"À plus, bébé !","Cześć, kochanie!"
fr?,fr?,фр?,fr?,fr?,fr?,fr?,z?
well screw ya then!,¡Entonces que te jodan!,Ну и пошли вы тогда к черту!,Então que se dane você!,"Na dann, leck mich doch!",じゃあ、くたばれ！,"Eh bien, tant pis pour vous alors !",no to w takim razie pieprzyć cię!
whats gud baby u want in?,¿Qué buen bebé quieres?,Какого хорошего малыша ты хочешь?,"O que você quer, meu bem?","Was ist los, Baby, willst du rein?",グッドベイビー、何が欲しい？,"Qu'est-ce qui est bon bébé, tu veux entrer ?","co tam kochanie, chcesz?"
mmmmhmm,mmmmhmm,ммммхмм,mmmmhmm,mmmmhmm,うーん,mmmmhmm,mmmmhmm
have yoself a gud day,que tengas un buen día,Хорошего вам дня!,Tenha um bom dia!,Hab einen schönen Tag!,良い一日をお過ごしください,Passe une bonne journée,Miłego dnia
well dont leave me hangin!,"Bueno, ¡no me dejes colgado!",Ну и не оставляй меня в подвешенном состоянии!,Não me deixe na mão!,Lass mich nicht im Regen stehen!,まあ、私を放っておかないで！,"Eh bien, ne me laissez pas en plan !","no cóż, nie zostawiaj mnie w niepewności!"
f*ck you lookin at? my fits?,¿Qué carajo estás mirando? ¿Mis ataques?,На что ты смотришь? На мои наряды?,Que porra você tá olhando? Meus looks?,Was glotzt du so? Meine Outfits?,一体全体、何見てるんだ？俺の発作を？,Qu'est-ce que tu regardes ? Mes tenues ?,na co się patrzysz? na moje napady?
damn right,"maldita sea, cierto","черт возьми, да!",Com certeza,Verdammt richtig!,まさにその通り,Absolument.,"jasne, że tak"
i know you'll be back,Sé que volverás,"Я знаю, ты вернешься.",Eu sei que você vai voltar.,"Ich weiß, du wirst zurückkommen.",君が戻ってくると分かっている,Je sais que tu reviendras,"wiem, że wrócisz"
don't lie now,No mientas ahora,не лги сейчас,Não minta agora,Lüg jetzt nicht.,今は嘘をつかないで,Ne mens pas maintenant,nie kłam teraz
watchu need hun?,"¿Qué necesitas, cariño?","Что тебе нужно, дорогая?","O que você precisa, querida?","Was brauchst du, Schatz?",何か必要なものある？,"De quoi as-tu besoin, chérie ?","potrzebujesz zegarka, hun?"
thats what i thought,Eso es lo que pensé,Так я и думал.,Era o que eu pensava.,Das dachte ich auch.,それが私の考えでした,C'est ce que je pensais,to właśnie myślałem
you know where to find me if you need sum mo,Sabes dónde encontrarme si necesitas algo más.,"Вы знаете, где меня найти, если вам что-нибудь понадобится.",Você sabe onde me encontrar se precisar de mais alguma coisa.,"Du weißt, wo du mich findest, falls du mehr brauchst.",何か必要なことがあれば、どこで私を見つけられるか知っていますか？,tu sais où me trouver si tu as besoin de quelque chose de plus,wiesz gdzie mnie znaleźć jeśli potrzebujesz więcej
such a tease,Qué provocación,такая дразнилка,Que provocação!,so eine Verlockung,なんてからかうんだ,Quel taquin !,taka prowokacja
couldn't get enough hm?,¿No te cansaste?,"Не могли наесться, да?","Não se cansava, né?","Konnten wohl nicht genug davon bekommen, hm?",まだ足りなかったの？,"Tu n'en as jamais assez, hein ?","nie mogłeś się nasycić, hm?"
hurry yo *ss up,"Date prisa, culo.","поторопись, *задница*",Anda logo com essa bunda!,"Beeil dich, du Arsch!",急いでよ,"Dépêche-toi, espèce de connard",pospiesz się
"my name aint Brit by the way, it's Wookisha","Por cierto, mi nombre no es Brit, es Wookisha.","Кстати, меня зовут не Брит, а Вукиша.","Aliás, meu nome não é Brit, é Wookisha.","Ich heiße übrigens nicht Brit, sondern Wookisha.",ちなみに私の名前はブリットではなくウーキシャです,"Au fait, je ne m'appelle pas Brit, je m'appelle Wookia.","A tak przy okazji, nie mam na imię Brit, tylko Wookisha"
call me.,llámame.,Позвоните мне.,liga para mim.,rufen Sie mich an.,電話してね。,appelez-moi.,zadzwoń do mnie.
"come again, I won't bite","Vuelve otra vez, no te morderé","Приходи ещё, я не кусаюсь","Volte sempre, eu não vou morder.","Komm wieder, ich beiße nicht.",もう一度来て、噛まないよ,"Reviens, je ne te mordrai pas.","przyjdź ponownie, nie ugryzę"
you here for a fit or did you come to see me?,¿Estás aquí para un ataque o viniste a verme?,Вы пришли поучаствовать в приступе или ко мне?,Você está aqui para uma discussão ou veio me ver?,"Bist du wegen einer Anprobe hier oder bist du gekommen, um mich zu sehen?",あなたは発作のためにここに来たのですか、それとも私に会いに来たのですか？,Tu es là pour une crise ou tu es venu me voir ?,"Przyszedłeś na chwilę, czy przyszłaś do mnie?"
consider it your reparations,considérelo su reparación,считайте это вашей компенсацией.,Considere isso como sua reparação.,Betrachten Sie es als Ihre Wiedergutmachung.,それをあなたの賠償と考えてください,Considérez cela comme vos réparations.,uważaj to za swoje zadośćuczynienie
"yeah thats right, walk away","Sí, eso es cierto, aléjate.","Да, всё верно, уходите.","Sim, é isso mesmo, vá embora.","Ja, genau, geh einfach weg.",そうだ、立ち去る,"Oui, c'est ça, éloignez-vous","tak, to prawda, odejdź"
it's because I'm a floating pair of lips ain't it?,Es porque soy un par de labios flotantes ¿no?,"Это потому, что я словно парящие губы, не так ли?","É porque eu sou um par de lábios flutuantes, não é?","Das liegt daran, dass ich ein schwebendes Lippenpaar bin, nicht wahr?",それは私が浮いている唇だからですよね？,"C'est parce que je suis une paire de lèvres flottantes, n'est-ce pas ?","bo jestem unoszącą się parą ust, prawda?"
,,#VALUE!,#VALUE!,#VALUE!,#VALUE!,#VALUE!,#VALUE!
,,#VALUE!,#VALUE!,#VALUE!,#VALUE!,#VALUE!,#VALUE!
Dash,Estrellarse,Бросаться,Traço,Bindestrich,ダッシュ,Tiret,Kropla
Double Jump,Doble salto,Двойной прыжок,Salto duplo,Doppelsprung,ダブルジャンプ,Double saut,Podwójny skok
Recall,Recordar,Отзывать,Lembrar,Abrufen,想起,Rappel,Przypomnienie sobie czegoś
Game Paused,Juego en pausa,Игра приостановлена,Jogo pausado,Spiel pausiert,ゲームを一時停止しました,Jeu en pause,Gra wstrzymana
Resume,Reanudar,Резюме,Retomar,Wieder aufnehmen,再開する,CV,Wznawiać
Restart,Reiniciar,Перезапуск,Reiniciar,Neustart,再起動,Redémarrage,Uruchom ponownie
Lobby,Vestíbulo,Лобби,Salão,Lobby,ロビー,Hall d'entrée,Lobby
Options,Opciones,Параметры,Opções,Optionen,オプション,Options,Opcje
Quit,Abandonar,Покидать,Desistir,Aufhören,やめる,Quitter,Zrezygnować
Master,Maestro,Владелец,Mestre,Master,マスター,Maître,Gospodarz
Music,Música,Музыка,Música,Musik,音楽,Musique,Muzyka
Sensitivity,Sensibilidad,Чувствительность,Sensibilidade,Empfindlichkeit,感度,Sensibilité,Wrażliwość
Quality: peak performance,Calidad: máximo rendimiento,Качество: максимальная производительность,Qualidade: desempenho máximo,Qualität: Höchstleistung,品質: 最高のパフォーマンス,Qualité : performances optimales,Jakość: najwyższa wydajność
Quality: dog water,Calidad: agua para perros,Качество: вода для собак,Qualidade: água para cães,Qualität: Hundewasser,品質: 犬用水,Qualité : eau pour chiens,Jakość: woda dla psów
Quality: real sh*t,Calidad: auténtica mierda,Качество: настоящая дрянь,Qualidade: uma verdadeira porcaria.,Qualität: Echter Scheiß,品質：本物,Qualité : vraiment de la merde,Jakość: prawdziwe gówno
Quality: hot,Calidad: caliente,Качество: горячее,Qualidade: quente,Qualität: heiß,品質: 熱い,Qualité : chaud,Jakość: gorąca
Quality: creamy,Calidad: cremosa,Качество: кремовое,Qualidade: cremosa,Qualität: cremig,品質：クリーミー,Qualité : crémeuse,Jakość: kremowa
Fullscreen,Pantalla completa,Полноэкранный,Tela cheia,Vollbild,全画面表示,Plein écran,Pełny ekran
Shortcuts,Atajos,Ярлыки,Atalhos,Abkürzungen,ショートカット,Raccourcis,Skróty
Back,Atrás,Назад,Voltar,Zurück,戻る,Dos,Z powrotem
Credits and Attribution,Créditos y atribución,Указание авторства и благодарности,Créditos e Atribuição,Credits und Quellenangabe,クレジットと帰属,Crédits et attribution,Informacje i uznanie autorstwa
Reset item positions,Restablecer posiciones de elementos,Сбросить положение элементов,Redefinir posições dos itens,Position der Elemente zurücksetzen,アイテムの位置をリセット,Réinitialiser les positions des éléments,Resetuj pozycje elementów
Language,Idioma,Язык,Linguagem,Sprache,言語,Langue,Język
,,#VALUE!,#VALUE!,#VALUE!,#VALUE!,#VALUE!,#VALUE!
,,#VALUE!,#VALUE!,#VALUE!,#VALUE!,#VALUE!,#VALUE!
what is this?,¿qué es esto?,что это?,o que é isso?,was ist das?,これは何ですか？,qu'est-ce que c'est?,co to jest?
is it good?,¿es bueno?,Это хорошо?,É bom?,Ist es gut?,それは良いですか？,Est-ce bon ?,Czy to jest dobre?
how do i play?,¿Cómo juego?,Как мне играть?,Como eu jogo?,Wie spiele ich?,どうやって遊ぶんですか？,Comment je joue ?,jak grać?
whats in there?,¿Que hay ahí dentro?,Что там внутри?,O que tem aí dentro?,Was ist da drin?,そこには何が入ってるの？,Qu'est-ce qu'il y a là-dedans ?,co tam jest?
whats this game about?,¿De qué trata este juego?,О чём эта игра?,Sobre o que é este jogo?,Worum geht es in diesem Spiel?,このゲームの内容は何ですか？,De quoi parle ce jeu ?,o co chodzi w tej grze?
whats a store?,¿Qué es una tienda?,Что такое магазин?,O que é uma loja?,Was ist ein Laden?,お店とは何ですか？,Qu'est-ce qu'un magasin ?,co to jest sklep?
nah,No,нет,não,na,いや,non,nie
bye dumb***,adiós tonto,"пока, тупица***","Tchau, seu idiota!","Tschüss, du Idiot!",さようなら、バカ***,"au revoir, abruti***","pa, głupku***"
tell me more,Cuéntame más,расскажите мне подробнее,Conte-me mais,Erzähl mir mehr,もっと教えてください,Dites-m'en plus,powiedz mi więcej
is that it?,¿es eso todo?,И это всё?,É só isso?,War's das?,それはそれですか？,C'est tout ?,to wszystko?
why are you so fat,¿Por qué estás tan gorda?,Почему ты такой толстый?,Por que você é tão gordo?,Warum bist du so fett?,どうしてそんなに太っているの？,Pourquoi es-tu si gros/grosse ?,dlaczego jesteś taki gruby
you ever use those paintings in there?,¿Alguna vez usaste esos cuadros ahí?,Вы когда-нибудь использовали эти картины там?,Você já usou aquelas pinturas que estavam lá dentro?,Hast du diese Gemälde dort drinnen jemals benutzt?,そこに絵を使ったことはありますか？,Avez-vous déjà utilisé ces tableaux là-bas ?,Czy kiedykolwiek używałeś tych obrazów?
you're just coping,Solo estás lidiando con la situación,ты просто справляешься,Você está apenas lidando com a situação.,Du kommst einfach damit klar.,あなたはただ対処しているだけだ,"tu te débrouilles, c'est tout.",po prostu sobie radzisz
do you think those brushes are real?,¿Crees que esos pinceles son reales?,"Как вы думаете, эти кисти настоящие?",Você acha que esses pincéis são de verdade?,"Glaubst du, diese Pinsel sind echt?",あのブラシは本物だと思いますか？,Tu crois que ces pinceaux sont authentiques ?,"myślisz, że te pędzle są prawdziwe?"
behindartstore,detrás de la tienda de arte,behindartstore,behindartstore,hinterKunstladen,アートストアの背後,behindartstore,sklep z artykułami artystycznymi
i dunno,no se,я не знаю,eu não sei,ich weiß nicht,私は知らないよ,je ne sais pas,nie wiem
kinda looks like you,Se parece un poco a ti,чем-то похож на тебя.,Parece um pouco com você.,Sieht dir irgendwie ähnlich.,あなたに似ている,ça te ressemble un peu,trochę jak ty
whatchu doin at the fat hotel,¿Qué haces en el hotel Fat?,Что ты делаешь в отеле для толстяков?,O que você está fazendo no hotel dos gordos?,Was machst du im fetten Hotel?,ファットホテルで何してるの？,Qu'est-ce que tu fais à l'hôtel Fat ?,Co robisz w tym grubym hotelu?
you live at the fat hotel lol,Vives en el hotel gordo jajaja,"Ты живёшь в отеле для толстяков, лол.","Você mora no hotel dos gordos, rsrs.","Du wohnst im Hotel für Dicke, lol",あなたは太ったホテルに住んでいるね笑,Tu habites à l'hôtel des gros lol,mieszkasz w grubym hotelu lol
i like the fountain,me gusta la fuente,Мне нравится фонтан.,Eu gosto da fonte.,Ich mag den Brunnen.,私は噴水が好きです,J'aime la fontaine,podoba mi się fontanna
why are you so mean to me?,¿Por qué eres tan malo conmigo?,Почему ты так плохо ко мне относишься?,Por que você é tão cruel comigo?,Warum bist du so gemein zu mir?,どうして私にそんなに意地悪なの？,Pourquoi es-tu si méchant avec moi ?,dlaczego jesteś dla mnie taki okrutny?
who made you this way?,¿Quién te hizo así?,Кто сделал тебя таким?,Quem te transformou nisso?,Wer hat dich so gemacht?,あなたをこんな風にしたの誰？,Qui t'a rendu ainsi ?,kto cię takim stworzył?
sounds like projecting to me,A mí me suena a proyección,Мне это кажется попыткой проецировать свои мысли.,Parece-me que você está projetando seus próprios sentimentos.,Klingt für mich nach Projektion.,投影しているように聞こえる,Ça me fait penser à de la projection.,brzmi dla mnie jak projekcja
you don't know where I live b****,"No sabes dónde vivo, perra","Ты не знаешь, где я живу, сука!","Você não sabe onde eu moro, sua vadia.","Du weißt nicht, wo ich wohne, Schlampe.",お前は俺がどこに住んでいるか知らないだろ、ビッチ,"Tu ne sais pas où j'habite, salope.","nie wiesz gdzie mieszkam, suko"
but you live there,pero vives allí,но ты там живешь,mas você mora lá,Aber du wohnst doch dort,でもあなたはそこに住んでいる,mais vous habitez là-bas,ale ty tam mieszkasz
what did i ever do to you,¿Qué te hice?,Что я тебе такого сделал?,O que eu te fiz?,Was habe ich dir jemals getan?,私があなたに何をしたというの,Qu'est-ce que je t'ai fait ?,co ja ci zrobiłem?
now that you mention it yeah what,"Ahora que lo mencionas, ¿sí?","Раз уж вы об этом заговорили, да, что?","Agora que você mencionou, sim, o quê?","Jetzt, wo du es erwähnst, ja, was?",そういえば、そうだね,"Maintenant que tu le dis, oui, quoi ?","teraz, kiedy o tym wspomniałeś, tak, co?"
haha,ja ja,хаха,haha,Haha,ハハハ,haha,haha
what store?,¿Que tienda?,В каком магазине?,Qual loja?,Welches Geschäft?,どの店ですか？,Quel magasin ?,jaki sklep?
what do you sell?,¿que vendes?,Что вы продаёте?,O que você vende?,Was verkaufen Sie?,何を売っていますか？,Que vendez-vous ?,co sprzedajesz?
i'll buy something,Voy a comprar algo,Я что-нибудь куплю,Vou comprar alguma coisa,Ich werde etwas kaufen.,何か買います,Je vais acheter quelque chose,kupię coś
i'm good,estoy bien,я в порядке,estou bem,Mir geht es gut,私は大丈夫です,je vais bien,Jestem dobry
mk,mk,мк,mk,mk,メートル,mk,mk
no,No,нет,não,NEIN,いいえ,Non,NIE
i'd like a painting please,Me gustaría un cuadro por favor,"Я бы хотел картину, пожалуйста.","Eu gostaria de uma pintura, por favor.",Ich hätte gern ein Gemälde.,絵をお願いします,"Je voudrais un tableau, s'il vous plaît.",poproszę o obraz
are you high?,¿Estas drogado?,Ты под кайфом?,Você está drogado?,Bist du high?,ハイですか？,Tu es défoncé ?,jesteś na haju?
"ok, bye","ok, adiós","Окей, пока.","Ok, tchau.","Okay, tschüss.",じゃあね,"Ok, au revoir","ok, pa"
got any tips?,¿Tienes algún consejo?,Есть какие-нибудь советы?,Tem alguma dica?,Hast du irgendwelche Tipps?,何かヒントはありますか？,Vous avez des conseils ?,masz jakieś wskazówki?
The Elevator,El ascensor,Лифт,O elevador,Der Aufzug,エレベーター,L'ascenseur,Winda
anything else?,¿algo más?,что-нибудь еще?,algo mais?,irgendetwas anderes?,他に何か？,Autre chose?,Coś jeszcze?
alright thanks,"Está bien, gracias","Хорошо, спасибо.","Certo, obrigado.","Okay, danke.",わかりました、ありがとう,"D'accord, merci.","dobrze, dziękuję"
The Cat Battalion,El Batallón de Gatos,Кошачий батальон,O Batalhão dos Gatos,Das Katzenbataillon,猫大隊,Le Bataillon des Chats,Batalion Kotów
Pimpledump Kinkledorf Dingledale,Granero de granos Kinkledorf Dingledale,Пимпледамп Кинкледорф Динглдейл,Pimpledump Kinkledorf Dingledale,Pimpledump Kinkledorf Dingledale,ピンプルダンプ キンクルドルフ ディングルデール,Pimpledump Kinkledorf Dingledale,Pimpledump Kinkledorf Dingledale
next,próximo,следующий,próximo,nächste,次,suivant,Następny
Artillertunk,Artillertunk,Артиллертунк,Artillertunk,Artillertunk,砲兵,Artillertunk,Artillertunk
Soda Sola,Soda Sola,Сода Сола,Soda Solar,Soda Sola,ソーダソラ,Soda Sola,Soda Sola
can i have your head?,¿puedo tener tu cabeza?,Можно мне твою голову?,Posso ficar com a sua cabeça?,Darf ich deinen Kopf haben?,頭をもらってもいいですか？,Puis-je avoir ta tête ?,Czy mogę mieć twoją głowę?
how do you even earn bits?,¿Cómo se ganan bits?,Как вообще можно заработать биты?,Como é que se ganha bits?,Wie verdient man überhaupt Bits?,一体どうやってビットを稼ぐのでしょうか?,Comment gagne-t-on des bits ?,Jak w ogóle zarabiasz bity?
me,a mí,мне,meu,Mich,自分,moi,Ja
how do i change the difficulty,¿Cómo cambio la dificultad?,Как изменить уровень сложности?,Como faço para alterar a dificuldade?,Wie kann ich den Schwierigkeitsgrad ändern?,難易度を変更するにはどうすればいいですか,Comment puis-je modifier la difficulté ?,jak zmienić poziom trudności
alright bye,"Está bien, adiós","ладно, пока","Tudo bem, tchau.","Okay, tschüss.",じゃあね,"D'accord, au revoir.","dobrze, pa"
you,tú,ты,você,Du,あなた,toi,Ty
why?,¿por qué?,почему?,por que?,Warum?,なぜ？,pourquoi ?,Dlaczego?
good talk,buena charla,хороший разговор,boa conversa,Gutes Gespräch,良い話,bonne conversation,dobra rozmowa
stats?,¿estadísticas?,статистика?,estatísticas?,Statistiken?,統計？,Des statistiques ?,statystyki?
nevermind,no importa,неважно,deixa para lá,Macht nichts,どうでも,pas grave,nieważne
yup,sí,ага,sim,Jawohl,うん,ouais,tak
what do you mean,qué quieres decir,что ты имеешь в виду,o que você quer dizer,Wie meinst du das,どういう意味,que veux-tu dire,Co masz na myśli
nope,no,неа,não,Nein,いいえ,non,Nie
yessir,"sí, señor","да, сэр",Sim senhor,"Jawohl, Sir!",はい,oui Monsieur,tak jest
alr damn,Maldita sea,уже черт возьми,já é demais,verdammt,ああ、くそっ,déjà putain,cholera jasna
nope,no,неа,não,Nein,いいえ,non,Nie
trespass,pecado,незаконное проникновение,invasão,Hausfriedensbruch,不法侵入,intrusion,wykroczenie
"no, im not a psychopath","No, no soy un psicópata.","Нет, я не психопат.","Não, eu não sou um psicopata.","Nein, ich bin kein Psychopath.",いいえ、私はサイコパスではありません,"Non, je ne suis pas un psychopathe.","nie, nie jestem psychopatą"
no?,¿No?,нет?,não?,NEIN?,いいえ？,Non?,NIE?
you're f*cked up bro,"Estás jodido, hermano","Ты облажался, братан.","Você tá ferrado, mano.","Du bist total durchgeknallt, Bruder.",お前はめちゃくちゃだよ,"T'es complètement défoncé, mec.","jesteś popieprzony, bracie"
what's it to you?,¿A ti qué te importa?,А тебе какое дело?,O que isso te importa?,Was geht dich das an?,それはあなたにとってどうですか？,Qu'est-ce que ça peut te faire ?,co cię to obchodzi?
yes,Sí,да,sim,Ja,はい,Oui,Tak
nah,No,нет,não,na,いや,non,nie
i'll buy something,Voy a comprar algo,Я что-нибудь куплю,Vou comprar alguma coisa,Ich werde etwas kaufen.,何か買います,Je vais acheter quelque chose,kupię coś
nevermind,no importa,неважно,deixa para lá,Macht nichts,どうでも,pas grave,nieważne
,,#VALUE!,#VALUE!,#VALUE!,#VALUE!,#VALUE!,#VALUE!
,,#VALUE!,#VALUE!,#VALUE!,#VALUE!,#VALUE!,#VALUE!
"F1 - Freecam
F2 - Restart
F3 - Hide HUD
F11 - Fullscreen
Z - Zoom
B - Emote
H - horn","F1 - Cámara libre
F2 - Reiniciar
F3 - Ocultar HUD
F11 - Pantalla completa
Z - Zoom
B - Gesto
H - Bocina","F1 - Свободная камера
F2 - Перезапуск
F3 - Скрыть HUD
F11 - Полноэкранный режим
Z - Масштабирование
B - Эмоция
H - Звуковой сигнал","F1 - Câmera livre
F2 - Reiniciar
F3 - Ocultar HUD
F11 - Tela cheia
Z - Zoom
B - Emote
H - Buzina","F1 – Freie Kamera
F2 – Neustart
F3 – HUD ausblenden
F11 – Vollbild
Z – Zoomen
B – Emote
H – Hupe","F1 - フリーカメラ
F2 - 再起動
F3 - HUD非表示
F11 - 全画面表示
Z - ズーム
B - エモート
H - クラクション","F1 - Caméra libre
F2 - Redémarrer
F3 - Masquer l'interface
F11 - Plein écran
Z - Zoom
B - Émote
H - Klaxon","F1 – Swobodna kamera
F2 – Uruchom ponownie
F3 – Ukryj HUD
F11 – Pełny ekran
Z – Powiększenie
B – Emotikona
H – Klakson"
Translations are made with Google Translate,Las traducciones se realizan con Google Translate.,Перевод выполнен с помощью Google Translate.,As traduções foram feitas com o Google Tradutor.,Die Übersetzungen wurden mit Google Translate erstellt.,翻訳はGoogle翻訳で行っています,Les traductions sont réalisées avec Google Traduction,Tłumaczenia są wykonywane za pomocą Tłumacza Google
,,#VALUE!,#VALUE!,#VALUE!,#VALUE!,#VALUE!,#VALUE!
"Steam Is not connected!!
Achievements and cloud saves will not work,
please run the game through steam.
Press x to ignore.","¡Steam no está conectado!
Los logros y el guardado en la nube no funcionarán.
Ejecuta el juego a través de Steam.
Pulsa x para ignorar.","Steam не подключен!!
Достижения и облачные сохранения работать не будут,
пожалуйста, запустите игру через Steam.
Нажмите x, чтобы проигнорировать.","O Steam não está conectado!!
As conquistas e os salvamentos na nuvem não funcionarão.
Por favor, execute o jogo pelo Steam.
Pressione x para ignorar.","Steam ist nicht verbunden!
Errungenschaften und Cloud-Spielstände funktionieren nicht.
Bitte starte das Spiel über Steam.
Drücke x, um diese Meldung zu ignorieren.","Steamに接続されていません!!
実績とクラウドセーブは機能しません。
Steam経由でゲームを実行してください。
無視するにはxを押してください。","Steam n'est pas connecté !
Les succès et les sauvegardes dans le cloud ne fonctionneront pas.
Veuillez lancer le jeu via Steam.
Appuyez sur X pour ignorer.","Steam nie jest połączony!!
Osiągnięcia i zapisy w chmurze nie będą działać,
proszę uruchomić grę przez Steam.
Naciśnij x, aby zignorować."
,,#VALUE!,#VALUE!,#VALUE!,#VALUE!,#VALUE!,#VALUE!
one of them,uno de ellos,один из них,um deles,einer von ihnen,そのうちの一人,l'un d'eux,jeden z nich
lil whisker,pequeño bigote,маленький усичок,pequeno bigode,lil whisker,リル・ウィスカー,petite moustache,mały wąsik
floaty shadowy kitty,gatito flotante y sombrío,плавающая теневая кошечка,gatinho sombrio flutuante,"schwebendes, schattenhaftes Kätzchen",浮かんでいる影のある猫,chaton flottant et ombragé,"unoszący się w powietrzu, cienisty kotek"
the flag cat,el gato de la bandera,кот-флаг,o gato da bandeira,die Flaggenkatze,旗猫,le chat drapeau,kot flagowy