# Blender 4.1.0
# www.blender.org
mtllib smoke.mtl
o Vert
v 0.001467 -0.019159 -0.001473
v 0.001849 -0.019332 -0.001394
v 0.001835 -0.019534 -0.001770
v 0.001453 -0.019361 -0.001848
v 0.145978 0.272940 -0.083815
v 0.179438 0.251235 -0.075208
v 0.189038 0.250135 -0.114506
v 0.155578 0.271841 -0.123114
v 0.257962 0.585695 0.103248
v 0.342723 0.549683 0.137136
v 0.390941 0.598297 0.066598
v 0.306180 0.634308 0.032710
v 0.076497 0.927090 0.361935
v 0.203153 0.951506 0.487681
v 0.290678 1.066546 0.378095
v 0.164021 1.042130 0.252349
v -0.339098 1.280684 0.441367
v -0.202092 1.431206 0.684956
v 0.011470 1.560507 0.492261
v -0.125535 1.409986 0.248672
v -0.661892 1.712052 0.162030
v -0.520124 1.979898 0.488427
v -0.109011 1.946787 0.335226
v -0.250780 1.678941 0.008830
v -0.653722 2.311133 -0.313693
v -0.500454 2.546191 0.141852
v -0.008780 2.342558 0.077488
v -0.162048 2.107500 -0.378058
v -0.317359 2.937092 -0.533208
v -0.274166 2.954228 -0.076652
v 0.141004 2.749496 -0.105839
v 0.097810 2.732359 -0.562395
v -0.009800 3.522858 -0.347817
v -0.019091 3.454327 -0.066924
v 0.264858 3.407037 -0.068376
v 0.274149 3.475568 -0.349269
v 0.078280 4.292597 -0.048192
v 0.075923 4.283946 0.005172
v 0.129396 4.291453 0.008711
v 0.131753 4.300105 -0.044653
v 0.000000 4.746407 0.004558
v 0.000000 4.746407 0.004558
v 0.000000 4.746407 0.004558
v 0.000000 4.746407 0.004558
v 0.070619 0.126533 -0.069735
v 0.088593 0.117358 -0.065599
v 0.089388 0.110148 -0.084808
v 0.071414 0.119322 -0.088944
v 0.223006 0.433551 -0.012491
v 0.280013 0.396542 0.003182
v 0.309180 0.416475 -0.056673
v 0.252174 0.453484 -0.072345
v 0.217189 0.740831 0.233988
v 0.329301 0.724992 0.306043
v 0.394463 0.808013 0.222244
v 0.282351 0.823853 0.150189
v -0.115616 1.094985 0.432458
v 0.023615 1.170864 0.618832
v 0.156815 1.310328 0.466285
v 0.017584 1.234449 0.279910
v -0.531952 1.476844 0.350025
v -0.401327 1.702188 0.631676
v -0.083328 1.765592 0.438445
v -0.213953 1.540248 0.156793
v -0.703304 1.998597 -0.078469
v -0.546851 2.268432 0.311256
v -0.077949 2.140742 0.207222
v -0.234403 1.870907 -0.182503
v -0.505300 2.627424 -0.476881
v -0.397444 2.765238 -0.000385
v 0.059032 2.534746 -0.038890
v -0.048823 2.396932 -0.515387
v -0.134575 3.232460 -0.467264
v -0.134303 3.173344 -0.094673
v 0.220781 3.046707 -0.111914
v 0.220508 3.105824 -0.484505
v 0.064563 3.922851 -0.181737
v 0.058522 3.885492 -0.019488
v 0.224787 3.890778 -0.012160
v 0.230827 3.928136 -0.174408
v 0.039809 4.559960 -0.005508
v 0.038241 4.558492 0.019198
v 0.062338 4.564077 0.021041
v 0.063906 4.565546 -0.003665
v 0.005868 -0.009880 -0.005892
v 0.007394 -0.010572 -0.005578
v 0.007338 -0.011378 -0.007079
v 0.005811 -0.010686 -0.007394
v 0.011735 0.002491 -0.011783
v 0.014789 0.001107 -0.011155
v 0.014676 -0.000505 -0.014159
v 0.011623 0.000879 -0.014787
v 0.017603 0.014863 -0.017675
v 0.022183 0.012787 -0.016733
v 0.022014 0.010368 -0.021238
v 0.017434 0.012445 -0.022181
v 0.023471 0.027234 -0.023567
v 0.029577 0.024466 -0.022310
v 0.029352 0.021242 -0.028318
v 0.023245 0.024010 -0.029574
v 0.029338 0.039606 -0.029459
v 0.036972 0.036145 -0.027888
v 0.036690 0.032115 -0.035397
v 0.029056 0.035575 -0.036968
v 0.035206 0.051977 -0.035350
v 0.044366 0.047825 -0.033466
v 0.044028 0.042989 -0.042477
v 0.034868 0.047141 -0.044361
v 0.041074 0.064349 -0.041242
v 0.051761 0.059504 -0.039043
v 0.051366 0.053862 -0.049556
v 0.040679 0.058706 -0.051755
v 0.046941 0.076720 -0.047134
v 0.059155 0.071184 -0.044621
v 0.058704 0.064735 -0.056636
v 0.046490 0.070272 -0.059149
v 0.052809 0.089092 -0.053025
v 0.066549 0.082863 -0.050198
v 0.066042 0.075609 -0.063715
v 0.052302 0.081837 -0.066542
v 0.058677 0.101463 -0.058917
v 0.073944 0.094543 -0.055776
v 0.073380 0.086482 -0.070794
v 0.058113 0.093403 -0.073936
v 0.064465 0.113698 -0.064747
v 0.081184 0.105957 -0.061233
v 0.080797 0.097492 -0.077936
v 0.064078 0.105234 -0.081450
v 0.080886 0.146614 -0.072630
v 0.100829 0.135459 -0.067715
v 0.103121 0.129607 -0.090199
v 0.083178 0.140763 -0.095114
v 0.098593 0.180783 -0.076487
v 0.122324 0.167295 -0.070572
v 0.125362 0.160802 -0.097567
v 0.101631 0.174291 -0.103482
v 0.121772 0.225577 -0.081611
v 0.150418 0.208868 -0.074413
v 0.154929 0.202312 -0.107262
v 0.126283 0.219021 -0.114461
v 0.166523 0.314218 -0.069739
v 0.204825 0.286915 -0.059958
v 0.220695 0.293007 -0.104738
v 0.182393 0.320310 -0.114519
v 0.194131 0.369557 -0.044876
v 0.240336 0.336766 -0.032946
v 0.261250 0.347128 -0.085826
v 0.215045 0.379920 -0.097756
v 0.243309 0.504784 0.039513
v 0.312731 0.465547 0.061281
v 0.351450 0.498802 -0.003666
v 0.282028 0.538040 -0.025434
v 0.244777 0.659251 0.165446
v 0.344114 0.631035 0.216058
v 0.400891 0.697006 0.140335
v 0.301555 0.725221 0.089723
v 0.165644 0.821069 0.293396
v 0.284808 0.821844 0.388167
v 0.356994 0.920384 0.296358
v 0.237831 0.919610 0.201587
v 0.039756 3.746757 -0.253275
v 0.031838 3.693320 -0.039572
v 0.251686 3.684619 -0.033686
v 0.259604 3.738055 -0.247389
v 0.073850 4.088283 -0.119834
v 0.069548 4.064722 -0.007585
v 0.183688 4.074521 -0.001185
v 0.187990 4.098081 -0.113435
v 0.077641 4.204048 -0.077759
v 0.074597 4.188646 -0.000391
v 0.152963 4.196945 0.004330
v 0.156007 4.212347 -0.073039
v 0.069581 4.367773 -0.033691
v 0.067384 4.362584 0.009606
v 0.110240 4.370346 0.012697
v 0.112437 4.375535 -0.030600
v 0.060898 4.424868 -0.025058
v 0.058918 4.420663 0.012844
v 0.096336 4.427767 0.015586
v 0.098316 4.431972 -0.022315
v 0.053571 4.472989 -0.017790
v 0.051829 4.469290 0.015554
v 0.084749 4.475540 0.017967
v 0.086491 4.479239 -0.015377
v 0.046923 4.516745 -0.011165
v 0.045348 4.513742 0.018032
v 0.074117 4.519392 0.020156
v 0.075692 4.522395 -0.009041
v 0.029897 4.608015 -0.002381
v 0.028512 4.607781 0.016076
v 0.046329 4.612611 0.017467
v 0.047715 4.612844 -0.000990
v 0.023800 4.636271 -0.000957
v 0.022651 4.636271 0.013711
v 0.036773 4.640250 0.014817
v 0.037922 4.640250 0.000149
v 0.019761 4.654962 -0.000021
v 0.018807 4.654962 0.012158
v 0.030532 4.658266 0.013076
v 0.031486 4.658266 0.000897
v 0.016400 4.670517 0.000757
v 0.015608 4.670517 0.010865
v 0.025339 4.673259 0.011627
v 0.026131 4.673259 0.001520
v 0.013452 4.684157 0.001440
v 0.012803 4.684157 0.009731
v 0.020784 4.686406 0.010356
v 0.021434 4.686406 0.002066
v 0.010793 4.696462 0.002057
v 0.010272 4.696462 0.008709
v 0.016676 4.698267 0.009210
v 0.017197 4.698267 0.002558
v 0.008351 4.707763 0.002623
v 0.007948 4.707763 0.007769
v 0.012903 4.709159 0.008157
v 0.013306 4.709159 0.003011
v 0.006079 4.718274 0.003149
v 0.005786 4.718274 0.006896
v 0.009393 4.719291 0.007178
v 0.009687 4.719291 0.003431
v 0.003947 4.728141 0.003643
v 0.003757 4.728141 0.006076
v 0.006099 4.728801 0.006259
v 0.006289 4.728801 0.003826
v 0.001931 4.737470 0.004110
v 0.001838 4.737470 0.005300
v 0.002984 4.737793 0.005390
v 0.003077 4.737793 0.004200
v 0.001220 -0.019625 -0.001318
v 0.001095 -0.019895 -0.001306
v 0.001212 -0.019739 -0.001531
v 0.001294 -0.019823 -0.001598
v 0.001282 -0.020085 -0.001456
v 0.001511 -0.019922 -0.001553
v 0.001600 -0.019915 -0.001452
v 0.001482 -0.020071 -0.001226
v 0.001608 -0.019801 -0.001238
v 0.001525 -0.019717 -0.001172
v 0.001296 -0.019881 -0.001076
v 0.001309 -0.019619 -0.001216
v 0.000000 4.746407 0.004558
v 0.000000 4.746407 0.004558
v 0.000000 4.746407 0.004558
v 0.000000 4.746407 0.004558
v 0.000000 4.746407 0.004558
v 0.000000 4.746407 0.004558
v 0.000000 4.746407 0.004558
v 0.000000 4.746407 0.004558
v 0.000000 4.746407 0.004558
v 0.000000 4.746407 0.004558
v 0.000000 4.746407 0.004558
v 0.000000 4.746407 0.004558
v 0.004424 -0.012924 -0.004442
v 0.003118 -0.015674 -0.003131
v 0.002085 -0.017850 -0.002093
v 0.002632 -0.018098 -0.001981
v 0.003932 -0.016043 -0.002964
v 0.005575 -0.013446 -0.004205
v 0.007056 -0.010302 -0.005438
v 0.006642 -0.010075 -0.005453
v 0.006221 -0.009924 -0.005609
v 0.002612 -0.018387 -0.002519
v 0.003902 -0.016472 -0.003764
v 0.005533 -0.014054 -0.005338
v 0.007565 -0.011293 -0.006695
v 0.007652 -0.011105 -0.006270
v 0.007596 -0.010852 -0.005874
v 0.002064 -0.018139 -0.002632
v 0.003088 -0.016103 -0.003932
v 0.004381 -0.013532 -0.005575
v 0.006149 -0.010957 -0.007534
v 0.006564 -0.011184 -0.007518
v 0.006984 -0.011335 -0.007362
v 0.005640 -0.009966 -0.006276
v 0.005553 -0.010154 -0.006702
v 0.005609 -0.010406 -0.007097
v 0.010268 -0.000602 -0.010311
v 0.008801 -0.003695 -0.008838
v 0.007335 -0.006787 -0.007365
v 0.009243 -0.007653 -0.006972
v 0.011092 -0.004733 -0.008366
v 0.012940 -0.001813 -0.009761
v 0.014113 0.001647 -0.010875
v 0.013283 0.002101 -0.010906
v 0.012443 0.002404 -0.011219
v 0.009173 -0.008660 -0.008849
v 0.011007 -0.005942 -0.010619
v 0.012842 -0.003223 -0.012389
v 0.015131 -0.000334 -0.013390
v 0.015305 0.000041 -0.012539
v 0.015193 0.000547 -0.011747
v 0.007264 -0.007795 -0.009242
v 0.008717 -0.004904 -0.011090
v 0.010170 -0.002012 -0.012939
v 0.012299 0.000339 -0.015067
v 0.013128 -0.000115 -0.015036
v 0.013968 -0.000418 -0.014724
v 0.011280 0.002321 -0.012552
v 0.011106 0.001945 -0.013403
v 0.011219 0.001439 -0.014195
v 0.016136 0.011770 -0.016202
v 0.014669 0.008677 -0.014729
v 0.013202 0.005584 -0.013256
v 0.016637 0.004027 -0.012550
v 0.018486 0.006947 -0.013944
v 0.020335 0.009867 -0.015338
v 0.021169 0.013597 -0.016313
v 0.019925 0.014278 -0.016359
v 0.018664 0.014732 -0.016828
v 0.016511 0.002213 -0.015929
v 0.018345 0.004932 -0.017699
v 0.020180 0.007650 -0.019468
v 0.022696 0.010624 -0.020085
v 0.022957 0.011188 -0.018809
v 0.022789 0.011947 -0.017621
v 0.013075 0.003770 -0.016636
v 0.014528 0.006662 -0.018484
v 0.015981 0.009553 -0.020332
v 0.018448 0.011634 -0.022601
v 0.019692 0.010953 -0.022554
v 0.020953 0.010499 -0.022085
v 0.016921 0.014607 -0.018828
v 0.016660 0.014043 -0.020105
v 0.016828 0.013284 -0.021292
v 0.022004 0.024141 -0.022094
v 0.020537 0.021048 -0.020621
v 0.019070 0.017956 -0.019148
v 0.024032 0.015706 -0.018127
v 0.025880 0.018626 -0.019522
v 0.027729 0.021546 -0.020916
v 0.028226 0.025547 -0.021750
v 0.026566 0.026455 -0.021812
v 0.024886 0.027060 -0.022437
v 0.023849 0.013087 -0.023008
v 0.025683 0.015805 -0.024778
v 0.027518 0.018523 -0.026548
v 0.030262 0.021583 -0.026780
v 0.030610 0.022335 -0.025078
v 0.030385 0.023346 -0.023495
v 0.018887 0.015336 -0.024029
v 0.020340 0.018227 -0.025878
v 0.021792 0.021119 -0.027726
v 0.024597 0.022929 -0.030134
v 0.026256 0.022021 -0.030072
v 0.027937 0.021416 -0.029447
v 0.022561 0.026893 -0.025105
v 0.022213 0.026141 -0.026806
v 0.022437 0.025130 -0.028390
v 0.027871 0.036513 -0.027986
v 0.026404 0.033420 -0.026513
v 0.024938 0.030327 -0.025040
v 0.031426 0.027386 -0.023705
v 0.033275 0.030306 -0.025099
v 0.035123 0.033226 -0.026494
v 0.035282 0.037496 -0.027188
v 0.033208 0.038631 -0.027265
v 0.031107 0.039388 -0.028047
v 0.031187 0.023960 -0.030088
v 0.033021 0.026678 -0.031858
v 0.034856 0.029397 -0.033627
v 0.037827 0.032542 -0.033475
v 0.038262 0.033481 -0.031348
v 0.037981 0.034746 -0.029368
v 0.024698 0.026901 -0.031423
v 0.026151 0.029793 -0.033271
v 0.027604 0.032684 -0.035120
v 0.030746 0.034225 -0.037668
v 0.032820 0.033090 -0.037591
v 0.034921 0.032332 -0.036809
v 0.028201 0.039179 -0.031381
v 0.027766 0.038239 -0.033508
v 0.028047 0.036975 -0.035487
v 0.033739 0.048884 -0.033877
v 0.032272 0.045791 -0.032404
v 0.030805 0.042699 -0.030932
v 0.038820 0.039065 -0.029282
v 0.040669 0.041985 -0.030677
v 0.042518 0.044905 -0.032071
v 0.042338 0.049446 -0.032625
v 0.039849 0.050808 -0.032718
v 0.037329 0.051717 -0.033656
v 0.038525 0.034834 -0.037167
v 0.040359 0.037552 -0.038937
v 0.042194 0.040270 -0.040707
v 0.045393 0.043500 -0.040170
v 0.045915 0.044628 -0.037618
v 0.045578 0.046145 -0.035242
v 0.030509 0.038467 -0.038816
v 0.031962 0.041358 -0.040665
v 0.033415 0.044250 -0.042513
v 0.036896 0.045520 -0.045202
v 0.039385 0.044158 -0.045109
v 0.041905 0.043249 -0.044171
v 0.033841 0.051465 -0.037657
v 0.033319 0.050338 -0.040209
v 0.033656 0.048821 -0.042585
v 0.039607 0.061256 -0.039769
v 0.038140 0.058163 -0.038296
v 0.036673 0.055070 -0.036823
v 0.046215 0.050745 -0.034860
v 0.048063 0.053665 -0.036254
v 0.049912 0.056584 -0.037649
v 0.049395 0.061395 -0.038063
v 0.046491 0.062984 -0.038171
v 0.043550 0.064045 -0.039265
v 0.045863 0.045707 -0.044247
v 0.047697 0.048425 -0.046016
v 0.049532 0.051144 -0.047786
v 0.052958 0.054459 -0.046865
v 0.053567 0.055775 -0.043887
v 0.053174 0.057545 -0.041116
v 0.036321 0.050032 -0.046210
v 0.037773 0.052924 -0.048058
v 0.039226 0.055815 -0.049907
v 0.043045 0.056815 -0.052735
v 0.045949 0.055226 -0.052627
v 0.048889 0.054166 -0.051533
v 0.039481 0.063752 -0.043933
v 0.038873 0.062436 -0.046911
v 0.039266 0.060666 -0.049682
v 0.045474 0.073627 -0.045661
v 0.044007 0.070534 -0.044188
v 0.042540 0.067442 -0.042715
v 0.053609 0.062424 -0.040437
v 0.055458 0.065344 -0.041832
v 0.057306 0.068264 -0.043226
v 0.056451 0.073345 -0.043500
v 0.053133 0.075161 -0.043624
v 0.049772 0.076373 -0.044875
v 0.053201 0.056580 -0.051326
v 0.055035 0.059299 -0.053096
v 0.056870 0.062017 -0.054866
v 0.060524 0.065418 -0.053560
v 0.061220 0.066922 -0.050157
v 0.060770 0.068944 -0.046989
v 0.042132 0.061598 -0.053603
v 0.043585 0.064489 -0.055452
v 0.045038 0.067380 -0.057300
v 0.049194 0.068111 -0.060269
v 0.052513 0.066295 -0.060145
v 0.055874 0.065083 -0.058895
v 0.045122 0.076038 -0.050209
v 0.044426 0.074534 -0.053612
v 0.044875 0.072511 -0.056780
v 0.051342 0.085999 -0.051553
v 0.049875 0.082906 -0.050080
v 0.048408 0.079813 -0.048607
v 0.061004 0.074104 -0.046015
v 0.062852 0.077024 -0.047409
v 0.064701 0.079943 -0.048804
v 0.063508 0.085295 -0.048938
v 0.059774 0.087338 -0.049077
v 0.055993 0.088701 -0.050484
v 0.060539 0.067454 -0.058405
v 0.062373 0.070172 -0.060175
v 0.064208 0.072890 -0.061945
v 0.068089 0.076376 -0.060255
v 0.068872 0.078068 -0.056427
v 0.068367 0.080344 -0.052863
v 0.047943 0.073163 -0.060997
v 0.049396 0.076055 -0.062845
v 0.050849 0.078946 -0.064694
v 0.055343 0.079406 -0.067802
v 0.059077 0.077363 -0.067663
v 0.062858 0.076000 -0.066256
v 0.050762 0.088324 -0.056485
v 0.049979 0.086632 -0.060314
v 0.050484 0.084357 -0.063877
v 0.057210 0.098370 -0.057444
v 0.055743 0.095277 -0.055971
v 0.054276 0.092185 -0.054498
v 0.068398 0.085783 -0.051593
v 0.070247 0.088703 -0.052987
v 0.072095 0.091623 -0.054381
v 0.070564 0.097244 -0.054376
v 0.066416 0.099514 -0.054531
v 0.062215 0.101029 -0.056093
v 0.067877 0.078327 -0.065485
v 0.069711 0.081045 -0.067255
v 0.071546 0.083764 -0.069025
v 0.075655 0.087335 -0.066950
v 0.076525 0.089215 -0.062696
v 0.075963 0.091743 -0.058737
v 0.053754 0.084729 -0.068391
v 0.055207 0.087620 -0.070239
v 0.056660 0.090511 -0.072087
v 0.061493 0.090701 -0.075336
v 0.065641 0.088431 -0.075181
v 0.069842 0.086917 -0.073618
v 0.056402 0.100610 -0.062762
v 0.055532 0.098731 -0.067015
v 0.056094 0.096202 -0.070975
v 0.063044 0.110684 -0.063310
v 0.061600 0.107632 -0.061855
v 0.060142 0.104554 -0.060389
v 0.075790 0.097458 -0.057168
v 0.077622 0.100349 -0.058550
v 0.079425 0.103190 -0.059908
v 0.077451 0.108901 -0.059680
v 0.072897 0.111415 -0.059858
v 0.068307 0.113135 -0.061602
v 0.075216 0.089203 -0.072565
v 0.077059 0.091936 -0.074342
v 0.078917 0.094695 -0.076130
v 0.083236 0.098321 -0.073657
v 0.084126 0.100273 -0.068925
v 0.083448 0.102950 -0.064523
v 0.059568 0.096298 -0.075786
v 0.061038 0.099219 -0.077648
v 0.062536 0.102189 -0.079532
v 0.067812 0.102289 -0.083003
v 0.072365 0.099776 -0.082825
v 0.076955 0.098056 -0.081081
v 0.062026 0.112869 -0.069025
v 0.061137 0.110918 -0.073757
v 0.061815 0.108240 -0.078160
v 0.068876 0.122980 -0.068697
v 0.067316 0.119737 -0.067487
v 0.065870 0.116683 -0.066153
v 0.082903 0.108648 -0.062506
v 0.084652 0.111364 -0.063689
v 0.086520 0.114226 -0.064735
v 0.084409 0.120451 -0.063835
v 0.079457 0.123298 -0.064065
v 0.074580 0.125468 -0.066097
v 0.082718 0.100353 -0.079755
v 0.084741 0.103356 -0.081543
v 0.086940 0.106591 -0.083245
v 0.091735 0.110491 -0.079874
v 0.092361 0.112033 -0.074428
v 0.091301 0.114435 -0.069369
v 0.065685 0.108388 -0.083402
v 0.067405 0.111730 -0.085341
v 0.069296 0.115345 -0.087208
v 0.075598 0.116230 -0.090708
v 0.080550 0.113383 -0.090477
v 0.085427 0.111212 -0.088446
v 0.068272 0.126189 -0.074669
v 0.067646 0.124648 -0.080115
v 0.068706 0.122246 -0.085174
v 0.077679 0.140406 -0.071934
v 0.074947 0.135093 -0.071278
v 0.072619 0.130520 -0.070574
v 0.090962 0.120891 -0.066257
v 0.093725 0.124978 -0.066772
v 0.096980 0.129780 -0.067230
v 0.095988 0.138809 -0.065667
v 0.090427 0.142133 -0.065957
v 0.085082 0.144909 -0.068355
v 0.092157 0.114120 -0.086201
v 0.095320 0.118615 -0.087498
v 0.098951 0.123741 -0.088798
v 0.105406 0.129364 -0.084414
v 0.105714 0.130442 -0.078036
v 0.104152 0.132564 -0.072118
v 0.073814 0.123750 -0.090518
v 0.076543 0.128730 -0.092004
v 0.079649 0.134366 -0.093502
v 0.088018 0.137412 -0.097162
v 0.093579 0.134088 -0.096872
v 0.098925 0.131312 -0.094474
v 0.078601 0.146857 -0.078416
v 0.078293 0.145780 -0.084794
v 0.079854 0.143657 -0.090711
v 0.093528 0.171015 -0.075379
v 0.088853 0.161998 -0.074358
v 0.084621 0.153830 -0.073437
v 0.105341 0.142130 -0.068296
v 0.110474 0.149731 -0.068976
v 0.116159 0.158155 -0.069739
v 0.116520 0.171264 -0.068116
v 0.109889 0.175256 -0.068468
v 0.103542 0.178640 -0.071350
v 0.107883 0.136295 -0.091780
v 0.113210 0.143767 -0.093545
v 0.119052 0.151958 -0.095479
v 0.128011 0.160376 -0.090619
v 0.128293 0.161519 -0.082960
v 0.126350 0.163927 -0.075856
v 0.087164 0.147995 -0.096921
v 0.091588 0.156033 -0.098927
v 0.096421 0.164818 -0.101119
v 0.107435 0.170322 -0.105938
v 0.114066 0.166329 -0.105586
v 0.120413 0.162945 -0.102703
v 0.095944 0.181209 -0.083435
v 0.095662 0.180066 -0.091093
v 0.097605 0.177658 -0.098197
v 0.115630 0.213680 -0.080237
v 0.109690 0.202196 -0.078922
v 0.103995 0.191204 -0.077670
v 0.128900 0.177042 -0.071462
v 0.135819 0.187291 -0.072402
v 0.143014 0.197935 -0.073387
v 0.143294 0.213576 -0.071424
v 0.135249 0.218452 -0.071853
v 0.127628 0.222713 -0.075361
v 0.132102 0.170249 -0.099795
v 0.139270 0.180303 -0.102157
v 0.146876 0.190984 -0.104648
v 0.157936 0.201447 -0.098807
v 0.158045 0.202457 -0.089488
v 0.155469 0.205033 -0.080843
v 0.107197 0.184411 -0.106003
v 0.113141 0.195208 -0.108677
v 0.119492 0.206728 -0.111498
v 0.133407 0.214313 -0.117449
v 0.141452 0.209437 -0.117021
v 0.149073 0.205175 -0.113512
v 0.118765 0.226441 -0.090066
v 0.118656 0.225432 -0.099386
v 0.121232 0.222856 -0.108030
v 0.140331 0.261787 -0.084441
v 0.134293 0.249949 -0.084043
v 0.128046 0.237765 -0.082980
v 0.157943 0.219950 -0.075417
v 0.165416 0.230909 -0.076113
v 0.172645 0.241439 -0.076157
v 0.170507 0.256307 -0.071631
v 0.160908 0.262293 -0.072143
v 0.152208 0.268177 -0.076339
v 0.163396 0.214238 -0.109927
v 0.172069 0.226442 -0.112297
v 0.180699 0.238537 -0.113961
v 0.191568 0.247332 -0.104392
v 0.190511 0.246615 -0.093243
v 0.186318 0.247933 -0.082901
v 0.133499 0.232053 -0.117490
v 0.140945 0.245482 -0.120227
v 0.148385 0.258885 -0.122245
v 0.164509 0.266768 -0.126690
v 0.174108 0.260782 -0.126178
v 0.182807 0.254898 -0.121982
v 0.143447 0.275743 -0.093929
v 0.144504 0.276460 -0.105079
v 0.148697 0.275142 -0.115421
v 0.161076 0.303242 -0.074671
v 0.156059 0.293121 -0.078787
v 0.151137 0.283230 -0.081898
v 0.185701 0.260146 -0.073004
v 0.191746 0.268645 -0.069622
v 0.197983 0.277359 -0.065220
v 0.193916 0.292244 -0.055876
v 0.182699 0.299424 -0.056452
v 0.172969 0.307176 -0.061226
v 0.196932 0.260992 -0.113636
v 0.204617 0.271440 -0.111525
v 0.212427 0.281953 -0.108462
v 0.222486 0.287787 -0.093217
v 0.219942 0.284841 -0.080514
v 0.213807 0.284455 -0.068728
v 0.162368 0.284076 -0.122531
v 0.168930 0.295916 -0.120691
v 0.175519 0.307836 -0.117914
v 0.193303 0.314981 -0.118600
v 0.204520 0.307801 -0.118025
v 0.214249 0.300049 -0.113251
v 0.164733 0.319438 -0.081260
v 0.167277 0.322384 -0.093963
v 0.173411 0.322770 -0.105749
v 0.186610 0.354476 -0.051617
v 0.179401 0.340039 -0.058087
v 0.172655 0.326527 -0.064167
v 0.212587 0.297794 -0.053985
v 0.221201 0.309895 -0.047419
v 0.230505 0.322968 -0.040370
v 0.226927 0.342738 -0.028213
v 0.213312 0.351219 -0.028996
v 0.201658 0.360671 -0.034737
v 0.229695 0.304998 -0.100592
v 0.239467 0.318011 -0.096064
v 0.249992 0.332053 -0.091145
v 0.263009 0.340169 -0.072167
v 0.259456 0.335799 -0.057149
v 0.251572 0.334502 -0.043249
v 0.189764 0.333731 -0.110774
v 0.197667 0.348156 -0.106732
v 0.206097 0.363560 -0.102392
v 0.228454 0.373948 -0.102489
v 0.242068 0.365467 -0.101706
v 0.253722 0.356015 -0.095965
v 0.192372 0.376516 -0.058535
v 0.195924 0.380887 -0.073553
v 0.203809 0.382183 -0.087453
v 0.216505 0.417063 -0.022070
v 0.209343 0.400890 -0.030421
v 0.201794 0.385049 -0.037904
v 0.250506 0.351076 -0.025180
v 0.260722 0.365830 -0.016802
v 0.270664 0.380996 -0.007464
v 0.262995 0.402124 0.008048
v 0.246040 0.411309 0.006568
v 0.231820 0.422363 -0.000523
v 0.273158 0.363222 -0.080039
v 0.285382 0.380228 -0.073487
v 0.297523 0.398022 -0.065816
v 0.310589 0.406755 -0.040908
v 0.305285 0.399570 -0.023807
v 0.294638 0.395854 -0.008175
v 0.224446 0.397195 -0.092762
v 0.234004 0.415288 -0.087106
v 0.243364 0.434088 -0.080422
v 0.269191 0.447902 -0.077211
v 0.286146 0.438717 -0.075732
v 0.300367 0.427663 -0.068641
v 0.221598 0.443271 -0.028255
v 0.226901 0.450456 -0.045357
v 0.237549 0.454172 -0.060988
v 0.238496 0.485778 0.024767
v 0.233725 0.467713 0.011064
v 0.228671 0.450375 -0.001416
v 0.288569 0.412493 0.015411
v 0.296610 0.429103 0.029221
v 0.304532 0.446684 0.044536
v 0.291558 0.469760 0.065483
v 0.270760 0.478930 0.062575
v 0.253593 0.491218 0.053578
v 0.320089 0.435532 -0.045786
v 0.330508 0.455412 -0.033223
v 0.340831 0.476405 -0.019132
v 0.352440 0.485750 0.014110
v 0.345107 0.474818 0.032889
v 0.331265 0.467564 0.049628
v 0.260190 0.473414 -0.062613
v 0.267624 0.494021 -0.051380
v 0.274796 0.515499 -0.038901
v 0.303201 0.533826 -0.029635
v 0.323999 0.524656 -0.026727
v 0.341166 0.512368 -0.017731
v 0.242319 0.517837 0.021737
v 0.249652 0.528769 0.002958
v 0.263494 0.536023 -0.013781
v 0.256393 0.565877 0.087330
v 0.252924 0.545378 0.071152
v 0.248311 0.524809 0.055089
v 0.321392 0.485841 0.079322
v 0.329858 0.507069 0.098274
v 0.337258 0.528570 0.117694
v 0.316739 0.551006 0.139378
v 0.291302 0.558574 0.133418
v 0.270385 0.570700 0.120846
v 0.362540 0.522738 0.012990
v 0.373419 0.547727 0.030501
v 0.383186 0.573126 0.048494
v 0.391936 0.582218 0.087345
v 0.382725 0.567238 0.108221
v 0.365567 0.555633 0.125920
v 0.289459 0.561706 -0.011243
v 0.296485 0.586035 0.003379
v 0.302321 0.610434 0.018130
v 0.332164 0.632985 0.030468
v 0.357601 0.625417 0.036428
v 0.378517 0.613292 0.049000
v 0.256967 0.601773 0.082501
v 0.266178 0.616754 0.061625
v 0.283336 0.628358 0.043926
v 0.249893 0.640565 0.149335
v 0.254208 0.622503 0.133887
v 0.257104 0.604426 0.118668
v 0.345638 0.569968 0.156311
v 0.346405 0.589854 0.175539
v 0.345678 0.609994 0.195296
v 0.313623 0.628151 0.215240
v 0.283800 0.632774 0.204951
v 0.259299 0.643581 0.187562
v 0.396050 0.622801 0.084560
v 0.398946 0.647026 0.102607
v 0.400327 0.671564 0.121083
v 0.401997 0.678092 0.164609
v 0.391128 0.658730 0.187687
v 0.370946 0.642014 0.206020
v 0.307516 0.657260 0.046917
v 0.306749 0.679675 0.060955
v 0.304542 0.702135 0.075123
v 0.332045 0.728106 0.090541
v 0.361869 0.723483 0.100831
v 0.386370 0.712676 0.118220
v 0.243672 0.678165 0.141173
v 0.254541 0.697527 0.118095
v 0.274722 0.714243 0.099762
v 0.225966 0.720306 0.217362
v 0.233183 0.699531 0.199987
v 0.239301 0.679011 0.182477
v 0.342160 0.653438 0.238104
v 0.339434 0.676897 0.260922
v 0.335344 0.700913 0.283804
v 0.294737 0.716905 0.301502
v 0.261027 0.717345 0.285728
v 0.233426 0.725568 0.262097
v 0.401111 0.723762 0.160555
v 0.400553 0.751515 0.181326
v 0.398557 0.779765 0.202079
v 0.395465 0.786976 0.251362
v 0.382903 0.763532 0.277654
v 0.359830 0.741574 0.297190
v 0.298252 0.749335 0.104928
v 0.294302 0.774149 0.120391
v 0.289178 0.799158 0.135637
v 0.316915 0.831939 0.154729
v 0.350625 0.831500 0.170504
v 0.378226 0.823277 0.194135
v 0.216186 0.761869 0.204869
v 0.228749 0.785312 0.178578
v 0.251822 0.807271 0.159042
v 0.180429 0.800388 0.278578
v 0.194163 0.780455 0.264120
v 0.206524 0.760770 0.249448
v 0.320885 0.748788 0.327146
v 0.310369 0.772577 0.347479
v 0.298195 0.796786 0.367626
v 0.247659 0.807811 0.379606
v 0.211691 0.802980 0.357996
v 0.182491 0.807387 0.327779
v 0.387816 0.835907 0.241419
v 0.378978 0.863679 0.259873
v 0.368516 0.891712 0.278041
v 0.357397 0.898168 0.330486
v 0.343244 0.871259 0.360032
v 0.317920 0.844278 0.380694
v 0.273455 0.847889 0.163722
v 0.262773 0.871557 0.176514
v 0.250750 0.895313 0.188993
v 0.274980 0.933643 0.210148
v 0.310948 0.938474 0.231758
v 0.340148 0.934066 0.261976
v 0.165242 0.843286 0.259269
v 0.179395 0.870194 0.229722
v 0.204719 0.897175 0.209060
v 0.107263 0.895056 0.343301
v 0.130969 0.867404 0.325685
v 0.149726 0.843090 0.309059
v 0.270262 0.848370 0.409714
v 0.253062 0.877762 0.432984
v 0.231320 0.911611 0.458725
v 0.162150 0.929797 0.474602
v 0.123414 0.917728 0.445355
v 0.092884 0.916444 0.405834
v 0.344653 0.950351 0.315234
v 0.330420 0.983355 0.334967
v 0.312894 1.021414 0.355830
v 0.288659 1.043916 0.420606
v 0.270664 1.013604 0.456465
v 0.240794 0.981003 0.480536
v 0.224117 0.945071 0.214579
v 0.208327 0.972997 0.227668
v 0.188837 1.004860 0.240406
v 0.205025 1.063839 0.265428
v 0.243760 1.075908 0.294674
v 0.274290 1.077192 0.334195
v 0.078515 0.949720 0.319423
v 0.096511 0.980032 0.283564
v 0.126380 1.012633 0.259494
v -0.060804 1.049403 0.417999
v -0.009187 1.005363 0.400523
v 0.037244 0.964161 0.381383
v 0.167224 0.998530 0.520103
v 0.124388 1.051734 0.554256
v 0.076050 1.109664 0.587910
v -0.026660 1.134061 0.598059
v -0.070975 1.106775 0.554248
v -0.102802 1.092565 0.496135
v 0.262838 1.120020 0.401716
v 0.230311 1.180118 0.425377
v 0.194502 1.244375 0.447445
v 0.146216 1.289401 0.527055
v 0.116321 1.254823 0.577504
v 0.073373 1.213132 0.610480
v 0.132858 1.085651 0.262996
v 0.096736 1.133746 0.271644
v 0.057648 1.184114 0.277534
v 0.067860 1.271253 0.300683
v 0.112175 1.298538 0.344494
v 0.144002 1.312749 0.402607
v -0.105017 1.115912 0.371687
v -0.075121 1.150490 0.321238
v -0.032173 1.192181 0.288262
v -0.284414 1.233880 0.447702
v -0.228369 1.187330 0.447947
v -0.171818 1.141033 0.442674
v -0.031560 1.234065 0.645017
v -0.088312 1.298746 0.665355
v -0.145528 1.364571 0.678963
v -0.263165 1.378920 0.656866
v -0.310638 1.331701 0.599292
v -0.338090 1.296604 0.523653
v 0.118594 1.375803 0.480506
v 0.080938 1.439798 0.489693
v 0.044884 1.501603 0.493669
v -0.017649 1.552380 0.570173
v -0.069623 1.524079 0.634282
v -0.134441 1.481668 0.675553
v -0.021665 1.282771 0.278164
v -0.059119 1.328383 0.272284
v -0.094002 1.370912 0.262408
v -0.064463 1.462271 0.276762
v -0.016990 1.509490 0.334336
v 0.010462 1.544588 0.409975
v -0.309979 1.288812 0.363455
v -0.258005 1.317112 0.299347
v -0.193187 1.359523 0.258075
v -0.488473 1.425324 0.382776
v -0.441569 1.375857 0.408932
v -0.391643 1.327843 0.428469
v -0.256919 1.498363 0.682709
v -0.309032 1.565946 0.672634
v -0.357483 1.633904 0.655399
v -0.475640 1.642217 0.595038
v -0.526264 1.577628 0.527082
v -0.547076 1.518983 0.441010
v -0.018395 1.615999 0.485437
v -0.044323 1.668359 0.473738
v -0.066054 1.718063 0.457846
v -0.137005 1.782916 0.521831
v -0.217835 1.776142 0.587870
v -0.310911 1.748242 0.627505
v -0.153119 1.445479 0.231198
v -0.176860 1.478269 0.210036
v -0.197043 1.509483 0.185223
v -0.139640 1.600219 0.193432
v -0.089016 1.664809 0.261388
v -0.068204 1.723454 0.347460
v -0.478274 1.459520 0.266638
v -0.397445 1.466295 0.200599
v -0.304369 1.494194 0.160965
v -0.637102 1.648286 0.216015
v -0.606811 1.588017 0.265889
v -0.571575 1.530964 0.310833
v -0.439746 1.770784 0.602184
v -0.472454 1.839823 0.567836
v -0.499298 1.909472 0.529596
v -0.610056 1.923871 0.436021
v -0.668092 1.852184 0.353954
v -0.687586 1.777393 0.257523
v -0.095986 1.811474 0.416152
v -0.104262 1.856444 0.391323
v -0.108492 1.901286 0.364251
v -0.182218 1.991954 0.415835
v -0.287986 2.013564 0.473026
v -0.407045 2.010062 0.499617
v -0.227815 1.571654 0.124801
v -0.238619 1.604638 0.089376
v -0.246296 1.640100 0.050669
v -0.160848 1.734968 0.061235
v -0.102812 1.806656 0.143303
v -0.083318 1.881447 0.239733
v -0.588686 1.666885 0.081421
v -0.482918 1.645276 0.024231
v -0.363859 1.648777 -0.002360
v -0.701230 1.923301 -0.016321
v -0.693790 1.850063 0.045032
v -0.680755 1.779455 0.104760
v -0.534881 2.051202 0.445253
v -0.543939 2.123215 0.400845
v -0.547771 2.195703 0.355936
v -0.648236 2.225254 0.237589
v -0.712996 2.157456 0.135900
v -0.733797 2.077688 0.024458
v -0.106111 1.993570 0.304568
v -0.099913 2.041613 0.272708
v -0.090500 2.090731 0.240106
v -0.162184 2.207617 0.285597
v -0.283065 2.255181 0.332313
v -0.418614 2.277448 0.342491
v -0.251985 1.721823 -0.035925
v -0.249765 1.768461 -0.083105
v -0.243958 1.818330 -0.132150
v -0.133017 1.914084 -0.108836
v -0.068257 1.981882 -0.007147
v -0.047456 2.061651 0.104295
v -0.619070 1.931721 -0.156844
v -0.498188 1.884157 -0.203560
v -0.362639 1.861891 -0.213738
v -0.675915 2.232039 -0.259390
v -0.691177 2.153345 -0.201238
v -0.700107 2.075410 -0.140507
v -0.541579 2.340997 0.267421
v -0.532064 2.412315 0.224564
v -0.518344 2.481131 0.182702
v -0.604320 2.521572 0.047694
v -0.669277 2.466843 -0.073852
v -0.688139 2.393024 -0.201432
v -0.062511 2.191405 0.174443
v -0.045109 2.242268 0.141874
v -0.026835 2.292821 0.109545
v -0.098621 2.421749 0.156132
v -0.225879 2.488448 0.195085
v -0.367505 2.533111 0.191331
v -0.221040 1.925818 -0.233484
v -0.204222 1.983298 -0.283928
v -0.184406 2.043730 -0.332548
v -0.058182 2.132119 -0.283899
v 0.006775 2.186848 -0.162353
v 0.025637 2.260667 -0.034773
v -0.563880 2.231942 -0.392337
v -0.436623 2.165243 -0.431290
v -0.294996 2.120580 -0.427536
v -0.548694 2.548523 -0.444969
v -0.588850 2.469464 -0.406904
v -0.624336 2.390312 -0.363031
v -0.478579 2.606577 0.102198
v -0.453501 2.662710 0.064593
v -0.426146 2.715344 0.030058
v -0.486072 2.766428 -0.102926
v -0.536961 2.739548 -0.231413
v -0.545056 2.691060 -0.363510
v 0.008270 2.391151 0.045868
v 0.024756 2.438996 0.015379
v 0.041427 2.486668 -0.013149
v -0.029221 2.606347 0.036841
v -0.148983 2.675832 0.069706
v -0.278857 2.732397 0.057899
v -0.137487 2.174886 -0.419361
v -0.110593 2.245750 -0.456117
v -0.081120 2.319846 -0.488176
v 0.039805 2.395742 -0.412845
v 0.090694 2.422621 -0.284358
v 0.098788 2.471109 -0.152261
v -0.417046 2.555823 -0.552613
v -0.297284 2.486338 -0.585477
v -0.167411 2.429773 -0.573670
v -0.365524 2.861240 -0.531033
v -0.413195 2.784111 -0.520508
v -0.459932 2.706054 -0.502252
v -0.368112 2.813172 -0.025962
v -0.338017 2.860038 -0.046890
v -0.306817 2.906750 -0.063632
v -0.342335 2.979136 -0.175987
v -0.373607 2.984047 -0.299458
v -0.365957 2.969764 -0.425666
v 0.078119 2.583911 -0.061147
v 0.098441 2.635279 -0.079749
v 0.119552 2.690067 -0.094659
v 0.053016 2.798290 -0.035023
v -0.058482 2.855075 -0.005641
v -0.174030 2.910253 -0.019062
v -0.013701 2.476794 -0.537437
v 0.023264 2.559351 -0.553368
v 0.060844 2.644556 -0.562060
v 0.165979 2.707451 -0.463061
v 0.197251 2.702540 -0.339589
v 0.189601 2.716823 -0.213382
v -0.229372 2.888297 -0.604024
v -0.117874 2.831512 -0.633406
v -0.002326 2.776334 -0.619985
v -0.176833 3.158428 -0.492406
v -0.222054 3.085024 -0.512690
v -0.269232 3.011497 -0.526748
v -0.239910 3.003437 -0.086319
v -0.204653 3.055546 -0.092618
v -0.169187 3.111775 -0.095439
v -0.184298 3.204545 -0.176663
v -0.201017 3.226646 -0.277735
v -0.184447 3.236875 -0.380424
v 0.162343 2.814608 -0.113241
v 0.183082 2.885741 -0.116782
v 0.202726 2.963054 -0.116370
v 0.140370 3.067085 -0.055612
v 0.043290 3.098941 -0.033433
v -0.053816 3.136340 -0.046183
v 0.133021 2.822668 -0.553669
v 0.165681 2.915220 -0.536854
v 0.195080 3.009707 -0.513336
v 0.270503 3.074622 -0.402515
v 0.287222 3.052521 -0.301443
v 0.270652 3.042293 -0.198754
v -0.054165 3.212082 -0.523565
v 0.042915 3.180226 -0.545745
v 0.140021 3.142828 -0.532994
v -0.033324 3.454434 -0.377362
v -0.062288 3.382036 -0.408174
v -0.096201 3.307450 -0.438670
v -0.100835 3.240798 -0.090418
v -0.069782 3.311992 -0.083610
v -0.042187 3.384108 -0.075397
v -0.056917 3.476504 -0.130360
v -0.067686 3.497460 -0.207098
v -0.051835 3.513982 -0.283973
v 0.236714 3.136221 -0.103581
v 0.249847 3.228562 -0.092573
v 0.259467 3.320058 -0.080351
v 0.199219 3.408114 -0.028547
v 0.121141 3.417832 -0.014983
v 0.043934 3.433976 -0.027752
v 0.241347 3.202873 -0.451833
v 0.257342 3.298606 -0.417136
v 0.268331 3.390384 -0.382315
v 0.311974 3.453391 -0.285834
v 0.322744 3.432435 -0.209095
v 0.306893 3.415913 -0.132220
v 0.055839 3.521781 -0.387647
v 0.133917 3.512063 -0.401211
v 0.211124 3.495919 -0.388441
v 0.031527 3.697254 -0.273891
v 0.021426 3.643850 -0.296280
v 0.008102 3.585924 -0.320802
v -0.001155 3.520353 -0.059121
v 0.012484 3.581981 -0.052059
v 0.023068 3.639531 -0.045591
v 0.002716 3.706650 -0.088817
v -0.005425 3.721670 -0.147528
v 0.007046 3.735873 -0.205686
v 0.265646 3.486581 -0.057822
v 0.262825 3.558789 -0.048704
v 0.257727 3.624517 -0.040750
v 0.200763 3.679076 -0.004968
v 0.140277 3.678950 0.003440
v 0.080533 3.683834 -0.008187
v 0.274903 3.552152 -0.319503
v 0.271767 3.620658 -0.292925
v 0.266186 3.682241 -0.269050
v 0.288726 3.724725 -0.198144
v 0.296866 3.709706 -0.139434
v 0.284396 3.695502 -0.081275
v 0.090679 3.752300 -0.281994
v 0.151165 3.752426 -0.290401
v 0.210908 3.747541 -0.278775
v 0.059803 3.880033 -0.198634
v 0.053955 3.837121 -0.215973
v 0.047210 3.793049 -0.234079
v 0.039801 3.743796 -0.033895
v 0.047019 3.791921 -0.028603
v 0.053317 3.838789 -0.023774
v 0.036510 3.893213 -0.057279
v 0.030368 3.903180 -0.101987
v 0.039813 3.913643 -0.146008
v 0.245723 3.740025 -0.027291
v 0.239611 3.791975 -0.021549
v 0.232812 3.841787 -0.016494
v 0.186268 3.884327 0.008996
v 0.140522 3.881131 0.014598
v 0.095342 3.881436 0.004988
v 0.253132 3.789278 -0.227475
v 0.246548 3.837174 -0.208920
v 0.239298 3.883031 -0.191354
v 0.252840 3.920415 -0.136618
v 0.258982 3.910449 -0.091910
v 0.249536 3.899986 -0.047888
v 0.103081 3.929301 -0.202893
v 0.148827 3.932498 -0.208495
v 0.194007 3.932192 -0.198885
v 0.072494 4.050330 -0.133729
v 0.070675 4.009182 -0.148945
v 0.068122 3.966226 -0.165081
v 0.062532 3.932688 -0.015799
v 0.065534 3.979300 -0.012644
v 0.067786 4.023815 -0.009936
v 0.054472 4.068682 -0.033916
v 0.050298 4.074666 -0.064909
v 0.056824 4.081567 -0.095303
v 0.215216 3.939791 -0.008557
v 0.204657 3.987772 -0.005600
v 0.193889 4.033191 -0.003179
v 0.157223 4.068987 0.013150
v 0.125811 4.065204 0.016662
v 0.094803 4.063629 0.009650
v 0.220805 3.973329 -0.157839
v 0.209799 4.017654 -0.141900
v 0.198597 4.059705 -0.126972
v 0.203066 4.094120 -0.087103
v 0.207240 4.088138 -0.056110
v 0.200714 4.081236 -0.025717
v 0.100315 4.093816 -0.134169
v 0.131726 4.097600 -0.137681
v 0.162735 4.099174 -0.130670
v 0.076827 4.179075 -0.086825
v 0.075953 4.152010 -0.096645
v 0.074976 4.122023 -0.107540
v 0.071043 4.100925 -0.005508
v 0.072352 4.132992 -0.003650
v 0.073521 4.161904 -0.001961
v 0.064266 4.190968 -0.018583
v 0.061425 4.194791 -0.039960
v 0.065931 4.199392 -0.060894
v 0.174658 4.110678 0.000487
v 0.166706 4.142368 0.001914
v 0.159564 4.170740 0.003171
v 0.134780 4.192899 0.014140
v 0.113209 4.189908 0.016476
v 0.091923 4.188360 0.011559
v 0.178591 4.131775 -0.101546
v 0.170308 4.161386 -0.091081
v 0.162870 4.187911 -0.081694
v 0.166338 4.210025 -0.054846
v 0.169179 4.206203 -0.033469
v 0.164673 4.201602 -0.012535
v 0.095824 4.208095 -0.087569
v 0.117395 4.211086 -0.089905
v 0.138681 4.212634 -0.084988
v 0.078940 4.271753 -0.054222
v 0.078902 4.250161 -0.061296
v 0.078393 4.227650 -0.069210
v 0.075577 4.214050 0.001102
v 0.076279 4.238347 0.002526
v 0.076471 4.261618 0.003882
v 0.068937 4.284849 -0.007416
v 0.067075 4.286863 -0.022174
v 0.070226 4.289580 -0.036599
v 0.146679 4.221951 0.005451
v 0.140662 4.245998 0.006552
v 0.134904 4.269146 0.007637
v 0.116950 4.288536 0.015414
v 0.102217 4.286077 0.016947
v 0.087706 4.284430 0.013478
v 0.149495 4.235551 -0.064861
v 0.143285 4.257812 -0.057270
v 0.137372 4.279281 -0.050467
v 0.138739 4.299201 -0.032065
v 0.140601 4.297187 -0.017307
v 0.137450 4.294469 -0.002882
v 0.090726 4.295515 -0.054895
v 0.105458 4.297973 -0.056428
v 0.119970 4.299621 -0.052959
v 0.072144 4.350604 -0.036341
v 0.074639 4.332208 -0.039470
v 0.076779 4.312799 -0.043335
v 0.074491 4.305364 0.006394
v 0.072390 4.325734 0.007545
v 0.069921 4.344869 0.008617
v 0.061855 4.362668 -0.000638
v 0.060447 4.363722 -0.012622
v 0.063057 4.365505 -0.024316
v 0.124140 4.312932 0.009773
v 0.119168 4.333394 0.010807
v 0.114521 4.352610 0.011789
v 0.100221 4.367857 0.018085
v 0.088400 4.365492 0.019270
v 0.076785 4.363613 0.016395
v 0.126428 4.320366 -0.039956
v 0.121417 4.339869 -0.036208
v 0.116745 4.358346 -0.033170
v 0.117966 4.375450 -0.020356
v 0.119374 4.374395 -0.008372
v 0.116764 4.372612 0.003322
v 0.079600 4.370261 -0.039079
v 0.091421 4.372627 -0.040264
v 0.103036 4.374506 -0.037389
v 0.062877 4.411864 -0.027022
v 0.064959 4.398185 -0.029089
v 0.067181 4.383573 -0.031299
v 0.065024 4.378773 0.010509
v 0.062855 4.393652 0.011338
v 0.060834 4.407516 0.012111
v 0.054104 4.420617 0.003871
v 0.052892 4.421433 -0.006621
v 0.055187 4.422915 -0.016857
v 0.106345 4.386460 0.013516
v 0.102781 4.401186 0.014258
v 0.099470 4.414846 0.014942
v 0.087580 4.425566 0.020295
v 0.077256 4.423428 0.021322
v 0.067117 4.421681 0.018795
v 0.108502 4.391261 -0.028291
v 0.104885 4.405718 -0.026169
v 0.101513 4.419193 -0.024191
v 0.103130 4.432018 -0.013343
v 0.104342 4.431201 -0.002850
v 0.102047 4.429719 0.007385
v 0.069654 4.427068 -0.029767
v 0.079978 4.429208 -0.030793
v 0.090117 4.430953 -0.028267
v 0.055331 4.461433 -0.019536
v 0.057134 4.449590 -0.021324
v 0.058987 4.437416 -0.023163
v 0.057069 4.433343 0.013551
v 0.055276 4.445645 0.014236
v 0.053532 4.457613 0.014903
v 0.047595 4.469249 0.007660
v 0.046528 4.469967 -0.001570
v 0.048547 4.471271 -0.010575
v 0.093315 4.440225 0.016207
v 0.090383 4.452311 0.016809
v 0.087531 4.464067 0.017395
v 0.077045 4.473604 0.022109
v 0.067962 4.471721 0.023013
v 0.059043 4.470185 0.020790
v 0.095232 4.444297 -0.020506
v 0.092241 4.456255 -0.018751
v 0.089330 4.467888 -0.017043
v 0.090725 4.479280 -0.007483
v 0.091792 4.478561 0.001747
v 0.089773 4.477257 0.010752
v 0.061275 4.474925 -0.021933
v 0.070358 4.476807 -0.022836
v 0.079277 4.478343 -0.020613
v 0.048525 4.506172 -0.012771
v 0.050168 4.495356 -0.014410
v 0.051850 4.484293 -0.016083
v 0.050164 4.480717 0.016191
v 0.048530 4.491921 0.016816
v 0.046926 4.502922 0.017429
v 0.041659 4.513628 0.011119
v 0.040741 4.514185 0.003035
v 0.042520 4.515270 -0.004849
v 0.082025 4.486769 0.018527
v 0.079351 4.497797 0.019077
v 0.076718 4.508658 0.019619
v 0.067378 4.517690 0.023781
v 0.059437 4.516005 0.024569
v 0.051644 4.514600 0.022619
v 0.083712 4.490346 -0.013747
v 0.080988 4.501231 -0.012149
v 0.078317 4.511908 -0.010581
v 0.079381 4.522509 -0.002127
v 0.080299 4.521953 0.005956
v 0.078520 4.520867 0.013840
v 0.053663 4.518447 -0.014789
v 0.061603 4.520133 -0.015577
v 0.069396 4.521536 -0.013628
v 0.041895 4.548417 -0.006725
v 0.043705 4.537577 -0.008102
v 0.045346 4.527126 -0.009597
v 0.043776 4.524449 0.018608
v 0.042132 4.535283 0.019067
v 0.040319 4.546535 0.019300
v 0.035207 4.558039 0.013342
v 0.034507 4.558180 0.006500
v 0.036065 4.558843 -0.000169
v 0.071516 4.530073 0.020671
v 0.068787 4.540915 0.021067
v 0.065778 4.552166 0.021229
v 0.056658 4.562604 0.024098
v 0.049995 4.561009 0.024752
v 0.043480 4.559551 0.023090
v 0.073085 4.532750 -0.007534
v 0.070360 4.543209 -0.006102
v 0.067354 4.554047 -0.004796
v 0.066940 4.565998 0.002191
v 0.067640 4.565858 0.009033
v 0.066082 4.565194 0.015702
v 0.045489 4.561433 -0.008565
v 0.052152 4.563029 -0.009219
v 0.058667 4.564487 -0.007557
v 0.032234 4.597135 -0.002944
v 0.034800 4.584991 -0.003636
v 0.037393 4.572346 -0.004483
v 0.035852 4.571265 0.018697
v 0.033301 4.584256 0.017906
v 0.030789 4.596686 0.016981
v 0.026320 4.607155 0.011699
v 0.025864 4.606993 0.006587
v 0.027078 4.607282 0.001605
v 0.058395 4.576729 0.020433
v 0.054195 4.589538 0.019525
v 0.050064 4.601749 0.018481
v 0.042098 4.611485 0.019747
v 0.037161 4.610153 0.020232
v 0.032354 4.608843 0.018987
v 0.059936 4.577810 -0.002746
v 0.055694 4.590274 -0.002018
v 0.051510 4.602197 -0.001444
v 0.049907 4.613470 0.003387
v 0.050363 4.613634 0.008499
v 0.049149 4.613343 0.013481
v 0.034129 4.609141 -0.004661
v 0.039066 4.610473 -0.005146
v 0.043873 4.611782 -0.003901
v 0.024988 4.630775 -0.001233
v 0.026340 4.624514 -0.001547
v 0.027946 4.617066 -0.001923
v 0.026622 4.616968 0.015314
v 0.025075 4.624485 0.014691
v 0.023782 4.630772 0.014168
v 0.020926 4.635712 0.010232
v 0.020578 4.635525 0.006169
v 0.021554 4.635711 0.002210
v 0.043237 4.621570 0.016614
v 0.040714 4.628867 0.015915
v 0.038610 4.634946 0.015330
v 0.033412 4.639349 0.016630
v 0.029497 4.638261 0.017015
v 0.025689 4.637173 0.016025
v 0.044562 4.621667 -0.000623
v 0.041979 4.628896 -0.000323
v 0.039816 4.634950 -0.000071
v 0.039648 4.640810 0.003628
v 0.039996 4.640996 0.007690
v 0.039019 4.640810 0.011650
v 0.027161 4.637173 -0.002770
v 0.031077 4.638261 -0.003155
v 0.034884 4.639349 -0.002165
v 0.020690 4.650662 -0.000237
v 0.021667 4.646142 -0.000463
v 0.022701 4.641358 -0.000703
v 0.021605 4.641358 0.013288
v 0.020621 4.646142 0.012891
v 0.019691 4.650662 0.012515
v 0.017374 4.654498 0.009269
v 0.017086 4.654343 0.005896
v 0.017896 4.654498 0.002609
v 0.035075 4.645154 0.014343
v 0.033478 4.649764 0.013898
v 0.031968 4.654121 0.013477
v 0.027742 4.657517 0.014581
v 0.024491 4.656614 0.014901
v 0.021329 4.655711 0.014079
v 0.036171 4.645154 0.000352
v 0.034524 4.649764 0.000544
v 0.032967 4.654121 0.000725
v 0.032919 4.658730 0.003786
v 0.033208 4.658886 0.007159
v 0.032397 4.658731 0.010446
v 0.022552 4.655710 -0.001526
v 0.025803 4.656614 -0.001846
v 0.028964 4.657517 -0.001024
v 0.017194 4.666840 0.000573
v 0.018017 4.663033 0.000383
v 0.018871 4.659079 0.000185
v 0.017960 4.659079 0.011816
v 0.017147 4.663033 0.011487
v 0.016364 4.666840 0.011171
v 0.014419 4.670131 0.008468
v 0.014179 4.670002 0.005668
v 0.014852 4.670131 0.002940
v 0.029158 4.662233 0.012693
v 0.027838 4.666045 0.012324
v 0.026566 4.669714 0.011970
v 0.023023 4.672637 0.012876
v 0.020325 4.671888 0.013141
v 0.017701 4.671138 0.012459
v 0.030069 4.662233 0.001062
v 0.028707 4.666045 0.001220
v 0.027397 4.669714 0.001372
v 0.027320 4.673644 0.003917
v 0.027559 4.673772 0.006716
v 0.026887 4.673644 0.009444
v 0.018716 4.671138 -0.000491
v 0.021414 4.671887 -0.000757
v 0.024037 4.672637 -0.000074
v 0.014158 4.680890 0.001277
v 0.014884 4.677533 0.001109
v 0.015630 4.674078 0.000936
v 0.014876 4.674078 0.010569
v 0.014165 4.677533 0.010282
v 0.013475 4.680890 0.010003
v 0.011827 4.683841 0.007765
v 0.011631 4.683736 0.005469
v 0.012182 4.683841 0.003231
v 0.024150 4.676691 0.011295
v 0.022996 4.680021 0.010974
v 0.021875 4.683257 0.010661
v 0.018885 4.685897 0.011381
v 0.016672 4.685282 0.011598
v 0.014520 4.684667 0.011039
v 0.024904 4.676691 0.001662
v 0.023715 4.680021 0.001801
v 0.022559 4.683257 0.001935
v 0.022409 4.686722 0.004032
v 0.022606 4.686829 0.006328
v 0.022054 4.686723 0.008566
v 0.015352 4.684667 0.000416
v 0.017565 4.685282 0.000199
v 0.019717 4.685897 0.000758
v 0.011435 4.693491 0.001908
v 0.012092 4.690453 0.001756
v 0.012764 4.687343 0.001600
v 0.012147 4.687343 0.009466
v 0.011508 4.690453 0.009208
v 0.010883 4.693491 0.008956
v 0.009489 4.696208 0.007131
v 0.009332 4.696124 0.005289
v 0.009774 4.696208 0.003493
v 0.019721 4.689477 0.010060
v 0.018682 4.692474 0.009770
v 0.017668 4.695403 0.009487
v 0.015152 4.697857 0.010032
v 0.013376 4.697364 0.010207
v 0.011650 4.696870 0.009758
v 0.020337 4.689477 0.002193
v 0.019266 4.692474 0.002318
v 0.018220 4.695403 0.002439
v 0.017980 4.698520 0.004136
v 0.018137 4.698605 0.005978
v 0.017695 4.698520 0.007774
v 0.012317 4.696871 0.001235
v 0.014093 4.697364 0.001060
v 0.015819 4.697857 0.001509
v 0.008944 4.705019 0.002485
v 0.009548 4.702223 0.002345
v 0.010164 4.699372 0.002202
v 0.009673 4.699372 0.008467
v 0.009087 4.702223 0.008230
v 0.008512 4.705019 0.007997
v 0.007342 4.707567 0.006549
v 0.007220 4.707501 0.005123
v 0.007563 4.707567 0.003734
v 0.015704 4.701071 0.008939
v 0.014752 4.703820 0.008674
v 0.013819 4.706514 0.008413
v 0.011723 4.708843 0.008793
v 0.010350 4.708462 0.008928
v 0.009014 4.708079 0.008581
v 0.016195 4.701071 0.002675
v 0.015213 4.703819 0.002789
v 0.014251 4.706514 0.002901
v 0.013911 4.709356 0.004231
v 0.014033 4.709422 0.005657
v 0.013691 4.709356 0.007046
v 0.009530 4.708080 0.001987
v 0.010904 4.708461 0.001852
v 0.012240 4.708843 0.002199
v 0.006633 4.715712 0.003021
v 0.007196 4.713107 0.002890
v 0.007768 4.710458 0.002758
v 0.007393 4.710458 0.007545
v 0.006849 4.713108 0.007325
v 0.006313 4.715712 0.007109
v 0.005345 4.718131 0.006007
v 0.005256 4.718084 0.004969
v 0.005506 4.718131 0.003958
v 0.012003 4.711758 0.007906
v 0.011118 4.714311 0.007660
v 0.010249 4.716821 0.007417
v 0.008535 4.719060 0.007641
v 0.007535 4.718782 0.007740
v 0.006562 4.718504 0.007487
v 0.012378 4.711757 0.003119
v 0.011466 4.714311 0.003225
v 0.010569 4.716821 0.003329
v 0.010127 4.719433 0.004320
v 0.010216 4.719481 0.005358
v 0.009967 4.719434 0.006369
v 0.006938 4.718504 0.002686
v 0.007938 4.718783 0.002588
v 0.008911 4.719060 0.002841
v 0.004469 4.725729 0.003522
v 0.004997 4.723281 0.003400
v 0.005534 4.720797 0.003275
v 0.005267 4.720797 0.006686
v 0.004756 4.723281 0.006480
v 0.004253 4.725729 0.006276
v 0.003470 4.728048 0.005499
v 0.003413 4.728017 0.004825
v 0.003575 4.728049 0.004168
v 0.008551 4.721722 0.006943
v 0.007722 4.724117 0.006712
v 0.006904 4.726476 0.006484
v 0.005541 4.728652 0.006560
v 0.004892 4.728472 0.006624
v 0.004260 4.728291 0.006459
v 0.008818 4.721722 0.003532
v 0.007963 4.724117 0.003632
v 0.007120 4.726476 0.003730
v 0.006575 4.728894 0.004403
v 0.006633 4.728925 0.005077
v 0.006471 4.728894 0.005734
v 0.004505 4.728291 0.003342
v 0.005154 4.728471 0.003279
v 0.005785 4.728652 0.003443
v 0.002425 4.735185 0.003996
v 0.002926 4.732867 0.003880
v 0.003433 4.730520 0.003762
v 0.003267 4.730520 0.005878
v 0.002785 4.732867 0.005683
v 0.002308 4.735184 0.005490
v 0.001698 4.737425 0.005018
v 0.001670 4.737410 0.004688
v 0.001749 4.737425 0.004367
v 0.005304 4.731094 0.006038
v 0.004521 4.733357 0.005819
v 0.003747 4.735590 0.005603
v 0.002711 4.737720 0.005537
v 0.002393 4.737632 0.005568
v 0.002084 4.737543 0.005488
v 0.005470 4.731094 0.003922
v 0.004662 4.733356 0.004016
v 0.003864 4.735590 0.004108
v 0.003217 4.737839 0.004482
v 0.003245 4.737854 0.004812
v 0.003166 4.737839 0.005133
v 0.002204 4.737544 0.003963
v 0.002522 4.737632 0.003932
v 0.002831 4.737720 0.004012
v 0.000479 4.744191 0.004447
v 0.000959 4.741967 0.004335
v 0.001443 4.739729 0.004223
v 0.001373 4.739729 0.005113
v 0.000913 4.741967 0.004927
v 0.000456 4.744191 0.004742
v 0.002230 4.739971 0.005180
v 0.001482 4.742128 0.004971
v 0.000740 4.744270 0.004764
v 0.002299 4.739971 0.004290
v 0.001529 4.742128 0.004380
v 0.000763 4.744270 0.004469
v 0.000803 -0.020684 -0.000985
v 0.000717 -0.021028 -0.000790
v 0.000980 -0.020764 -0.000948
v 0.000636 -0.020946 -0.000725
v 0.000530 -0.021319 -0.000520
v 0.000804 -0.021022 -0.000690
v 0.000809 -0.020590 -0.000810
v 0.000723 -0.020940 -0.000625
v 0.000987 -0.020670 -0.000773
v 0.000000 4.746407 0.004558
v 0.000000 4.746407 0.004558
v 0.000000 4.746407 0.004558
v 0.000000 4.746407 0.004558
v 0.000000 4.746407 0.004558
v 0.000000 4.746407 0.004558
v 0.000000 4.746407 0.004558
v 0.000000 4.746407 0.004558
v 0.000000 4.746407 0.004558
v 0.002140 -0.017990 -0.001944
v 0.002236 -0.018154 -0.001840
v 0.002447 -0.018129 -0.001881
v 0.003288 -0.015730 -0.002969
v 0.003495 -0.015845 -0.002871
v 0.003735 -0.015933 -0.002876
v 0.004688 -0.012961 -0.004227
v 0.005003 -0.013080 -0.004108
v 0.005318 -0.013247 -0.004098
v 0.002621 -0.018306 -0.002021
v 0.002573 -0.018497 -0.002112
v 0.002610 -0.018468 -0.002323
v 0.004017 -0.016220 -0.003104
v 0.004026 -0.016386 -0.003300
v 0.004001 -0.016457 -0.003544
v 0.005725 -0.013661 -0.004426
v 0.005764 -0.013855 -0.004723
v 0.005701 -0.013993 -0.005046
v 0.002423 -0.018482 -0.002538
v 0.002210 -0.018523 -0.002528
v 0.002116 -0.018342 -0.002601
v 0.003697 -0.016478 -0.003892
v 0.003454 -0.016427 -0.003955
v 0.003250 -0.016276 -0.003984
v 0.005264 -0.014025 -0.005548
v 0.004945 -0.013914 -0.005663
v 0.004634 -0.013739 -0.005677
v 0.001942 -0.018166 -0.002461
v 0.001874 -0.018180 -0.002256
v 0.001953 -0.018003 -0.002159
v 0.002968 -0.015988 -0.003757
v 0.002923 -0.015886 -0.003526
v 0.002984 -0.015752 -0.003317
v 0.004227 -0.013325 -0.005349
v 0.004183 -0.013139 -0.005048
v 0.004251 -0.012993 -0.004729
v 0.007777 -0.006842 -0.007012
v 0.008302 -0.007031 -0.006816
v 0.008821 -0.007315 -0.006797
v 0.009332 -0.003760 -0.008414
v 0.009962 -0.003987 -0.008180
v 0.010585 -0.004327 -0.008156
v 0.010888 -0.000678 -0.009816
v 0.011623 -0.000943 -0.009543
v 0.012349 -0.001340 -0.009516
v 0.009495 -0.008002 -0.007342
v 0.009566 -0.008319 -0.007837
v 0.009457 -0.008553 -0.008369
v 0.011394 -0.005153 -0.008811
v 0.011479 -0.005532 -0.009404
v 0.011348 -0.005814 -0.010043
v 0.013294 -0.002303 -0.010279
v 0.013392 -0.002745 -0.010972
v 0.013240 -0.003074 -0.011716
v 0.008730 -0.008606 -0.009202
v 0.008205 -0.008416 -0.009398
v 0.007687 -0.008133 -0.009417
v 0.010476 -0.005877 -0.011043
v 0.009846 -0.005649 -0.011277
v 0.009224 -0.005309 -0.011300
v 0.012222 -0.003147 -0.012883
v 0.011487 -0.002882 -0.013157
v 0.010761 -0.002485 -0.013184
v 0.007012 -0.007445 -0.008872
v 0.006942 -0.007129 -0.008377
v 0.007050 -0.006894 -0.007845
v 0.008414 -0.004484 -0.010646
v 0.008330 -0.004105 -0.010052
v 0.008460 -0.003823 -0.009414
v 0.009816 -0.001522 -0.012421
v 0.009718 -0.001080 -0.011728
v 0.009870 -0.000751 -0.010983
v 0.013998 0.005486 -0.012621
v 0.014944 0.005146 -0.012269
v 0.015877 0.004635 -0.012235
v 0.015554 0.008568 -0.014023
v 0.016604 0.008190 -0.013633
v 0.017641 0.007622 -0.013594
v 0.017109 0.011650 -0.015426
v 0.018264 0.011234 -0.014996
v 0.019405 0.010610 -0.014953
v 0.017092 0.003397 -0.013216
v 0.017218 0.002828 -0.014107
v 0.017022 0.002405 -0.015064
v 0.018991 0.006247 -0.014684
v 0.019131 0.005615 -0.015674
v 0.018914 0.005145 -0.016738
v 0.020890 0.009097 -0.016153
v 0.021044 0.008401 -0.017241
v 0.020805 0.007885 -0.018411
v 0.015714 0.002311 -0.016564
v 0.014769 0.002652 -0.016916
v 0.013836 0.003163 -0.016951
v 0.017460 0.005040 -0.018405
v 0.016410 0.005419 -0.018795
v 0.015373 0.005986 -0.018834
v 0.019207 0.007769 -0.020245
v 0.018051 0.008186 -0.020675
v 0.016910 0.008810 -0.020717
v 0.012621 0.004400 -0.015969
v 0.012495 0.004969 -0.015078
v 0.012690 0.005392 -0.014121
v 0.014023 0.007362 -0.017744
v 0.013883 0.007994 -0.016754
v 0.014100 0.008464 -0.015690
v 0.015426 0.010323 -0.019518
v 0.015271 0.011018 -0.018429
v 0.015511 0.011535 -0.017259
v 0.020220 0.017814 -0.018230
v 0.021585 0.017322 -0.017722
v 0.022933 0.016584 -0.017672
v 0.021775 0.020896 -0.019633
v 0.023246 0.020366 -0.019086
v 0.024697 0.019572 -0.019031
v 0.023331 0.023978 -0.021035
v 0.024906 0.023410 -0.020449
v 0.026462 0.022559 -0.020391
v 0.024688 0.014797 -0.019089
v 0.024870 0.013975 -0.020376
v 0.024588 0.013364 -0.021759
v 0.026587 0.017646 -0.020558
v 0.026784 0.016761 -0.021944
v 0.026479 0.016104 -0.023433
v 0.028486 0.020496 -0.022026
v 0.028697 0.019548 -0.023511
v 0.028371 0.018843 -0.025106
v 0.022699 0.013228 -0.023926
v 0.021333 0.013720 -0.024434
v 0.019985 0.014458 -0.024484
v 0.024445 0.015957 -0.025766
v 0.022974 0.016487 -0.026313
v 0.021522 0.017282 -0.026368
v 0.026191 0.018686 -0.027607
v 0.024615 0.019254 -0.028193
v 0.023060 0.020106 -0.028251
v 0.018230 0.016246 -0.023067
v 0.018048 0.017067 -0.021780
v 0.018331 0.017678 -0.020398
v 0.019633 0.019207 -0.024841
v 0.019436 0.020092 -0.023455
v 0.019741 0.020750 -0.021967
v 0.021035 0.022168 -0.026616
v 0.020825 0.023117 -0.025131
v 0.021151 0.023821 -0.023536
v 0.026441 0.030142 -0.023840
v 0.028227 0.029499 -0.023175
v 0.029990 0.028534 -0.023110
v 0.027997 0.033224 -0.025242
v 0.029887 0.032543 -0.024539
v 0.031754 0.031521 -0.024469
v 0.029552 0.036306 -0.026644
v 0.031548 0.035587 -0.025902
v 0.033518 0.034509 -0.025828
v 0.032284 0.026196 -0.024963
v 0.032523 0.025121 -0.026646
v 0.032153 0.024323 -0.028454
v 0.034183 0.029046 -0.026432
v 0.034436 0.027908 -0.028213
v 0.034045 0.027062 -0.030128
v 0.036082 0.031896 -0.027900
v 0.036349 0.030695 -0.029781
v 0.035936 0.029802 -0.031801
v 0.029683 0.024145 -0.031288
v 0.027897 0.024788 -0.031952
v 0.026134 0.025753 -0.032018
v 0.031429 0.026874 -0.033128
v 0.029538 0.027555 -0.033832
v 0.027672 0.028577 -0.033901
v 0.033175 0.029603 -0.034969
v 0.031179 0.030323 -0.035711
v 0.029209 0.031401 -0.035785
v 0.023840 0.028091 -0.030164
v 0.023601 0.029166 -0.028482
v 0.023971 0.029965 -0.026674
v 0.025242 0.031052 -0.031939
v 0.024989 0.032190 -0.030157
v 0.025381 0.033036 -0.028243
v 0.026645 0.034014 -0.033713
v 0.026378 0.035215 -0.031832
v 0.026791 0.036108 -0.029812
v 0.032663 0.042470 -0.029449
v 0.034868 0.041675 -0.028629
v 0.037046 0.040484 -0.028547
v 0.034218 0.045553 -0.030851
v 0.036529 0.044720 -0.029992
v 0.038810 0.043471 -0.029907
v 0.035773 0.048635 -0.032254
v 0.038189 0.047764 -0.031355
v 0.040574 0.046458 -0.031266
v 0.039881 0.037596 -0.030837
v 0.040175 0.036268 -0.032915
v 0.039719 0.035281 -0.035149
v 0.041780 0.040445 -0.032305
v 0.042089 0.039055 -0.034483
v 0.041610 0.038021 -0.036823
v 0.043679 0.043295 -0.033774
v 0.044002 0.041842 -0.036050
v 0.043501 0.040761 -0.038496
v 0.036667 0.035062 -0.038650
v 0.034461 0.035857 -0.039470
v 0.032284 0.037049 -0.039551
v 0.038413 0.037791 -0.040490
v 0.036102 0.038624 -0.041350
v 0.033821 0.039872 -0.041435
v 0.040159 0.040520 -0.042330
v 0.037743 0.041391 -0.043229
v 0.035358 0.042696 -0.043318
v 0.029449 0.039936 -0.037262
v 0.029154 0.041264 -0.035183
v 0.029611 0.042251 -0.032950
v 0.030852 0.042898 -0.039036
v 0.030543 0.044288 -0.036859
v 0.031021 0.045322 -0.034519
v 0.032254 0.045859 -0.040811
v 0.031931 0.047313 -0.038534
v 0.032431 0.048394 -0.036088
v 0.038884 0.054799 -0.035058
v 0.041510 0.053852 -0.034082
v 0.044103 0.052433 -0.033985
v 0.040440 0.057881 -0.036461
v 0.043170 0.056896 -0.035445
v 0.045867 0.055421 -0.035344
v 0.041995 0.060963 -0.037863
v 0.044831 0.059940 -0.036808
v 0.047631 0.058408 -0.036704
v 0.047477 0.048995 -0.036710
v 0.047828 0.047415 -0.039185
v 0.047284 0.046240 -0.041844
v 0.049376 0.051845 -0.038179
v 0.049741 0.050202 -0.040753
v 0.049176 0.048980 -0.043518
v 0.051275 0.054695 -0.039647
v 0.051654 0.052988 -0.042320
v 0.051067 0.051719 -0.045191
v 0.043651 0.045978 -0.046011
v 0.041026 0.046925 -0.046988
v 0.038433 0.048344 -0.047085
v 0.045397 0.048708 -0.047852
v 0.042667 0.049692 -0.048868
v 0.039970 0.051168 -0.048968
v 0.047143 0.051437 -0.049692
v 0.044308 0.052459 -0.050747
v 0.041508 0.053992 -0.050852
v 0.035059 0.051782 -0.044359
v 0.034708 0.053362 -0.041885
v 0.035251 0.054537 -0.039226
v 0.036461 0.054743 -0.046134
v 0.036096 0.056387 -0.043560
v 0.036661 0.057608 -0.040795
v 0.037863 0.057705 -0.047908
v 0.037484 0.059411 -0.045235
v 0.038071 0.060680 -0.042364
v 0.045106 0.067127 -0.040668
v 0.048151 0.066029 -0.039535
v 0.051159 0.064383 -0.039422
v 0.046661 0.070209 -0.042070
v 0.049812 0.069073 -0.040898
v 0.052923 0.067370 -0.040782
v 0.048216 0.073291 -0.043472
v 0.051472 0.072117 -0.042261
v 0.054687 0.070358 -0.042141
v 0.055073 0.060395 -0.042584
v 0.055480 0.058562 -0.045455
v 0.054850 0.057199 -0.048539
v 0.056972 0.063245 -0.044053
v 0.057393 0.061348 -0.047022
v 0.056741 0.059938 -0.050213
v 0.058871 0.066094 -0.045521
v 0.059307 0.064135 -0.048590
v 0.058632 0.062678 -0.051886
v 0.050635 0.056895 -0.053373
v 0.047590 0.057993 -0.054506
v 0.044582 0.059639 -0.054619
v 0.052381 0.059624 -0.055214
v 0.049231 0.060760 -0.056386
v 0.046119 0.062463 -0.056502
v 0.054127 0.062354 -0.057054
v 0.050872 0.063527 -0.058265
v 0.047657 0.065287 -0.058385
v 0.040668 0.063627 -0.051457
v 0.040261 0.065460 -0.048586
v 0.040891 0.066823 -0.045502
v 0.042070 0.066589 -0.053231
v 0.041649 0.068485 -0.050262
v 0.042301 0.069895 -0.047071
v 0.043473 0.069550 -0.055006
v 0.043037 0.071510 -0.051937
v 0.043711 0.072966 -0.048640
v 0.051327 0.079455 -0.046277
v 0.054793 0.078205 -0.044988
v 0.058215 0.076332 -0.044860
v 0.052883 0.082537 -0.047679
v 0.056453 0.081249 -0.046351
v 0.059979 0.079320 -0.046219
v 0.054438 0.085619 -0.049082
v 0.058114 0.084294 -0.047714
v 0.061744 0.082307 -0.047579
v 0.062669 0.071794 -0.048458
v 0.063133 0.069708 -0.051724
v 0.062415 0.068157 -0.055234
v 0.064569 0.074644 -0.049926
v 0.065046 0.072495 -0.053292
v 0.064307 0.070897 -0.056908
v 0.066468 0.077494 -0.051395
v 0.066959 0.075282 -0.054859
v 0.066198 0.073637 -0.058581
v 0.057620 0.067812 -0.060735
v 0.054154 0.069062 -0.062024
v 0.050731 0.070934 -0.062152
v 0.059366 0.070541 -0.062575
v 0.055795 0.071829 -0.063904
v 0.052269 0.073758 -0.064036
v 0.061112 0.073271 -0.064416
v 0.057436 0.074596 -0.065783
v 0.053806 0.076582 -0.065919
v 0.046277 0.075473 -0.058554
v 0.045814 0.077559 -0.055288
v 0.046532 0.079109 -0.051778
v 0.047680 0.078434 -0.060329
v 0.047202 0.080583 -0.056963
v 0.047942 0.082181 -0.053347
v 0.049082 0.081395 -0.062103
v 0.048591 0.083608 -0.058639
v 0.049352 0.085252 -0.054916
v 0.057549 0.091783 -0.051886
v 0.061435 0.090382 -0.050441
v 0.065272 0.088282 -0.050297
v 0.059104 0.094865 -0.053289
v 0.063095 0.093426 -0.051804
v 0.067036 0.091269 -0.051657
v 0.060659 0.097947 -0.054691
v 0.064755 0.096470 -0.053167
v 0.068800 0.094257 -0.053016
v 0.070266 0.083194 -0.054332
v 0.070785 0.080855 -0.057994
v 0.069981 0.079116 -0.061929
v 0.072165 0.086044 -0.055800
v 0.072698 0.083642 -0.059561
v 0.071872 0.081856 -0.063603
v 0.074064 0.088893 -0.057268
v 0.074611 0.086428 -0.061129
v 0.073763 0.084596 -0.065276
v 0.064604 0.078729 -0.068097
v 0.060718 0.080130 -0.069543
v 0.056881 0.082230 -0.069686
v 0.066350 0.081458 -0.069937
v 0.062359 0.082897 -0.071422
v 0.058418 0.085054 -0.071569
v 0.068096 0.084187 -0.071778
v 0.064000 0.085664 -0.073302
v 0.059955 0.087877 -0.073453
v 0.051887 0.087318 -0.065652
v 0.051367 0.089657 -0.061989
v 0.052172 0.091396 -0.058054
v 0.053289 0.090279 -0.067426
v 0.052756 0.092681 -0.063665
v 0.053582 0.094467 -0.059624
v 0.054691 0.093241 -0.069201
v 0.054144 0.095706 -0.065340
v 0.054992 0.097539 -0.061193
v 0.063768 0.104107 -0.057494
v 0.068074 0.102554 -0.055892
v 0.072325 0.100227 -0.055733
v 0.065309 0.107165 -0.058886
v 0.069717 0.105568 -0.057241
v 0.074071 0.103182 -0.057078
v 0.066827 0.110181 -0.060258
v 0.071329 0.108530 -0.058567
v 0.075785 0.106083 -0.058398
v 0.077860 0.094590 -0.060204
v 0.078437 0.092000 -0.064263
v 0.077546 0.090075 -0.068624
v 0.079747 0.097419 -0.061663
v 0.080344 0.094777 -0.065826
v 0.079439 0.092818 -0.070299
v 0.081613 0.100212 -0.063105
v 0.082242 0.097537 -0.067381
v 0.081336 0.095566 -0.071977
v 0.071590 0.089649 -0.075460
v 0.067284 0.091203 -0.077063
v 0.063033 0.093530 -0.077222
v 0.073350 0.092403 -0.077312
v 0.068943 0.094000 -0.078956
v 0.064589 0.096386 -0.079120
v 0.075134 0.095198 -0.079182
v 0.070631 0.096849 -0.080873
v 0.066176 0.099296 -0.081043
v 0.057498 0.099166 -0.072751
v 0.056921 0.101757 -0.068692
v 0.057812 0.103681 -0.064330
v 0.058912 0.102149 -0.074535
v 0.058315 0.104791 -0.070371
v 0.059220 0.106750 -0.065898
v 0.060348 0.105167 -0.076335
v 0.059719 0.107842 -0.072059
v 0.060625 0.109813 -0.067463
v 0.069755 0.116029 -0.062901
v 0.074421 0.114221 -0.061095
v 0.079070 0.111635 -0.060907
v 0.071231 0.118966 -0.064115
v 0.075968 0.117052 -0.062240
v 0.080712 0.114387 -0.062038
v 0.072814 0.122071 -0.065196
v 0.077619 0.120035 -0.063245
v 0.082463 0.117283 -0.063030
v 0.085257 0.105639 -0.065901
v 0.086004 0.102994 -0.070447
v 0.085155 0.101103 -0.075334
v 0.087111 0.108372 -0.067200
v 0.087947 0.105790 -0.071904
v 0.087159 0.103993 -0.076964
v 0.089096 0.111265 -0.068371
v 0.090038 0.108767 -0.073247
v 0.089326 0.107089 -0.078494
v 0.078833 0.101007 -0.083007
v 0.074167 0.102816 -0.084813
v 0.069518 0.105401 -0.085001
v 0.080826 0.104127 -0.084914
v 0.076090 0.106042 -0.086790
v 0.071345 0.108707 -0.086991
v 0.083002 0.107501 -0.086746
v 0.078197 0.109537 -0.088697
v 0.073353 0.112288 -0.088913
v 0.063331 0.111398 -0.080007
v 0.062583 0.114042 -0.075462
v 0.063433 0.115934 -0.070574
v 0.064947 0.114722 -0.081830
v 0.064110 0.117304 -0.077126
v 0.064898 0.119101 -0.072066
v 0.066720 0.118306 -0.083571
v 0.065778 0.120804 -0.078695
v 0.066490 0.122482 -0.073448
v 0.076607 0.129291 -0.066791
v 0.081566 0.126975 -0.064676
v 0.086638 0.124025 -0.064430
v 0.078977 0.133696 -0.067343
v 0.084037 0.131228 -0.065139
v 0.089246 0.128164 -0.064879
v 0.081775 0.138847 -0.067835
v 0.086960 0.136225 -0.065538
v 0.092330 0.133037 -0.065263
v 0.093812 0.118003 -0.070168
v 0.094999 0.115700 -0.075419
v 0.094466 0.114300 -0.081075
v 0.096727 0.122114 -0.070834
v 0.098043 0.119900 -0.076291
v 0.097599 0.118634 -0.082169
v 0.100141 0.126918 -0.071455
v 0.101585 0.124768 -0.077132
v 0.101218 0.123615 -0.083250
v 0.088169 0.115350 -0.089984
v 0.083209 0.117666 -0.092099
v 0.078137 0.120616 -0.092345
v 0.091290 0.120012 -0.091434
v 0.086231 0.122480 -0.093637
v 0.081022 0.125544 -0.093898
v 0.094855 0.125299 -0.092897
v 0.089669 0.127921 -0.095194
v 0.084299 0.131110 -0.095470
v 0.070963 0.126638 -0.086607
v 0.069777 0.128941 -0.081356
v 0.070310 0.130341 -0.075700
v 0.073541 0.131594 -0.087942
v 0.072224 0.133808 -0.082486
v 0.072668 0.135074 -0.076607
v 0.076488 0.137229 -0.089277
v 0.075045 0.139378 -0.083600
v 0.075411 0.140532 -0.077482
v 0.088958 0.152000 -0.068970
v 0.094504 0.149074 -0.066464
v 0.100289 0.145601 -0.066159
v 0.093367 0.160057 -0.069683
v 0.099151 0.156983 -0.067060
v 0.105191 0.153349 -0.066740
v 0.098248 0.168973 -0.070481
v 0.104301 0.165747 -0.067732
v 0.110625 0.161941 -0.067397
v 0.108830 0.139163 -0.072894
v 0.110497 0.137019 -0.079074
v 0.110221 0.135972 -0.085736
v 0.114134 0.146655 -0.073785
v 0.115896 0.144449 -0.080251
v 0.115630 0.143393 -0.087222
v 0.119997 0.154943 -0.074777
v 0.121849 0.152645 -0.081551
v 0.121579 0.151554 -0.088854
v 0.103546 0.138125 -0.096247
v 0.098000 0.141051 -0.098753
v 0.092215 0.144524 -0.099058
v 0.108696 0.145707 -0.098219
v 0.102912 0.148782 -0.100843
v 0.096872 0.152416 -0.101163
v 0.114332 0.154000 -0.100376
v 0.108279 0.157226 -0.103125
v 0.101955 0.161033 -0.103461
v 0.083674 0.150963 -0.092323
v 0.082008 0.153107 -0.086143
v 0.082284 0.154154 -0.079480
v 0.087928 0.159110 -0.094117
v 0.086167 0.161316 -0.087651
v 0.086432 0.162371 -0.080681
v 0.092583 0.168031 -0.096080
v 0.090731 0.170328 -0.089306
v 0.091001 0.171420 -0.082003
v 0.109188 0.188951 -0.072279
v 0.115848 0.185397 -0.069253
v 0.122808 0.181206 -0.068884
v 0.115125 0.199802 -0.073260
v 0.122108 0.196054 -0.070083
v 0.129414 0.191651 -0.069695
v 0.121292 0.211090 -0.074289
v 0.128598 0.207111 -0.070951
v 0.136267 0.202480 -0.070543
v 0.133128 0.173512 -0.077008
v 0.135171 0.170990 -0.084464
v 0.134879 0.169796 -0.092503
v 0.140276 0.183612 -0.078226
v 0.142444 0.181002 -0.086057
v 0.142163 0.179790 -0.094499
v 0.147740 0.194146 -0.079506
v 0.150080 0.191508 -0.087733
v 0.149852 0.190345 -0.096602
v 0.126910 0.172502 -0.105186
v 0.120250 0.176056 -0.108212
v 0.113290 0.180247 -0.108581
v 0.133835 0.182697 -0.107819
v 0.126852 0.186445 -0.110996
v 0.119546 0.190848 -0.111384
v 0.141215 0.193574 -0.110596
v 0.133908 0.197553 -0.113934
v 0.126239 0.202184 -0.114342
v 0.102969 0.187941 -0.100457
v 0.100927 0.190463 -0.093001
v 0.101219 0.191656 -0.084962
v 0.108684 0.198887 -0.102853
v 0.106516 0.201496 -0.095022
v 0.106797 0.202708 -0.086580
v 0.114766 0.210517 -0.105379
v 0.112427 0.213156 -0.097152
v 0.112655 0.214319 -0.088283
v 0.134052 0.234532 -0.076413
v 0.141972 0.229929 -0.072728
v 0.150402 0.224790 -0.072277
v 0.140408 0.246263 -0.077157
v 0.148607 0.241266 -0.073293
v 0.157429 0.235851 -0.072821
v 0.146519 0.257585 -0.077248
v 0.154978 0.252157 -0.073211
v 0.164191 0.246457 -0.072718
v 0.163382 0.216151 -0.082172
v 0.166275 0.213753 -0.091254
v 0.166364 0.213027 -0.101045
v 0.171300 0.227219 -0.083196
v 0.174578 0.225105 -0.092718
v 0.174938 0.224776 -0.102984
v 0.179014 0.237920 -0.083557
v 0.182731 0.236173 -0.093506
v 0.183419 0.236333 -0.104231
v 0.157389 0.217471 -0.116493
v 0.149469 0.222074 -0.120179
v 0.141039 0.227213 -0.120629
v 0.165953 0.230128 -0.119182
v 0.157754 0.235124 -0.123047
v 0.148932 0.240540 -0.123519
v 0.174511 0.242739 -0.121154
v 0.166052 0.248167 -0.125191
v 0.156839 0.253867 -0.125684
v 0.128059 0.235853 -0.110734
v 0.125166 0.238250 -0.101653
v 0.125077 0.238977 -0.091862
v 0.135061 0.249171 -0.113144
v 0.131783 0.251285 -0.103622
v 0.131423 0.251614 -0.093356
v 0.142016 0.262404 -0.114845
v 0.138299 0.264151 -0.104896
v 0.137611 0.263991 -0.094171
v 0.157389 0.277881 -0.074169
v 0.166313 0.271529 -0.069833
v 0.176291 0.265257 -0.069305
v 0.162334 0.287183 -0.070818
v 0.171489 0.280359 -0.066348
v 0.181850 0.273797 -0.065806
v 0.167406 0.296732 -0.066449
v 0.176821 0.289439 -0.061838
v 0.187590 0.282577 -0.061281
v 0.193106 0.257092 -0.080959
v 0.197797 0.256241 -0.091652
v 0.199248 0.257554 -0.103180
v 0.199681 0.265836 -0.077827
v 0.204873 0.265453 -0.088855
v 0.206720 0.267365 -0.100743
v 0.206446 0.274760 -0.073688
v 0.212126 0.274803 -0.085069
v 0.214345 0.277272 -0.097336
v 0.190680 0.266341 -0.121365
v 0.181756 0.272693 -0.125702
v 0.171778 0.278965 -0.126229
v 0.198342 0.277378 -0.119494
v 0.189187 0.284202 -0.123965
v 0.178825 0.290764 -0.124507
v 0.206096 0.288463 -0.116685
v 0.196682 0.295756 -0.121296
v 0.185913 0.302618 -0.121853
v 0.154963 0.287130 -0.114576
v 0.150272 0.287981 -0.103882
v 0.148821 0.286667 -0.092355
v 0.160995 0.298725 -0.112486
v 0.155803 0.299108 -0.101458
v 0.153956 0.297196 -0.089570
v 0.167057 0.310435 -0.109446
v 0.161377 0.310392 -0.098065
v 0.159158 0.307923 -0.085798
v 0.179296 0.319004 -0.055306
v 0.189413 0.310810 -0.050337
v 0.201134 0.303291 -0.049738
v 0.186302 0.332068 -0.048830
v 0.196876 0.323445 -0.043632
v 0.209162 0.315583 -0.042996
v 0.193814 0.346060 -0.041929
v 0.204903 0.337018 -0.036473
v 0.217819 0.328829 -0.035778
v 0.222078 0.295386 -0.063112
v 0.228628 0.296009 -0.075379
v 0.231435 0.299325 -0.088600
v 0.231217 0.307495 -0.056940
v 0.238172 0.308301 -0.069741
v 0.241207 0.311933 -0.083543
v 0.241093 0.320596 -0.050292
v 0.248479 0.321603 -0.063649
v 0.251750 0.325564 -0.078060
v 0.223054 0.312521 -0.109453
v 0.212937 0.320715 -0.114422
v 0.201217 0.328234 -0.115021
v 0.232566 0.325982 -0.105321
v 0.221992 0.334605 -0.110519
v 0.209706 0.342467 -0.111156
v 0.242787 0.340469 -0.100834
v 0.231698 0.349510 -0.106289
v 0.218782 0.357699 -0.106984
v 0.180272 0.336139 -0.101647
v 0.173722 0.335516 -0.089380
v 0.170916 0.332200 -0.076159
v 0.187651 0.350556 -0.097211
v 0.180696 0.349749 -0.084410
v 0.177661 0.346117 -0.070608
v 0.195509 0.365933 -0.092470
v 0.188123 0.364926 -0.079114
v 0.184852 0.360965 -0.064703
v 0.209645 0.375644 -0.027307
v 0.221903 0.365785 -0.021256
v 0.236284 0.357065 -0.020349
v 0.217516 0.390922 -0.019364
v 0.230409 0.380660 -0.012983
v 0.245613 0.371749 -0.011916
v 0.224999 0.406497 -0.010555
v 0.238549 0.395837 -0.003826
v 0.254616 0.386773 -0.002567
v 0.262489 0.349050 -0.035820
v 0.270966 0.350779 -0.050224
v 0.274876 0.355692 -0.065820
v 0.273534 0.364162 -0.027729
v 0.282685 0.366456 -0.042591
v 0.287020 0.372036 -0.058729
v 0.284365 0.379782 -0.018630
v 0.294248 0.382747 -0.033901
v 0.299053 0.389093 -0.050542
v 0.265307 0.372627 -0.090636
v 0.253049 0.382485 -0.096686
v 0.238668 0.391206 -0.097594
v 0.277210 0.390196 -0.084544
v 0.264317 0.400458 -0.090925
v 0.249112 0.409370 -0.091992
v 0.289029 0.408587 -0.077331
v 0.275479 0.419247 -0.084060
v 0.259412 0.428311 -0.085319
v 0.212463 0.399220 -0.082123
v 0.203986 0.397492 -0.067719
v 0.200075 0.392578 -0.052122
v 0.221191 0.416956 -0.076179
v 0.212040 0.414663 -0.061317
v 0.207705 0.409082 -0.045179
v 0.229663 0.435303 -0.069256
v 0.219780 0.432338 -0.053985
v 0.214975 0.425992 -0.037344
v 0.237809 0.438553 0.011003
v 0.252710 0.427115 0.018472
v 0.270566 0.417836 0.020205
v 0.243206 0.455266 0.023959
v 0.258812 0.443475 0.031851
v 0.277596 0.434151 0.033888
v 0.248353 0.472741 0.038199
v 0.264708 0.460658 0.046589
v 0.284466 0.451362 0.049010
v 0.304134 0.412386 0.003913
v 0.315560 0.416910 -0.012032
v 0.321371 0.424985 -0.029555
v 0.313133 0.429634 0.017627
v 0.325350 0.435018 0.001404
v 0.331672 0.444022 -0.016522
v 0.322042 0.447920 0.032891
v 0.335063 0.454215 0.016408
v 0.341893 0.464174 -0.001928
v 0.310951 0.447354 -0.058204
v 0.296050 0.458793 -0.065674
v 0.278194 0.468071 -0.067407
v 0.321028 0.467859 -0.046117
v 0.305422 0.479649 -0.054009
v 0.286638 0.488973 -0.056047
v 0.330975 0.489442 -0.032565
v 0.314620 0.501525 -0.040954
v 0.294861 0.510821 -0.043375
v 0.244626 0.473522 -0.051115
v 0.233200 0.468998 -0.035170
v 0.227389 0.460922 -0.017647
v 0.251100 0.493490 -0.039786
v 0.238884 0.488106 -0.023562
v 0.232562 0.479103 -0.005637
v 0.257285 0.514263 -0.027256
v 0.244264 0.507968 -0.010773
v 0.237434 0.498009 0.007562
v 0.259082 0.510792 0.069907
v 0.277136 0.498407 0.079642
v 0.299048 0.489481 0.083159
v 0.264228 0.530981 0.086828
v 0.283223 0.518600 0.097421
v 0.306302 0.510031 0.101660
v 0.268255 0.551159 0.103941
v 0.288214 0.538869 0.115487
v 0.312478 0.530757 0.120546
v 0.340992 0.488721 0.067701
v 0.355669 0.496983 0.050700
v 0.363495 0.508899 0.031426
v 0.350546 0.510893 0.086733
v 0.366063 0.520215 0.069473
v 0.374369 0.533128 0.049670
v 0.359035 0.533418 0.106286
v 0.375384 0.543853 0.088787
v 0.384152 0.557785 0.068442
v 0.351769 0.536755 -0.001828
v 0.333715 0.549140 -0.011563
v 0.311803 0.558066 -0.015080
v 0.362115 0.562123 0.014825
v 0.343120 0.574504 0.004232
v 0.320041 0.583073 -0.000007
v 0.371324 0.587845 0.031883
v 0.351365 0.600135 0.020337
v 0.327101 0.608247 0.015278
v 0.269859 0.558826 0.000378
v 0.255182 0.550564 0.017379
v 0.247356 0.538649 0.036653
v 0.275797 0.582211 0.014920
v 0.260279 0.572890 0.032180
v 0.251974 0.559977 0.051983
v 0.280544 0.605586 0.029538
v 0.264195 0.595151 0.047037
v 0.255427 0.581219 0.067382
v 0.270073 0.589189 0.137286
v 0.291919 0.577291 0.150943
v 0.318490 0.570345 0.157872
v 0.267707 0.607066 0.153579
v 0.290455 0.595459 0.168387
v 0.318128 0.589212 0.176358
v 0.263909 0.624980 0.170185
v 0.287538 0.613735 0.186231
v 0.316291 0.608262 0.195319
v 0.369510 0.577092 0.145348
v 0.387444 0.589923 0.127493
v 0.397079 0.605985 0.106109
v 0.371274 0.598216 0.164872
v 0.389962 0.612319 0.146883
v 0.400007 0.629482 0.124988
v 0.371529 0.619644 0.184946
v 0.390962 0.635047 0.166807
v 0.401415 0.653316 0.144360
v 0.383081 0.638038 0.065942
v 0.361235 0.649937 0.052285
v 0.334663 0.656882 0.045356
v 0.385446 0.662463 0.082914
v 0.362699 0.674070 0.068106
v 0.335026 0.680318 0.060135
v 0.386311 0.687149 0.100234
v 0.362681 0.698394 0.084188
v 0.333928 0.703867 0.075099
v 0.283644 0.650135 0.057880
v 0.265710 0.637304 0.075735
v 0.256075 0.621242 0.097119
v 0.281880 0.671313 0.071621
v 0.263192 0.657210 0.089611
v 0.253146 0.640047 0.111506
v 0.278691 0.692484 0.085473
v 0.259257 0.677082 0.103611
v 0.248804 0.658813 0.126058
v 0.254315 0.663328 0.205985
v 0.279677 0.653039 0.224831
v 0.310566 0.649343 0.236406
v 0.248661 0.683910 0.224986
v 0.274849 0.674223 0.245378
v 0.306766 0.671532 0.258309
v 0.241857 0.704824 0.243908
v 0.268802 0.695825 0.265906
v 0.301674 0.694219 0.280243
v 0.369980 0.665775 0.228357
v 0.390921 0.683805 0.209760
v 0.402219 0.704233 0.185947
v 0.368222 0.690619 0.251457
v 0.389915 0.709962 0.232549
v 0.401647 0.731426 0.207928
v 0.365047 0.716051 0.274632
v 0.387459 0.736703 0.255399
v 0.399616 0.759173 0.229938
v 0.386097 0.739445 0.137047
v 0.360735 0.749734 0.118201
v 0.329846 0.753430 0.106626
v 0.385075 0.767136 0.156327
v 0.358887 0.776823 0.135935
v 0.326969 0.779515 0.123004
v 0.382665 0.795247 0.175533
v 0.355720 0.804246 0.153534
v 0.322848 0.805853 0.139197
v 0.270431 0.736998 0.114675
v 0.249490 0.718968 0.133272
v 0.238192 0.698540 0.157085
v 0.265513 0.760427 0.129856
v 0.243821 0.741084 0.148764
v 0.232089 0.719620 0.173385
v 0.259475 0.784020 0.144809
v 0.237063 0.763368 0.164041
v 0.224906 0.740898 0.189503
v 0.223022 0.745804 0.279107
v 0.251155 0.738445 0.304371
v 0.285563 0.739252 0.321598
v 0.210843 0.765859 0.295326
v 0.239402 0.759435 0.322226
v 0.274393 0.761551 0.340913
v 0.197222 0.786223 0.311351
v 0.226127 0.780789 0.339899
v 0.261625 0.784253 0.360049
v 0.352131 0.766841 0.318649
v 0.375793 0.790101 0.298851
v 0.388734 0.814484 0.271768
v 0.342255 0.792110 0.339353
v 0.366462 0.816651 0.319306
v 0.379775 0.841931 0.291443
v 0.330688 0.817786 0.359851
v 0.355436 0.843574 0.339529
v 0.369144 0.869699 0.310860
v 0.371318 0.850872 0.211761
v 0.343185 0.858232 0.186497
v 0.308777 0.857425 0.169270
v 0.362299 0.878275 0.228667
v 0.333740 0.884700 0.201767
v 0.298749 0.882584 0.183080
v 0.351723 0.905877 0.245268
v 0.322818 0.911311 0.216720
v 0.287320 0.907846 0.196570
v 0.242209 0.829836 0.172218
v 0.218547 0.806576 0.192017
v 0.205606 0.782193 0.219100
v 0.230887 0.852025 0.184640
v 0.206679 0.827483 0.204687
v 0.193366 0.802204 0.232550
v 0.218257 0.874313 0.196767
v 0.193508 0.848526 0.217089
v 0.179800 0.822401 0.245759
v 0.166574 0.829945 0.345150
v 0.196046 0.826608 0.377102
v 0.232492 0.832833 0.400196
v 0.147752 0.854902 0.363779
v 0.177511 0.852785 0.397713
v 0.214522 0.860567 0.422458
v 0.123898 0.883366 0.383921
v 0.153997 0.882746 0.420305
v 0.191742 0.892419 0.447043
v 0.304067 0.872218 0.402463
v 0.330058 0.900350 0.381347
v 0.344749 0.927988 0.350794
v 0.287757 0.903143 0.425866
v 0.314633 0.932501 0.404094
v 0.330062 0.960888 0.372263
v 0.267248 0.938816 0.451644
v 0.295368 0.969617 0.428919
v 0.311858 0.998865 0.395374
v 0.327805 0.963496 0.279143
v 0.298333 0.966832 0.247191
v 0.261887 0.960608 0.224097
v 0.313636 0.995857 0.296873
v 0.283878 0.997975 0.262939
v 0.246867 0.990193 0.238194
v 0.296259 1.033105 0.315210
v 0.266161 1.033725 0.278826
v 0.228415 1.024051 0.252088
v 0.190312 0.921223 0.221830
v 0.164321 0.893090 0.242946
v 0.149630 0.865452 0.273499
v 0.173631 0.947617 0.234786
v 0.146756 0.918258 0.256557
v 0.131326 0.889871 0.288389
v 0.152910 0.977654 0.247487
v 0.124789 0.946854 0.270212
v 0.108299 0.917605 0.303757
v 0.053247 0.954863 0.429460
v 0.084306 0.958566 0.472941
v 0.124329 0.973658 0.505323
v 0.006181 0.997815 0.453477
v 0.037740 1.004477 0.501555
v 0.079229 1.023174 0.537550
v -0.046455 1.044112 0.476247
v -0.014587 1.054275 0.529292
v 0.028387 1.077067 0.569167
v 0.207165 1.030888 0.512789
v 0.239402 1.065719 0.486920
v 0.259453 1.097328 0.448046
v 0.167170 1.087342 0.546676
v 0.202394 1.124621 0.518642
v 0.225096 1.157552 0.476195
v 0.122132 1.148659 0.579979
v 0.160936 1.188319 0.549536
v 0.186910 1.222329 0.503162
v 0.246835 1.129318 0.353639
v 0.215775 1.125615 0.310158
v 0.175752 1.110522 0.277777
v 0.214943 1.187666 0.372423
v 0.183384 1.181004 0.324345
v 0.141895 1.162306 0.288350
v 0.180153 1.249666 0.389196
v 0.148284 1.239503 0.336152
v 0.105311 1.216710 0.296276
v 0.092917 1.053292 0.270311
v 0.060680 1.018462 0.296180
v 0.040628 0.986853 0.335054
v 0.053954 1.098138 0.279224
v 0.018729 1.060860 0.307258
v -0.003973 1.027929 0.349705
v 0.011566 1.145119 0.285464
v -0.027238 1.105459 0.315908
v -0.053213 1.071449 0.362281
v -0.161156 1.142178 0.511652
v -0.129843 1.160973 0.574691
v -0.084452 1.193056 0.622308
v -0.220438 1.192738 0.521906
v -0.190075 1.216591 0.589588
v -0.143845 1.253668 0.640801
v -0.279724 1.244220 0.526154
v -0.250673 1.273532 0.598075
v -0.203771 1.315691 0.652625
v 0.022183 1.279260 0.636200
v 0.069816 1.322378 0.600701
v 0.104299 1.356773 0.546233
v -0.030271 1.346371 0.656130
v 0.022573 1.390162 0.618288
v 0.062288 1.423509 0.560064
v -0.082857 1.413996 0.669504
v -0.024281 1.457592 0.629678
v 0.021274 1.488935 0.568171
v 0.107932 1.374657 0.411529
v 0.076619 1.355863 0.348489
v 0.031228 1.323780 0.300873
v 0.073007 1.434391 0.415733
v 0.042644 1.410538 0.348052
v -0.003587 1.373461 0.296838
v 0.040194 1.491264 0.415217
v 0.011143 1.461951 0.343296
v -0.035759 1.419792 0.288746
v -0.075408 1.237575 0.286981
v -0.123040 1.194458 0.322480
v -0.157523 1.160062 0.376948
v -0.117160 1.280758 0.281509
v -0.170005 1.236966 0.319351
v -0.209719 1.203620 0.377575
v -0.156673 1.321488 0.271867
v -0.215249 1.277892 0.311693
v -0.260804 1.246548 0.373200
v -0.394662 1.349934 0.513812
v -0.369004 1.391047 0.592578
v -0.320985 1.443187 0.652849
v -0.448766 1.404522 0.496646
v -0.424933 1.451699 0.578076
v -0.376284 1.508477 0.640858
v -0.499778 1.460745 0.472323
v -0.477621 1.513834 0.556129
v -0.428143 1.574813 0.621414
v -0.183933 1.548995 0.673767
v -0.112396 1.589154 0.631743
v -0.053490 1.613327 0.565884
v -0.230421 1.615880 0.664654
v -0.151827 1.652794 0.622630
v -0.085658 1.671887 0.555883
v -0.273036 1.682303 0.648979
v -0.187208 1.715093 0.607740
v -0.113660 1.728328 0.540942
v -0.015376 1.593908 0.400095
v -0.041034 1.552796 0.321329
v -0.089053 1.500655 0.261057
v -0.037126 1.639693 0.386023
v -0.060959 1.592516 0.304594
v -0.109607 1.535738 0.241811
v -0.054749 1.682642 0.368299
v -0.076905 1.629553 0.284493
v -0.126384 1.568575 0.219208
v -0.226105 1.394848 0.240139
v -0.297641 1.354688 0.282163
v -0.356548 1.330515 0.348022
v -0.255471 1.428335 0.218015
v -0.334065 1.391421 0.260040
v -0.400234 1.372328 0.326786
v -0.281491 1.461084 0.191643
v -0.367319 1.428295 0.232883
v -0.440867 1.415060 0.299680
v -0.590048 1.579576 0.403003
v -0.570115 1.643245 0.491390
v -0.517954 1.710728 0.562336
v -0.628148 1.642730 0.359121
v -0.608669 1.710804 0.449959
v -0.554671 1.780436 0.524248
v -0.660838 1.708612 0.310312
v -0.641477 1.780414 0.403808
v -0.585477 1.851448 0.481802
v -0.343324 1.813727 0.601007
v -0.243148 1.836095 0.563796
v -0.155330 1.835980 0.499271
v -0.370142 1.878999 0.570306
v -0.263166 1.895347 0.536195
v -0.168787 1.888088 0.473776
v -0.391378 1.944347 0.536232
v -0.278057 1.954351 0.505720
v -0.177656 1.939870 0.445809
v -0.077512 1.762862 0.323982
v -0.097445 1.699193 0.235595
v -0.149606 1.631710 0.164649
v -0.082925 1.801731 0.298091
v -0.102404 1.733657 0.207253
v -0.156401 1.664025 0.132964
v -0.084757 1.840960 0.269953
v -0.104118 1.769158 0.176458
v -0.160118 1.698124 0.098463
v -0.324236 1.528710 0.125977
v -0.424413 1.506343 0.163189
v -0.512230 1.506458 0.227714
v -0.340931 1.565462 0.086906
v -0.447906 1.549114 0.121018
v -0.542286 1.556373 0.183437
v -0.354217 1.605226 0.044033
v -0.467538 1.595221 0.074545
v -0.567939 1.609702 0.134456
v -0.708001 1.849127 0.201687
v -0.688213 1.926134 0.301385
v -0.628227 1.997738 0.387894
v -0.722281 1.923424 0.143665
v -0.702120 2.001939 0.246964
v -0.640331 2.072804 0.338251
v -0.730765 1.999779 0.084307
v -0.710239 2.079184 0.191525
v -0.646843 2.148748 0.287885
v -0.417224 2.076359 0.461261
v -0.293145 2.073339 0.438753
v -0.182740 2.044841 0.384324
v -0.422267 2.143139 0.421850
v -0.293829 2.133630 0.403491
v -0.179440 2.098513 0.351775
v -0.422590 2.210227 0.382042
v -0.290362 2.194293 0.367819
v -0.172520 2.152820 0.318697
v -0.078864 1.923898 0.207641
v -0.098653 1.846891 0.107943
v -0.158639 1.775286 0.021434
v -0.071423 1.968252 0.174075
v -0.091584 1.889737 0.070776
v -0.153373 1.818872 -0.020510
v -0.060964 2.014254 0.139478
v -0.081490 1.934849 0.032260
v -0.144886 1.865284 -0.064100
v -0.369642 1.696666 -0.051933
v -0.493721 1.699687 -0.029425
v -0.604125 1.728184 0.025004
v -0.371437 1.748537 -0.104110
v -0.499875 1.758046 -0.085751
v -0.614264 1.793163 -0.034035
v -0.369139 1.803806 -0.158256
v -0.501367 1.819740 -0.144034
v -0.619209 1.861212 -0.094912
v -0.731559 2.156618 -0.035011
v -0.710668 2.236252 0.080890
v -0.644864 2.301862 0.188074
v -0.723606 2.235931 -0.093139
v -0.702925 2.314713 0.027167
v -0.636591 2.377554 0.139721
v -0.709334 2.314955 -0.148941
v -0.689287 2.391893 -0.024627
v -0.623162 2.451177 0.092828
v -0.410747 2.344454 0.303720
v -0.272321 2.315999 0.297418
v -0.148757 2.262645 0.252873
v -0.399363 2.410206 0.265708
v -0.258753 2.375848 0.263057
v -0.133060 2.317212 0.220487
v -0.384828 2.473495 0.228297
v -0.243044 2.433681 0.229016
v -0.116034 2.370513 0.188289
v -0.031059 2.110197 0.068947
v -0.051950 2.030563 -0.046954
v -0.117754 1.964954 -0.154138
v -0.012680 2.159682 0.033775
v -0.033362 2.080899 -0.086531
v -0.099695 2.018058 -0.199085
v 0.006584 2.209905 -0.000905
v -0.013463 2.132968 -0.125218
v -0.079588 2.073684 -0.242674
v -0.351871 1.922362 -0.269784
v -0.490297 1.950816 -0.263482
v -0.613861 2.004170 -0.218937
v -0.336923 1.985407 -0.325072
v -0.477533 2.019764 -0.322420
v -0.603227 2.078401 -0.279851
v -0.317922 2.051366 -0.378142
v -0.459706 2.091180 -0.378861
v -0.586716 2.154347 -0.338134
v -0.659776 2.469604 -0.249706
v -0.642742 2.538837 -0.119855
v -0.580065 2.587874 0.004716
v -0.625439 2.544706 -0.293160
v -0.610848 2.608033 -0.161928
v -0.551421 2.650387 -0.035310
v -0.586682 2.618476 -0.331270
v -0.575090 2.674810 -0.199354
v -0.519663 2.709706 -0.071489
v -0.347781 2.588182 0.154858
v -0.207825 2.539414 0.161263
v -0.081535 2.470370 0.124053
v -0.326112 2.639199 0.119747
v -0.188994 2.587086 0.128392
v -0.064565 2.516856 0.092833
v -0.302978 2.686994 0.087069
v -0.169382 2.632285 0.097522
v -0.047274 2.561937 0.063441
v 0.043710 2.311859 -0.067457
v 0.026676 2.242626 -0.197308
v -0.036001 2.193589 -0.321879
v 0.061346 2.363754 -0.098365
v 0.046755 2.300426 -0.229597
v -0.012673 2.258072 -0.356214
v 0.079415 2.416715 -0.126849
v 0.067823 2.360381 -0.258764
v 0.012397 2.325484 -0.386629
v -0.268285 2.193281 -0.472021
v -0.408241 2.242050 -0.478426
v -0.534531 2.311093 -0.441216
v -0.237981 2.269260 -0.511272
v -0.375099 2.321373 -0.519916
v -0.499528 2.391603 -0.484358
v -0.204288 2.348196 -0.545188
v -0.337885 2.402905 -0.555640
v -0.459993 2.473254 -0.521559
v -0.501880 2.762563 -0.389395
v -0.497690 2.802600 -0.257510
v -0.451666 2.821143 -0.128924
v -0.457539 2.832919 -0.408583
v -0.457442 2.864217 -0.277538
v -0.416427 2.874442 -0.149573
v -0.412181 2.902023 -0.420774
v -0.416115 2.924624 -0.291515
v -0.380076 2.926911 -0.165164
v -0.254101 2.776294 0.033045
v -0.127780 2.718626 0.045750
v -0.010068 2.650917 0.013803
v -0.228560 2.819793 0.012268
v -0.105692 2.761894 0.025484
v 0.010128 2.696878 -0.005702
v -0.201962 2.864058 -0.004933
v -0.082625 2.806942 0.008492
v 0.031208 2.745559 -0.021901
v 0.120067 2.527403 -0.174004
v 0.115877 2.487366 -0.305889
v 0.069853 2.468823 -0.434475
v 0.142786 2.586470 -0.191674
v 0.142689 2.555173 -0.322720
v 0.101673 2.544947 -0.450684
v 0.166209 2.649284 -0.204918
v 0.170142 2.626683 -0.334177
v 0.134103 2.624396 -0.460528
v -0.127712 2.513672 -0.596443
v -0.254033 2.571340 -0.609149
v -0.371745 2.639049 -0.577202
v -0.086193 2.599596 -0.612526
v -0.209061 2.657495 -0.625742
v -0.324881 2.722512 -0.594556
v -0.044011 2.687248 -0.620759
v -0.163348 2.744365 -0.634184
v -0.277181 2.805748 -0.603791
v -0.319156 3.036225 -0.423178
v -0.329994 3.042872 -0.301486
v -0.303120 3.031817 -0.182318
v -0.272637 3.102225 -0.414120
v -0.286054 3.102124 -0.298124
v -0.263121 3.086104 -0.184393
v -0.227401 3.168772 -0.399525
v -0.242744 3.162987 -0.289998
v -0.223219 3.143259 -0.182434
v -0.144652 2.959522 -0.030483
v -0.033286 2.907511 -0.017200
v 0.075331 2.856256 -0.045206
v -0.114360 3.012929 -0.039020
v -0.007523 2.965117 -0.025937
v 0.097683 2.920067 -0.052235
v -0.083850 3.071521 -0.044358
v 0.018203 3.028667 -0.031474
v 0.119540 2.990188 -0.055805
v 0.212266 2.789880 -0.216811
v 0.223104 2.783233 -0.338503
v 0.196231 2.794288 -0.457670
v 0.233665 2.868541 -0.215352
v 0.247082 2.868642 -0.331348
v 0.224149 2.884662 -0.445079
v 0.253294 2.952711 -0.209251
v 0.268637 2.958496 -0.318778
v 0.249112 2.978224 -0.426342
v 0.037762 2.866583 -0.609505
v -0.073603 2.918594 -0.622789
v -0.182220 2.969849 -0.594782
v 0.075388 2.957837 -0.590452
v -0.031449 3.005650 -0.603536
v -0.136655 3.050699 -0.577237
v 0.109743 3.049962 -0.564418
v 0.007690 3.092815 -0.577302
v -0.093647 3.131294 -0.552971
v -0.144719 3.307055 -0.357918
v -0.161808 3.293732 -0.262076
v -0.147253 3.270605 -0.167467
v -0.108934 3.377900 -0.333380
v -0.125966 3.362657 -0.244212
v -0.113032 3.339594 -0.155884
v -0.077752 3.447508 -0.308251
v -0.094316 3.431281 -0.225451
v -0.082599 3.409049 -0.143115
v -0.025010 3.207732 -0.044427
v 0.067071 3.176012 -0.031702
v 0.159586 3.150542 -0.051626
v 0.001580 3.283240 -0.039999
v 0.088627 3.257144 -0.027236
v 0.176377 3.237614 -0.044900
v 0.024910 3.359707 -0.034056
v 0.106978 3.338897 -0.021256
v 0.189877 3.324680 -0.036765
v 0.285231 3.136616 -0.184333
v 0.302321 3.149939 -0.280175
v 0.287765 3.173066 -0.374784
v 0.296493 3.232699 -0.167367
v 0.313525 3.247941 -0.256535
v 0.300592 3.271004 -0.344863
v 0.303895 3.326984 -0.149461
v 0.320459 3.343211 -0.232261
v 0.308743 3.365443 -0.314598
v 0.165523 3.235939 -0.497824
v 0.073441 3.267659 -0.510549
v -0.019074 3.293130 -0.490625
v 0.185980 3.327358 -0.460748
v 0.098932 3.353454 -0.473511
v 0.011182 3.372984 -0.455847
v 0.201233 3.414785 -0.423656
v 0.119165 3.435595 -0.436457
v 0.036266 3.449812 -0.420948
v -0.031514 3.575817 -0.261697
v -0.046552 3.559470 -0.190205
v -0.036576 3.539958 -0.118591
v -0.015804 3.633094 -0.241420
v -0.029984 3.617264 -0.174798
v -0.020694 3.599260 -0.107862
v -0.003389 3.686288 -0.222847
v -0.016701 3.671208 -0.160648
v -0.008015 3.654720 -0.097996
v 0.057991 3.503481 -0.022028
v 0.130510 3.491173 -0.009407
v 0.203898 3.485011 -0.021318
v 0.067945 3.568027 -0.016955
v 0.135978 3.558785 -0.004590
v 0.204850 3.555344 -0.015121
v 0.075043 3.628012 -0.012389
v 0.138811 3.621201 -0.000364
v 0.203372 3.619802 -0.009742
v 0.305263 3.496688 -0.116926
v 0.320300 3.513034 -0.188419
v 0.310324 3.532547 -0.260033
v 0.300055 3.569546 -0.103564
v 0.314235 3.585375 -0.170186
v 0.304945 3.603379 -0.237122
v 0.292642 3.635484 -0.091793
v 0.305955 3.650564 -0.153992
v 0.297269 3.667052 -0.216645
v 0.215757 3.569024 -0.356596
v 0.143238 3.581332 -0.369217
v 0.069850 3.587493 -0.357306
v 0.216307 3.634612 -0.328029
v 0.148273 3.643854 -0.340394
v 0.079402 3.647296 -0.329863
v 0.214211 3.693760 -0.302251
v 0.150443 3.700571 -0.314276
v 0.085881 3.701970 -0.304899
v 0.016573 3.782420 -0.189654
v 0.004895 3.769130 -0.135226
v 0.012522 3.755484 -0.080178
v 0.025300 3.826872 -0.174514
v 0.014376 3.814511 -0.123610
v 0.021507 3.802154 -0.072046
v 0.033092 3.870267 -0.160041
v 0.022905 3.858849 -0.112569
v 0.029545 3.847712 -0.064414
v 0.085413 3.736015 -0.004248
v 0.141372 3.732676 0.006941
v 0.198026 3.733953 -0.000637
v 0.089677 3.785578 -0.000656
v 0.142014 3.783473 0.010056
v 0.195001 3.785607 0.003202
v 0.093072 3.833669 0.002466
v 0.141849 3.832555 0.012653
v 0.191233 3.835308 0.006447
v 0.276359 3.750654 -0.071717
v 0.288038 3.763945 -0.126145
v 0.280411 3.777589 -0.181192
v 0.268266 3.802223 -0.063009
v 0.279191 3.814584 -0.113912
v 0.272060 3.826941 -0.165477
v 0.259523 3.851553 -0.055087
v 0.269710 3.862971 -0.102559
v 0.263070 3.874108 -0.150714
v 0.207519 3.797059 -0.257122
v 0.151560 3.800398 -0.268312
v 0.094906 3.799121 -0.260734
v 0.203889 3.843518 -0.236867
v 0.151552 3.845622 -0.247579
v 0.098565 3.843488 -0.240724
v 0.199543 3.888152 -0.217593
v 0.150766 3.889265 -0.227780
v 0.101382 3.886512 -0.221574
v 0.045385 3.957629 -0.132278
v 0.036699 3.948126 -0.091798
v 0.042328 3.939288 -0.050639
v 0.049946 4.001221 -0.119055
v 0.042019 3.992653 -0.082115
v 0.047135 3.984879 -0.044516
v 0.053694 4.043005 -0.106632
v 0.046496 4.035315 -0.073099
v 0.051120 4.028504 -0.038933
v 0.096339 3.929581 0.006835
v 0.137826 3.929951 0.015812
v 0.179837 3.933465 0.010795
v 0.096331 3.977017 0.008119
v 0.134132 3.977933 0.016434
v 0.172414 3.981650 0.011971
v 0.095694 4.022211 0.009003
v 0.129955 4.023530 0.016654
v 0.164657 4.027338 0.012698
v 0.237953 3.948388 -0.041360
v 0.246639 3.957892 -0.081840
v 0.241010 3.966729 -0.122999
v 0.225386 3.995733 -0.035490
v 0.233314 4.004301 -0.072429
v 0.228198 4.012074 -0.110029
v 0.212689 4.040516 -0.030276
v 0.219887 4.048206 -0.063809
v 0.215263 4.055017 -0.097975
v 0.186999 3.976436 -0.180472
v 0.145512 3.976066 -0.189450
v 0.103500 3.972552 -0.184433
v 0.179002 4.019937 -0.162663
v 0.141201 4.019021 -0.170979
v 0.102919 4.015304 -0.166516
v 0.170689 4.061310 -0.145911
v 0.136428 4.059989 -0.153562
v 0.101726 4.056183 -0.149607
v 0.059514 4.115871 -0.085267
v 0.053581 4.109645 -0.057648
v 0.057363 4.104334 -0.029468
v 0.061869 4.146383 -0.076358
v 0.056461 4.140743 -0.051191
v 0.059899 4.135982 -0.025502
v 0.063978 4.173942 -0.068320
v 0.059041 4.168832 -0.045355
v 0.062171 4.164551 -0.021910
v 0.093965 4.100168 0.010198
v 0.122113 4.101846 0.016620
v 0.150630 4.105501 0.013477
v 0.093223 4.132442 0.010688
v 0.118854 4.134114 0.016569
v 0.144823 4.137569 0.013731
v 0.092550 4.161491 0.011136
v 0.115923 4.163103 0.016517
v 0.139605 4.166323 0.013942
v 0.190120 4.116829 -0.021787
v 0.196053 4.123055 -0.049406
v 0.192271 4.128367 -0.077586
v 0.180791 4.147996 -0.018372
v 0.186198 4.153636 -0.043540
v 0.182760 4.158396 -0.069229
v 0.172412 4.175873 -0.015334
v 0.177350 4.180982 -0.038299
v 0.174220 4.185264 -0.061745
v 0.155669 4.132533 -0.117252
v 0.127521 4.130854 -0.123674
v 0.099004 4.127199 -0.120530
v 0.149437 4.161936 -0.105419
v 0.123806 4.160264 -0.111299
v 0.097837 4.156808 -0.108462
v 0.143840 4.188324 -0.094790
v 0.120468 4.186713 -0.100172
v 0.096786 4.183491 -0.097597
v 0.067756 4.223457 -0.053892
v 0.063654 4.219369 -0.034870
v 0.066217 4.216020 -0.015440
v 0.069254 4.246409 -0.047403
v 0.065519 4.242819 -0.030140
v 0.067819 4.239948 -0.012500
v 0.070163 4.268398 -0.041586
v 0.066749 4.265275 -0.025874
v 0.068813 4.262856 -0.009810
v 0.091290 4.213927 0.011975
v 0.110600 4.215450 0.016460
v 0.130174 4.218248 0.014354
v 0.090497 4.238419 0.012413
v 0.107979 4.239957 0.016506
v 0.125707 4.242602 0.014615
v 0.089363 4.261899 0.012904
v 0.105225 4.263482 0.016655
v 0.121318 4.266016 0.014958
v 0.157316 4.226143 -0.009867
v 0.161419 4.230232 -0.028889
v 0.158856 4.233581 -0.048319
v 0.150310 4.249751 -0.007341
v 0.154046 4.253340 -0.024604
v 0.151745 4.256211 -0.042244
v 0.143680 4.272500 -0.004999
v 0.147094 4.275624 -0.020711
v 0.145030 4.278043 -0.036774
v 0.133782 4.235674 -0.075734
v 0.114472 4.234150 -0.080219
v 0.094898 4.231352 -0.078112
v 0.129067 4.257740 -0.067157
v 0.111585 4.256202 -0.071249
v 0.093858 4.253556 -0.069359
v 0.124481 4.279000 -0.059488
v 0.108619 4.277417 -0.063239
v 0.092526 4.274883 -0.061542
v 0.069279 4.310050 -0.032543
v 0.066326 4.307663 -0.019104
v 0.068028 4.305984 -0.005348
v 0.067551 4.329663 -0.029277
v 0.064744 4.327535 -0.016574
v 0.066322 4.326124 -0.003566
v 0.065369 4.348217 -0.026601
v 0.062670 4.346285 -0.014457
v 0.064153 4.345079 -0.002015
v 0.085418 4.306033 0.014153
v 0.098887 4.307754 0.017408
v 0.112570 4.310171 0.016001
v 0.082672 4.326560 0.014895
v 0.095358 4.328351 0.017991
v 0.108254 4.330748 0.016679
v 0.079713 4.345816 0.015658
v 0.091804 4.347664 0.018633
v 0.104104 4.350049 0.017392
v 0.131640 4.315680 -0.001018
v 0.134593 4.318067 -0.014458
v 0.132892 4.319746 -0.028214
v 0.126256 4.335938 0.000614
v 0.129063 4.338068 -0.012089
v 0.127486 4.339479 -0.025098
v 0.121297 4.354998 0.002049
v 0.123996 4.356930 -0.010096
v 0.122513 4.358135 -0.022538
v 0.115501 4.319697 -0.047714
v 0.102033 4.317976 -0.050969
v 0.088350 4.315559 -0.049562
v 0.111135 4.339043 -0.043559
v 0.098450 4.337251 -0.046654
v 0.085553 4.334853 -0.045343
v 0.106953 4.357398 -0.040210
v 0.094862 4.355550 -0.043185
v 0.082562 4.353165 -0.041945
v 0.060881 4.381405 -0.022250
v 0.058355 4.379732 -0.010959
v 0.059702 4.378780 0.000614
v 0.058868 4.396099 -0.020341
v 0.056421 4.394506 -0.009423
v 0.057717 4.393620 0.001768
v 0.056981 4.409848 -0.018554
v 0.054611 4.408317 -0.007986
v 0.055864 4.407471 0.002847
v 0.074083 4.379840 0.017069
v 0.085280 4.381716 0.019851
v 0.096680 4.384044 0.018714
v 0.071605 4.394722 0.017685
v 0.082423 4.396570 0.020378
v 0.093439 4.398842 0.019282
v 0.069300 4.408566 0.018256
v 0.079769 4.410367 0.020864
v 0.090429 4.412575 0.019804
v 0.112645 4.388629 0.004467
v 0.115171 4.390301 -0.006824
v 0.113824 4.391254 -0.018396
v 0.108872 4.403272 0.005510
v 0.111319 4.404865 -0.005408
v 0.110023 4.405750 -0.016599
v 0.105366 4.416862 0.006474
v 0.107736 4.418395 -0.004094
v 0.106483 4.419240 -0.014927
v 0.099443 4.390194 -0.034852
v 0.088246 4.388316 -0.037634
v 0.076846 4.385991 -0.036497
v 0.096135 4.404648 -0.032516
v 0.085316 4.402802 -0.035209
v 0.074300 4.400529 -0.034113
v 0.093047 4.418144 -0.030336
v 0.082578 4.416344 -0.032944
v 0.071918 4.414135 -0.031884
v 0.053456 4.435526 -0.015219
v 0.051232 4.434089 -0.005304
v 0.052407 4.433299 0.004859
v 0.051776 4.447759 -0.013629
v 0.049622 4.446368 -0.004026
v 0.050760 4.445602 0.005818
v 0.050142 4.459660 -0.012083
v 0.048056 4.458312 -0.002783
v 0.049158 4.457571 0.006750
v 0.065011 4.434330 0.019315
v 0.074832 4.436021 0.021763
v 0.084833 4.438093 0.020768
v 0.062969 4.446601 0.019820
v 0.072481 4.448239 0.022190
v 0.082168 4.450247 0.021227
v 0.060982 4.458538 0.020311
v 0.070194 4.460124 0.022607
v 0.079575 4.462068 0.021674
v 0.098846 4.442115 0.008263
v 0.101069 4.443552 -0.001651
v 0.099895 4.444343 -0.011815
v 0.095741 4.454143 0.009115
v 0.097894 4.455533 -0.000488
v 0.096757 4.456299 -0.010332
v 0.092720 4.465841 0.009943
v 0.094806 4.467189 0.000643
v 0.093704 4.467930 -0.008890
v 0.087290 4.443311 -0.026271
v 0.077469 4.441620 -0.028718
v 0.067469 4.439548 -0.027724
v 0.084548 4.455300 -0.024335
v 0.075035 4.453662 -0.026705
v 0.065349 4.451655 -0.025742
v 0.081880 4.466963 -0.022451
v 0.072668 4.465377 -0.024747
v 0.063287 4.463432 -0.023814
v 0.046988 4.482632 -0.009099
v 0.045033 4.481370 -0.000384
v 0.046065 4.480677 0.008551
v 0.045463 4.493751 -0.007653
v 0.043570 4.492536 0.000779
v 0.044567 4.491873 0.009423
v 0.043973 4.504629 -0.006237
v 0.042140 4.503472 0.001918
v 0.043099 4.502852 0.010279
v 0.057145 4.481586 0.021259
v 0.065778 4.483073 0.023410
v 0.074569 4.484896 0.022536
v 0.055283 4.492769 0.021719
v 0.063634 4.494215 0.023801
v 0.072138 4.495982 0.022955
v 0.053451 4.503765 0.022172
v 0.061522 4.505180 0.024186
v 0.069743 4.506901 0.023370
v 0.086887 4.488432 0.011543
v 0.088842 4.489693 0.002828
v 0.087810 4.490387 -0.006107
v 0.084056 4.499401 0.012320
v 0.085948 4.500615 0.003888
v 0.084951 4.501278 -0.004757
v 0.081270 4.510201 0.013085
v 0.083103 4.511358 0.004930
v 0.082144 4.511978 -0.003431
v 0.076730 4.489478 -0.018815
v 0.068097 4.487990 -0.020966
v 0.059306 4.486168 -0.020092
v 0.074236 4.500382 -0.017052
v 0.065885 4.498937 -0.019134
v 0.057381 4.497169 -0.018289
v 0.071792 4.511065 -0.015324
v 0.063721 4.509650 -0.017339
v 0.055499 4.507929 -0.016522
v 0.041089 4.525728 -0.003496
v 0.039360 4.524734 0.004119
v 0.040231 4.524264 0.011928
v 0.039600 4.536265 -0.002228
v 0.037921 4.535374 0.005108
v 0.038740 4.535011 0.012631
v 0.037957 4.547199 -0.001100
v 0.036333 4.546420 0.005926
v 0.037095 4.546169 0.013133
v 0.049840 4.525347 0.023042
v 0.057352 4.526760 0.024928
v 0.065011 4.528422 0.024170
v 0.047950 4.536236 0.023341
v 0.055164 4.537668 0.025162
v 0.062527 4.539316 0.024435
v 0.045865 4.547546 0.023397
v 0.052753 4.548998 0.025144
v 0.059788 4.550625 0.024452
v 0.075772 4.531471 0.014571
v 0.077502 4.532467 0.006955
v 0.076631 4.532934 -0.000854
v 0.072892 4.542226 0.015193
v 0.074571 4.543117 0.007858
v 0.073752 4.543480 0.000335
v 0.069715 4.553383 0.015604
v 0.071340 4.554163 0.008578
v 0.070577 4.554412 0.001372
v 0.067021 4.531852 -0.011967
v 0.059510 4.530440 -0.013854
v 0.051851 4.528776 -0.013096
v 0.064542 4.542255 -0.010376
v 0.057327 4.540823 -0.012196
v 0.049965 4.539176 -0.011470
v 0.061808 4.553036 -0.008893
v 0.054920 4.551585 -0.010640
v 0.047884 4.549957 -0.009948
v 0.033874 4.571333 0.000525
v 0.032396 4.570781 0.006781
v 0.033031 4.570742 0.013201
v 0.031523 4.584082 0.001017
v 0.030133 4.583633 0.006831
v 0.030703 4.583680 0.012798
v 0.029196 4.596322 0.001359
v 0.027897 4.595962 0.006737
v 0.028405 4.596076 0.012256
v 0.040742 4.572351 0.022350
v 0.046834 4.573794 0.023911
v 0.053071 4.575339 0.023299
v 0.037824 4.585349 0.021302
v 0.043467 4.586759 0.022755
v 0.049250 4.588237 0.022187
v 0.034953 4.597771 0.020123
v 0.040155 4.599134 0.021467
v 0.045494 4.600539 0.020943
v 0.061914 4.577743 0.015426
v 0.063392 4.578294 0.009169
v 0.062757 4.578334 0.002749
v 0.057473 4.590447 0.014872
v 0.058862 4.590896 0.009057
v 0.058292 4.590849 0.003090
v 0.053102 4.602563 0.014177
v 0.054401 4.602922 0.008799
v 0.053893 4.602808 0.003281
v 0.055046 4.576725 -0.006399
v 0.048954 4.575281 -0.007961
v 0.042718 4.573736 -0.007349
v 0.051171 4.589180 -0.005414
v 0.045528 4.587770 -0.006866
v 0.039745 4.586291 -0.006299
v 0.047346 4.601114 -0.004586
v 0.042143 4.599750 -0.005930
v 0.036804 4.598345 -0.005406
v 0.025310 4.616397 0.001800
v 0.024169 4.616155 0.006452
v 0.024585 4.616343 0.011226
v 0.023854 4.623891 0.001959
v 0.022775 4.623677 0.006342
v 0.023163 4.623875 0.010839
v 0.022629 4.630187 0.002093
v 0.021605 4.629991 0.006250
v 0.021970 4.630185 0.010516
v 0.030200 4.617997 0.018033
v 0.034681 4.619251 0.019196
v 0.039286 4.620513 0.018743
v 0.028441 4.625473 0.017251
v 0.032658 4.626670 0.018347
v 0.036993 4.627870 0.017921
v 0.026972 4.631717 0.016597
v 0.030970 4.632858 0.017637
v 0.035081 4.634000 0.017232
v 0.045873 4.622238 0.012891
v 0.047014 4.622482 0.008239
v 0.046598 4.622293 0.003465
v 0.043200 4.629490 0.012408
v 0.044279 4.629704 0.008026
v 0.043891 4.629506 0.003528
v 0.040968 4.635534 0.012004
v 0.041993 4.635731 0.007847
v 0.041628 4.635536 0.003581
v 0.040984 4.620638 -0.003342
v 0.036502 4.619386 -0.004505
v 0.031897 4.618123 -0.004052
v 0.038613 4.627907 -0.002884
v 0.034396 4.626710 -0.003980
v 0.030061 4.625511 -0.003553
v 0.036626 4.634004 -0.002500
v 0.032628 4.632864 -0.003540
v 0.028517 4.631721 -0.003135
v 0.020558 4.640825 0.002319
v 0.019627 4.640647 0.006095
v 0.019959 4.640825 0.009970
v 0.019622 4.645632 0.002421
v 0.018734 4.645463 0.006025
v 0.019050 4.645632 0.009724
v 0.018738 4.650175 0.002517
v 0.017889 4.650013 0.005959
v 0.018191 4.650176 0.009491
v 0.024502 4.642218 0.015495
v 0.028134 4.643256 0.016439
v 0.031869 4.644293 0.016072
v 0.023387 4.646963 0.014997
v 0.026853 4.647953 0.015898
v 0.030418 4.648943 0.015548
v 0.022332 4.651446 0.014526
v 0.025642 4.652392 0.015387
v 0.029046 4.653337 0.015052
v 0.037217 4.645687 0.011322
v 0.038148 4.645865 0.007546
v 0.037816 4.645687 0.003671
v 0.035522 4.650274 0.011014
v 0.036411 4.650444 0.007410
v 0.036094 4.650274 0.003711
v 0.033921 4.654608 0.010723
v 0.034769 4.654770 0.007281
v 0.034467 4.654608 0.003749
v 0.033273 4.644293 -0.001854
v 0.029641 4.643256 -0.002798
v 0.025907 4.642218 -0.002431
v 0.031758 4.648943 -0.001562
v 0.028291 4.647954 -0.002464
v 0.024727 4.646963 -0.002113
v 0.030326 4.653337 -0.001286
v 0.027016 4.652392 -0.002147
v 0.023612 4.651446 -0.001812
v 0.017090 4.658635 0.002696
v 0.016316 4.658487 0.005836
v 0.016592 4.658636 0.009057
v 0.016317 4.662609 0.002781
v 0.015578 4.662467 0.005778
v 0.015841 4.662610 0.008853
v 0.015571 4.666436 0.002862
v 0.014866 4.666302 0.005722
v 0.015117 4.666436 0.008657
v 0.020369 4.659794 0.013650
v 0.023388 4.660657 0.014435
v 0.026493 4.661520 0.014130
v 0.019447 4.663715 0.013238
v 0.022329 4.664539 0.013988
v 0.025293 4.665363 0.013696
v 0.018559 4.667491 0.012842
v 0.021310 4.668278 0.013557
v 0.024138 4.669064 0.013279
v 0.030939 4.662679 0.010181
v 0.031713 4.662826 0.007042
v 0.031437 4.662678 0.003820
v 0.029538 4.666469 0.009926
v 0.030277 4.666610 0.006929
v 0.030014 4.666469 0.003854
v 0.028189 4.670119 0.009681
v 0.028894 4.670254 0.006821
v 0.028643 4.670119 0.003886
v 0.027660 4.661520 -0.000773
v 0.024641 4.660656 -0.001558
v 0.021536 4.659794 -0.001252
v 0.026408 4.665363 -0.000531
v 0.023525 4.664539 -0.001281
v 0.020561 4.663715 -0.000989
v 0.025202 4.669064 -0.000299
v 0.022451 4.668278 -0.001014
v 0.019622 4.667491 -0.000736
v 0.014155 4.673711 0.003016
v 0.013514 4.673588 0.005616
v 0.013742 4.673711 0.008284
v 0.013479 4.677183 0.003090
v 0.012868 4.677066 0.005566
v 0.013086 4.677183 0.008106
v 0.012822 4.680557 0.003161
v 0.012241 4.680446 0.005516
v 0.012448 4.680557 0.007933
v 0.016871 4.674670 0.012088
v 0.019371 4.675384 0.012738
v 0.021943 4.676099 0.012486
v 0.016065 4.678097 0.011729
v 0.018446 4.678777 0.012348
v 0.020894 4.679457 0.012107
v 0.015282 4.681426 0.011379
v 0.017547 4.682074 0.011968
v 0.019876 4.682720 0.011739
v 0.025625 4.677058 0.009215
v 0.026266 4.677180 0.006615
v 0.026038 4.677059 0.003947
v 0.024401 4.680371 0.008993
v 0.025011 4.680488 0.006517
v 0.024794 4.680371 0.003976
v 0.023212 4.683589 0.008776
v 0.023792 4.683702 0.006421
v 0.023585 4.683589 0.004004
v 0.022909 4.676099 0.000143
v 0.020409 4.675384 -0.000507
v 0.017837 4.674670 -0.000254
v 0.021815 4.679457 0.000354
v 0.019434 4.678777 -0.000265
v 0.016985 4.678097 -0.000024
v 0.020752 4.682720 0.000559
v 0.018487 4.682074 -0.000030
v 0.016157 4.681426 0.000199
v 0.011559 4.687043 0.003299
v 0.011035 4.686943 0.005422
v 0.011222 4.687043 0.007601
v 0.010950 4.690168 0.003365
v 0.010454 4.690073 0.005377
v 0.010631 4.690168 0.007441
v 0.010356 4.693222 0.003430
v 0.009887 4.693132 0.005332
v 0.010054 4.693221 0.007284
v 0.013777 4.687827 0.010707
v 0.015818 4.688411 0.011238
v 0.017918 4.688993 0.011032
v 0.013051 4.690910 0.010383
v 0.014986 4.691463 0.010886
v 0.016975 4.692017 0.010691
v 0.012343 4.693924 0.010067
v 0.014172 4.694446 0.010543
v 0.016053 4.694969 0.010358
v 0.020925 4.689778 0.008361
v 0.021449 4.689878 0.006238
v 0.021262 4.689778 0.004059
v 0.019824 4.692759 0.008161
v 0.020320 4.692853 0.006149
v 0.020143 4.692759 0.004085
v 0.018747 4.695672 0.007965
v 0.019216 4.695761 0.006063
v 0.019049 4.695671 0.004111
v 0.018708 4.688993 0.000953
v 0.016666 4.688411 0.000422
v 0.014566 4.687827 0.000628
v 0.017723 4.692016 0.001142
v 0.015788 4.691464 0.000639
v 0.013799 4.690911 0.000835
v 0.016761 4.694969 0.001328
v 0.014931 4.694446 0.000852
v 0.013050 4.693923 0.001037
v 0.009205 4.699132 0.003555
v 0.008788 4.699053 0.005246
v 0.008937 4.699132 0.006981
v 0.008647 4.701999 0.003616
v 0.008255 4.701924 0.005204
v 0.008395 4.701998 0.006834
v 0.008100 4.704809 0.003676
v 0.007733 4.704739 0.005163
v 0.007864 4.704809 0.006690
v 0.010971 4.699757 0.009455
v 0.012597 4.700222 0.009878
v 0.014269 4.700685 0.009713
v 0.010306 4.702585 0.009158
v 0.011833 4.703022 0.009555
v 0.013404 4.703458 0.009401
v 0.009654 4.705358 0.008867
v 0.011084 4.705767 0.009239
v 0.012556 4.706176 0.009094
v 0.016664 4.701310 0.007586
v 0.017081 4.701390 0.005896
v 0.016932 4.701310 0.004160
v 0.015654 4.704044 0.007403
v 0.016045 4.704119 0.005814
v 0.015906 4.704044 0.004185
v 0.014663 4.706725 0.007223
v 0.015030 4.706795 0.005735
v 0.014899 4.706725 0.004208
v 0.014898 4.700686 0.001687
v 0.013272 4.700222 0.001264
v 0.011600 4.699757 0.001428
v 0.013995 4.703458 0.001861
v 0.012467 4.703022 0.001464
v 0.010896 4.702584 0.001618
v 0.013109 4.706176 0.002031
v 0.011678 4.705767 0.001659
v 0.010207 4.705358 0.001804
v 0.007035 4.710275 0.003791
v 0.006717 4.710215 0.005084
v 0.006830 4.710276 0.006410
v 0.006517 4.712938 0.003848
v 0.006222 4.712882 0.005045
v 0.006327 4.712938 0.006273
v 0.006007 4.715556 0.003903
v 0.005735 4.715504 0.005007
v 0.005832 4.715556 0.006139
v 0.008385 4.710752 0.008300
v 0.009628 4.711108 0.008624
v 0.010906 4.711463 0.008498
v 0.007767 4.713380 0.008025
v 0.008918 4.713709 0.008324
v 0.010102 4.714038 0.008208
v 0.007160 4.715963 0.007753
v 0.008221 4.716267 0.008029
v 0.009312 4.716570 0.007922
v 0.012736 4.711940 0.006872
v 0.013055 4.712001 0.005580
v 0.012941 4.711940 0.004254
v 0.011797 4.714480 0.006702
v 0.012093 4.714537 0.005505
v 0.011987 4.714480 0.004276
v 0.010875 4.716978 0.006534
v 0.011147 4.717030 0.005431
v 0.011050 4.716978 0.004298
v 0.011386 4.711462 0.002363
v 0.010143 4.711108 0.002040
v 0.008865 4.710752 0.002166
v 0.010547 4.714038 0.002525
v 0.009396 4.713709 0.002226
v 0.008212 4.713380 0.002342
v 0.009722 4.716570 0.002684
v 0.008661 4.716266 0.002408
v 0.007570 4.715964 0.002516
v 0.005012 4.720666 0.004012
v 0.004785 4.720623 0.004932
v 0.004866 4.720667 0.005877
v 0.004526 4.723163 0.004065
v 0.004321 4.723124 0.004896
v 0.004394 4.723164 0.005749
v 0.004047 4.725624 0.004117
v 0.003864 4.725588 0.004860
v 0.003929 4.725624 0.005623
v 0.005974 4.721006 0.007224
v 0.006859 4.721259 0.007454
v 0.007769 4.721512 0.007365
v 0.005394 4.723470 0.006965
v 0.006194 4.723698 0.007173
v 0.007016 4.723927 0.007092
v 0.004823 4.725898 0.006711
v 0.005538 4.726101 0.006896
v 0.006273 4.726307 0.006824
v 0.009073 4.721851 0.006207
v 0.009300 4.721896 0.005286
v 0.009219 4.721851 0.004341
v 0.008193 4.724234 0.006047
v 0.008398 4.724273 0.005215
v 0.008325 4.724234 0.004362
v 0.007326 4.726580 0.005889
v 0.007509 4.726615 0.005146
v 0.007444 4.726581 0.004383
v 0.008112 4.721512 0.002994
v 0.007226 4.721260 0.002764
v 0.006316 4.721006 0.002854
v 0.007325 4.723927 0.003146
v 0.006525 4.723699 0.002938
v 0.005703 4.723470 0.003019
v 0.006550 4.726306 0.003295
v 0.005835 4.726102 0.003110
v 0.005100 4.725898 0.003182
v 0.003109 4.730440 0.004219
v 0.002968 4.730413 0.004790
v 0.003018 4.730441 0.005376
v 0.002650 4.732799 0.004269
v 0.002530 4.732776 0.004756
v 0.002572 4.732798 0.005255
v 0.002196 4.735127 0.004318
v 0.002097 4.735107 0.004722
v 0.002132 4.735127 0.005136
v 0.003706 4.730651 0.006212
v 0.004255 4.730808 0.006354
v 0.004820 4.730965 0.006299
v 0.003158 4.732978 0.005967
v 0.003626 4.733112 0.006089
v 0.004107 4.733246 0.006042
v 0.002618 4.735276 0.005726
v 0.003006 4.735386 0.005827
v 0.003405 4.735498 0.005788
v 0.005628 4.731176 0.005581
v 0.005769 4.731202 0.005010
v 0.005719 4.731176 0.004423
v 0.004797 4.733425 0.005429
v 0.004917 4.733449 0.004943
v 0.004874 4.733426 0.004443
v 0.003976 4.735647 0.005280
v 0.004076 4.735665 0.004877
v 0.004040 4.735647 0.004463
v 0.005032 4.730965 0.003588
v 0.004483 4.730808 0.003445
v 0.003918 4.730651 0.003501
v 0.004288 4.733246 0.003731
v 0.003820 4.733112 0.003610
v 0.003339 4.732978 0.003657
v 0.003555 4.735498 0.003873
v 0.003167 4.735386 0.003772
v 0.002768 4.735276 0.003811
v 0.001307 4.739696 0.004415
v 0.001248 4.739684 0.004655
v 0.001269 4.739696 0.004902
v 0.000869 4.741944 0.004463
v 0.000830 4.741936 0.004623
v 0.000844 4.741945 0.004786
v 0.000434 4.744179 0.004510
v 0.000414 4.744175 0.004590
v 0.000421 4.744180 0.004672
v 0.001558 4.739784 0.005253
v 0.001788 4.739850 0.005313
v 0.002026 4.739917 0.005290
v 0.001036 4.742004 0.005020
v 0.001189 4.742047 0.005060
v 0.001347 4.742091 0.005044
v 0.000517 4.744209 0.004788
v 0.000594 4.744231 0.004808
v 0.000672 4.744253 0.004801
v 0.002366 4.740005 0.004988
v 0.002425 4.740016 0.004748
v 0.002404 4.740005 0.004501
v 0.001573 4.742150 0.004844
v 0.001612 4.742158 0.004684
v 0.001598 4.742150 0.004520
v 0.000785 4.744282 0.004700
v 0.000805 4.744285 0.004621
v 0.000798 4.744282 0.004539
v 0.002115 4.739916 0.004150
v 0.001884 4.739850 0.004090
v 0.001647 4.739785 0.004113
v 0.001406 4.742091 0.004287
v 0.001253 4.742047 0.004247
v 0.001095 4.742004 0.004262
v 0.000702 4.744252 0.004422
v 0.000625 4.744231 0.004402
v 0.000547 4.744209 0.004410
vn -0.7219 -0.1785 -0.6685
vn 0.5260 -0.7442 -0.4118
vn -0.6759 0.4803 0.5590
vn 0.5720 -0.0853 0.8158
vn -0.6953 -0.1208 -0.7085
vn -0.3118 -0.4216 -0.8515
vn 0.1624 -0.6366 -0.7539
vn 0.5650 -0.6921 -0.4491
vn 0.8072 -0.5901 -0.0143
vn 0.8247 -0.3398 0.4522
vn 0.6116 -0.0267 0.7907
vn 0.2258 0.2704 0.9359
vn -0.2483 0.4853 0.8383
vn -0.6488 0.5447 0.5314
vn -0.8931 0.4389 0.0987
vn -0.9106 0.1885 -0.3677
vn -0.0000 1.0000 -0.0000
vn -0.1490 0.4698 0.8701
vn 0.1443 0.3369 0.9304
vn -0.1519 0.4716 0.8686
vn 0.1477 0.3358 0.9303
vn -0.4680 0.5488 0.6927
vn -0.1564 0.4690 0.8692
vn 0.1484 0.3309 0.9319
vn 0.4523 0.1316 0.8821
vn 0.4587 0.1299 0.8791
vn 0.4627 0.1265 0.8775
vn 0.4635 0.1255 0.8771
vn 0.1487 0.3354 0.9302
vn -0.1527 0.4721 0.8682
vn -0.4775 0.5521 0.6835
vn -0.4764 0.5522 0.6842
vn -0.4720 0.5518 0.6875
vn 0.8508 -0.3830 0.3597
vn 0.8400 -0.5379 0.0711
vn 0.8508 -0.3806 0.3623
vn 0.8398 -0.5387 0.0676
vn 0.7454 -0.1670 0.6453
vn 0.8483 -0.3822 0.3666
vn 0.8370 -0.5431 0.0667
vn 0.7115 -0.6529 -0.2600
vn 0.7096 -0.6521 -0.2669
vn 0.7067 -0.6533 -0.2715
vn 0.7059 -0.6538 -0.2725
vn 0.8397 -0.5390 0.0666
vn 0.8508 -0.3799 0.3631
vn 0.7407 -0.1569 0.6533
vn 0.7414 -0.1575 0.6523
vn 0.7439 -0.1607 0.6486
vn 0.0793 -0.5927 -0.8015
vn -0.2140 -0.4597 -0.8619
vn 0.0827 -0.5932 -0.8008
vn -0.2168 -0.4575 -0.8624
vn 0.3959 -0.6756 -0.6220
vn 0.0835 -0.5974 -0.7976
vn -0.2213 -0.4592 -0.8603
vn -0.5244 -0.2584 -0.8113
vn -0.5283 -0.2523 -0.8107
vn -0.5324 -0.2492 -0.8090
vn -0.5335 -0.2487 -0.8084
vn -0.2177 -0.4568 -0.8625
vn 0.0838 -0.5935 -0.8005
vn 0.4076 -0.6752 -0.6148
vn 0.4067 -0.6749 -0.6157
vn 0.4025 -0.6742 -0.6192
vn -0.9206 0.2602 -0.2911
vn -0.9098 0.4151 -0.0026
vn -0.9199 0.2589 -0.2944
vn -0.9089 0.4171 0.0003
vn -0.8175 0.0402 -0.5746
vn -0.9212 0.2538 -0.2950
vn -0.9099 0.4148 0.0049
vn -0.7835 0.5261 0.3308
vn -0.7791 0.5297 0.3353
vn -0.7765 0.5305 0.3400
vn -0.7759 0.5306 0.3412
vn -0.9086 0.4176 0.0011
vn -0.9197 0.2585 -0.2954
vn -0.8107 0.0337 -0.5845
vn -0.8112 0.0347 -0.5838
vn -0.8135 0.0383 -0.5803
vn -0.1528 0.4721 0.8682
vn 0.1488 0.3354 0.9302
vn -0.4777 0.5520 0.6835
vn 0.4636 0.1254 0.8771
vn 0.8508 -0.3798 0.3632
vn 0.8397 -0.5390 0.0665
vn 0.7406 -0.1569 0.6534
vn 0.7059 -0.6538 -0.2726
vn 0.0839 -0.5935 -0.8005
vn -0.2177 -0.4567 -0.8625
vn 0.4076 -0.6753 -0.6147
vn -0.5336 -0.2486 -0.8083
vn -0.9197 0.2585 -0.2955
vn -0.9086 0.4177 0.0012
vn -0.8106 0.0336 -0.5846
vn -0.7759 0.5306 0.3413
vn -0.7759 0.5306 0.3414
vn -0.1529 0.4720 0.8683
vn 0.1488 0.3354 0.9303
vn 0.4636 0.1253 0.8771
vn 0.4636 0.1253 0.8772
vn 0.4635 0.1252 0.8772
vn -0.1531 0.4718 0.8683
vn -0.4784 0.5512 0.6836
vn -0.4780 0.5516 0.6835
vn -0.4778 0.5519 0.6835
vn 0.8507 -0.3800 0.3632
vn 0.8396 -0.5391 0.0664
vn 0.8505 -0.3804 0.3632
vn 0.8395 -0.5394 0.0661
vn 0.8396 -0.5391 0.0665
vn 0.7059 -0.6536 -0.2729
vn 0.7059 -0.6534 -0.2735
vn 0.7057 -0.6531 -0.2748
vn 0.8392 -0.5399 0.0655
vn 0.8503 -0.3811 0.3630
vn 0.7403 -0.1577 0.6536
vn 0.7404 -0.1573 0.6535
vn 0.7405 -0.1570 0.6534
vn 0.0843 -0.5924 -0.8012
vn -0.2171 -0.4555 -0.8633
vn 0.0850 -0.5907 -0.8024
vn -0.2161 -0.4535 -0.8647
vn 0.4077 -0.6752 -0.6147
vn 0.0839 -0.5933 -0.8006
vn -0.2176 -0.4566 -0.8627
vn -0.5335 -0.2485 -0.8085
vn -0.5330 -0.2475 -0.8091
vn -0.5318 -0.2456 -0.8105
vn -0.5299 -0.2431 -0.8125
vn -0.2147 -0.4506 -0.8665
vn 0.0857 -0.5881 -0.8042
vn 0.4082 -0.6720 -0.6179
vn 0.4081 -0.6736 -0.6162
vn 0.4079 -0.6747 -0.6152
vn -0.9195 0.2588 -0.2959
vn -0.9086 0.4177 0.0010
vn -0.9190 0.2593 -0.2969
vn -0.9086 0.4177 0.0005
vn -0.8106 0.0337 -0.5847
vn -0.9197 0.2585 -0.2956
vn -0.7759 0.5305 0.3413
vn -0.7760 0.5304 0.3413
vn -0.7763 0.5301 0.3412
vn -0.7768 0.5295 0.3407
vn -0.9087 0.4174 -0.0006
vn -0.9184 0.2598 -0.2985
vn -0.8076 0.0371 -0.5885
vn -0.8092 0.0356 -0.5865
vn -0.8101 0.0344 -0.5853
vn -0.1671 0.4470 0.8788
vn 0.1331 0.3081 0.9420
vn -0.1898 0.4071 0.8935
vn 0.1071 0.2635 0.9587
vn -0.4804 0.5481 0.6847
vn -0.1552 0.4681 0.8700
vn 0.1465 0.3314 0.9320
vn 0.4612 0.1213 0.8790
vn 0.4477 0.0985 0.8887
vn 0.4217 0.0552 0.9050
vn 0.3866 -0.0023 0.9223
vn 0.0722 0.2042 0.9763
vn -0.2201 0.3539 0.9090
vn -0.5270 0.4646 0.7116
vn -0.5055 0.5032 0.7008
vn -0.4892 0.5324 0.6908
vn 0.8419 -0.3951 0.3675
vn 0.8358 -0.5452 0.0646
vn 0.8291 -0.4154 0.3743
vn 0.8313 -0.5520 0.0651
vn 0.7383 -0.1613 0.6550
vn 0.8489 -0.3838 0.3635
vn 0.8385 -0.5411 0.0646
vn 0.7057 -0.6520 -0.2773
vn 0.7079 -0.6475 -0.2822
vn 0.7127 -0.6391 -0.2892
vn 0.7195 -0.6278 -0.2971
vn 0.8255 -0.5606 0.0655
vn 0.8119 -0.4419 0.3816
vn 0.6784 -0.2571 0.6883
vn 0.7065 -0.2129 0.6749
vn 0.7273 -0.1793 0.6625
vn 0.0984 -0.5630 -0.8206
vn -0.1994 -0.4224 -0.8842
vn 0.1172 -0.5303 -0.8397
vn -0.1786 -0.3859 -0.9051
vn 0.4093 -0.6679 -0.6216
vn 0.0881 -0.5821 -0.8083
vn -0.2113 -0.4438 -0.8709
vn -0.5260 -0.2369 -0.8168
vn -0.5141 -0.2161 -0.8301
vn -0.4939 -0.1802 -0.8506
vn -0.4670 -0.1326 -0.8743
vn -0.1506 -0.3377 -0.9291
vn 0.1428 -0.4870 -0.8616
vn 0.4494 -0.5988 -0.6629
vn 0.4303 -0.6304 -0.6460
vn 0.4165 -0.6542 -0.6313
vn -0.9115 0.2711 -0.3094
vn -0.9077 0.4196 -0.0062
vn -0.9023 0.2883 -0.3205
vn -0.9056 0.4240 -0.0111
vn -0.8044 0.0413 -0.5927
vn -0.9167 0.2618 -0.3018
vn -0.9087 0.4175 -0.0026
vn -0.7782 0.5278 0.3404
vn -0.7820 0.5213 0.3416
vn -0.7886 0.5097 0.3440
vn -0.7969 0.4948 0.3465
vn -0.9024 0.4305 -0.0167
vn -0.8900 0.3116 -0.3330
vn -0.7587 0.1236 -0.6395
vn -0.7795 0.0857 -0.6205
vn -0.7951 0.0573 -0.6037
vn -0.2740 0.2616 0.9255
vn 0.0105 0.1016 0.9948
vn -0.2865 0.2429 0.9268
vn -0.0027 0.0808 0.9967
vn -0.5494 0.4245 0.7197
vn -0.2517 0.2990 0.9205
vn 0.0358 0.1431 0.9891
vn 0.3497 -0.0613 0.9349
vn 0.3245 -0.1017 0.9404
vn 0.3120 -0.1225 0.9421
vn 0.3088 -0.1292 0.9423
vn -0.0071 0.0746 0.9972
vn -0.2914 0.2376 0.9266
vn -0.5794 0.3791 0.7215
vn -0.5752 0.3833 0.7227
vn -0.5656 0.3971 0.7227
vn 0.7813 -0.4883 0.3886
vn 0.8153 -0.5755 0.0639
vn 0.7752 -0.4988 0.3877
vn 0.8130 -0.5790 0.0618
vn 0.6487 -0.3026 0.6983
vn 0.7938 -0.4692 0.3870
vn 0.8195 -0.5693 0.0653
vn 0.7270 -0.6154 -0.3045
vn 0.7324 -0.6063 -0.3099
vn 0.7352 -0.6011 -0.3132
vn 0.7360 -0.5991 -0.3152
vn 0.8121 -0.5804 0.0598
vn 0.7735 -0.5029 0.3858
vn 0.6167 -0.3569 0.7016
vn 0.6189 -0.3509 0.7027
vn 0.6286 -0.3341 0.7023
vn 0.1914 -0.4059 -0.8936
vn -0.0971 -0.2471 -0.9641
vn 0.2035 -0.3861 -0.8997
vn -0.0837 -0.2248 -0.9708
vn 0.4703 -0.5647 -0.6782
vn 0.1708 -0.4403 -0.8815
vn -0.1199 -0.2855 -0.9509
vn -0.4374 -0.0812 -0.8956
vn -0.4152 -0.0435 -0.9087
vn -0.4023 -0.0216 -0.9152
vn -0.3969 -0.0123 -0.9178
vn -0.0780 -0.2154 -0.9734
vn 0.2086 -0.3777 -0.9021
vn 0.4975 -0.5193 -0.6949
vn 0.4941 -0.5252 -0.6929
vn 0.4854 -0.5396 -0.6879
vn -0.8661 0.3547 -0.3521
vn -0.8961 0.4430 -0.0265
vn -0.8602 0.3649 -0.3562
vn -0.8946 0.4459 -0.0295
vn -0.7358 0.1645 -0.6569
vn -0.8763 0.3366 -0.3446
vn -0.8988 0.4377 -0.0222
vn -0.8056 0.4796 0.3479
vn -0.8119 0.4691 0.3474
vn -0.8158 0.4637 0.3456
vn -0.8177 0.4620 0.3435
vn -0.8940 0.4470 -0.0315
vn -0.8577 0.3688 -0.3582
vn -0.7045 0.2184 -0.6752
vn -0.7087 0.2114 -0.6731
vn -0.7187 0.1943 -0.6676
vn -0.2914 0.2412 0.9257
vn -0.0056 0.0784 0.9969
vn -0.2911 0.2422 0.9255
vn -0.0050 0.0794 0.9968
vn -0.5803 0.3803 0.7202
vn -0.2917 0.2393 0.9261
vn -0.0065 0.0764 0.9971
vn 0.3103 -0.1281 0.9420
vn 0.3117 -0.1265 0.9417
vn 0.3125 -0.1256 0.9416
vn 0.3128 -0.1252 0.9415
vn -0.0048 0.0799 0.9968
vn -0.2910 0.2426 0.9255
vn -0.5804 0.3825 0.7189
vn -0.5804 0.3822 0.7190
vn -0.5805 0.3816 0.7194
vn 0.7750 -0.5028 0.3830
vn 0.8121 -0.5807 0.0573
vn 0.7753 -0.5025 0.3825
vn 0.8121 -0.5807 0.0569
vn 0.6183 -0.3566 0.7003
vn 0.7742 -0.5031 0.3840
vn 0.8120 -0.5807 0.0582
vn 0.7357 -0.5990 -0.3162
vn 0.7353 -0.5992 -0.3167
vn 0.7351 -0.5993 -0.3169
vn 0.7351 -0.5993 -0.3170
vn 0.8121 -0.5807 0.0568
vn 0.7755 -0.5024 0.3824
vn 0.6207 -0.3550 0.6991
vn 0.6204 -0.3552 0.6992
vn 0.6197 -0.3558 0.6996
vn 0.2091 -0.3767 -0.9024
vn -0.0772 -0.2141 -0.9738
vn 0.2090 -0.3768 -0.9024
vn -0.0772 -0.2141 -0.9737
vn 0.4976 -0.5186 -0.6953
vn 0.2092 -0.3766 -0.9024
vn -0.3961 -0.0110 -0.9181
vn -0.3961 -0.0111 -0.9181
vn -0.3962 -0.0112 -0.9181
vn 0.4971 -0.5189 -0.6955
vn 0.4971 -0.5188 -0.6955
vn 0.4973 -0.5187 -0.6954
vn -0.8574 0.3685 -0.3592
vn -0.8941 0.4467 -0.0334
vn -0.8575 0.3683 -0.3593
vn -0.8941 0.4466 -0.0337
vn -0.7040 0.2191 -0.6756
vn -0.8574 0.3689 -0.3589
vn -0.8940 0.4469 -0.0327
vn -0.8182 0.4623 0.3419
vn -0.8183 0.4627 0.3410
vn -0.8184 0.4629 0.3405
vn -0.8184 0.4630 0.3404
vn -0.8941 0.4465 -0.0338
vn -0.7040 0.2186 -0.6757
vn -0.7040 0.2187 -0.6757
vn -0.7040 0.2188 -0.6757
vn -0.2908 0.2428 0.9254
vn -0.0046 0.0803 0.9968
vn -0.2905 0.2431 0.9255
vn -0.0042 0.0808 0.9967
vn -0.2910 0.2427 0.9254
vn -0.0047 0.0800 0.9968
vn 0.3129 -0.1251 0.9415
vn 0.3130 -0.1249 0.9415
vn 0.3131 -0.1244 0.9415
vn 0.3133 -0.1238 0.9415
vn -0.0037 0.0815 0.9967
vn -0.2900 0.2435 0.9255
vn -0.5803 0.3826 0.7189
vn -0.5804 0.3826 0.7189
vn 0.7754 -0.5026 0.3823
vn 0.8121 -0.5808 0.0565
vn 0.7754 -0.5028 0.3820
vn 0.8121 -0.5809 0.0558
vn 0.6207 -0.3549 0.6991
vn 0.7352 -0.5990 -0.3174
vn 0.7351 -0.5984 -0.3186
vn 0.7348 -0.5976 -0.3209
vn 0.8120 -0.5812 0.0544
vn 0.7754 -0.5033 0.3815
vn 0.6207 -0.3548 0.6991
vn 0.2096 -0.3754 -0.9029
vn -0.0763 -0.2126 -0.9742
vn 0.2103 -0.3730 -0.9037
vn -0.0750 -0.2101 -0.9748
vn 0.4971 -0.5187 -0.6956
vn 0.2091 -0.3766 -0.9025
vn -0.0771 -0.2139 -0.9738
vn -0.3960 -0.0110 -0.9182
vn -0.3951 -0.0098 -0.9186
vn -0.3934 -0.0079 -0.9193
vn -0.3907 -0.0055 -0.9205
vn -0.0732 -0.2068 -0.9756
vn 0.2110 -0.3696 -0.9049
vn 0.4973 -0.5137 -0.6992
vn 0.4975 -0.5162 -0.6971
vn 0.4974 -0.5179 -0.6960
vn -0.8572 0.3685 -0.3598
vn -0.8941 0.4465 -0.0341
vn -0.8565 0.3689 -0.3610
vn -0.8941 0.4464 -0.0350
vn -0.7039 0.2188 -0.6757
vn -0.8574 0.3683 -0.3594
vn -0.8185 0.4629 0.3403
vn -0.8188 0.4627 0.3399
vn -0.8192 0.4624 0.3391
vn -0.8942 0.4462 -0.0367
vn -0.8554 0.3691 -0.3633
vn -0.6994 0.2216 -0.6795
vn -0.7018 0.2205 -0.6774
vn -0.7033 0.2194 -0.6762
vn -0.3017 0.2225 0.9271
vn -0.0168 0.0597 0.9981
vn -0.3254 0.1832 0.9277
vn -0.0427 0.0175 0.9989
vn -0.5816 0.3802 0.7192
vn -0.2911 0.2409 0.9258
vn -0.0051 0.0790 0.9969
vn 0.3115 -0.1260 0.9418
vn 0.2997 -0.1443 0.9431
vn 0.2746 -0.1844 0.9437
vn 0.2325 -0.2525 0.9393
vn -0.0867 -0.0541 0.9948
vn -0.3659 0.1170 0.9233
vn -0.6397 0.2831 0.7146
vn -0.6087 0.3345 0.7194
vn -0.5902 0.3654 0.7198
vn 0.7690 -0.5142 0.3797
vn 0.8099 -0.5845 0.0489
vn 0.7576 -0.5323 0.3777
vn 0.8068 -0.5891 0.0450
vn 0.6192 -0.3571 0.6994
vn 0.7745 -0.5053 0.3807
vn 0.8116 -0.5819 0.0520
vn 0.7347 -0.5958 -0.3245
vn 0.7370 -0.5900 -0.3298
vn 0.7431 -0.5789 -0.3357
vn 0.7543 -0.5610 -0.3411
vn 0.8020 -0.5960 0.0400
vn 0.7387 -0.5615 0.3728
vn 0.5581 -0.4535 0.6949
vn 0.5904 -0.4022 0.6997
vn 0.6098 -0.3715 0.7001
vn 0.2229 -0.3433 -0.9124
vn -0.0572 -0.1793 -0.9821
vn 0.2437 -0.3077 -0.9197
vn -0.0339 -0.1409 -0.9894
vn 0.4977 -0.5086 -0.7026
vn 0.2129 -0.3629 -0.9072
vn -0.0694 -0.2000 -0.9773
vn -0.3856 -0.0001 -0.9227
vn -0.3726 0.0185 -0.9278
vn -0.3499 0.0545 -0.9352
vn -0.3149 0.1127 -0.9424
vn 0.0035 -0.0800 -0.9968
vn 0.2787 -0.2519 -0.9268
vn 0.5465 -0.4244 -0.7220
vn 0.5196 -0.4668 -0.7157
vn 0.5043 -0.4938 -0.7084
vn -0.8482 0.3764 -0.3726
vn -0.8942 0.4456 -0.0435
vn -0.8393 0.3900 -0.3788
vn -0.8938 0.4458 -0.0482
vn -0.6951 0.2245 -0.6830
vn -0.8533 0.3702 -0.3671
vn -0.8942 0.4459 -0.0396
vn -0.8205 0.4609 0.3380
vn -0.8253 0.4534 0.3365
vn -0.8346 0.4381 0.3340
vn -0.8491 0.4132 0.3289
vn -0.8929 0.4470 -0.0533
vn -0.8256 0.4131 -0.3843
vn -0.6420 0.3072 -0.7024
vn -0.6677 0.2637 -0.6961
vn -0.6849 0.2374 -0.6889
vn -0.4752 -0.0656 0.8774
vn -0.2083 -0.2513 0.9452
vn -0.5092 -0.1217 0.8520
vn -0.2459 -0.3119 0.9178
vn -0.6826 0.2100 0.7000
vn -0.4231 0.0222 0.9058
vn -0.1499 -0.1567 0.9762
vn 0.1715 -0.3493 0.9212
vn 0.1143 -0.4379 0.8917
vn 0.0778 -0.4949 0.8654
vn 0.0648 -0.5178 0.8531
vn -0.2607 -0.3352 0.9054
vn -0.5239 -0.1428 0.8398
vn -0.7584 0.0833 0.6465
vn -0.7467 0.0993 0.6577
vn -0.7212 0.1425 0.6779
vn 0.6870 -0.6374 0.3488
vn 0.7904 -0.6119 0.0270
vn 0.6714 -0.6607 0.3358
vn 0.7874 -0.6161 0.0208
vn 0.5113 -0.5253 0.6802
vn 0.7118 -0.6015 0.3627
vn 0.7957 -0.6047 0.0338
vn 0.7711 -0.5357 -0.3442
vn 0.7871 -0.5115 -0.3447
vn 0.7983 -0.4944 -0.3441
vn 0.8034 -0.4861 -0.3440
vn 0.7865 -0.6174 0.0161
vn 0.6661 -0.6702 0.3273
vn 0.4304 -0.6501 0.6263
vn 0.4395 -0.6327 0.6375
vn 0.4673 -0.5906 0.6579
vn 0.3740 -0.1029 -0.9217
vn 0.1041 0.0824 -0.9911
vn 0.4061 -0.0527 -0.9123
vn 0.1381 0.1370 -0.9809
vn 0.5854 -0.3656 -0.7237
vn 0.3282 -0.1747 -0.9283
vn 0.0557 0.0043 -0.9984
vn -0.2668 0.1939 -0.9440
vn -0.2218 0.2690 -0.9373
vn -0.1903 0.3214 -0.9276
vn -0.1750 0.3471 -0.9213
vn 0.1548 0.1638 -0.9743
vn 0.4219 -0.0284 -0.9062
vn 0.6587 -0.2538 -0.7084
vn 0.6466 -0.2722 -0.7127
vn 0.6215 -0.3106 -0.7192
vn -0.7889 0.4782 -0.3861
vn -0.8893 0.4531 -0.0628
vn -0.7761 0.5002 -0.3841
vn -0.8874 0.4562 -0.0666
vn -0.6071 0.3687 -0.7039
vn -0.8068 0.4466 -0.3868
vn -0.8913 0.4497 -0.0583
vn -0.8686 0.3787 0.3195
vn -0.8859 0.3476 0.3072
vn -0.8972 0.3279 0.2957
vn -0.9023 0.3209 0.2880
vn -0.8861 0.4581 -0.0697
vn -0.7698 0.5106 -0.3831
vn -0.5397 0.4845 -0.6884
vn -0.5509 0.4655 -0.6927
vn -0.5741 0.4258 -0.6994
vn -0.5239 -0.1363 0.8408
vn -0.2580 -0.3296 0.9082
vn -0.5233 -0.1342 0.8415
vn -0.2568 -0.3277 0.9092
vn -0.7600 0.0856 0.6442
vn -0.5249 -0.1403 0.8395
vn -0.2601 -0.3334 0.9062
vn 0.0673 -0.5173 0.8532
vn 0.0705 -0.5144 0.8546
vn 0.0723 -0.5130 0.8553
vn 0.0732 -0.5128 0.8554
vn -0.2562 -0.3271 0.9096
vn -0.5230 -0.1335 0.8418
vn -0.7597 0.0910 0.6439
vn -0.7597 0.0905 0.6439
vn -0.7599 0.0889 0.6440
vn 0.6697 -0.6689 0.3226
vn 0.7876 -0.6161 0.0118
vn 0.6710 -0.6681 0.3215
vn 0.7885 -0.6150 0.0107
vn 0.4333 -0.6502 0.6241
vn 0.6678 -0.6701 0.3241
vn 0.7869 -0.6169 0.0134
vn 0.8038 -0.4846 -0.3452
vn 0.8039 -0.4838 -0.3460
vn 0.8046 -0.4823 -0.3466
vn 0.8056 -0.4800 -0.3473
vn 0.7895 -0.6136 0.0093
vn 0.6722 -0.6675 0.3202
vn 0.4395 -0.6474 0.6227
vn 0.4383 -0.6474 0.6234
vn 0.4365 -0.6483 0.6238
vn 0.4256 -0.0232 -0.9046
vn 0.1588 0.1696 -0.9726
vn 0.4271 -0.0214 -0.9040
vn 0.1603 0.1711 -0.9721
vn 0.6604 -0.2508 -0.7078
vn 0.4247 -0.0243 -0.9050
vn 0.1578 0.1685 -0.9730
vn -0.1725 0.3515 -0.9202
vn -0.1719 0.3522 -0.9200
vn -0.1706 0.3530 -0.9199
vn -0.1684 0.3538 -0.9200
vn 0.1626 0.1726 -0.9715
vn 0.4290 -0.0192 -0.9031
vn 0.6633 -0.2455 -0.7070
vn 0.6619 -0.2481 -0.7074
vn 0.6609 -0.2499 -0.7077
vn -0.7684 0.5113 -0.3848
vn -0.8854 0.4590 -0.0734
vn -0.7682 0.5110 -0.3857
vn -0.8854 0.4588 -0.0744
vn -0.5380 0.4873 -0.6878
vn -0.7686 0.5117 -0.3839
vn -0.8856 0.4588 -0.0719
vn -0.9028 0.3222 0.2848
vn -0.9027 0.3238 0.2833
vn -0.9027 0.3245 0.2825
vn -0.9029 0.3245 0.2819
vn -0.8854 0.4586 -0.0755
vn -0.7677 0.5108 -0.3869
vn -0.5356 0.4874 -0.6896
vn -0.5370 0.4873 -0.6886
vn -0.5377 0.4872 -0.6881
vn -0.5351 -0.1559 0.8303
vn -0.2669 -0.3471 0.8991
vn -0.5537 -0.1921 0.8102
vn -0.2834 -0.3790 0.8809
vn -0.7616 0.0876 0.6421
vn -0.5249 -0.1369 0.8401
vn -0.2578 -0.3303 0.9080
vn 0.0725 -0.5154 0.8539
vn 0.0664 -0.5277 0.8469
vn 0.0550 -0.5503 0.8332
vn 0.0400 -0.5819 0.8123
vn -0.3051 -0.4241 0.8527
vn -0.5780 -0.2436 0.7788
vn -0.8128 -0.0182 0.5822
vn -0.7895 0.0329 0.6129
vn -0.7715 0.0688 0.6325
vn 0.6779 -0.6632 0.3172
vn 0.7997 -0.6003 0.0093
vn 0.6839 -0.6569 0.3174
vn 0.8127 -0.5825 0.0147
vn 0.4402 -0.6486 0.6209
vn 0.6740 -0.6666 0.3184
vn 0.7920 -0.6104 0.0080
vn 0.8086 -0.4747 -0.3476
vn 0.8197 -0.4583 -0.3436
vn 0.8389 -0.4300 -0.3337
vn 0.8644 -0.3906 -0.3165
vn 0.8298 -0.5575 0.0250
vn 0.6917 -0.6477 0.3195
vn 0.4335 -0.6707 0.6019
vn 0.4370 -0.6605 0.6106
vn 0.4394 -0.6530 0.6169
vn 0.4474 0.0066 -0.8943
vn 0.1804 0.1948 -0.9641
vn 0.4707 0.0427 -0.8813
vn 0.2015 0.2272 -0.9528
vn 0.6669 -0.2392 -0.7057
vn 0.4334 -0.0135 -0.9011
vn 0.1674 0.1771 -0.9699
vn -0.1640 0.3566 -0.9198
vn -0.1537 0.3694 -0.9165
vn -0.1377 0.3934 -0.9090
vn -0.1175 0.4280 -0.8961
vn 0.2286 0.2735 -0.9343
vn 0.5013 0.0936 -0.8602
vn 0.7345 -0.1339 -0.6653
vn 0.7036 -0.1835 -0.6865
vn 0.6804 -0.2190 -0.6994
vn -0.7671 0.5076 -0.3923
vn -0.8903 0.4477 -0.0833
vn -0.7678 0.5027 -0.3972
vn -0.8977 0.4306 -0.0936
vn -0.5330 0.4884 -0.6909
vn -0.7671 0.5102 -0.3889
vn -0.8862 0.4568 -0.0775
vn -0.9045 0.3217 0.2800
vn -0.9121 0.3067 0.2721
vn -0.9256 0.2784 0.2564
vn -0.9430 0.2381 0.2323
vn -0.9071 0.4066 -0.1087
vn -0.7688 0.4962 -0.4035
vn -0.5114 0.5165 -0.6868
vn -0.5205 0.5027 -0.6902
vn -0.5279 0.4933 -0.6914
vn -0.6188 -0.3463 0.7051
vn -0.3419 -0.5141 0.7866
vn -0.6268 -0.3725 0.6843
vn -0.3485 -0.5374 0.7680
vn -0.8361 -0.0767 0.5432
vn -0.6027 -0.3023 0.7385
vn -0.3275 -0.4754 0.8165
vn 0.0241 -0.6177 0.7861
vn 0.0144 -0.6447 0.7643
vn 0.0110 -0.6610 0.7503
vn 0.0124 -0.6682 0.7438
vn -0.3493 -0.5477 0.7603
vn -0.6294 -0.3835 0.6759
vn -0.8626 -0.1555 0.4814
vn -0.8593 -0.1456 0.4902
vn -0.8512 -0.1203 0.5108
vn 0.7073 -0.6268 0.3268
vn 0.8623 -0.5037 0.0524
vn 0.7128 -0.6196 0.3288
vn 0.8711 -0.4873 0.0611
vn 0.4300 -0.6819 0.5917
vn 0.7002 -0.6365 0.3234
vn 0.8483 -0.5280 0.0396
vn 0.8920 -0.3442 -0.2930
vn 0.9121 -0.3067 -0.2720
vn 0.9242 -0.2822 -0.2572
vn 0.9303 -0.2692 -0.2492
vn 0.8760 -0.4779 0.0653
vn 0.7169 -0.6147 0.3290
vn 0.4335 -0.6950 0.5737
vn 0.4302 -0.6940 0.5773
vn 0.4288 -0.6899 0.5832
vn 0.5579 0.2001 -0.8054
vn 0.2789 0.3697 -0.8863
vn 0.5725 0.2297 -0.7871
vn 0.2920 0.3959 -0.8706
vn 0.7676 -0.0756 -0.6364
vn 0.5341 0.1533 -0.8314
vn 0.2576 0.3276 -0.9090
vn -0.0960 0.4686 -0.8782
vn -0.0800 0.5000 -0.8623
vn -0.0700 0.5193 -0.8517
vn -0.0644 0.5279 -0.8469
vn 0.2991 0.4080 -0.8626
vn 0.5803 0.2438 -0.7771
vn 0.8136 0.0151 -0.5813
vn 0.8061 0.0004 -0.5917
vn 0.7916 -0.0293 -0.6103
vn -0.7696 0.4840 -0.4166
vn -0.9224 0.3590 -0.1427
vn -0.7687 0.4813 -0.4213
vn -0.9250 0.3476 -0.1537
vn -0.5018 0.5329 -0.6813
vn -0.7697 0.4890 -0.4105
vn -0.9166 0.3792 -0.1271
vn -0.9603 0.1919 0.2023
vn -0.9715 0.1576 0.1771
vn -0.9773 0.1382 0.1604
vn -0.9796 0.1312 0.1523
vn -0.9254 0.3437 -0.1597
vn -0.7674 0.4805 -0.4246
vn -0.4857 0.5570 -0.6736
vn -0.4890 0.5536 -0.6741
vn -0.4942 0.5457 -0.6767
vn -0.6311 -0.3971 0.6664
vn -0.3469 -0.5578 0.7540
vn -0.6349 -0.4215 0.6474
vn -0.3478 -0.5737 0.7416
vn -0.8635 -0.1573 0.4792
vn -0.6292 -0.3859 0.6747
vn -0.3474 -0.5502 0.7594
vn 0.0164 -0.6695 0.7426
vn 0.0200 -0.6715 0.7407
vn 0.0231 -0.6758 0.7368
vn 0.0262 -0.6823 0.7306
vn -0.3488 -0.5991 0.7208
vn -0.6389 -0.4615 0.6156
vn -0.8790 -0.2539 0.4035
vn -0.8729 -0.2024 0.4439
vn -0.8669 -0.1712 0.4681
vn 0.7280 -0.5984 0.3345
vn 0.8865 -0.4565 0.0759
vn 0.7381 -0.5779 0.3482
vn 0.8980 -0.4297 0.0945
vn 0.4383 -0.6931 0.5723
vn 0.7209 -0.6100 0.3288
vn 0.8793 -0.4715 0.0672
vn 0.9334 -0.2623 -0.2449
vn 0.9407 -0.2460 -0.2337
vn 0.9530 -0.2163 -0.2122
vn 0.9691 -0.1705 -0.1784
vn 0.9127 -0.3890 0.1252
vn 0.7502 -0.5468 0.3718
vn 0.4603 -0.6615 0.5921
vn 0.4521 -0.6771 0.5806
vn 0.4446 -0.6873 0.5744
vn 0.5916 0.2582 -0.7637
vn 0.3092 0.4158 -0.8553
vn 0.6019 0.2787 -0.7484
vn 0.3169 0.4276 -0.8466
vn 0.8173 0.0210 -0.5758
vn 0.5846 0.2480 -0.7725
vn 0.3033 0.4105 -0.8599
vn -0.0610 0.5285 -0.8467
vn -0.0574 0.5278 -0.8474
vn -0.0532 0.5276 -0.8478
vn -0.0486 0.5281 -0.8478
vn 0.3258 0.4473 -0.8329
vn 0.6141 0.3120 -0.7249
vn 0.8518 0.1055 -0.5131
vn 0.8367 0.0625 -0.5441
vn 0.8248 0.0352 -0.5643
vn -0.7685 0.4666 -0.4378
vn -0.9285 0.3275 -0.1752
vn -0.7721 0.4416 -0.4569
vn -0.9341 0.2965 -0.1989
vn -0.4839 0.5560 -0.6759
vn -0.7667 0.4787 -0.4279
vn -0.9254 0.3420 -0.1633
vn -0.9803 0.1297 0.1490
vn -0.9840 0.1146 0.1365
vn -0.9906 0.0808 0.1103
vn -0.9974 0.0250 0.0674
vn -0.9398 0.2459 -0.2374
vn -0.7757 0.4015 -0.4870
vn -0.4839 0.5104 -0.7108
vn -0.4838 0.5336 -0.6936
vn -0.4835 0.5484 -0.6823
vn -0.6347 -0.5630 0.5294
vn -0.3439 -0.6625 0.6654
vn -0.6274 -0.5948 0.5025
vn -0.3377 -0.6823 0.6484
vn -0.8802 -0.3243 0.3465
vn -0.6395 -0.5155 0.5704
vn -0.3480 -0.6329 0.6916
vn 0.0296 -0.6905 0.7227
vn 0.0341 -0.6972 0.7161
vn 0.0393 -0.7010 0.7121
vn 0.0447 -0.7019 0.7108
vn -0.3315 -0.6916 0.6418
vn -0.6213 -0.6098 0.4921
vn -0.8603 -0.4461 0.2469
vn -0.8657 -0.4274 0.2605
vn -0.8741 -0.3862 0.2947
vn 0.7697 -0.4659 0.4364
vn 0.9361 -0.2841 0.2075
vn 0.7734 -0.4375 0.4587
vn 0.9395 -0.2479 0.2362
vn 0.4683 -0.6401 0.6090
vn 0.7622 -0.5048 0.4053
vn 0.9274 -0.3344 0.1679
vn 0.9853 -0.1089 -0.1319
vn 0.9947 -0.0528 -0.0886
vn 0.9983 -0.0129 -0.0571
vn 0.9992 0.0083 -0.0396
vn 0.9405 -0.2282 0.2518
vn 0.7751 -0.4217 0.4706
vn 0.4819 -0.5956 0.6427
vn 0.4786 -0.6047 0.6367
vn 0.4743 -0.6199 0.6251
vn 0.6334 0.3981 -0.6635
vn 0.3403 0.4994 -0.7967
vn 0.6372 0.4265 -0.6419
vn 0.3443 0.5165 -0.7840
vn 0.8668 0.1637 -0.4711
vn 0.6259 0.3573 -0.6932
vn 0.3343 0.4747 -0.8142
vn -0.0437 0.5297 -0.8471
vn -0.0389 0.5315 -0.8462
vn -0.0343 0.5329 -0.8455
vn -0.0299 0.5335 -0.8453
vn 0.3475 0.5245 -0.7772
vn 0.6395 0.4405 -0.6300
vn 0.8809 0.2721 -0.3872
vn 0.8794 0.2531 -0.4032
vn 0.8756 0.2162 -0.4319
vn -0.7706 0.2983 -0.5632
vn -0.9345 0.1146 -0.3370
vn -0.7636 0.2665 -0.5881
vn -0.9265 0.0742 -0.3690
vn -0.4823 0.4794 -0.7332
vn -0.7757 0.3467 -0.5273
vn -0.9407 0.1762 -0.2900
vn -0.9986 -0.0517 0.0076
vn -0.9918 -0.1195 -0.0463
vn -0.9830 -0.1640 -0.0823
vn -0.9782 -0.1831 -0.0980
vn -0.9215 0.0575 -0.3840
vn -0.7584 0.2534 -0.6006
vn -0.4668 0.4266 -0.7746
vn -0.4721 0.4343 -0.7672
vn -0.4779 0.4522 -0.7531
vn -0.6134 -0.6187 0.4908
vn -0.3218 -0.6942 0.6438
vn -0.6071 -0.6313 0.4826
vn -0.3170 -0.6967 0.6435
vn -0.8586 -0.4492 0.2472
vn -0.6176 -0.6127 0.4932
vn -0.3265 -0.6930 0.6428
vn 0.0499 -0.7002 0.7122
vn 0.0542 -0.6948 0.7171
vn 0.0570 -0.6854 0.7259
vn 0.0577 -0.6713 0.7389
vn -0.3119 -0.7004 0.6420
vn -0.5975 -0.6506 0.4687
vn -0.8331 -0.5158 0.1996
vn -0.8472 -0.4811 0.2253
vn -0.8550 -0.4591 0.2412
vn 0.7773 -0.3970 0.4880
vn 0.9407 -0.2014 0.2731
vn 0.7763 -0.3678 0.5120
vn 0.9390 -0.1692 0.2995
vn 0.4853 -0.5898 0.6454
vn 0.7765 -0.4137 0.4754
vn 0.9408 -0.2194 0.2585
vn 0.9994 0.0166 -0.0317
vn 0.9993 0.0336 -0.0167
vn 0.9979 0.0649 0.0090
vn 0.9927 0.1120 0.0459
vn 0.9333 -0.1215 0.3380
vn 0.7711 -0.3248 0.5476
vn 0.4851 -0.5229 0.7009
vn 0.4884 -0.5552 0.6732
vn 0.4879 -0.5772 0.6548
vn 0.6446 0.4509 -0.6174
vn 0.3549 0.5269 -0.7723
vn 0.6462 0.4656 -0.6047
vn 0.3584 0.5312 -0.7677
vn 0.8822 0.2781 -0.3800
vn 0.6420 0.4438 -0.6251
vn 0.3511 0.5254 -0.7750
vn -0.0256 0.5326 -0.8460
vn -0.0208 0.5282 -0.8488
vn -0.0151 0.5201 -0.8539
vn -0.0078 0.5082 -0.8612
vn 0.3609 0.5386 -0.7614
vn 0.6453 0.4889 -0.5869
vn 0.8797 0.3529 -0.3186
vn 0.8832 0.3153 -0.3473
vn 0.8834 0.2907 -0.3676
vn -0.7512 0.2396 -0.6151
vn -0.9163 0.0433 -0.3982
vn -0.7421 0.2120 -0.6359
vn -0.9069 0.0132 -0.4210
vn -0.4629 0.4249 -0.7779
vn -0.7557 0.2519 -0.6045
vn -0.9202 0.0562 -0.3873
vn -0.9777 -0.1851 -0.0997
vn -0.9742 -0.1975 -0.1092
vn -0.9652 -0.2263 -0.1309
vn -0.9479 -0.2726 -0.1648
vn -0.8893 -0.0352 -0.4560
vn -0.7259 0.1681 -0.6669
vn -0.4371 0.3622 -0.8232
vn -0.4499 0.3945 -0.8012
vn -0.4579 0.4152 -0.7861
vn -0.5708 -0.6953 0.4366
vn -0.3008 -0.7080 0.6390
vn -0.5605 -0.7082 0.4294
vn -0.2962 -0.7094 0.6395
vn -0.8114 -0.5602 0.1666
vn -0.5841 -0.6751 0.4506
vn -0.3062 -0.7048 0.6399
vn 0.0557 -0.6531 0.7552
vn 0.0530 -0.6368 0.7692
vn 0.0511 -0.6251 0.7789
vn 0.0511 -0.6182 0.7843
vn -0.2924 -0.7094 0.6413
vn -0.5541 -0.7138 0.4283
vn -0.7659 -0.6313 0.1219
vn -0.7739 -0.6206 0.1259
vn -0.7898 -0.5970 0.1406
vn 0.7454 -0.2227 0.6283
vn 0.9054 -0.0089 0.4246
vn 0.7335 -0.1901 0.6525
vn 0.8923 0.0266 0.4507
vn 0.4766 -0.4815 0.7355
vn 0.7595 -0.2701 0.5918
vn 0.9207 -0.0609 0.3854
vn 0.9809 0.1718 0.0910
vn 0.9664 0.2227 0.1285
vn 0.9541 0.2572 0.1537
vn 0.9469 0.2748 0.1669
vn 0.8845 0.0452 0.4644
vn 0.7265 -0.1728 0.6651
vn 0.4535 -0.4066 0.7931
vn 0.4580 -0.4202 0.7833
vn 0.4664 -0.4454 0.7642
vn 0.6357 0.5446 -0.5470
vn 0.3629 0.5575 -0.7467
vn 0.6316 0.5616 -0.5345
vn 0.3640 0.5635 -0.7416
vn 0.8710 0.4010 -0.2838
vn 0.6411 0.5191 -0.5653
vn 0.3621 0.5487 -0.7536
vn 0.0011 0.4935 -0.8698
vn 0.0100 0.4817 -0.8763
vn 0.0175 0.4746 -0.8800
vn 0.0228 0.4720 -0.8813
vn 0.3658 0.5663 -0.7386
vn 0.6302 0.5696 -0.5277
vn 0.8469 0.4822 -0.2243
vn 0.8516 0.4688 -0.2348
vn 0.8604 0.4416 -0.2545
vn -0.6755 0.0642 -0.7345
vn -0.8325 -0.1500 -0.5334
vn -0.6570 0.0351 -0.7531
vn -0.8122 -0.1824 -0.5541
vn -0.4185 0.3208 -0.8497
vn -0.7007 0.1112 -0.7047
vn -0.8609 -0.0981 -0.4992
vn -0.9200 -0.3324 -0.2076
vn -0.8921 -0.3818 -0.2415
vn -0.8723 -0.4132 -0.2615
vn -0.8636 -0.4266 -0.2686
vn -0.8033 -0.1956 -0.5626
vn -0.6480 0.0237 -0.7612
vn -0.3774 0.2577 -0.8895
vn -0.3855 0.2658 -0.8836
vn -0.3999 0.2867 -0.8705
vn -0.5419 -0.7238 0.4272
vn -0.2859 -0.7076 0.6462
vn -0.5287 -0.7368 0.4214
vn -0.2820 -0.7066 0.6490
vn -0.7624 -0.6354 0.1227
vn -0.5502 -0.7157 0.4301
vn -0.2893 -0.7085 0.6438
vn 0.0522 -0.6138 0.7877
vn 0.0499 -0.6036 0.7958
vn 0.0445 -0.5883 0.8074
vn 0.0380 -0.5712 0.8199
vn -0.2773 -0.7051 0.6526
vn -0.5127 -0.7511 0.4160
vn -0.6963 -0.7128 0.0837
vn -0.7254 -0.6812 0.0986
vn -0.7490 -0.6527 0.1139
vn 0.7129 -0.1435 0.6864
vn 0.8709 0.0729 0.4859
vn 0.6964 -0.1123 0.7089
vn 0.8553 0.1025 0.5079
vn 0.4516 -0.3991 0.7980
vn 0.7229 -0.1643 0.6712
vn 0.8805 0.0533 0.4710
vn 0.9439 0.2811 0.1731
vn 0.9372 0.2955 0.1852
vn 0.9262 0.3178 0.2030
vn 0.9128 0.3425 0.2225
vn 0.8363 0.1350 0.5314
vn 0.6764 -0.0781 0.7324
vn 0.4141 -0.3239 0.8506
vn 0.4304 -0.3538 0.8304
vn 0.4439 -0.3810 0.8111
vn 0.6367 0.5641 -0.5257
vn 0.3797 0.5499 -0.7440
vn 0.6435 0.5560 -0.5261
vn 0.3950 0.5271 -0.7524
vn 0.8463 0.4852 -0.2199
vn 0.6321 0.5695 -0.5256
vn 0.3697 0.5640 -0.7384
vn 0.0283 0.4683 -0.8831
vn 0.0436 0.4459 -0.8940
vn 0.0685 0.4084 -0.9102
vn 0.0989 0.3655 -0.9255
vn 0.4136 0.5016 -0.7598
vn 0.6516 0.5472 -0.5253
vn 0.8403 0.5061 -0.1946
vn 0.8430 0.4974 -0.2050
vn 0.8452 0.4898 -0.2138
vn -0.6229 -0.0107 -0.7822
vn -0.7798 -0.2293 -0.5825
vn -0.5853 -0.0628 -0.8084
vn -0.7425 -0.2794 -0.6088
vn -0.3718 0.2535 -0.8930
vn -0.6437 0.0194 -0.7650
vn -0.8000 -0.2002 -0.5656
vn -0.8607 -0.4316 -0.2699
vn -0.8428 -0.4571 -0.2843
vn -0.8096 -0.4999 -0.3076
vn -0.7682 -0.5483 -0.3305
vn -0.6957 -0.3366 -0.6346
vn -0.5385 -0.1228 -0.8337
vn -0.2765 0.1196 -0.9535
vn -0.3183 0.1760 -0.9315
vn -0.3523 0.2250 -0.9085
vn -0.4888 -0.7642 0.4208
vn -0.2749 -0.6906 0.6690
vn -0.4871 -0.7591 0.4319
vn -0.2832 -0.6729 0.6833
vn -0.6679 -0.7405 0.0746
vn -0.4973 -0.7620 0.4148
vn -0.2733 -0.7014 0.6583
vn 0.0308 -0.5533 0.8324
vn 0.0193 -0.5310 0.8472
vn 0.0015 -0.5031 0.8642
vn -0.0241 -0.4688 0.8830
vn -0.2990 -0.6486 0.7000
vn -0.4921 -0.7476 0.4459
vn -0.6267 -0.7740 0.0907
vn -0.6347 -0.7685 0.0809
vn -0.6478 -0.7581 0.0748
vn 0.6345 -0.0160 0.7728
vn 0.7982 0.1911 0.5713
vn 0.6100 0.0152 0.7923
vn 0.7780 0.2167 0.5897
vn 0.3971 -0.2949 0.8691
vn 0.6558 -0.0460 0.7535
vn 0.8170 0.1650 0.5526
vn 0.8993 0.3649 0.2409
vn 0.8874 0.3827 0.2568
vn 0.8757 0.3987 0.2722
vn 0.8627 0.4157 0.2881
vn 0.7543 0.2453 0.6090
vn 0.5802 0.0507 0.8129
vn 0.3218 -0.1938 0.9268
vn 0.3532 -0.2323 0.9063
vn 0.3776 -0.2652 0.8872
vn 0.6710 0.5297 -0.5189
vn 0.4529 0.4568 -0.7656
vn 0.6831 0.5182 -0.5147
vn 0.4741 0.4348 -0.7656
vn 0.8380 0.5138 -0.1837
vn 0.6606 0.5389 -0.5226
vn 0.4331 0.4780 -0.7642
vn 0.1300 0.3259 -0.9364
vn 0.1593 0.2930 -0.9427
vn 0.1892 0.2615 -0.9465
vn 0.2226 0.2259 -0.9484
vn 0.4985 0.4087 -0.7645
vn 0.6974 0.5035 -0.5100
vn 0.8404 0.5195 -0.1544
vn 0.8386 0.5194 -0.1641
vn 0.8377 0.5178 -0.1738
vn -0.4527 -0.2220 -0.8636
vn -0.6122 -0.4303 -0.6634
vn -0.4169 -0.2607 -0.8708
vn -0.5799 -0.4655 -0.6686
vn -0.2344 0.0673 -0.9698
vn -0.4917 -0.1783 -0.8523
vn -0.6494 -0.3894 -0.6532
vn -0.7274 -0.5924 -0.3464
vn -0.6961 -0.6252 -0.3529
vn -0.6711 -0.6517 -0.3535
vn -0.6489 -0.6754 -0.3505
vn -0.5481 -0.5001 -0.6705
vn -0.3797 -0.3005 -0.8749
vn -0.1232 -0.0533 -0.9910
vn -0.1618 -0.0124 -0.9867
vn -0.1975 0.0256 -0.9800
vn -0.5252 -0.7043 0.4776
vn -0.3562 -0.5776 0.7345
vn -0.5548 -0.6712 0.4917
vn -0.3980 -0.5309 0.7482
vn -0.6238 -0.7747 0.1029
vn -0.5045 -0.7296 0.4617
vn -0.3234 -0.6167 0.7177
vn -0.0586 -0.4267 0.9025
vn -0.1006 -0.3784 0.9201
vn -0.1505 -0.3237 0.9341
vn -0.2089 -0.2608 0.9425
vn -0.4488 -0.4753 0.7567
vn -0.5934 -0.6293 0.5019
vn -0.6590 -0.7383 0.1440
vn -0.6394 -0.7576 0.1312
vn -0.6278 -0.7695 0.1169
vn 0.5047 0.1359 0.8525
vn 0.6969 0.3115 0.6460
vn 0.4626 0.1815 0.8678
vn 0.6669 0.3441 0.6609
vn 0.2824 -0.1481 0.9478
vn 0.5440 0.0924 0.8340
vn 0.7261 0.2784 0.6286
vn 0.8476 0.4348 0.3042
vn 0.8333 0.4516 0.3189
vn 0.8204 0.4654 0.3323
vn 0.8087 0.4765 0.3448
vn 0.6357 0.3780 0.6731
vn 0.4167 0.2312 0.8792
vn 0.1308 0.0165 0.9913
vn 0.1874 -0.0442 0.9813
vn 0.2376 -0.0984 0.9664
vn 0.7359 0.4596 -0.4972
vn 0.5609 0.3373 -0.7560
vn 0.7611 0.4283 -0.4871
vn 0.5987 0.2919 -0.7459
vn 0.8432 0.5179 -0.1442
vn 0.7149 0.4841 -0.5045
vn 0.5277 0.3758 -0.7618
vn 0.2619 0.1824 -0.9477
vn 0.3052 0.1333 -0.9429
vn 0.3529 0.0777 -0.9324
vn 0.4065 0.0121 -0.9136
vn 0.6425 0.2361 -0.7290
vn 0.7916 0.3876 -0.4723
vn 0.8690 0.4825 -0.1096
vn 0.8568 0.5008 -0.1227
vn 0.8484 0.5122 -0.1338
vn -0.2954 -0.3932 -0.8707
vn -0.4816 -0.5741 -0.6622
vn -0.2517 -0.4435 -0.8602
vn -0.4505 -0.6110 -0.6510
vn -0.0788 -0.1014 -0.9917
vn -0.3383 -0.3455 -0.8753
vn -0.5144 -0.5369 -0.6686
vn -0.6281 -0.6979 -0.3441
vn -0.6111 -0.7176 -0.3341
vn -0.5989 -0.7336 -0.3213
vn -0.5919 -0.7455 -0.3065
vn -0.4215 -0.6476 -0.6348
vn -0.2070 -0.4974 -0.8425
vn 0.0737 -0.2770 -0.9580
vn 0.0192 -0.2119 -0.9771
vn -0.0313 -0.1542 -0.9875
vn -0.6906 -0.5217 0.5009
vn -0.5669 -0.3431 0.7490
vn -0.7426 -0.4606 0.4862
vn -0.6254 -0.2735 0.7307
vn -0.6865 -0.7108 0.1530
vn -0.6400 -0.5785 0.5057
vn -0.5072 -0.4110 0.7575
vn -0.2737 -0.1897 0.9429
vn -0.3374 -0.1177 0.9340
vn -0.3975 -0.0467 0.9164
vn -0.4535 0.0237 0.8909
vn -0.6817 -0.2025 0.7030
vn -0.7940 -0.3960 0.4613
vn -0.8006 -0.5841 0.1337
vn -0.7599 -0.6326 0.1494
vn -0.7209 -0.6753 0.1555
vn 0.3228 0.3360 0.8848
vn 0.5748 0.4443 0.6872
vn 0.2840 0.3810 0.8799
vn 0.5517 0.4679 0.6904
vn 0.0695 0.0837 0.9941
vn 0.3679 0.2853 0.8850
vn 0.6035 0.4134 0.6818
vn 0.7986 0.4847 0.3569
vn 0.7915 0.4868 0.3695
vn 0.7882 0.4809 0.3841
vn 0.7883 0.4654 0.4025
vn 0.5342 0.4832 0.6936
vn 0.2518 0.4197 0.8720
vn -0.0875 0.2696 0.9590
vn -0.0412 0.2113 0.9766
vn 0.0113 0.1494 0.9887
vn 0.8669 0.2720 -0.4177
vn 0.7454 0.0854 -0.6611
vn 0.9048 0.2025 -0.3747
vn 0.7938 -0.0000 -0.6082
vn 0.8853 0.4557 -0.0927
vn 0.8279 0.3347 -0.4500
vn 0.6930 0.1660 -0.7015
vn 0.4661 -0.0670 -0.8822
vn 0.5256 -0.1550 -0.8365
vn 0.5775 -0.2436 -0.7792
vn 0.6164 -0.3251 -0.7172
vn 0.8330 -0.0838 -0.5469
vn 0.9378 0.1291 -0.3221
vn 0.9448 0.3276 -0.0024
vn 0.9248 0.3782 -0.0402
vn 0.9044 0.4209 -0.0701
vn -0.1249 -0.6100 -0.7825
vn -0.3792 -0.7126 -0.5902
vn -0.0990 -0.6581 -0.7464
vn -0.3732 -0.7336 -0.5680
vn 0.1315 -0.3512 -0.9270
vn -0.1625 -0.5548 -0.8160
vn -0.3960 -0.6831 -0.6137
vn -0.5912 -0.7522 -0.2910
vn -0.5994 -0.7507 -0.2778
vn -0.6157 -0.7404 -0.2696
vn -0.6380 -0.7217 -0.2685
vn -0.3771 -0.7449 -0.5504
vn -0.0863 -0.6957 -0.7131
vn 0.2577 -0.5649 -0.7839
vn 0.2291 -0.5019 -0.8340
vn 0.1857 -0.4287 -0.8842
vn -0.8828 -0.2642 0.3884
vn -0.7766 -0.0627 0.6269
vn -0.9166 -0.2009 0.3456
vn -0.8113 0.0014 0.5847
vn -0.8401 -0.5314 0.1092
vn -0.8418 -0.3294 0.4276
vn -0.7333 -0.1309 0.6671
vn -0.5038 0.0929 0.8588
vn -0.5452 0.1571 0.8234
vn -0.5774 0.2151 0.7876
vn -0.6014 0.2672 0.7530
vn -0.8381 0.0619 0.5420
vn -0.9437 -0.1390 0.3003
vn -0.9315 -0.3637 -0.0018
vn -0.9062 -0.4209 0.0404
vn -0.8756 -0.4768 0.0777
vn 0.2050 0.4772 0.8545
vn 0.5115 0.4902 0.7057
vn 0.1895 0.4952 0.8479
vn 0.5033 0.4852 0.7151
vn -0.1275 0.3241 0.9374
vn 0.2257 0.4518 0.8631
vn 0.5216 0.4897 0.6987
vn 0.7903 0.4405 0.4258
vn 0.7912 0.4116 0.4523
vn 0.7898 0.3809 0.4807
vn 0.7862 0.3492 0.5099
vn 0.4961 0.4741 0.7274
vn 0.1782 0.5050 0.8445
vn -0.2013 0.4447 0.8728
vn -0.1839 0.4124 0.8922
vn -0.1597 0.3721 0.9144
vn 0.9786 -0.0134 -0.2053
vn 0.8760 -0.2279 -0.4251
vn 0.9856 -0.0732 -0.1521
vn 0.8824 -0.2835 -0.3755
vn 0.9618 0.2705 0.0424
vn 0.9630 0.0554 -0.2637
vn 0.8603 -0.1606 -0.4839
vn 0.6406 -0.3941 -0.6590
vn 0.6524 -0.4505 -0.6094
vn 0.6549 -0.4943 -0.5716
vn 0.6516 -0.5261 -0.5465
vn 0.8828 -0.3266 -0.3377
vn 0.9867 -0.1222 -0.1076
vn 0.9772 0.1132 0.1795
vn 0.9776 0.1602 0.1367
vn 0.9728 0.2133 0.0900
vn -0.0942 -0.7343 -0.6722
vn -0.4058 -0.7377 -0.5396
vn -0.1079 -0.7363 -0.6680
vn -0.4249 -0.7201 -0.5486
vn 0.2713 -0.6142 -0.7411
vn -0.0857 -0.7212 -0.6874
vn -0.3888 -0.7463 -0.5402
vn -0.6633 -0.6958 -0.2754
vn -0.6894 -0.6634 -0.2908
vn -0.7142 -0.6253 -0.3144
vn -0.7359 -0.5825 -0.3452
vn -0.4432 -0.6950 -0.5662
vn -0.1232 -0.7288 -0.6736
vn 0.2567 -0.6856 -0.6813
vn 0.2670 -0.6733 -0.6895
vn 0.2732 -0.6499 -0.7092
vn -0.9771 -0.0251 0.2115
vn -0.8709 0.1683 0.4617
vn -0.9846 0.0229 0.1731
vn -0.8787 0.2116 0.4279
vn -0.9508 -0.3063 -0.0466
vn -0.9639 -0.0790 0.2542
vn -0.8579 0.1184 0.5000
vn -0.6186 0.3130 0.7207
vn -0.6302 0.3519 0.6921
vn -0.6376 0.3842 0.6677
vn -0.6422 0.4101 0.6476
vn -0.8827 0.2490 0.3985
vn -0.9881 0.0660 0.1387
vn -0.9732 -0.1622 -0.1630
vn -0.9702 -0.2062 -0.1275
vn -0.9632 -0.2538 -0.0889
vn 0.1622 0.5053 0.8475
vn 0.4822 0.4398 0.7577
vn 0.1553 0.4997 0.8522
vn 0.4744 0.4198 0.7737
vn -0.2135 0.4691 0.8570
vn 0.1696 0.5074 0.8449
vn 0.4894 0.4580 0.7421
vn 0.7806 0.3173 0.5385
vn 0.7734 0.2860 0.5657
vn 0.7650 0.2548 0.5915
vn 0.7551 0.2232 0.6164
vn 0.4657 0.3978 0.7905
vn 0.1482 0.4902 0.8589
vn -0.2347 0.5073 0.8292
vn -0.2292 0.5001 0.8351
vn -0.2224 0.4874 0.8444
vn 0.9795 -0.1970 -0.0419
vn 0.8752 -0.3886 -0.2881
vn 0.9728 -0.2312 -0.0146
vn 0.8687 -0.4166 -0.2678
vn 0.9735 0.0724 0.2170
vn 0.9842 -0.1614 -0.0722
vn 0.8800 -0.3594 -0.3106
vn 0.6458 -0.5481 -0.5316
vn 0.6390 -0.5667 -0.5200
vn 0.6317 -0.5842 -0.5097
vn 0.6237 -0.6008 -0.5000
vn 0.8607 -0.4441 -0.2490
vn 0.9643 -0.2648 0.0105
vn 0.9502 -0.0381 0.3093
vn 0.9597 -0.0020 0.2810
vn 0.9675 0.0346 0.2505
vn -0.1479 -0.6992 -0.6995
vn -0.4693 -0.6355 -0.6131
vn -0.1558 -0.6840 -0.7127
vn -0.4764 -0.6075 -0.6357
vn 0.2456 -0.6893 -0.6815
vn -0.1371 -0.7145 -0.6861
vn -0.4586 -0.6649 -0.5896
vn -0.7529 -0.5369 -0.3806
vn -0.7641 -0.4940 -0.4148
vn -0.7707 -0.4542 -0.4469
vn -0.7737 -0.4165 -0.4773
vn -0.4804 -0.5802 -0.6577
vn -0.1615 -0.6687 -0.7258
vn 0.2200 -0.6907 -0.6888
vn 0.2274 -0.6910 -0.6862
vn 0.2358 -0.6906 -0.6837
vn -0.9860 0.1499 0.0730
vn -0.8829 0.3196 0.3441
vn -0.9792 0.1997 0.0359
vn -0.8778 0.3624 0.3131
vn -0.9730 -0.1198 -0.1971
vn -0.9886 0.1062 0.1069
vn -0.8841 0.2827 0.3721
vn -0.6450 0.4319 0.6304
vn -0.6457 0.4575 0.6114
vn -0.6429 0.4896 0.5890
vn -0.6348 0.5294 0.5628
vn -0.8672 0.4127 0.2787
vn -0.9664 0.2571 -0.0046
vn -0.9463 0.0435 -0.3204
vn -0.9612 -0.0189 -0.2753
vn -0.9695 -0.0729 -0.2341
vn 0.1347 0.4745 0.8699
vn 0.4483 0.3621 0.8172
vn 0.1318 0.4791 0.8678
vn 0.4436 0.3588 0.8212
vn -0.2398 0.5111 0.8254
vn 0.1408 0.4789 0.8665
vn 0.4562 0.3757 0.8067
vn 0.7443 0.1929 0.6393
vn 0.7355 0.1727 0.6551
vn 0.7303 0.1638 0.6632
vn 0.7291 0.1661 0.6639
vn 0.4432 0.3657 0.8184
vn 0.1333 0.4928 0.8599
vn -0.2389 0.5618 0.7920
vn -0.2435 0.5368 0.8078
vn -0.2433 0.5201 0.8187
vn 0.9474 -0.3167 0.0456
vn 0.8455 -0.4839 -0.2256
vn 0.9442 -0.3256 0.0501
vn 0.8434 -0.4869 -0.2272
vn 0.9397 -0.0718 0.3345
vn 0.9546 -0.2960 0.0325
vn 0.8519 -0.4692 -0.2328
vn 0.6157 -0.6150 -0.4927
vn 0.6105 -0.6189 -0.4942
vn 0.6100 -0.6108 -0.5047
vn 0.6150 -0.5909 -0.5222
vn 0.8460 -0.4782 -0.2359
vn 0.9453 -0.3229 0.0472
vn 0.9267 -0.1057 0.3605
vn 0.9270 -0.1061 0.3597
vn 0.9314 -0.0949 0.3514
vn -0.1652 -0.6253 -0.7627
vn -0.4798 -0.5157 -0.7098
vn -0.1601 -0.5887 -0.7923
vn -0.4724 -0.4703 -0.7454
vn 0.2139 -0.6880 -0.6935
vn -0.1651 -0.6513 -0.7406
vn -0.4819 -0.5517 -0.6807
vn -0.7738 -0.3787 -0.5078
vn -0.7703 -0.3348 -0.5427
vn -0.7616 -0.2826 -0.5832
vn -0.7459 -0.2208 -0.6284
vn -0.4581 -0.4143 -0.7865
vn -0.1481 -0.5408 -0.8280
vn 0.2220 -0.6154 -0.7563
vn 0.2134 -0.6514 -0.7281
vn 0.2111 -0.6755 -0.7065
vn -0.9230 0.3766 -0.0794
vn -0.8293 0.5155 0.2156
vn -0.9006 0.4224 -0.1025
vn -0.8109 0.5503 0.1989
vn -0.9236 0.1127 -0.3665
vn -0.9462 0.3204 -0.0461
vn -0.8495 0.4683 0.2431
vn -0.6200 0.5744 0.5345
vn -0.6036 0.6096 0.5139
vn -0.5901 0.6303 0.5046
vn -0.5833 0.6349 0.5067
vn -0.7974 0.5717 0.1929
vn -0.8815 0.4577 -0.1160
vn -0.8449 0.2815 -0.4549
vn -0.8702 0.2330 -0.4341
vn -0.8971 0.1768 -0.4049
vn 0.1439 0.5207 0.8416
vn 0.4467 0.3811 0.8095
vn 0.1427 0.5129 0.8465
vn 0.4406 0.3668 0.8193
vn -0.2287 0.5920 0.7729
vn 0.1394 0.5122 0.8475
vn 0.4464 0.3789 0.8107
vn 0.7308 0.1756 0.6597
vn 0.7286 0.1748 0.6622
vn 0.7203 0.1580 0.6754
vn 0.7044 0.1239 0.6989
vn 0.4259 0.3340 0.8409
vn 0.1326 0.4868 0.8634
vn -0.2151 0.6008 0.7699
vn -0.2126 0.6150 0.7593
vn -0.2184 0.6114 0.7606
vn 0.9517 -0.3045 0.0393
vn 0.8587 -0.4442 -0.2558
vn 0.9508 -0.3066 0.0448
vn 0.8634 -0.4335 -0.2581
vn 0.9291 -0.0970 0.3570
vn 0.9494 -0.3114 0.0406
vn 0.8524 -0.4602 -0.2480
vn 0.6250 -0.5608 -0.5430
vn 0.6367 -0.5303 -0.5598
vn 0.6487 -0.5024 -0.5717
vn 0.6606 -0.4777 -0.5792
vn 0.8664 -0.4288 -0.2560
vn 0.9463 -0.3183 0.0558
vn 0.9108 -0.1337 0.3905
vn 0.9222 -0.1080 0.3713
vn 0.9281 -0.0960 0.3598
vn -0.1057 -0.4244 -0.8993
vn -0.4096 -0.2844 -0.8668
vn -0.0795 -0.3671 -0.9268
vn -0.3803 -0.2223 -0.8977
vn 0.2370 -0.5690 -0.7874
vn -0.1291 -0.4831 -0.8660
vn -0.4361 -0.3492 -0.8294
vn -0.7222 -0.1508 -0.6750
vn -0.6942 -0.0832 -0.7150
vn -0.6643 -0.0206 -0.7472
vn -0.6338 0.0376 -0.7726
vn -0.3494 -0.1626 -0.9227
vn -0.0513 -0.3113 -0.9489
vn 0.2980 -0.4292 -0.8526
vn 0.2760 -0.4743 -0.8359
vn 0.2555 -0.5211 -0.8144
vn -0.8517 0.5090 -0.1242
vn -0.7848 0.5865 0.2005
vn -0.8360 0.5347 -0.1230
vn -0.7797 0.5909 0.2072
vn -0.8215 0.3244 -0.4690
vn -0.8666 0.4839 -0.1219
vn -0.7903 0.5808 0.1953
vn -0.5852 0.6237 0.5181
vn -0.5913 0.6064 0.5317
vn -0.5998 0.5861 0.5447
vn -0.6104 0.5639 0.5563
vn -0.7755 0.5936 0.2152
vn -0.8199 0.5602 -0.1181
vn -0.7430 0.4647 -0.4817
vn -0.7708 0.4153 -0.4832
vn -0.7970 0.3684 -0.4786
vn 0.0844 0.3878 0.9179
vn 0.3716 0.2254 0.9006
vn 0.0535 0.3309 0.9421
vn 0.3403 0.1674 0.9253
vn -0.2282 0.5685 0.7904
vn 0.1118 0.4418 0.8901
vn 0.4013 0.2832 0.8711
vn 0.6808 0.0744 0.7287
vn 0.6547 0.0232 0.7555
vn 0.6298 -0.0233 0.7764
vn 0.6076 -0.0628 0.7918
vn 0.3101 0.1138 0.9439
vn 0.0220 0.2758 0.9610
vn -0.2965 0.4377 0.8488
vn -0.2710 0.4829 0.8327
vn -0.2476 0.5275 0.8126
vn 0.9357 -0.3440 0.0781
vn 0.8751 -0.4140 -0.2505
vn 0.9369 -0.3394 0.0841
vn 0.8875 -0.3873 -0.2498
vn 0.8946 -0.1700 0.4133
vn 0.9394 -0.3359 0.0689
vn 0.8685 -0.4269 -0.2520
vn 0.6731 -0.4536 -0.5841
vn 0.6907 -0.4188 -0.5895
vn 0.7145 -0.3706 -0.5934
vn 0.7434 -0.3095 -0.5929
vn 0.9043 -0.3480 -0.2473
vn 0.9421 -0.3232 0.0894
vn 0.8596 -0.2333 0.4546
vn 0.8676 -0.2220 0.4449
vn 0.8793 -0.2009 0.4317
vn 0.0127 -0.1927 -0.9812
vn -0.2816 -0.0394 -0.9587
vn 0.0517 -0.1208 -0.9913
vn -0.2423 0.0323 -0.9697
vn 0.3215 -0.3838 -0.8656
vn -0.0214 -0.2553 -0.9666
vn -0.3171 -0.1035 -0.9427
vn -0.6032 0.0934 -0.7921
vn -0.5703 0.1525 -0.8072
vn -0.5346 0.2173 -0.8167
vn -0.4963 0.2883 -0.8189
vn -0.1992 0.1126 -0.9735
vn 0.0953 -0.0384 -0.9947
vn 0.4240 -0.1863 -0.8863
vn 0.3843 -0.2640 -0.8846
vn 0.3499 -0.3296 -0.8769
vn -0.8021 0.5890 -0.0981
vn -0.7830 0.5762 0.2344
vn -0.8105 0.5790 -0.0882
vn -0.8026 0.5452 0.2421
vn -0.7161 0.5127 -0.4736
vn -0.8059 0.5820 -0.1092
vn -0.7741 0.5919 0.2245
vn -0.6237 0.5387 0.5664
vn -0.6455 0.5019 0.5758
vn -0.6751 0.4532 0.5821
vn -0.7095 0.3952 0.5834
vn -0.8304 0.5007 0.2446
vn -0.8292 0.5527 -0.0830
vn -0.7037 0.5586 -0.4391
vn -0.6956 0.5614 -0.4483
vn -0.6995 0.5461 -0.4610
vn -0.0397 0.1732 0.9841
vn 0.2562 0.0239 0.9663
vn -0.0707 0.1207 0.9902
vn 0.2318 -0.0163 0.9726
vn -0.3230 0.3931 0.8609
vn -0.0085 0.2247 0.9744
vn 0.2824 0.0669 0.9570
vn 0.5885 -0.0940 0.8030
vn 0.5718 -0.1190 0.8117
vn 0.5569 -0.1392 0.8188
vn 0.5439 -0.1556 0.8246
vn 0.2098 -0.0537 0.9763
vn -0.1001 0.0686 0.9926
vn -0.4227 0.2245 0.8781
vn -0.3879 0.2852 0.8765
vn -0.3538 0.3422 0.8705
vn 0.9571 -0.2702 0.1051
vn 0.9400 -0.2516 -0.2303
vn 0.9636 -0.2406 0.1166
vn 0.9545 -0.2052 -0.2163
vn 0.8545 -0.2358 0.4629
vn 0.9497 -0.2982 0.0960
vn 0.9231 -0.2998 -0.2409
vn 0.7741 -0.2394 -0.5860
vn 0.8009 -0.1731 -0.5733
vn 0.8229 -0.1127 -0.5570
vn 0.8406 -0.0571 -0.5387
vn 0.9667 -0.1597 -0.2000
vn 0.9692 -0.2094 0.1299
vn 0.8449 -0.2150 0.4898
vn 0.8476 -0.2255 0.4803
vn 0.8507 -0.2328 0.4713
vn 0.1774 0.1302 -0.9755
vn -0.1200 0.2719 -0.9548
vn 0.2043 0.1959 -0.9591
vn -0.0967 0.3300 -0.9390
vn 0.4653 -0.1005 -0.8794
vn 0.1404 0.0509 -0.9888
vn -0.1551 0.1981 -0.9678
vn -0.4577 0.3614 -0.8123
vn -0.4289 0.4212 -0.7991
vn -0.4129 0.4634 -0.7841
vn -0.4092 0.4877 -0.7711
vn -0.0846 0.3725 -0.9242
vn 0.2216 0.2489 -0.9428
vn 0.5470 0.1036 -0.8307
vn 0.5271 0.0452 -0.8486
vn 0.5001 -0.0223 -0.8657
vn -0.8754 0.4753 -0.0881
vn -0.8860 0.4001 0.2342
vn -0.8946 0.4367 -0.0948
vn -0.9068 0.3562 0.2255
vn -0.7198 0.5406 -0.4355
vn -0.8536 0.5142 -0.0837
vn -0.8609 0.4480 0.2411
vn -0.7436 0.3344 0.5790
vn -0.7701 0.2836 0.5715
vn -0.7907 0.2407 0.5629
vn -0.8079 0.2008 0.5541
vn -0.9253 0.3121 0.2155
vn -0.9127 0.3951 -0.1043
vn -0.7686 0.4593 -0.4452
vn -0.7525 0.4914 -0.4385
vn -0.7364 0.5177 -0.4355
vn -0.1446 -0.0117 0.9894
vn 0.1777 -0.1056 0.9784
vn -0.1582 -0.0327 0.9869
vn 0.1679 -0.1136 0.9792
vn -0.4545 0.1660 0.8751
vn -0.1258 0.0213 0.9918
vn 0.1911 -0.0860 0.9778
vn 0.5331 -0.1674 0.8294
vn 0.5252 -0.1700 0.8338
vn 0.5195 -0.1629 0.8388
vn 0.5151 -0.1446 0.8449
vn 0.1607 -0.1108 0.9808
vn -0.1684 -0.0444 0.9847
vn -0.5100 0.0609 0.8580
vn -0.4962 0.0878 0.8637
vn -0.4784 0.1214 0.8697
vn 0.9767 -0.1460 0.1576
vn 0.9832 -0.0750 -0.1667
vn 0.9789 -0.1120 0.1707
vn 0.9878 -0.0349 -0.1519
vn 0.8425 -0.2017 0.4995
vn 0.9735 -0.1775 0.1440
vn 0.9763 -0.1156 -0.1828
vn 0.8541 -0.0058 -0.5200
vn 0.8633 0.0394 -0.5032
vn 0.8687 0.0815 -0.4886
vn 0.8711 0.1241 -0.4751
vn 0.9905 0.0094 -0.1374
vn 0.9803 -0.0709 0.1845
vn 0.8383 -0.1280 0.5300
vn 0.8395 -0.1611 0.5189
vn 0.8408 -0.1844 0.5090
vn 0.2346 0.3227 -0.9170
vn -0.0836 0.4199 -0.9037
vn 0.2338 0.3481 -0.9079
vn -0.0891 0.4317 -0.8976
vn 0.5607 0.1536 -0.8137
vn 0.2311 0.2902 -0.9286
vn -0.0815 0.4008 -0.9125
vn -0.4149 0.4961 -0.7627
vn -0.4241 0.4964 -0.7575
vn -0.4350 0.4902 -0.7553
vn -0.4470 0.4762 -0.7572
vn -0.0968 0.4356 -0.8949
vn 0.2299 0.3670 -0.9014
vn 0.5716 0.2648 -0.7766
vn 0.5719 0.2320 -0.7869
vn 0.5686 0.1957 -0.7990
vn -0.9437 0.3046 -0.1287
vn -0.9558 0.2218 0.1930
vn -0.9527 0.2708 -0.1383
vn -0.9647 0.1885 0.1840
vn -0.7845 0.4201 -0.4561
vn -0.9302 0.3482 -0.1165
vn -0.9424 0.2649 0.2041
vn -0.8228 0.1609 0.5451
vn -0.8346 0.1248 0.5366
vn -0.8427 0.0969 0.5295
vn -0.8475 0.0809 0.5246
vn -0.9693 0.1695 0.1784
vn -0.9572 0.2513 -0.1439
vn -0.8099 0.3359 -0.4809
vn -0.8053 0.3531 -0.4762
vn -0.7970 0.3826 -0.4674
vn -0.1825 -0.0522 0.9818
vn 0.1496 -0.0856 0.9850
vn -0.1882 -0.0552 0.9806
vn 0.1444 -0.0762 0.9866
vn -0.5208 0.0378 0.8528
vn -0.1760 -0.0489 0.9832
vn 0.1550 -0.0983 0.9830
vn 0.5109 -0.1147 0.8519
vn 0.5060 -0.0856 0.8583
vn 0.5009 -0.0631 0.8632
vn 0.4965 -0.0500 0.8666
vn 0.1398 -0.0710 0.9876
vn -0.1930 -0.0572 0.9795
vn -0.5412 -0.0080 0.8409
vn -0.5363 0.0014 0.8440
vn -0.5296 0.0174 0.8481
vn 0.9765 0.0294 0.2134
vn 0.9881 0.1099 -0.1076
vn 0.9722 0.0686 0.2239
vn 0.9840 0.1494 -0.0967
vn 0.8360 -0.0831 0.5424
vn 0.9797 -0.0197 0.1996
vn 0.9907 0.0609 -0.1219
vn 0.8709 0.1696 -0.4613
vn 0.8681 0.2124 -0.4487
vn 0.8639 0.2469 -0.4390
vn 0.8600 0.2682 -0.4341
vn 0.9806 0.1737 -0.0909
vn 0.9688 0.0925 0.2300
vn 0.8231 0.0148 0.5677
vn 0.8270 -0.0056 0.5622
vn 0.8318 -0.0398 0.5536
vn 0.2189 0.3910 -0.8940
vn -0.1128 0.4263 -0.8975
vn 0.2136 0.3992 -0.8916
vn -0.1188 0.4215 -0.8990
vn 0.5691 0.2954 -0.7674
vn 0.2244 0.3803 -0.8972
vn -0.1054 0.4319 -0.8958
vn -0.4593 0.4539 -0.7636
vn -0.4692 0.4313 -0.7706
vn -0.4763 0.4131 -0.7762
vn -0.4811 0.4023 -0.7789
vn -0.1237 0.4186 -0.8997
vn 0.2088 0.4043 -0.8905
vn 0.5559 0.3589 -0.7498
vn 0.5605 0.3452 -0.7528
vn 0.5651 0.3231 -0.7591
vn -0.9598 0.2386 -0.1479
vn -0.9722 0.1579 0.1731
vn -0.9627 0.2235 -0.1526
vn -0.9750 0.1446 0.1687
vn -0.8116 0.3311 -0.4813
vn -0.9583 0.2461 -0.1454
vn -0.9705 0.1646 0.1760
vn -0.8496 0.0768 0.5218
vn -0.8518 0.0721 0.5188
vn -0.8547 0.0631 0.5153
vn -0.8579 0.0499 0.5114
vn -0.9787 0.1250 0.1631
vn -0.9665 0.2010 -0.1593
vn -0.8203 0.2868 -0.4948
vn -0.8166 0.3088 -0.4876
vn -0.8136 0.3236 -0.4830
vn -0.2006 -0.0556 0.9781
vn 0.1322 -0.0641 0.9892
vn -0.2037 -0.0508 0.9777
vn 0.1289 -0.0534 0.9902
vn -0.5446 -0.0104 0.8386
vn -0.1971 -0.0576 0.9787
vn 0.1357 -0.0692 0.9883
vn 0.4932 -0.0456 0.8687
vn 0.4900 -0.0373 0.8709
vn 0.4865 -0.0212 0.8734
vn 0.4820 0.0023 0.8762
vn 0.1254 -0.0376 0.9914
vn -0.2066 -0.0433 0.9775
vn -0.5535 -0.0162 0.8327
vn -0.5507 -0.0137 0.8346
vn -0.5477 -0.0117 0.8366
vn 0.9656 0.1120 0.2345
vn 0.9773 0.1928 -0.0883
vn 0.9621 0.1324 0.2385
vn 0.9737 0.2114 -0.0847
vn 0.8211 0.0217 0.5704
vn 0.9675 0.1007 0.2321
vn 0.9792 0.1821 -0.0898
vn 0.8576 0.2756 -0.4342
vn 0.8551 0.2842 -0.4337
vn 0.8515 0.2985 -0.4311
vn 0.8466 0.3181 -0.4267
vn 0.9682 0.2373 -0.0793
vn 0.9563 0.1612 0.2438
vn 0.8097 0.0809 0.5813
vn 0.8152 0.0523 0.5769
vn 0.8188 0.0323 0.5731
vn 0.2007 0.4065 -0.8914
vn -0.1314 0.4148 -0.9004
vn 0.1973 0.4063 -0.8922
vn -0.1347 0.4088 -0.9026
vn 0.5521 0.3636 -0.7503
vn 0.2045 0.4059 -0.8907
vn -0.1278 0.4176 -0.8996
vn -0.4842 0.3990 -0.7787
vn -0.4872 0.3933 -0.7797
vn -0.4904 0.3820 -0.7833
vn -0.4935 0.3653 -0.7893
vn -0.1375 0.3996 -0.9063
vn 0.1943 0.4055 -0.8932
vn 0.5414 0.3842 -0.7479
vn 0.5451 0.3751 -0.7498
vn 0.5487 0.3681 -0.7506
vn -0.9728 0.1540 -0.1728
vn -0.9848 0.0840 0.1521
vn -0.9743 0.1398 -0.1769
vn -0.9863 0.0716 0.1484
vn -0.8239 0.2611 -0.5030
vn -0.9704 0.1748 -0.1669
vn -0.9823 0.1021 0.1570
vn -0.8611 0.0345 0.5073
vn -0.8635 0.0224 0.5038
vn -0.8654 0.0141 0.5009
vn -0.8667 0.0093 0.4987
vn -0.9872 0.0646 0.1460
vn -0.9750 0.1316 -0.1793
vn -0.8286 0.2185 -0.5155
vn -0.8277 0.2266 -0.5133
vn -0.8263 0.2407 -0.5093
vn -0.2126 -0.0278 0.9767
vn 0.1177 -0.0050 0.9930
vn -0.2156 -0.0233 0.9762
vn 0.1141 0.0046 0.9935
vn -0.5561 -0.0190 0.8309
vn -0.2095 -0.0345 0.9772
vn 0.1215 -0.0192 0.9924
vn 0.4766 0.0293 0.8786
vn 0.4715 0.0503 0.8804
vn 0.4672 0.0645 0.8818
vn 0.4640 0.0726 0.8828
vn 0.1111 0.0099 0.9938
vn -0.2182 -0.0209 0.9757
vn -0.5632 -0.0241 0.8259
vn -0.5611 -0.0230 0.8274
vn -0.5587 -0.0213 0.8291
vn 0.9423 0.2189 0.2533
vn 0.9548 0.2889 -0.0693
vn 0.9374 0.2362 0.2557
vn 0.9502 0.3044 -0.0671
vn 0.8026 0.1134 0.5856
vn 0.9488 0.1937 0.2493
vn 0.9611 0.2663 -0.0734
vn 0.8407 0.3399 -0.4216
vn 0.8353 0.3567 -0.4183
vn 0.8311 0.3683 -0.4167
vn 0.8282 0.3750 -0.4165
vn 0.9473 0.3134 -0.0664
vn 0.9345 0.2463 0.2569
vn 0.7885 0.1658 0.5923
vn 0.7915 0.1559 0.5909
vn 0.7963 0.1387 0.5887
vn 0.1888 0.4027 -0.8956
vn -0.1421 0.3800 -0.9140
vn 0.1862 0.4017 -0.8967
vn -0.1442 0.3738 -0.9162
vn 0.5374 0.3940 -0.7457
vn 0.1915 0.4041 -0.8945
vn -0.1399 0.3887 -0.9107
vn -0.4963 0.3456 -0.7964
vn -0.4985 0.3300 -0.8017
vn -0.5002 0.3191 -0.8050
vn -0.5015 0.3127 -0.8067
vn -0.1461 0.3700 -0.9175
vn 0.1838 0.4009 -0.8975
vn 0.5274 0.4094 -0.7445
vn 0.5301 0.4066 -0.7441
vn 0.5335 0.4015 -0.7444
vn -0.9752 0.1279 -0.1807
vn -0.9877 0.0614 0.1438
vn -0.9752 0.1273 -0.1811
vn -0.9878 0.0608 0.1432
vn -0.8289 0.2158 -0.5160
vn -0.9751 0.1291 -0.1802
vn -0.9875 0.0623 0.1447
vn -0.8676 0.0078 0.4972
vn -0.8682 0.0070 0.4962
vn -0.8686 0.0065 0.4955
vn -0.8690 0.0063 0.4948
vn -0.9879 0.0607 0.1426
vn -0.9751 0.1275 -0.1815
vn -0.8291 0.2144 -0.5163
vn -0.8292 0.2141 -0.5163
vn -0.8291 0.2147 -0.5162
vn -0.2217 -0.0204 0.9749
vn 0.1076 0.0120 0.9941
vn -0.2226 -0.0205 0.9747
vn 0.1067 0.0123 0.9942
vn -0.5649 -0.0247 0.8248
vn -0.2203 -0.0204 0.9752
vn 0.1090 0.0115 0.9940
vn 0.4622 0.0751 0.8836
vn 0.4611 0.0762 0.8841
vn 0.4605 0.0769 0.8843
vn 0.4602 0.0769 0.8845
vn 0.1062 0.0121 0.9943
vn -0.2233 -0.0208 0.9745
vn -0.5675 -0.0258 0.8230
vn -0.5668 -0.0255 0.8235
vn -0.5661 -0.0251 0.8240
vn 0.9332 0.2513 0.2570
vn 0.9457 0.3180 -0.0673
vn 0.9329 0.2525 0.2569
vn 0.9453 0.3191 -0.0676
vn 0.7873 0.1690 0.5929
vn 0.9336 0.2496 0.2570
vn 0.9463 0.3164 -0.0668
vn 0.8267 0.3772 -0.4174
vn 0.8258 0.3784 -0.4182
vn 0.8251 0.3792 -0.4187
vn 0.8246 0.3797 -0.4193
vn 0.9451 0.3195 -0.0681
vn 0.9328 0.2529 0.2566
vn 0.7863 0.1719 0.5935
vn 0.7863 0.1716 0.5935
vn 0.7867 0.1706 0.5933
vn 0.1806 0.4003 -0.8984
vn -0.1488 0.3679 -0.9179
vn 0.1797 0.4004 -0.8986
vn -0.1495 0.3676 -0.9179
vn 0.5254 0.4103 -0.7454
vn 0.1819 0.4005 -0.8981
vn -0.1477 0.3685 -0.9178
vn -0.5025 0.3104 -0.8069
vn -0.5032 0.3093 -0.8069
vn -0.5036 0.3089 -0.8069
vn -0.5038 0.3091 -0.8066
vn -0.1501 0.3679 -0.9177
vn 0.1789 0.4007 -0.8986
vn 0.5224 0.4116 -0.7468
vn 0.5232 0.4112 -0.7464
vn 0.5241 0.4108 -0.7460
vn -0.9757 0.1157 -0.1863
vn -0.9891 0.0500 0.1382
vn -0.9769 0.0909 -0.1933
vn -0.9907 0.0282 0.1327
vn -0.8290 0.2135 -0.5169
vn -0.9750 0.1266 -0.1825
vn -0.9882 0.0598 0.1414
vn -0.8696 0.0052 0.4937
vn -0.8710 -0.0028 0.4913
vn -0.8727 -0.0203 0.4878
vn -0.8742 -0.0485 0.4831
vn -0.9921 -0.0073 0.1253
vn -0.9778 0.0502 -0.2033
vn -0.8300 0.1303 -0.5423
vn -0.8300 0.1747 -0.5296
vn -0.8294 0.2017 -0.5211
vn -0.2250 -0.0253 0.9740
vn 0.1052 0.0090 0.9944
vn -0.2260 -0.0319 0.9736
vn 0.1046 0.0055 0.9945
vn -0.5684 -0.0269 0.8223
vn -0.2240 -0.0218 0.9743
vn 0.1058 0.0111 0.9943
vn 0.4602 0.0761 0.8846
vn 0.4602 0.0748 0.8847
vn 0.4602 0.0732 0.8848
vn 0.4602 0.0712 0.8850
vn 0.1041 0.0005 0.9946
vn -0.2268 -0.0421 0.9730
vn -0.5723 -0.0621 0.8177
vn -0.5711 -0.0439 0.8197
vn -0.5697 -0.0324 0.8212
vn 0.9340 0.2504 0.2547
vn 0.9462 0.3158 -0.0712
vn 0.9354 0.2470 0.2531
vn 0.9480 0.3094 -0.0742
vn 0.7866 0.1712 0.5933
vn 0.9332 0.2522 0.2559
vn 0.9453 0.3189 -0.0691
vn 0.8244 0.3789 -0.4205
vn 0.8252 0.3738 -0.4235
vn 0.8275 0.3628 -0.4286
vn 0.8316 0.3450 -0.4352
vn 0.9509 0.2994 -0.0781
vn 0.9372 0.2421 0.2511
vn 0.7888 0.1665 0.5917
vn 0.7879 0.1684 0.5923
vn 0.7872 0.1700 0.5928
vn 0.1782 0.3900 -0.9034
vn -0.1508 0.3560 -0.9223
vn 0.1800 0.3686 -0.9120
vn -0.1496 0.3315 -0.9315
vn 0.5217 0.4106 -0.7478
vn 0.1780 0.3996 -0.8992
vn -0.1507 0.3669 -0.9180
vn -0.5041 0.3082 -0.8068
vn -0.5043 0.2963 -0.8111
vn -0.5039 0.2695 -0.8206
vn -0.5021 0.2254 -0.8349
vn -0.1462 0.2913 -0.9454
vn 0.1842 0.3338 -0.9245
vn 0.5291 0.3584 -0.7692
vn 0.5244 0.3859 -0.7590
vn 0.5221 0.4029 -0.7517
vn -0.9736 -0.0489 -0.2230
vn -0.9895 -0.0932 0.1105
vn -0.9702 -0.0814 -0.2283
vn -0.9869 -0.1214 0.1062
vn -0.8277 0.0722 -0.5565
vn -0.9767 -0.0031 -0.2145
vn -0.9917 -0.0535 0.1170
vn -0.8743 -0.0850 0.4780
vn -0.8730 -0.1163 0.4736
vn -0.8714 -0.1385 0.4706
vn -0.8703 -0.1506 0.4689
vn -0.9851 -0.1367 0.1039
vn -0.9679 -0.0990 -0.2310
vn -0.8166 -0.0330 -0.5762
vn -0.8193 -0.0137 -0.5732
vn -0.8235 0.0220 -0.5669
vn -0.2271 -0.0660 0.9716
vn 0.1037 -0.0107 0.9946
vn -0.2271 -0.0737 0.9711
vn 0.1034 -0.0143 0.9945
vn -0.5725 -0.0855 0.8154
vn -0.2271 -0.0550 0.9723
vn 0.1039 -0.0056 0.9946
vn 0.4602 0.0690 0.8851
vn 0.4602 0.0672 0.8852
vn 0.4602 0.0661 0.8854
vn 0.4600 0.0658 0.8855
vn 0.1031 -0.0160 0.9945
vn -0.2273 -0.0778 0.9707
vn -0.5712 -0.1273 0.8109
vn -0.5715 -0.1196 0.8119
vn -0.5720 -0.1054 0.8134
vn 0.9411 0.2306 0.2472
vn 0.9575 0.2753 -0.0855
vn 0.9424 0.2269 0.2459
vn 0.9596 0.2674 -0.0879
vn 0.7897 0.1642 0.5910
vn 0.9394 0.2359 0.2490
vn 0.9546 0.2865 -0.0822
vn 0.8370 0.3219 -0.4425
vn 0.8415 0.3018 -0.4481
vn 0.8445 0.2875 -0.4519
vn 0.8460 0.2796 -0.4539
vn 0.9606 0.2633 -0.0893
vn 0.9430 0.2251 0.2451
vn 0.7913 0.1609 0.5898
vn 0.7911 0.1613 0.5901
vn 0.7905 0.1624 0.5905
vn 0.1969 0.2486 -0.9484
vn -0.1344 0.1929 -0.9720
vn 0.2015 0.2202 -0.9544
vn -0.1295 0.1603 -0.9785
vn 0.5357 0.3224 -0.7804
vn 0.1908 0.2882 -0.9384
vn -0.1404 0.2386 -0.9609
vn -0.4977 0.1675 -0.8510
vn -0.4923 0.1174 -0.8625
vn -0.4876 0.0817 -0.8692
vn -0.4847 0.0623 -0.8725
vn -0.1267 0.1425 -0.9816
vn 0.2040 0.2047 -0.9573
vn 0.5475 0.2565 -0.7965
vn 0.5454 0.2688 -0.7939
vn 0.5414 0.2912 -0.7888
vn -0.9674 -0.1025 -0.2317
vn -0.9848 -0.1397 0.1031
vn -0.9673 -0.1026 -0.2318
vn -0.9848 -0.1398 0.1030
vn -0.8160 -0.0367 -0.5768
vn -0.9674 -0.1023 -0.2316
vn -0.9848 -0.1395 0.1033
vn -0.8703 -0.1528 0.4682
vn -0.8704 -0.1529 0.4680
vn -0.8705 -0.1529 0.4678
vn -0.8705 -0.1530 0.4678
vn -0.9848 -0.1398 0.1029
vn -0.9673 -0.1027 -0.2318
vn -0.8159 -0.0371 -0.5769
vn -0.8160 -0.0370 -0.5769
vn -0.8160 -0.0369 -0.5769
vn -0.2281 -0.0782 0.9705
vn 0.1023 -0.0157 0.9946
vn -0.2283 -0.0781 0.9705
vn 0.1021 -0.0154 0.9947
vn -0.5715 -0.1287 0.8105
vn -0.2278 -0.0784 0.9706
vn 0.1027 -0.0160 0.9946
vn 0.4598 0.0661 0.8856
vn 0.4596 0.0666 0.8856
vn 0.4594 0.0670 0.8857
vn 0.4594 0.0673 0.8857
vn 0.1021 -0.0152 0.9947
vn -0.2284 -0.0779 0.9704
vn -0.5720 -0.1285 0.8101
vn -0.5720 -0.1286 0.8101
vn -0.5718 -0.1286 0.8102
vn 0.9431 0.2257 0.2444
vn 0.9606 0.2630 -0.0903
vn 0.9430 0.2260 0.2443
vn 0.9605 0.2632 -0.0905
vn 0.7914 0.1613 0.5897
vn 0.9431 0.2252 0.2446
vn 0.9607 0.2627 -0.0900
vn 0.8461 0.2783 -0.4546
vn 0.8459 0.2783 -0.4549
vn 0.8458 0.2784 -0.4551
vn 0.8458 0.2784 -0.4552
vn 0.9605 0.2633 -0.0905
vn 0.9430 0.2261 0.2442
vn 0.7912 0.1625 0.5896
vn 0.7912 0.1623 0.5896
vn 0.7913 0.1619 0.5896
vn 0.2041 0.2016 -0.9580
vn -0.1264 0.1389 -0.9822
vn 0.2041 0.2015 -0.9580
vn -0.1264 0.1388 -0.9822
vn 0.5476 0.2542 -0.7972
vn 0.2043 0.2018 -0.9579
vn -0.1263 0.1391 -0.9822
vn -0.4841 0.0586 -0.8730
vn -0.4841 0.0584 -0.8731
vn -0.4841 0.0583 -0.8731
vn -0.4841 0.0582 -0.8731
vn -0.1264 0.1387 -0.9822
vn 0.2041 0.2014 -0.9580
vn 0.5473 0.2540 -0.7975
vn 0.5473 0.2540 -0.7974
vn 0.5474 0.2541 -0.7973
vn -0.8159 -0.0371 -0.5770
vn -0.5721 -0.1285 0.8101
vn 0.9430 0.2262 0.2442
vn 0.9430 0.2262 0.2443
vn -0.9673 -0.1023 -0.2319
vn -0.9849 -0.1396 0.1028
vn -0.8705 -0.1530 0.4677
vn -0.8706 -0.1529 0.4676
vn -0.8707 -0.1529 0.4673
vn -0.9849 -0.1394 0.1025
vn -0.9673 -0.1019 -0.2321
vn -0.8159 -0.0360 -0.5770
vn -0.8159 -0.0366 -0.5770
vn -0.2284 -0.0780 0.9704
vn -0.2285 -0.0781 0.9704
vn 0.1021 -0.0153 0.9947
vn 0.4594 0.0672 0.8857
vn 0.4594 0.0671 0.8857
vn 0.1020 -0.0155 0.9947
vn -0.2286 -0.0782 0.9704
vn -0.5723 -0.1287 0.8099
vn -0.5721 -0.1286 0.8100
vn -0.5721 -0.1286 0.8101
vn 0.9430 0.2260 0.2442
vn 0.9605 0.2632 -0.0906
vn 0.8457 0.2784 -0.4552
vn 0.8457 0.2784 -0.4553
vn 0.8456 0.2784 -0.4555
vn 0.9605 0.2631 -0.0908
vn 0.9431 0.2259 0.2440
vn 0.7913 0.1622 0.5895
vn 0.7912 0.1624 0.5895
vn 0.2040 0.2015 -0.9580
vn -0.1265 0.1388 -0.9822
vn 0.2038 0.2017 -0.9580
vn -0.1266 0.1391 -0.9822
vn -0.4841 0.0584 -0.8730
vn -0.4842 0.0587 -0.8730
vn -0.4844 0.0592 -0.8729
vn -0.1269 0.1395 -0.9821
vn 0.2035 0.2019 -0.9580
vn 0.5468 0.2542 -0.7977
vn 0.5471 0.2541 -0.7976
vn 0.5472 0.2540 -0.7975
vn -0.9662 -0.1087 -0.2340
vn -0.9846 -0.1429 0.1008
vn -0.9642 -0.1208 -0.2359
vn -0.9838 -0.1491 0.0994
vn -0.8157 -0.0368 -0.5774
vn -0.9671 -0.1025 -0.2327
vn -0.9849 -0.1397 0.1018
vn -0.8710 -0.1527 0.4669
vn -0.8716 -0.1517 0.4662
vn -0.8723 -0.1499 0.4654
vn -0.8733 -0.1474 0.4644
vn -0.9826 -0.1577 0.0979
vn -0.9615 -0.1375 -0.2379
vn -0.8075 -0.0845 -0.5838
vn -0.8115 -0.0618 -0.5811
vn -0.8142 -0.0452 -0.5788
vn -0.2313 -0.0670 0.9706
vn 0.0987 -0.0016 0.9951
vn -0.2357 -0.0485 0.9706
vn 0.0933 0.0212 0.9954
vn -0.5728 -0.1278 0.8097
vn -0.2291 -0.0767 0.9704
vn 0.1015 -0.0136 0.9947
vn 0.4589 0.0691 0.8858
vn 0.4558 0.0824 0.8863
vn 0.4495 0.1075 0.8868
vn 0.4406 0.1413 0.8865
vn 0.0856 0.0520 0.9950
vn -0.2416 -0.0235 0.9701
vn -0.5808 -0.0944 0.8086
vn -0.5770 -0.1100 0.8093
vn -0.5743 -0.1217 0.8095
vn 0.9401 0.2378 0.2444
vn 0.9581 0.2716 -0.0909
vn 0.9348 0.2573 0.2450
vn 0.9541 0.2853 -0.0906
vn 0.7909 0.1642 0.5895
vn 0.9427 0.2275 0.2440
vn 0.9601 0.2643 -0.0911
vn 0.8452 0.2789 -0.4559
vn 0.8440 0.2821 -0.4562
vn 0.8418 0.2881 -0.4564
vn 0.8389 0.2961 -0.4566
vn 0.9484 0.3039 -0.0904
vn 0.9271 0.2834 0.2453
vn 0.7725 0.2326 0.5908
vn 0.7815 0.2006 0.5907
vn 0.7878 0.1768 0.5901
vn 0.2037 0.1956 -0.9593
vn -0.1260 0.1307 -0.9834
vn 0.2054 0.1846 -0.9611
vn -0.1234 0.1151 -0.9857
vn 0.5464 0.2540 -0.7981
vn 0.2031 0.2012 -0.9582
vn -0.1271 0.1386 -0.9822
vn -0.4843 0.0583 -0.8730
vn -0.4828 0.0492 -0.8743
vn -0.4797 0.0313 -0.8769
vn -0.4752 0.0069 -0.8798
vn -0.1193 0.0940 -0.9884
vn 0.2082 0.1697 -0.9633
vn 0.5468 0.2431 -0.8012
vn 0.5463 0.2483 -0.8000
vn 0.5462 0.2520 -0.7988
vn -0.9560 -0.1672 -0.2410
vn -0.9803 -0.1732 0.0955
vn -0.9544 -0.1748 -0.2418
vn -0.9796 -0.1772 0.0944
vn -0.8030 -0.1082 -0.5860
vn -0.9584 -0.1550 -0.2397
vn -0.9813 -0.1668 0.0966
vn -0.8743 -0.1450 0.4633
vn -0.8752 -0.1434 0.4621
vn -0.8759 -0.1425 0.4609
vn -0.8766 -0.1421 0.4598
vn -0.9793 -0.1794 0.0935
vn -0.9535 -0.1789 -0.2425
vn -0.7960 -0.1405 -0.5887
vn -0.7974 -0.1350 -0.5882
vn -0.7996 -0.1247 -0.5874
vn -0.2534 0.0207 0.9671
vn 0.0705 0.1066 0.9918
vn -0.2572 0.0319 0.9658
vn 0.0659 0.1205 0.9905
vn -0.5848 -0.0780 0.8074
vn -0.2483 0.0026 0.9687
vn 0.0770 0.0842 0.9935
vn 0.4305 0.1767 0.8851
vn 0.4229 0.2014 0.8835
vn 0.4180 0.2168 0.8822
vn 0.4152 0.2251 0.8814
vn 0.0631 0.1279 0.9898
vn -0.2597 0.0378 0.9649
vn -0.5924 -0.0563 0.8036
vn -0.5906 -0.0598 0.8047
vn -0.5881 -0.0667 0.8060
vn 0.9120 0.3298 0.2440
vn 0.9372 0.3365 -0.0913
vn 0.9079 0.3417 0.2427
vn 0.9341 0.3448 -0.0925
vn 0.7623 0.2661 0.5900
vn 0.9184 0.3107 0.2450
vn 0.9420 0.3231 -0.0905
vn 0.8357 0.3044 -0.4571
vn 0.8332 0.3100 -0.4579
vn 0.8313 0.3135 -0.4590
vn 0.8301 0.3152 -0.4600
vn 0.9324 0.3492 -0.0937
vn 0.9058 0.3480 0.2416
vn 0.7476 0.3119 0.5864
vn 0.7500 0.3041 0.5874
vn 0.7548 0.2894 0.5887
vn 0.2134 0.1430 -0.9664
vn -0.1115 0.0565 -0.9922
vn 0.2146 0.1361 -0.9672
vn -0.1095 0.0467 -0.9929
vn 0.5474 0.2376 -0.8024
vn 0.2113 0.1541 -0.9652
vn -0.1148 0.0719 -0.9908
vn -0.4701 -0.0187 -0.8824
vn -0.4664 -0.0365 -0.8838
vn -0.4639 -0.0476 -0.8846
vn -0.4626 -0.0535 -0.8850
vn -0.1086 0.0415 -0.9932
vn 0.2150 0.1323 -0.9676
vn 0.5471 0.2295 -0.8050
vn 0.5474 0.2310 -0.8043
vn 0.5476 0.2336 -0.8035
vn -0.9531 -0.1800 -0.2433
vn -0.9793 -0.1801 0.0924
vn -0.9530 -0.1802 -0.2434
vn -0.9793 -0.1803 0.0922
vn -0.7956 -0.1417 -0.5890
vn -0.9532 -0.1798 -0.2429
vn -0.9793 -0.1800 0.0928
vn -0.8770 -0.1422 0.4590
vn -0.8772 -0.1423 0.4585
vn -0.8774 -0.1424 0.4582
vn -0.8774 -0.1424 0.4581
vn -0.9793 -0.1804 0.0921
vn -0.9530 -0.1804 -0.2434
vn -0.7954 -0.1423 -0.5891
vn -0.7954 -0.1422 -0.5892
vn -0.7955 -0.1419 -0.5890
vn -0.2615 0.0391 0.9644
vn 0.0615 0.1299 0.9896
vn -0.2618 0.0394 0.9643
vn 0.0612 0.1303 0.9896
vn -0.5934 -0.0557 0.8030
vn -0.2609 0.0390 0.9646
vn 0.0620 0.1295 0.9896
vn 0.4144 0.2270 0.8813
vn 0.4142 0.2276 0.8813
vn 0.4140 0.2281 0.8812
vn 0.4139 0.2285 0.8812
vn 0.0611 0.1306 0.9896
vn -0.2620 0.0396 0.9642
vn -0.5944 -0.0556 0.8023
vn -0.5943 -0.0557 0.8023
vn -0.5940 -0.0557 0.8025
vn 0.9054 0.3500 0.2402
vn 0.9318 0.3503 -0.0954
vn 0.9054 0.3503 0.2399
vn 0.9317 0.3505 -0.0957
vn 0.7471 0.3139 0.5859
vn 0.9054 0.3496 0.2408
vn 0.9319 0.3501 -0.0948
vn 0.8295 0.3154 -0.4609
vn 0.8292 0.3153 -0.4615
vn 0.8291 0.3153 -0.4618
vn 0.8290 0.3153 -0.4619
vn 0.9316 0.3505 -0.0958
vn 0.9053 0.3505 0.2398
vn 0.7469 0.3153 0.5854
vn 0.7471 0.3150 0.5854
vn 0.7472 0.3144 0.5855
vn 0.2145 0.1310 -0.9679
vn -0.1087 0.0400 -0.9933
vn 0.2144 0.1308 -0.9679
vn -0.1087 0.0398 -0.9933
vn 0.5465 0.2290 -0.8055
vn 0.2148 0.1313 -0.9678
vn -0.1086 0.0403 -0.9933
vn -0.4624 -0.0549 -0.8850
vn -0.4624 -0.0551 -0.8850
vn -0.4623 -0.0554 -0.8850
vn -0.4623 -0.0555 -0.8850
vn -0.1087 0.0396 -0.9933
vn 0.2144 0.1307 -0.9680
vn 0.5459 0.2285 -0.8061
vn 0.5460 0.2286 -0.8060
vn 0.5462 0.2288 -0.8058
vn -0.9530 -0.1805 -0.2435
vn -0.7954 -0.1424 -0.5891
vn -0.9530 -0.1804 -0.2435
vn -0.9530 -0.1803 -0.2434
vn -0.7953 -0.1424 -0.5892
vn 0.0611 0.1306 0.9895
vn 0.0610 0.1306 0.9895
vn -0.5945 -0.0556 0.8022
vn -0.2621 0.0396 0.9642
vn 0.4138 0.2285 0.8812
vn -0.2620 0.0396 0.9643
vn -0.5944 -0.0556 0.8022
vn 0.9053 0.3506 0.2398
vn 0.9316 0.3506 -0.0958
vn 0.9053 0.3506 0.2397
vn 0.9316 0.3506 -0.0959
vn 0.9053 0.3507 0.2398
vn 0.9316 0.3507 -0.0959
vn 0.8289 0.3154 -0.4620
vn 0.2144 0.1306 -0.9680
vn 0.2143 0.1307 -0.9680
vn 0.5460 0.2285 -0.8060
vn -0.4623 -0.0556 -0.8850
vn -0.4622 -0.0556 -0.8850
vn -0.9793 -0.1804 0.0922
vn 0.0610 0.1306 0.9896
vn 0.9053 0.3507 0.2397
vn 0.7469 0.3153 0.5855
vn 0.8289 0.3153 -0.4620
vn 0.9316 0.3507 -0.0958
vn 0.7470 0.3153 0.5853
vn 0.2143 0.1306 -0.9680
vn 0.5461 0.2285 -0.8059
vn -0.7954 -0.1424 -0.5892
vn 0.9053 0.3506 0.2399
vn 0.7469 0.3153 0.5853
vn 0.9316 0.3506 -0.0957
vn 0.8290 0.3154 -0.4619
vn 0.9316 0.3506 -0.0960
vn 0.2145 0.1306 -0.9680
vn -0.8775 -0.1424 0.4580
vn -0.9793 -0.1804 0.0920
vn 0.0610 0.1307 0.9895
vn -0.5943 -0.0556 0.8023
vn 0.0611 0.1307 0.9895
vn 0.4137 0.2285 0.8813
vn 0.9316 0.3505 -0.0960
vn 0.8290 0.3153 -0.4620
vn 0.8290 0.3153 -0.4618
vn 0.7469 0.3154 0.5853
vn 0.4137 0.2285 0.8812
vn 0.4138 0.2284 0.8813
vn -0.5945 -0.0556 0.8021
vn 0.9316 0.3507 -0.0960
vn 0.7470 0.3153 0.5852
vn -0.1088 0.0396 -0.9933
vn 0.5460 0.2285 -0.8061
vn -0.9793 -0.1803 0.0921
vn -0.8775 -0.1424 0.4581
vn -0.9793 -0.1805 0.0921
vn 0.4136 0.2285 0.8813
vn 0.4138 0.2286 0.8812
vn 0.9317 0.3505 -0.0958
vn 0.8290 0.3152 -0.4619
vn 0.8289 0.3153 -0.4621
vn 0.8289 0.3154 -0.4621
vn 0.7470 0.3153 0.5854
vn 0.5462 0.2285 -0.8059
vn -0.9793 -0.1804 0.0923
vn -0.9529 -0.1804 -0.2436
vn -0.7955 -0.1424 -0.5890
vn -0.7953 -0.1424 -0.5893
vn 0.0609 0.1306 0.9896
vn 0.4139 0.2286 0.8812
vn -0.2619 0.0396 0.9643
vn 0.9053 0.3506 0.2400
vn 0.9316 0.3506 -0.0962
vn 0.9053 0.3507 0.2396
vn 0.7470 0.3154 0.5853
vn 0.9052 0.3507 0.2400
vn 0.8291 0.3153 -0.4617
vn 0.8290 0.3154 -0.4618
vn 0.7470 0.3154 0.5852
vn 0.7471 0.3153 0.5852
vn -0.4624 -0.0556 -0.8850
vn -0.9530 -0.1804 -0.2436
vn -0.8774 -0.1423 0.4582
vn -0.9792 -0.1804 0.0924
vn -0.7953 -0.1423 -0.5893
vn 0.4140 0.2286 0.8811
vn 0.4139 0.2284 0.8812
vn -0.2622 0.0396 0.9642
vn -0.5945 -0.0555 0.8022
vn 0.9316 0.3507 -0.0956
vn 0.9054 0.3505 0.2395
vn 0.9316 0.3506 -0.0955
vn 0.7467 0.3152 0.5857
vn 0.9054 0.3506 0.2396
vn 0.8288 0.3153 -0.4623
vn 0.8288 0.3152 -0.4623
vn 0.8289 0.3152 -0.4621
vn 0.9316 0.3507 -0.0953
vn 0.9054 0.3507 0.2394
vn 0.7469 0.3154 0.5854
vn 0.7471 0.3152 0.5852
vn 0.7468 0.3154 0.5855
vn 0.5464 0.2286 -0.8057
vn -0.1086 0.0396 -0.9933
vn -0.4622 -0.0555 -0.8850
vn -0.4621 -0.0556 -0.8851
vn 0.5458 0.2285 -0.8062
vn 0.5461 0.2284 -0.8060
vn 0.5462 0.2286 -0.8059
vn -0.9529 -0.1804 -0.2439
vn -0.9792 -0.1804 0.0927
vn -0.9528 -0.1804 -0.2443
vn -0.9791 -0.1803 0.0936
vn -0.9529 -0.1804 -0.2437
vn -0.9793 -0.1803 0.0923
vn -0.8777 -0.1423 0.4576
vn -0.8775 -0.1426 0.4580
vn -0.9791 -0.1802 0.0943
vn -0.9527 -0.1803 -0.2446
vn -0.7951 -0.1424 -0.5895
vn -0.7952 -0.1423 -0.5894
vn -0.2618 0.0396 0.9643
vn 0.0607 0.1306 0.9896
vn -0.2624 0.0396 0.9641
vn 0.0616 0.1306 0.9895
vn 0.0608 0.1305 0.9896
vn 0.4142 0.2286 0.8810
vn 0.4133 0.2285 0.8815
vn 0.4150 0.2288 0.8806
vn 0.0612 0.1306 0.9895
vn -0.5940 -0.0556 0.8025
vn 0.9054 0.3506 0.2395
vn 0.9057 0.3508 0.2380
vn 0.9316 0.3508 -0.0947
vn 0.7468 0.3153 0.5855
vn 0.9053 0.3506 0.2396
vn 0.8288 0.3154 -0.4621
vn 0.8292 0.3152 -0.4616
vn 0.8286 0.3152 -0.4626
vn 0.9320 0.3507 -0.0920
vn 0.9068 0.3508 0.2340
vn 0.7449 0.3152 0.5880
vn 0.2146 0.1307 -0.9679
vn 0.5458 0.2284 -0.8062
vn -0.1085 0.0396 -0.9933
vn -0.4620 -0.0555 -0.8851
vn -0.4625 -0.0556 -0.8849
vn 0.2145 0.1308 -0.9679
vn 0.5467 0.2284 -0.8056
s 0
f 1585//1 1586//1 1589//1 1588//1
f 1586//2 1587//2 1590//2 1589//2
f 1588//3 1589//3 1592//3 1591//3
f 1589//4 1590//4 1593//4 1592//4
f 4//5 232//5 1585//5 231//5
f 232//6 233//6 1586//6 1585//6
f 233//7 234//7 1587//7 1586//7
f 234//8 3//8 235//8 1587//8
f 1587//9 235//9 236//9 1590//9
f 1590//10 236//10 237//10 1593//10
f 1593//11 237//11 2//11 238//11
f 1592//12 1593//12 238//12 239//12
f 1591//13 1592//13 239//13 240//13
f 229//14 1591//14 240//14 1//14
f 230//15 1588//15 1591//15 229//15
f 231//16 1585//16 1588//16 230//16
f 1594//17 1595//17 1598//17 1597//17
f 1595//17 1596//17 1599//17 1598//17
f 1597//17 1598//17 1601//17 1600//17
f 1598//17 1599//17 1602//17 1601//17
f 44//17 244//17 1594//17 243//17
f 244//17 245//17 1595//17 1594//17
f 245//17 246//17 1596//17 1595//17
f 246//17 43//17 247//17 1596//17
f 1596//17 247//17 248//17 1599//17
f 1599//17 248//17 249//17 1602//17
f 1602//17 249//17 42//17 250//17
f 1601//17 1602//17 250//17 251//17
f 1600//17 1601//17 251//17 252//17
f 241//17 1600//17 252//17 41//17
f 242//17 1597//17 1600//17 241//17
f 243//17 1594//17 1597//17 242//17
f 1603//18 1604//18 1607//18 1606//18
f 1604//19 1605//19 1608//19 1607//19
f 1606//20 1607//20 1610//20 1609//20
f 1607//21 1608//21 1611//21 1610//21
f 1//22 240//22 1603//22 255//22
f 240//23 239//23 1604//23 1603//23
f 239//24 238//24 1605//24 1604//24
f 238//25 2//25 256//25 1605//25
f 1605//26 256//26 257//26 1608//26
f 1608//27 257//27 258//27 1611//27
f 1611//28 258//28 86//28 259//28
f 1610//29 1611//29 259//29 260//29
f 1609//30 1610//30 260//30 261//30
f 253//31 1609//31 261//31 85//31
f 254//32 1606//32 1609//32 253//32
f 255//33 1603//33 1606//33 254//33
f 1612//34 1613//34 1616//34 1615//34
f 1613//35 1614//35 1617//35 1616//35
f 1615//36 1616//36 1619//36 1618//36
f 1616//37 1617//37 1620//37 1619//37
f 2//38 237//38 1612//38 256//38
f 237//39 236//39 1613//39 1612//39
f 236//40 235//40 1614//40 1613//40
f 235//41 3//41 262//41 1614//41
f 1614//42 262//42 263//42 1617//42
f 1617//43 263//43 264//43 1620//43
f 1620//44 264//44 87//44 265//44
f 1619//45 1620//45 265//45 266//45
f 1618//46 1619//46 266//46 267//46
f 258//47 1618//47 267//47 86//47
f 257//48 1615//48 1618//48 258//48
f 256//49 1612//49 1615//49 257//49
f 1621//50 1622//50 1625//50 1624//50
f 1622//51 1623//51 1626//51 1625//51
f 1624//52 1625//52 1628//52 1627//52
f 1625//53 1626//53 1629//53 1628//53
f 3//54 234//54 1621//54 262//54
f 234//55 233//55 1622//55 1621//55
f 233//56 232//56 1623//56 1622//56
f 232//57 4//57 268//57 1623//57
f 1623//58 268//58 269//58 1626//58
f 1626//59 269//59 270//59 1629//59
f 1629//60 270//60 88//60 271//60
f 1628//61 1629//61 271//61 272//61
f 1627//62 1628//62 272//62 273//62
f 264//63 1627//63 273//63 87//63
f 263//64 1624//64 1627//64 264//64
f 262//65 1621//65 1624//65 263//65
f 1630//66 1631//66 1634//66 1633//66
f 1631//67 1632//67 1635//67 1634//67
f 1633//68 1634//68 1637//68 1636//68
f 1634//69 1635//69 1638//69 1637//69
f 4//70 231//70 1630//70 268//70
f 231//71 230//71 1631//71 1630//71
f 230//72 229//72 1632//72 1631//72
f 229//73 1//73 255//73 1632//73
f 1632//74 255//74 254//74 1635//74
f 1635//75 254//75 253//75 1638//75
f 1638//76 253//76 85//76 274//76
f 1637//77 1638//77 274//77 275//77
f 1636//78 1637//78 275//78 276//78
f 270//79 1636//79 276//79 88//79
f 269//80 1633//80 1636//80 270//80
f 268//81 1630//81 1633//81 269//81
f 1639//82 1640//82 1643//82 1642//82
f 1640//83 1641//83 1644//83 1643//83
f 1642//82 1643//82 1646//82 1645//82
f 1643//83 1644//83 1647//83 1646//83
f 85//84 261//84 1639//84 279//84
f 261//82 260//82 1640//82 1639//82
f 260//83 259//83 1641//83 1640//83
f 259//85 86//85 280//85 1641//85
f 1641//85 280//85 281//85 1644//85
f 1644//85 281//85 282//85 1647//85
f 1647//85 282//85 90//85 283//85
f 1646//83 1647//83 283//83 284//83
f 1645//82 1646//82 284//82 285//82
f 277//84 1645//84 285//84 89//84
f 278//84 1642//84 1645//84 277//84
f 279//84 1639//84 1642//84 278//84
f 1648//86 1649//86 1652//86 1651//86
f 1649//87 1650//87 1653//87 1652//87
f 1651//86 1652//86 1655//86 1654//86
f 1652//87 1653//87 1656//87 1655//87
f 86//88 267//88 1648//88 280//88
f 267//86 266//86 1649//86 1648//86
f 266//87 265//87 1650//87 1649//87
f 265//89 87//89 286//89 1650//89
f 1650//89 286//89 287//89 1653//89
f 1653//89 287//89 288//89 1656//89
f 1656//89 288//89 91//89 289//89
f 1655//87 1656//87 289//87 290//87
f 1654//86 1655//86 290//86 291//86
f 282//88 1654//88 291//88 90//88
f 281//88 1651//88 1654//88 282//88
f 280//88 1648//88 1651//88 281//88
f 1657//90 1658//90 1661//90 1660//90
f 1658//91 1659//91 1662//91 1661//91
f 1660//90 1661//90 1664//90 1663//90
f 1661//91 1662//91 1665//91 1664//91
f 87//92 273//92 1657//92 286//92
f 273//90 272//90 1658//90 1657//90
f 272//91 271//91 1659//91 1658//91
f 271//93 88//93 292//93 1659//93
f 1659//93 292//93 293//93 1662//93
f 1662//93 293//93 294//93 1665//93
f 1665//93 294//93 92//93 295//93
f 1664//91 1665//91 295//91 296//91
f 1663//90 1664//90 296//90 297//90
f 288//92 1663//92 297//92 91//92
f 287//92 1660//92 1663//92 288//92
f 286//92 1657//92 1660//92 287//92
f 1666//94 1667//94 1670//94 1669//94
f 1667//95 1668//95 1671//95 1670//95
f 1669//94 1670//94 1673//94 1672//94
f 1670//95 1671//95 1674//95 1673//95
f 88//96 276//96 1666//96 292//96
f 276//94 275//94 1667//94 1666//94
f 275//95 274//95 1668//95 1667//95
f 274//97 85//97 279//97 1668//97
f 1668//97 279//97 278//97 1671//97
f 1671//97 278//97 277//97 1674//97
f 1674//97 277//97 89//97 298//97
f 1673//95 1674//95 298//95 299//95
f 1672//94 1673//94 299//94 300//94
f 294//96 1672//96 300//96 92//96
f 293//96 1669//96 1672//96 294//96
f 292//96 1666//96 1669//96 293//96
f 1675//82 1676//82 1679//82 1678//82
f 1676//83 1677//83 1680//83 1679//83
f 1678//82 1679//82 1682//82 1681//82
f 1679//83 1680//83 1683//83 1682//83
f 89//84 285//84 1675//84 303//84
f 285//82 284//82 1676//82 1675//82
f 284//83 283//83 1677//83 1676//83
f 283//85 90//85 304//85 1677//85
f 1677//85 304//85 305//85 1680//85
f 1680//85 305//85 306//85 1683//85
f 1683//85 306//85 94//85 307//85
f 1682//83 1683//83 307//83 308//83
f 1681//82 1682//82 308//82 309//82
f 301//84 1681//84 309//84 93//84
f 302//84 1678//84 1681//84 301//84
f 303//84 1675//84 1678//84 302//84
f 1684//86 1685//86 1688//86 1687//86
f 1685//87 1686//87 1689//87 1688//87
f 1687//86 1688//86 1691//86 1690//86
f 1688//87 1689//87 1692//87 1691//87
f 90//88 291//88 1684//88 304//88
f 291//86 290//86 1685//86 1684//86
f 290//87 289//87 1686//87 1685//87
f 289//89 91//89 310//89 1686//89
f 1686//89 310//89 311//89 1689//89
f 1689//89 311//89 312//89 1692//89
f 1692//89 312//89 95//89 313//89
f 1691//87 1692//87 313//87 314//87
f 1690//86 1691//86 314//86 315//86
f 306//88 1690//88 315//88 94//88
f 305//88 1687//88 1690//88 306//88
f 304//88 1684//88 1687//88 305//88
f 1693//90 1694//90 1697//90 1696//90
f 1694//91 1695//91 1698//91 1697//91
f 1696//90 1697//90 1700//90 1699//90
f 1697//91 1698//91 1701//91 1700//91
f 91//92 297//92 1693//92 310//92
f 297//90 296//90 1694//90 1693//90
f 296//91 295//91 1695//91 1694//91
f 295//93 92//93 316//93 1695//93
f 1695//93 316//93 317//93 1698//93
f 1698//93 317//93 318//93 1701//93
f 1701//93 318//93 96//93 319//93
f 1700//91 1701//91 319//91 320//91
f 1699//90 1700//90 320//90 321//90
f 312//92 1699//92 321//92 95//92
f 311//92 1696//92 1699//92 312//92
f 310//92 1693//92 1696//92 311//92
f 1702//94 1703//94 1706//94 1705//94
f 1703//95 1704//95 1707//95 1706//95
f 1705//94 1706//94 1709//94 1708//94
f 1706//95 1707//95 1710//95 1709//95
f 92//96 300//96 1702//96 316//96
f 300//94 299//94 1703//94 1702//94
f 299//95 298//95 1704//95 1703//95
f 298//97 89//97 303//97 1704//97
f 1704//97 303//97 302//97 1707//97
f 1707//97 302//97 301//97 1710//97
f 1710//97 301//97 93//97 322//97
f 1709//95 1710//95 322//95 323//95
f 1708//94 1709//94 323//94 324//94
f 318//96 1708//96 324//96 96//96
f 317//96 1705//96 1708//96 318//96
f 316//96 1702//96 1705//96 317//96
f 1711//82 1712//82 1715//82 1714//82
f 1712//83 1713//83 1716//83 1715//83
f 1714//82 1715//82 1718//82 1717//82
f 1715//83 1716//83 1719//83 1718//83
f 93//84 309//84 1711//84 327//84
f 309//82 308//82 1712//82 1711//82
f 308//83 307//83 1713//83 1712//83
f 307//85 94//85 328//85 1713//85
f 1713//85 328//85 329//85 1716//85
f 1716//85 329//85 330//85 1719//85
f 1719//85 330//85 98//85 331//85
f 1718//83 1719//83 331//83 332//83
f 1717//82 1718//82 332//82 333//82
f 325//84 1717//84 333//84 97//84
f 326//84 1714//84 1717//84 325//84
f 327//84 1711//84 1714//84 326//84
f 1720//86 1721//86 1724//86 1723//86
f 1721//87 1722//87 1725//87 1724//87
f 1723//86 1724//86 1727//86 1726//86
f 1724//87 1725//87 1728//87 1727//87
f 94//88 315//88 1720//88 328//88
f 315//86 314//86 1721//86 1720//86
f 314//87 313//87 1722//87 1721//87
f 313//89 95//89 334//89 1722//89
f 1722//89 334//89 335//89 1725//89
f 1725//89 335//89 336//89 1728//89
f 1728//89 336//89 99//89 337//89
f 1727//87 1728//87 337//87 338//87
f 1726//86 1727//86 338//86 339//86
f 330//88 1726//88 339//88 98//88
f 329//88 1723//88 1726//88 330//88
f 328//88 1720//88 1723//88 329//88
f 1729//90 1730//90 1733//90 1732//90
f 1730//91 1731//91 1734//91 1733//91
f 1732//90 1733//90 1736//90 1735//90
f 1733//91 1734//91 1737//91 1736//91
f 95//92 321//92 1729//92 334//92
f 321//90 320//90 1730//90 1729//90
f 320//91 319//91 1731//91 1730//91
f 319//93 96//93 340//93 1731//93
f 1731//93 340//93 341//93 1734//93
f 1734//93 341//93 342//93 1737//93
f 1737//93 342//93 100//93 343//93
f 1736//91 1737//91 343//91 344//91
f 1735//90 1736//90 344//90 345//90
f 336//92 1735//92 345//92 99//92
f 335//92 1732//92 1735//92 336//92
f 334//92 1729//92 1732//92 335//92
f 1738//94 1739//94 1742//94 1741//94
f 1739//95 1740//95 1743//95 1742//95
f 1741//94 1742//94 1745//94 1744//94
f 1742//95 1743//95 1746//95 1745//95
f 96//96 324//96 1738//96 340//96
f 324//94 323//94 1739//94 1738//94
f 323//95 322//95 1740//95 1739//95
f 322//97 93//97 327//97 1740//97
f 1740//97 327//97 326//97 1743//97
f 1743//97 326//97 325//97 1746//97
f 1746//97 325//97 97//97 346//97
f 1745//95 1746//95 346//95 347//95
f 1744//94 1745//94 347//94 348//94
f 342//96 1744//96 348//96 100//96
f 341//96 1741//96 1744//96 342//96
f 340//96 1738//96 1741//96 341//96
f 1747//82 1748//82 1751//82 1750//82
f 1748//83 1749//83 1752//83 1751//83
f 1750//82 1751//82 1754//82 1753//82
f 1751//83 1752//83 1755//83 1754//83
f 97//84 333//84 1747//84 351//84
f 333//82 332//82 1748//82 1747//82
f 332//83 331//83 1749//83 1748//83
f 331//85 98//85 352//85 1749//85
f 1749//85 352//85 353//85 1752//85
f 1752//85 353//85 354//85 1755//85
f 1755//85 354//85 102//85 355//85
f 1754//83 1755//83 355//83 356//83
f 1753//82 1754//82 356//82 357//82
f 349//84 1753//84 357//84 101//84
f 350//84 1750//84 1753//84 349//84
f 351//84 1747//84 1750//84 350//84
f 1756//86 1757//86 1760//86 1759//86
f 1757//87 1758//87 1761//87 1760//87
f 1759//86 1760//86 1763//86 1762//86
f 1760//87 1761//87 1764//87 1763//87
f 98//88 339//88 1756//88 352//88
f 339//86 338//86 1757//86 1756//86
f 338//87 337//87 1758//87 1757//87
f 337//89 99//89 358//89 1758//89
f 1758//89 358//89 359//89 1761//89
f 1761//89 359//89 360//89 1764//89
f 1764//89 360//89 103//89 361//89
f 1763//87 1764//87 361//87 362//87
f 1762//86 1763//86 362//86 363//86
f 354//88 1762//88 363//88 102//88
f 353//88 1759//88 1762//88 354//88
f 352//88 1756//88 1759//88 353//88
f 1765//90 1766//90 1769//90 1768//90
f 1766//91 1767//91 1770//91 1769//91
f 1768//90 1769//90 1772//90 1771//90
f 1769//91 1770//91 1773//91 1772//91
f 99//92 345//92 1765//92 358//92
f 345//90 344//90 1766//90 1765//90
f 344//91 343//91 1767//91 1766//91
f 343//93 100//93 364//93 1767//93
f 1767//93 364//93 365//93 1770//93
f 1770//93 365//93 366//93 1773//93
f 1773//93 366//93 104//93 367//93
f 1772//91 1773//91 367//91 368//91
f 1771//90 1772//90 368//90 369//90
f 360//92 1771//92 369//92 103//92
f 359//92 1768//92 1771//92 360//92
f 358//92 1765//92 1768//92 359//92
f 1774//94 1775//94 1778//94 1777//94
f 1775//95 1776//95 1779//95 1778//95
f 1777//94 1778//94 1781//94 1780//94
f 1778//95 1779//95 1782//95 1781//95
f 100//96 348//96 1774//96 364//96
f 348//94 347//94 1775//94 1774//94
f 347//95 346//95 1776//95 1775//95
f 346//97 97//97 351//97 1776//97
f 1776//97 351//97 350//97 1779//97
f 1779//97 350//97 349//97 1782//97
f 1782//97 349//97 101//97 370//97
f 1781//95 1782//95 370//95 371//95
f 1780//94 1781//94 371//94 372//94
f 366//96 1780//96 372//96 104//96
f 365//96 1777//96 1780//96 366//96
f 364//96 1774//96 1777//96 365//96
f 1783//82 1784//82 1787//82 1786//82
f 1784//83 1785//83 1788//83 1787//83
f 1786//82 1787//82 1790//82 1789//82
f 1787//83 1788//83 1791//83 1790//83
f 101//84 357//84 1783//84 375//84
f 357//82 356//82 1784//82 1783//82
f 356//83 355//83 1785//83 1784//83
f 355//85 102//85 376//85 1785//85
f 1785//85 376//85 377//85 1788//85
f 1788//85 377//85 378//85 1791//85
f 1791//85 378//85 106//85 379//85
f 1790//83 1791//83 379//83 380//83
f 1789//82 1790//82 380//82 381//82
f 373//84 1789//84 381//84 105//84
f 374//84 1786//84 1789//84 373//84
f 375//84 1783//84 1786//84 374//84
f 1792//86 1793//86 1796//86 1795//86
f 1793//87 1794//87 1797//87 1796//87
f 1795//86 1796//86 1799//86 1798//86
f 1796//87 1797//87 1800//87 1799//87
f 102//88 363//88 1792//88 376//88
f 363//86 362//86 1793//86 1792//86
f 362//87 361//87 1794//87 1793//87
f 361//89 103//89 382//89 1794//89
f 1794//89 382//89 383//89 1797//89
f 1797//89 383//89 384//89 1800//89
f 1800//89 384//89 107//89 385//89
f 1799//87 1800//87 385//87 386//87
f 1798//86 1799//86 386//86 387//86
f 378//88 1798//88 387//88 106//88
f 377//88 1795//88 1798//88 378//88
f 376//88 1792//88 1795//88 377//88
f 1801//90 1802//90 1805//90 1804//90
f 1802//91 1803//91 1806//91 1805//91
f 1804//90 1805//90 1808//90 1807//90
f 1805//91 1806//91 1809//91 1808//91
f 103//92 369//92 1801//92 382//92
f 369//90 368//90 1802//90 1801//90
f 368//91 367//91 1803//91 1802//91
f 367//93 104//93 388//93 1803//93
f 1803//93 388//93 389//93 1806//93
f 1806//93 389//93 390//93 1809//93
f 1809//93 390//93 108//93 391//93
f 1808//91 1809//91 391//91 392//91
f 1807//90 1808//90 392//90 393//90
f 384//92 1807//92 393//92 107//92
f 383//92 1804//92 1807//92 384//92
f 382//92 1801//92 1804//92 383//92
f 1810//94 1811//94 1814//94 1813//94
f 1811//95 1812//95 1815//95 1814//95
f 1813//94 1814//94 1817//94 1816//94
f 1814//95 1815//95 1818//95 1817//95
f 104//96 372//96 1810//96 388//96
f 372//94 371//94 1811//94 1810//94
f 371//95 370//95 1812//95 1811//95
f 370//97 101//97 375//97 1812//97
f 1812//97 375//97 374//97 1815//97
f 1815//98 374//98 373//98 1818//98
f 1818//98 373//98 105//98 394//98
f 1817//95 1818//95 394//95 395//95
f 1816//94 1817//94 395//94 396//94
f 390//96 1816//96 396//96 108//96
f 389//96 1813//96 1816//96 390//96
f 388//96 1810//96 1813//96 389//96
f 1819//82 1820//82 1823//82 1822//82
f 1820//83 1821//83 1824//83 1823//83
f 1822//82 1823//82 1826//82 1825//82
f 1823//83 1824//83 1827//83 1826//83
f 105//84 381//84 1819//84 399//84
f 381//82 380//82 1820//82 1819//82
f 380//83 379//83 1821//83 1820//83
f 379//85 106//85 400//85 1821//85
f 1821//85 400//85 401//85 1824//85
f 1824//85 401//85 402//85 1827//85
f 1827//85 402//85 110//85 403//85
f 1826//83 1827//83 403//83 404//83
f 1825//82 1826//82 404//82 405//82
f 397//84 1825//84 405//84 109//84
f 398//84 1822//84 1825//84 397//84
f 399//84 1819//84 1822//84 398//84
f 1828//86 1829//86 1832//86 1831//86
f 1829//87 1830//87 1833//87 1832//87
f 1831//86 1832//86 1835//86 1834//86
f 1832//87 1833//87 1836//87 1835//87
f 106//88 387//88 1828//88 400//88
f 387//86 386//86 1829//86 1828//86
f 386//87 385//87 1830//87 1829//87
f 385//89 107//89 406//89 1830//89
f 1830//89 406//89 407//89 1833//89
f 1833//89 407//89 408//89 1836//89
f 1836//89 408//89 111//89 409//89
f 1835//87 1836//87 409//87 410//87
f 1834//86 1835//86 410//86 411//86
f 402//88 1834//88 411//88 110//88
f 401//88 1831//88 1834//88 402//88
f 400//88 1828//88 1831//88 401//88
f 1837//90 1838//90 1841//90 1840//90
f 1838//91 1839//91 1842//91 1841//91
f 1840//90 1841//90 1844//90 1843//90
f 1841//91 1842//91 1845//91 1844//91
f 107//92 393//92 1837//92 406//92
f 393//90 392//90 1838//90 1837//90
f 392//91 391//91 1839//91 1838//91
f 391//93 108//93 412//93 1839//93
f 1839//93 412//93 413//93 1842//93
f 1842//93 413//93 414//93 1845//93
f 1845//93 414//93 112//93 415//93
f 1844//91 1845//91 415//91 416//91
f 1843//90 1844//90 416//90 417//90
f 408//92 1843//92 417//92 111//92
f 407//92 1840//92 1843//92 408//92
f 406//92 1837//92 1840//92 407//92
f 1846//94 1847//94 1850//94 1849//94
f 1847//95 1848//95 1851//95 1850//95
f 1849//94 1850//94 1853//94 1852//94
f 1850//95 1851//95 1854//95 1853//95
f 108//96 396//96 1846//96 412//96
f 396//94 395//94 1847//94 1846//94
f 395//95 394//95 1848//95 1847//95
f 394//97 105//97 399//97 1848//97
f 1848//97 399//97 398//97 1851//97
f 1851//97 398//97 397//97 1854//97
f 1854//97 397//97 109//97 418//97
f 1853//95 1854//95 418//95 419//95
f 1852//94 1853//94 419//94 420//94
f 414//96 1852//96 420//96 112//96
f 413//96 1849//96 1852//96 414//96
f 412//96 1846//96 1849//96 413//96
f 1855//82 1856//82 1859//82 1858//82
f 1856//83 1857//83 1860//83 1859//83
f 1858//82 1859//82 1862//82 1861//82
f 1859//83 1860//83 1863//83 1862//83
f 109//84 405//84 1855//84 423//84
f 405//82 404//82 1856//82 1855//82
f 404//83 403//83 1857//83 1856//83
f 403//85 110//85 424//85 1857//85
f 1857//85 424//85 425//85 1860//85
f 1860//85 425//85 426//85 1863//85
f 1863//85 426//85 114//85 427//85
f 1862//83 1863//83 427//83 428//83
f 1861//82 1862//82 428//82 429//82
f 421//84 1861//84 429//84 113//84
f 422//84 1858//84 1861//84 421//84
f 423//84 1855//84 1858//84 422//84
f 1864//86 1865//86 1868//86 1867//86
f 1865//87 1866//87 1869//87 1868//87
f 1867//86 1868//86 1871//86 1870//86
f 1868//87 1869//87 1872//87 1871//87
f 110//88 411//88 1864//88 424//88
f 411//86 410//86 1865//86 1864//86
f 410//87 409//87 1866//87 1865//87
f 409//89 111//89 430//89 1866//89
f 1866//89 430//89 431//89 1869//89
f 1869//89 431//89 432//89 1872//89
f 1872//89 432//89 115//89 433//89
f 1871//87 1872//87 433//87 434//87
f 1870//86 1871//86 434//86 435//86
f 426//88 1870//88 435//88 114//88
f 425//88 1867//88 1870//88 426//88
f 424//88 1864//88 1867//88 425//88
f 1873//90 1874//90 1877//90 1876//90
f 1874//91 1875//91 1878//91 1877//91
f 1876//90 1877//90 1880//90 1879//90
f 1877//91 1878//91 1881//91 1880//91
f 111//92 417//92 1873//92 430//92
f 417//90 416//90 1874//90 1873//90
f 416//91 415//91 1875//91 1874//91
f 415//93 112//93 436//93 1875//93
f 1875//93 436//93 437//93 1878//93
f 1878//93 437//93 438//93 1881//93
f 1881//93 438//93 116//93 439//93
f 1880//91 1881//91 439//91 440//91
f 1879//90 1880//90 440//90 441//90
f 432//92 1879//92 441//92 115//92
f 431//92 1876//92 1879//92 432//92
f 430//92 1873//92 1876//92 431//92
f 1882//94 1883//94 1886//94 1885//94
f 1883//95 1884//95 1887//95 1886//95
f 1885//94 1886//94 1889//94 1888//94
f 1886//95 1887//95 1890//95 1889//95
f 112//96 420//96 1882//96 436//96
f 420//94 419//94 1883//94 1882//94
f 419//95 418//95 1884//95 1883//95
f 418//97 109//97 423//97 1884//97
f 1884//97 423//97 422//97 1887//97
f 1887//97 422//97 421//97 1890//97
f 1890//97 421//97 113//97 442//97
f 1889//95 1890//95 442//95 443//95
f 1888//94 1889//94 443//94 444//94
f 438//96 1888//96 444//96 116//96
f 437//96 1885//96 1888//96 438//96
f 436//96 1882//96 1885//96 437//96
f 1891//82 1892//82 1895//82 1894//82
f 1892//83 1893//83 1896//83 1895//83
f 1894//82 1895//82 1898//82 1897//82
f 1895//83 1896//83 1899//83 1898//83
f 113//84 429//84 1891//84 447//84
f 429//82 428//82 1892//82 1891//82
f 428//83 427//83 1893//83 1892//83
f 427//85 114//85 448//85 1893//85
f 1893//85 448//85 449//85 1896//85
f 1896//85 449//85 450//85 1899//85
f 1899//85 450//85 118//85 451//85
f 1898//83 1899//83 451//83 452//83
f 1897//82 1898//82 452//82 453//82
f 445//84 1897//84 453//84 117//84
f 446//84 1894//84 1897//84 445//84
f 447//84 1891//84 1894//84 446//84
f 1900//86 1901//86 1904//86 1903//86
f 1901//87 1902//87 1905//87 1904//87
f 1903//86 1904//86 1907//86 1906//86
f 1904//87 1905//87 1908//87 1907//87
f 114//88 435//88 1900//88 448//88
f 435//86 434//86 1901//86 1900//86
f 434//87 433//87 1902//87 1901//87
f 433//89 115//89 454//89 1902//89
f 1902//89 454//89 455//89 1905//89
f 1905//89 455//89 456//89 1908//89
f 1908//89 456//89 119//89 457//89
f 1907//87 1908//87 457//87 458//87
f 1906//86 1907//86 458//86 459//86
f 450//88 1906//88 459//88 118//88
f 449//88 1903//88 1906//88 450//88
f 448//88 1900//88 1903//88 449//88
f 1909//90 1910//90 1913//90 1912//90
f 1910//91 1911//91 1914//91 1913//91
f 1912//90 1913//90 1916//90 1915//90
f 1913//91 1914//91 1917//91 1916//91
f 115//92 441//92 1909//92 454//92
f 441//90 440//90 1910//90 1909//90
f 440//91 439//91 1911//91 1910//91
f 439//93 116//93 460//93 1911//93
f 1911//93 460//93 461//93 1914//93
f 1914//93 461//93 462//93 1917//93
f 1917//93 462//93 120//93 463//93
f 1916//91 1917//91 463//91 464//91
f 1915//90 1916//90 464//90 465//90
f 456//92 1915//92 465//92 119//92
f 455//92 1912//92 1915//92 456//92
f 454//92 1909//92 1912//92 455//92
f 1918//94 1919//94 1922//94 1921//94
f 1919//95 1920//95 1923//95 1922//95
f 1921//94 1922//94 1925//94 1924//94
f 1922//95 1923//95 1926//95 1925//95
f 116//96 444//96 1918//96 460//96
f 444//94 443//94 1919//94 1918//94
f 443//95 442//95 1920//95 1919//95
f 442//98 113//98 447//98 1920//98
f 1920//98 447//98 446//98 1923//98
f 1923//97 446//97 445//97 1926//97
f 1926//97 445//97 117//97 466//97
f 1925//95 1926//95 466//95 467//95
f 1924//94 1925//94 467//94 468//94
f 462//96 1924//96 468//96 120//96
f 461//96 1921//96 1924//96 462//96
f 460//96 1918//96 1921//96 461//96
f 1927//82 1928//82 1931//82 1930//82
f 1928//83 1929//83 1932//83 1931//83
f 1930//82 1931//82 1934//82 1933//82
f 1931//83 1932//83 1935//83 1934//83
f 117//84 453//84 1927//84 471//84
f 453//82 452//82 1928//82 1927//82
f 452//83 451//83 1929//83 1928//83
f 451//85 118//85 472//85 1929//85
f 1929//85 472//85 473//85 1932//85
f 1932//85 473//85 474//85 1935//85
f 1935//85 474//85 122//85 475//85
f 1934//83 1935//83 475//83 476//83
f 1933//82 1934//82 476//82 477//82
f 469//84 1933//84 477//84 121//84
f 470//84 1930//84 1933//84 469//84
f 471//84 1927//84 1930//84 470//84
f 1936//86 1937//86 1940//86 1939//86
f 1937//87 1938//87 1941//87 1940//87
f 1939//86 1940//86 1943//86 1942//86
f 1940//87 1941//87 1944//87 1943//87
f 118//88 459//88 1936//88 472//88
f 459//86 458//86 1937//86 1936//86
f 458//87 457//87 1938//87 1937//87
f 457//89 119//89 478//89 1938//89
f 1938//89 478//89 479//89 1941//89
f 1941//89 479//89 480//89 1944//89
f 1944//89 480//89 123//89 481//89
f 1943//87 1944//87 481//87 482//87
f 1942//86 1943//86 482//86 483//86
f 474//88 1942//88 483//88 122//88
f 473//88 1939//88 1942//88 474//88
f 472//88 1936//88 1939//88 473//88
f 1945//90 1946//90 1949//90 1948//90
f 1946//91 1947//91 1950//91 1949//91
f 1948//90 1949//90 1952//90 1951//90
f 1949//91 1950//91 1953//91 1952//91
f 119//92 465//92 1945//92 478//92
f 465//90 464//90 1946//90 1945//90
f 464//91 463//91 1947//91 1946//91
f 463//93 120//93 484//93 1947//93
f 1947//93 484//93 485//93 1950//93
f 1950//93 485//93 486//93 1953//93
f 1953//93 486//93 124//93 487//93
f 1952//91 1953//91 487//91 488//91
f 1951//90 1952//90 488//90 489//90
f 480//92 1951//92 489//92 123//92
f 479//92 1948//92 1951//92 480//92
f 478//92 1945//92 1948//92 479//92
f 1954//94 1955//94 1958//94 1957//94
f 1955//95 1956//95 1959//95 1958//95
f 1957//94 1958//94 1961//94 1960//94
f 1958//95 1959//95 1962//95 1961//95
f 120//96 468//96 1954//96 484//96
f 468//94 467//94 1955//94 1954//94
f 467//95 466//95 1956//95 1955//95
f 466//97 117//97 471//97 1956//97
f 1956//98 471//98 470//98 1959//98
f 1959//97 470//97 469//97 1962//97
f 1962//97 469//97 121//97 490//97
f 1961//95 1962//95 490//95 491//95
f 1960//94 1961//94 491//94 492//94
f 486//96 1960//96 492//96 124//96
f 485//96 1957//96 1960//96 486//96
f 484//96 1954//96 1957//96 485//96
f 1963//82 1964//82 1967//82 1966//82
f 1964//83 1965//83 1968//83 1967//83
f 1966//99 1967//99 1970//99 1969//99
f 1967//100 1968//100 1971//100 1970//100
f 121//84 477//84 1963//84 495//84
f 477//82 476//82 1964//82 1963//82
f 476//83 475//83 1965//83 1964//83
f 475//85 122//85 496//85 1965//85
f 1965//101 496//101 497//101 1968//101
f 1968//102 497//102 498//102 1971//102
f 1971//103 498//103 126//103 499//103
f 1970//100 1971//100 499//100 500//100
f 1969//104 1970//104 500//104 501//104
f 493//105 1969//105 501//105 125//105
f 494//106 1966//106 1969//106 493//106
f 495//107 1963//107 1966//107 494//107
f 1972//108 1973//108 1976//108 1975//108
f 1973//109 1974//109 1977//109 1976//109
f 1975//110 1976//110 1979//110 1978//110
f 1976//111 1977//111 1980//111 1979//111
f 122//88 483//88 1972//88 496//88
f 483//86 482//86 1973//86 1972//86
f 482//112 481//112 1974//112 1973//112
f 481//89 123//89 502//89 1974//89
f 1974//113 502//113 503//113 1977//113
f 1977//114 503//114 504//114 1980//114
f 1980//115 504//115 127//115 505//115
f 1979//116 1980//116 505//116 506//116
f 1978//117 1979//117 506//117 507//117
f 498//118 1978//118 507//118 126//118
f 497//119 1975//119 1978//119 498//119
f 496//120 1972//120 1975//120 497//120
f 1981//121 1982//121 1985//121 1984//121
f 1982//122 1983//122 1986//122 1985//122
f 1984//123 1985//123 1988//123 1987//123
f 1985//124 1986//124 1989//124 1988//124
f 123//125 489//125 1981//125 502//125
f 489//126 488//126 1982//126 1981//126
f 488//127 487//127 1983//127 1982//127
f 487//128 124//128 508//128 1983//128
f 1983//129 508//129 509//129 1986//129
f 1986//130 509//130 510//130 1989//130
f 1989//131 510//131 128//131 511//131
f 1988//132 1989//132 511//132 512//132
f 1987//133 1988//133 512//133 513//133
f 504//134 1987//134 513//134 127//134
f 503//135 1984//135 1987//135 504//135
f 502//136 1981//136 1984//136 503//136
f 1990//137 1991//137 1994//137 1993//137
f 1991//138 1992//138 1995//138 1994//138
f 1993//139 1994//139 1997//139 1996//139
f 1994//140 1995//140 1998//140 1997//140
f 124//141 492//141 1990//141 508//141
f 492//142 491//142 1991//142 1990//142
f 491//95 490//95 1992//95 1991//95
f 490//143 121//143 495//143 1992//143
f 1992//144 495//144 494//144 1995//144
f 1995//145 494//145 493//145 1998//145
f 1998//146 493//146 125//146 514//146
f 1997//147 1998//147 514//147 515//147
f 1996//148 1997//148 515//148 516//148
f 510//149 1996//149 516//149 128//149
f 509//150 1993//150 1996//150 510//150
f 508//151 1990//151 1993//151 509//151
f 1999//152 2000//152 2003//152 2002//152
f 2000//153 2001//153 2004//153 2003//153
f 2002//154 2003//154 2006//154 2005//154
f 2003//155 2004//155 2007//155 2006//155
f 125//156 501//156 1999//156 519//156
f 501//157 500//157 2000//157 1999//157
f 500//158 499//158 2001//158 2000//158
f 499//159 126//159 520//159 2001//159
f 2001//160 520//160 521//160 2004//160
f 2004//161 521//161 522//161 2007//161
f 2007//162 522//162 46//162 523//162
f 2006//163 2007//163 523//163 524//163
f 2005//164 2006//164 524//164 525//164
f 517//165 2005//165 525//165 45//165
f 518//166 2002//166 2005//166 517//166
f 519//167 1999//167 2002//167 518//167
f 2008//168 2009//168 2012//168 2011//168
f 2009//169 2010//169 2013//169 2012//169
f 2011//170 2012//170 2015//170 2014//170
f 2012//171 2013//171 2016//171 2015//171
f 126//172 507//172 2008//172 520//172
f 507//173 506//173 2009//173 2008//173
f 506//174 505//174 2010//174 2009//174
f 505//175 127//175 526//175 2010//175
f 2010//176 526//176 527//176 2013//176
f 2013//177 527//177 528//177 2016//177
f 2016//178 528//178 47//178 529//178
f 2015//179 2016//179 529//179 530//179
f 2014//180 2015//180 530//180 531//180
f 522//181 2014//181 531//181 46//181
f 521//182 2011//182 2014//182 522//182
f 520//183 2008//183 2011//183 521//183
f 2017//184 2018//184 2021//184 2020//184
f 2018//185 2019//185 2022//185 2021//185
f 2020//186 2021//186 2024//186 2023//186
f 2021//187 2022//187 2025//187 2024//187
f 127//188 513//188 2017//188 526//188
f 513//189 512//189 2018//189 2017//189
f 512//190 511//190 2019//190 2018//190
f 511//191 128//191 532//191 2019//191
f 2019//192 532//192 533//192 2022//192
f 2022//193 533//193 534//193 2025//193
f 2025//194 534//194 48//194 535//194
f 2024//195 2025//195 535//195 536//195
f 2023//196 2024//196 536//196 537//196
f 528//197 2023//197 537//197 47//197
f 527//198 2020//198 2023//198 528//198
f 526//199 2017//199 2020//199 527//199
f 2026//200 2027//200 2030//200 2029//200
f 2027//201 2028//201 2031//201 2030//201
f 2029//202 2030//202 2033//202 2032//202
f 2030//203 2031//203 2034//203 2033//203
f 128//204 516//204 2026//204 532//204
f 516//205 515//205 2027//205 2026//205
f 515//206 514//206 2028//206 2027//206
f 514//207 125//207 519//207 2028//207
f 2028//208 519//208 518//208 2031//208
f 2031//209 518//209 517//209 2034//209
f 2034//210 517//210 45//210 538//210
f 2033//211 2034//211 538//211 539//211
f 2032//212 2033//212 539//212 540//212
f 534//213 2032//213 540//213 48//213
f 533//214 2029//214 2032//214 534//214
f 532//215 2026//215 2029//215 533//215
f 2035//216 2036//216 2039//216 2038//216
f 2036//217 2037//217 2040//217 2039//217
f 2038//218 2039//218 2042//218 2041//218
f 2039//219 2040//219 2043//219 2042//219
f 45//220 525//220 2035//220 543//220
f 525//221 524//221 2036//221 2035//221
f 524//222 523//222 2037//222 2036//222
f 523//223 46//223 544//223 2037//223
f 2037//224 544//224 545//224 2040//224
f 2040//225 545//225 546//225 2043//225
f 2043//226 546//226 130//226 547//226
f 2042//227 2043//227 547//227 548//227
f 2041//228 2042//228 548//228 549//228
f 541//229 2041//229 549//229 129//229
f 542//230 2038//230 2041//230 541//230
f 543//231 2035//231 2038//231 542//231
f 2044//232 2045//232 2048//232 2047//232
f 2045//233 2046//233 2049//233 2048//233
f 2047//234 2048//234 2051//234 2050//234
f 2048//235 2049//235 2052//235 2051//235
f 46//236 531//236 2044//236 544//236
f 531//237 530//237 2045//237 2044//237
f 530//238 529//238 2046//238 2045//238
f 529//239 47//239 550//239 2046//239
f 2046//240 550//240 551//240 2049//240
f 2049//241 551//241 552//241 2052//241
f 2052//242 552//242 131//242 553//242
f 2051//243 2052//243 553//243 554//243
f 2050//244 2051//244 554//244 555//244
f 546//245 2050//245 555//245 130//245
f 545//246 2047//246 2050//246 546//246
f 544//247 2044//247 2047//247 545//247
f 2053//248 2054//248 2057//248 2056//248
f 2054//249 2055//249 2058//249 2057//249
f 2056//250 2057//250 2060//250 2059//250
f 2057//251 2058//251 2061//251 2060//251
f 47//252 537//252 2053//252 550//252
f 537//253 536//253 2054//253 2053//253
f 536//254 535//254 2055//254 2054//254
f 535//255 48//255 556//255 2055//255
f 2055//256 556//256 557//256 2058//256
f 2058//257 557//257 558//257 2061//257
f 2061//258 558//258 132//258 559//258
f 2060//259 2061//259 559//259 560//259
f 2059//260 2060//260 560//260 561//260
f 552//261 2059//261 561//261 131//261
f 551//262 2056//262 2059//262 552//262
f 550//263 2053//263 2056//263 551//263
f 2062//264 2063//264 2066//264 2065//264
f 2063//265 2064//265 2067//265 2066//265
f 2065//266 2066//266 2069//266 2068//266
f 2066//267 2067//267 2070//267 2069//267
f 48//268 540//268 2062//268 556//268
f 540//269 539//269 2063//269 2062//269
f 539//270 538//270 2064//270 2063//270
f 538//271 45//271 543//271 2064//271
f 2064//272 543//272 542//272 2067//272
f 2067//273 542//273 541//273 2070//273
f 2070//274 541//274 129//274 562//274
f 2069//275 2070//275 562//275 563//275
f 2068//276 2069//276 563//276 564//276
f 558//277 2068//277 564//277 132//277
f 557//278 2065//278 2068//278 558//278
f 556//279 2062//279 2065//279 557//279
f 2071//280 2072//280 2075//280 2074//280
f 2072//281 2073//281 2076//281 2075//281
f 2074//282 2075//282 2078//282 2077//282
f 2075//283 2076//283 2079//283 2078//283
f 129//284 549//284 2071//284 567//284
f 549//285 548//285 2072//285 2071//285
f 548//286 547//286 2073//286 2072//286
f 547//287 130//287 568//287 2073//287
f 2073//288 568//288 569//288 2076//288
f 2076//289 569//289 570//289 2079//289
f 2079//290 570//290 134//290 571//290
f 2078//291 2079//291 571//291 572//291
f 2077//292 2078//292 572//292 573//292
f 565//293 2077//293 573//293 133//293
f 566//294 2074//294 2077//294 565//294
f 567//295 2071//295 2074//295 566//295
f 2080//296 2081//296 2084//296 2083//296
f 2081//297 2082//297 2085//297 2084//297
f 2083//298 2084//298 2087//298 2086//298
f 2084//299 2085//299 2088//299 2087//299
f 130//300 555//300 2080//300 568//300
f 555//301 554//301 2081//301 2080//301
f 554//302 553//302 2082//302 2081//302
f 553//303 131//303 574//303 2082//303
f 2082//304 574//304 575//304 2085//304
f 2085//305 575//305 576//305 2088//305
f 2088//306 576//306 135//306 577//306
f 2087//307 2088//307 577//307 578//307
f 2086//308 2087//308 578//308 579//308
f 570//309 2086//309 579//309 134//309
f 569//310 2083//310 2086//310 570//310
f 568//311 2080//311 2083//311 569//311
f 2089//312 2090//312 2093//312 2092//312
f 2090//313 2091//313 2094//313 2093//313
f 2092//314 2093//314 2096//314 2095//314
f 2093//315 2094//315 2097//315 2096//315
f 131//316 561//316 2089//316 574//316
f 561//317 560//317 2090//317 2089//317
f 560//313 559//313 2091//313 2090//313
f 559//318 132//318 580//318 2091//318
f 2091//319 580//319 581//319 2094//319
f 2094//319 581//319 582//319 2097//319
f 2097//320 582//320 136//320 583//320
f 2096//315 2097//315 583//315 584//315
f 2095//314 2096//314 584//314 585//314
f 576//321 2095//321 585//321 135//321
f 575//322 2092//322 2095//322 576//322
f 574//323 2089//323 2092//323 575//323
f 2098//324 2099//324 2102//324 2101//324
f 2099//325 2100//325 2103//325 2102//325
f 2101//326 2102//326 2105//326 2104//326
f 2102//327 2103//327 2106//327 2105//327
f 132//328 564//328 2098//328 580//328
f 564//329 563//329 2099//329 2098//329
f 563//330 562//330 2100//330 2099//330
f 562//331 129//331 567//331 2100//331
f 2100//332 567//332 566//332 2103//332
f 2103//333 566//333 565//333 2106//333
f 2106//334 565//334 133//334 586//334
f 2105//335 2106//335 586//335 587//335
f 2104//326 2105//326 587//326 588//326
f 582//336 2104//336 588//336 136//336
f 581//337 2101//337 2104//337 582//337
f 580//338 2098//338 2101//338 581//338
f 2107//339 2108//339 2111//339 2110//339
f 2108//340 2109//340 2112//340 2111//340
f 2110//341 2111//341 2114//341 2113//341
f 2111//342 2112//342 2115//342 2114//342
f 133//293 573//293 2107//293 591//293
f 573//343 572//343 2108//343 2107//343
f 572//344 571//344 2109//344 2108//344
f 571//345 134//345 592//345 2109//345
f 2109//346 592//346 593//346 2112//346
f 2112//347 593//347 594//347 2115//347
f 2115//348 594//348 138//348 595//348
f 2114//349 2115//349 595//349 596//349
f 2113//350 2114//350 596//350 597//350
f 589//351 2113//351 597//351 137//351
f 590//352 2110//352 2113//352 589//352
f 591//352 2107//352 2110//352 590//352
f 2116//353 2117//353 2120//353 2119//353
f 2117//354 2118//354 2121//354 2120//354
f 2119//355 2120//355 2123//355 2122//355
f 2120//356 2121//356 2124//356 2123//356
f 134//357 579//357 2116//357 592//357
f 579//308 578//308 2117//308 2116//308
f 578//307 577//307 2118//307 2117//307
f 577//306 135//306 598//306 2118//306
f 2118//358 598//358 599//358 2121//358
f 2121//359 599//359 600//359 2124//359
f 2124//360 600//360 139//360 601//360
f 2123//361 2124//361 601//361 602//361
f 2122//362 2123//362 602//362 603//362
f 594//363 2122//363 603//363 138//363
f 593//357 2119//357 2122//357 594//357
f 592//357 2116//357 2119//357 593//357
f 2125//364 2126//364 2129//364 2128//364
f 2126//365 2127//365 2130//365 2129//365
f 2128//366 2129//366 2132//366 2131//366
f 2129//367 2130//367 2133//367 2132//367
f 135//368 585//368 2125//368 598//368
f 585//369 584//369 2126//369 2125//369
f 584//370 583//370 2127//370 2126//370
f 583//371 136//371 604//371 2127//371
f 2127//372 604//372 605//372 2130//372
f 2130//373 605//373 606//373 2133//373
f 2133//374 606//374 140//374 607//374
f 2132//375 2133//375 607//375 608//375
f 2131//376 2132//376 608//376 609//376
f 600//377 2131//377 609//377 139//377
f 599//378 2128//378 2131//378 600//378
f 598//379 2125//379 2128//379 599//379
f 2134//380 2135//380 2138//380 2137//380
f 2135//381 2136//381 2139//381 2138//381
f 2137//382 2138//382 2141//382 2140//382
f 2138//383 2139//383 2142//383 2141//383
f 136//384 588//384 2134//384 604//384
f 588//385 587//385 2135//385 2134//385
f 587//335 586//335 2136//335 2135//335
f 586//334 133//334 591//334 2136//334
f 2136//386 591//386 590//386 2139//386
f 2139//387 590//387 589//387 2142//387
f 2142//388 589//388 137//388 610//388
f 2141//389 2142//389 610//389 611//389
f 2140//390 2141//390 611//390 612//390
f 606//391 2140//391 612//391 140//391
f 605//392 2137//392 2140//392 606//392
f 604//393 2134//393 2137//393 605//393
f 2143//394 2144//394 2147//394 2146//394
f 2144//395 2145//395 2148//395 2147//395
f 2146//396 2147//396 2150//396 2149//396
f 2147//397 2148//397 2151//397 2150//397
f 137//398 597//398 2143//398 615//398
f 597//399 596//399 2144//399 2143//399
f 596//400 595//400 2145//400 2144//400
f 595//401 138//401 616//401 2145//401
f 2145//402 616//402 617//402 2148//402
f 2148//403 617//403 618//403 2151//403
f 2151//404 618//404 6//404 619//404
f 2150//405 2151//405 619//405 620//405
f 2149//406 2150//406 620//406 621//406
f 613//407 2149//407 621//407 5//407
f 614//408 2146//408 2149//408 613//408
f 615//409 2143//409 2146//409 614//409
f 2152//410 2153//410 2156//410 2155//410
f 2153//411 2154//411 2157//411 2156//411
f 2155//412 2156//412 2159//412 2158//412
f 2156//413 2157//413 2160//413 2159//413
f 138//414 603//414 2152//414 616//414
f 603//415 602//415 2153//415 2152//415
f 602//416 601//416 2154//416 2153//416
f 601//417 139//417 622//417 2154//417
f 2154//418 622//418 623//418 2157//418
f 2157//419 623//419 624//419 2160//419
f 2160//420 624//420 7//420 625//420
f 2159//421 2160//421 625//421 626//421
f 2158//422 2159//422 626//422 627//422
f 618//423 2158//423 627//423 6//423
f 617//424 2155//424 2158//424 618//424
f 616//425 2152//425 2155//425 617//425
f 2161//426 2162//426 2165//426 2164//426
f 2162//427 2163//427 2166//427 2165//427
f 2164//428 2165//428 2168//428 2167//428
f 2165//429 2166//429 2169//429 2168//429
f 139//430 609//430 2161//430 622//430
f 609//431 608//431 2162//431 2161//431
f 608//432 607//432 2163//432 2162//432
f 607//433 140//433 628//433 2163//433
f 2163//434 628//434 629//434 2166//434
f 2166//435 629//435 630//435 2169//435
f 2169//436 630//436 8//436 631//436
f 2168//437 2169//437 631//437 632//437
f 2167//438 2168//438 632//438 633//438
f 624//439 2167//439 633//439 7//439
f 623//440 2164//440 2167//440 624//440
f 622//441 2161//441 2164//441 623//441
f 2170//442 2171//442 2174//442 2173//442
f 2171//443 2172//443 2175//443 2174//443
f 2173//444 2174//444 2177//444 2176//444
f 2174//445 2175//445 2178//445 2177//445
f 140//446 612//446 2170//446 628//446
f 612//447 611//447 2171//447 2170//447
f 611//448 610//448 2172//448 2171//448
f 610//449 137//449 615//449 2172//449
f 2172//450 615//450 614//450 2175//450
f 2175//451 614//451 613//451 2178//451
f 2178//452 613//452 5//452 634//452
f 2177//453 2178//453 634//453 635//453
f 2176//454 2177//454 635//454 636//454
f 630//455 2176//455 636//455 8//455
f 629//456 2173//456 2176//456 630//456
f 628//457 2170//457 2173//457 629//457
f 2179//458 2180//458 2183//458 2182//458
f 2180//459 2181//459 2184//459 2183//459
f 2182//460 2183//460 2186//460 2185//460
f 2183//461 2184//461 2187//461 2186//461
f 5//462 621//462 2179//462 639//462
f 621//463 620//463 2180//463 2179//463
f 620//464 619//464 2181//464 2180//464
f 619//465 6//465 640//465 2181//465
f 2181//466 640//466 641//466 2184//466
f 2184//467 641//467 642//467 2187//467
f 2187//468 642//468 142//468 643//468
f 2186//469 2187//469 643//469 644//469
f 2185//470 2186//470 644//470 645//470
f 637//471 2185//471 645//471 141//471
f 638//472 2182//472 2185//472 637//472
f 639//473 2179//473 2182//473 638//473
f 2188//474 2189//474 2192//474 2191//474
f 2189//475 2190//475 2193//475 2192//475
f 2191//476 2192//476 2195//476 2194//476
f 2192//477 2193//477 2196//477 2195//477
f 6//478 627//478 2188//478 640//478
f 627//479 626//479 2189//479 2188//479
f 626//480 625//480 2190//480 2189//480
f 625//481 7//481 646//481 2190//481
f 2190//482 646//482 647//482 2193//482
f 2193//483 647//483 648//483 2196//483
f 2196//484 648//484 143//484 649//484
f 2195//485 2196//485 649//485 650//485
f 2194//486 2195//486 650//486 651//486
f 642//487 2194//487 651//487 142//487
f 641//488 2191//488 2194//488 642//488
f 640//489 2188//489 2191//489 641//489
f 2197//490 2198//490 2201//490 2200//490
f 2198//491 2199//491 2202//491 2201//491
f 2200//492 2201//492 2204//492 2203//492
f 2201//493 2202//493 2205//493 2204//493
f 7//494 633//494 2197//494 646//494
f 633//495 632//495 2198//495 2197//495
f 632//496 631//496 2199//496 2198//496
f 631//497 8//497 652//497 2199//497
f 2199//498 652//498 653//498 2202//498
f 2202//499 653//499 654//499 2205//499
f 2205//500 654//500 144//500 655//500
f 2204//501 2205//501 655//501 656//501
f 2203//502 2204//502 656//502 657//502
f 648//503 2203//503 657//503 143//503
f 647//504 2200//504 2203//504 648//504
f 646//505 2197//505 2200//505 647//505
f 2206//506 2207//506 2210//506 2209//506
f 2207//507 2208//507 2211//507 2210//507
f 2209//508 2210//508 2213//508 2212//508
f 2210//509 2211//509 2214//509 2213//509
f 8//510 636//510 2206//510 652//510
f 636//511 635//511 2207//511 2206//511
f 635//512 634//512 2208//512 2207//512
f 634//513 5//513 639//513 2208//513
f 2208//514 639//514 638//514 2211//514
f 2211//515 638//515 637//515 2214//515
f 2214//516 637//516 141//516 658//516
f 2213//517 2214//517 658//517 659//517
f 2212//518 2213//518 659//518 660//518
f 654//519 2212//519 660//519 144//519
f 653//520 2209//520 2212//520 654//520
f 652//521 2206//521 2209//521 653//521
f 2215//522 2216//522 2219//522 2218//522
f 2216//523 2217//523 2220//523 2219//523
f 2218//524 2219//524 2222//524 2221//524
f 2219//525 2220//525 2223//525 2222//525
f 141//526 645//526 2215//526 663//526
f 645//527 644//527 2216//527 2215//527
f 644//528 643//528 2217//528 2216//528
f 643//529 142//529 664//529 2217//529
f 2217//530 664//530 665//530 2220//530
f 2220//531 665//531 666//531 2223//531
f 2223//532 666//532 146//532 667//532
f 2222//533 2223//533 667//533 668//533
f 2221//534 2222//534 668//534 669//534
f 661//535 2221//535 669//535 145//535
f 662//536 2218//536 2221//536 661//536
f 663//537 2215//537 2218//537 662//537
f 2224//538 2225//538 2228//538 2227//538
f 2225//539 2226//539 2229//539 2228//539
f 2227//540 2228//540 2231//540 2230//540
f 2228//541 2229//541 2232//541 2231//541
f 142//542 651//542 2224//542 664//542
f 651//543 650//543 2225//543 2224//543
f 650//544 649//544 2226//544 2225//544
f 649//545 143//545 670//545 2226//545
f 2226//546 670//546 671//546 2229//546
f 2229//547 671//547 672//547 2232//547
f 2232//548 672//548 147//548 673//548
f 2231//549 2232//549 673//549 674//549
f 2230//550 2231//550 674//550 675//550
f 666//551 2230//551 675//551 146//551
f 665//552 2227//552 2230//552 666//552
f 664//553 2224//553 2227//553 665//553
f 2233//554 2234//554 2237//554 2236//554
f 2234//555 2235//555 2238//555 2237//555
f 2236//556 2237//556 2240//556 2239//556
f 2237//557 2238//557 2241//557 2240//557
f 143//558 657//558 2233//558 670//558
f 657//559 656//559 2234//559 2233//559
f 656//560 655//560 2235//560 2234//560
f 655//561 144//561 676//561 2235//561
f 2235//562 676//562 677//562 2238//562
f 2238//563 677//563 678//563 2241//563
f 2241//564 678//564 148//564 679//564
f 2240//565 2241//565 679//565 680//565
f 2239//566 2240//566 680//566 681//566
f 672//567 2239//567 681//567 147//567
f 671//568 2236//568 2239//568 672//568
f 670//569 2233//569 2236//569 671//569
f 2242//570 2243//570 2246//570 2245//570
f 2243//571 2244//571 2247//571 2246//571
f 2245//572 2246//572 2249//572 2248//572
f 2246//573 2247//573 2250//573 2249//573
f 144//574 660//574 2242//574 676//574
f 660//575 659//575 2243//575 2242//575
f 659//576 658//576 2244//576 2243//576
f 658//577 141//577 663//577 2244//577
f 2244//578 663//578 662//578 2247//578
f 2247//579 662//579 661//579 2250//579
f 2250//580 661//580 145//580 682//580
f 2249//581 2250//581 682//581 683//581
f 2248//582 2249//582 683//582 684//582
f 678//583 2248//583 684//583 148//583
f 677//584 2245//584 2248//584 678//584
f 676//585 2242//585 2245//585 677//585
f 2251//586 2252//586 2255//586 2254//586
f 2252//587 2253//587 2256//587 2255//587
f 2254//588 2255//588 2258//588 2257//588
f 2255//589 2256//589 2259//589 2258//589
f 145//590 669//590 2251//590 687//590
f 669//591 668//591 2252//591 2251//591
f 668//592 667//592 2253//592 2252//592
f 667//593 146//593 688//593 2253//593
f 2253//594 688//594 689//594 2256//594
f 2256//595 689//595 690//595 2259//595
f 2259//596 690//596 50//596 691//596
f 2258//597 2259//597 691//597 692//597
f 2257//598 2258//598 692//598 693//598
f 685//599 2257//599 693//599 49//599
f 686//600 2254//600 2257//600 685//600
f 687//601 2251//601 2254//601 686//601
f 2260//602 2261//602 2264//602 2263//602
f 2261//603 2262//603 2265//603 2264//603
f 2263//604 2264//604 2267//604 2266//604
f 2264//605 2265//605 2268//605 2267//605
f 146//606 675//606 2260//606 688//606
f 675//607 674//607 2261//607 2260//607
f 674//608 673//608 2262//608 2261//608
f 673//609 147//609 694//609 2262//609
f 2262//610 694//610 695//610 2265//610
f 2265//611 695//611 696//611 2268//611
f 2268//612 696//612 51//612 697//612
f 2267//613 2268//613 697//613 698//613
f 2266//614 2267//614 698//614 699//614
f 690//615 2266//615 699//615 50//615
f 689//616 2263//616 2266//616 690//616
f 688//617 2260//617 2263//617 689//617
f 2269//618 2270//618 2273//618 2272//618
f 2270//619 2271//619 2274//619 2273//619
f 2272//620 2273//620 2276//620 2275//620
f 2273//621 2274//621 2277//621 2276//621
f 147//622 681//622 2269//622 694//622
f 681//623 680//623 2270//623 2269//623
f 680//624 679//624 2271//624 2270//624
f 679//625 148//625 700//625 2271//625
f 2271//626 700//626 701//626 2274//626
f 2274//627 701//627 702//627 2277//627
f 2277//628 702//628 52//628 703//628
f 2276//629 2277//629 703//629 704//629
f 2275//630 2276//630 704//630 705//630
f 696//631 2275//631 705//631 51//631
f 695//632 2272//632 2275//632 696//632
f 694//633 2269//633 2272//633 695//633
f 2278//634 2279//634 2282//634 2281//634
f 2279//635 2280//635 2283//635 2282//635
f 2281//636 2282//636 2285//636 2284//636
f 2282//637 2283//637 2286//637 2285//637
f 148//638 684//638 2278//638 700//638
f 684//639 683//639 2279//639 2278//639
f 683//640 682//640 2280//640 2279//640
f 682//641 145//641 687//641 2280//641
f 2280//642 687//642 686//642 2283//642
f 2283//643 686//643 685//643 2286//643
f 2286//644 685//644 49//644 706//644
f 2285//645 2286//645 706//645 707//645
f 2284//646 2285//646 707//646 708//646
f 702//647 2284//647 708//647 52//647
f 701//648 2281//648 2284//648 702//648
f 700//649 2278//649 2281//649 701//649
f 2287//650 2288//650 2291//650 2290//650
f 2288//651 2289//651 2292//651 2291//651
f 2290//652 2291//652 2294//652 2293//652
f 2291//653 2292//653 2295//653 2294//653
f 49//654 693//654 2287//654 711//654
f 693//655 692//655 2288//655 2287//655
f 692//656 691//656 2289//656 2288//656
f 691//657 50//657 712//657 2289//657
f 2289//658 712//658 713//658 2292//658
f 2292//659 713//659 714//659 2295//659
f 2295//660 714//660 150//660 715//660
f 2294//661 2295//661 715//661 716//661
f 2293//662 2294//662 716//662 717//662
f 709//663 2293//663 717//663 149//663
f 710//664 2290//664 2293//664 709//664
f 711//665 2287//665 2290//665 710//665
f 2296//666 2297//666 2300//666 2299//666
f 2297//667 2298//667 2301//667 2300//667
f 2299//668 2300//668 2303//668 2302//668
f 2300//669 2301//669 2304//669 2303//669
f 50//670 699//670 2296//670 712//670
f 699//671 698//671 2297//671 2296//671
f 698//672 697//672 2298//672 2297//672
f 697//673 51//673 718//673 2298//673
f 2298//674 718//674 719//674 2301//674
f 2301//675 719//675 720//675 2304//675
f 2304//676 720//676 151//676 721//676
f 2303//677 2304//677 721//677 722//677
f 2302//678 2303//678 722//678 723//678
f 714//679 2302//679 723//679 150//679
f 713//680 2299//680 2302//680 714//680
f 712//681 2296//681 2299//681 713//681
f 2305//682 2306//682 2309//682 2308//682
f 2306//683 2307//683 2310//683 2309//683
f 2308//684 2309//684 2312//684 2311//684
f 2309//685 2310//685 2313//685 2312//685
f 51//686 705//686 2305//686 718//686
f 705//687 704//687 2306//687 2305//687
f 704//688 703//688 2307//688 2306//688
f 703//689 52//689 724//689 2307//689
f 2307//690 724//690 725//690 2310//690
f 2310//691 725//691 726//691 2313//691
f 2313//692 726//692 152//692 727//692
f 2312//693 2313//693 727//693 728//693
f 2311//694 2312//694 728//694 729//694
f 720//695 2311//695 729//695 151//695
f 719//696 2308//696 2311//696 720//696
f 718//697 2305//697 2308//697 719//697
f 2314//698 2315//698 2318//698 2317//698
f 2315//699 2316//699 2319//699 2318//699
f 2317//700 2318//700 2321//700 2320//700
f 2318//701 2319//701 2322//701 2321//701
f 52//702 708//702 2314//702 724//702
f 708//703 707//703 2315//703 2314//703
f 707//704 706//704 2316//704 2315//704
f 706//705 49//705 711//705 2316//705
f 2316//706 711//706 710//706 2319//706
f 2319//707 710//707 709//707 2322//707
f 2322//708 709//708 149//708 730//708
f 2321//709 2322//709 730//709 731//709
f 2320//710 2321//710 731//710 732//710
f 726//711 2320//711 732//711 152//711
f 725//712 2317//712 2320//712 726//712
f 724//713 2314//713 2317//713 725//713
f 2323//714 2324//714 2327//714 2326//714
f 2324//715 2325//715 2328//715 2327//715
f 2326//716 2327//716 2330//716 2329//716
f 2327//717 2328//717 2331//717 2330//717
f 149//718 717//718 2323//718 735//718
f 717//719 716//719 2324//719 2323//719
f 716//720 715//720 2325//720 2324//720
f 715//721 150//721 736//721 2325//721
f 2325//722 736//722 737//722 2328//722
f 2328//723 737//723 738//723 2331//723
f 2331//724 738//724 10//724 739//724
f 2330//725 2331//725 739//725 740//725
f 2329//726 2330//726 740//726 741//726
f 733//727 2329//727 741//727 9//727
f 734//728 2326//728 2329//728 733//728
f 735//729 2323//729 2326//729 734//729
f 2332//730 2333//730 2336//730 2335//730
f 2333//731 2334//731 2337//731 2336//731
f 2335//732 2336//732 2339//732 2338//732
f 2336//733 2337//733 2340//733 2339//733
f 150//734 723//734 2332//734 736//734
f 723//735 722//735 2333//735 2332//735
f 722//736 721//736 2334//736 2333//736
f 721//737 151//737 742//737 2334//737
f 2334//738 742//738 743//738 2337//738
f 2337//739 743//739 744//739 2340//739
f 2340//740 744//740 11//740 745//740
f 2339//741 2340//741 745//741 746//741
f 2338//742 2339//742 746//742 747//742
f 738//743 2338//743 747//743 10//743
f 737//744 2335//744 2338//744 738//744
f 736//745 2332//745 2335//745 737//745
f 2341//746 2342//746 2345//746 2344//746
f 2342//747 2343//747 2346//747 2345//747
f 2344//748 2345//748 2348//748 2347//748
f 2345//749 2346//749 2349//749 2348//749
f 151//750 729//750 2341//750 742//750
f 729//751 728//751 2342//751 2341//751
f 728//752 727//752 2343//752 2342//752
f 727//753 152//753 748//753 2343//753
f 2343//754 748//754 749//754 2346//754
f 2346//755 749//755 750//755 2349//755
f 2349//756 750//756 12//756 751//756
f 2348//757 2349//757 751//757 752//757
f 2347//758 2348//758 752//758 753//758
f 744//759 2347//759 753//759 11//759
f 743//760 2344//760 2347//760 744//760
f 742//761 2341//761 2344//761 743//761
f 2350//762 2351//762 2354//762 2353//762
f 2351//763 2352//763 2355//763 2354//763
f 2353//764 2354//764 2357//764 2356//764
f 2354//765 2355//765 2358//765 2357//765
f 152//766 732//766 2350//766 748//766
f 732//767 731//767 2351//767 2350//767
f 731//768 730//768 2352//768 2351//768
f 730//769 149//769 735//769 2352//769
f 2352//770 735//770 734//770 2355//770
f 2355//771 734//771 733//771 2358//771
f 2358//772 733//772 9//772 754//772
f 2357//773 2358//773 754//773 755//773
f 2356//774 2357//774 755//774 756//774
f 750//775 2356//775 756//775 12//775
f 749//776 2353//776 2356//776 750//776
f 748//777 2350//777 2353//777 749//777
f 2359//778 2360//778 2363//778 2362//778
f 2360//779 2361//779 2364//779 2363//779
f 2362//780 2363//780 2366//780 2365//780
f 2363//781 2364//781 2367//781 2366//781
f 9//782 741//782 2359//782 759//782
f 741//783 740//783 2360//783 2359//783
f 740//784 739//784 2361//784 2360//784
f 739//785 10//785 760//785 2361//785
f 2361//786 760//786 761//786 2364//786
f 2364//787 761//787 762//787 2367//787
f 2367//788 762//788 154//788 763//788
f 2366//789 2367//789 763//789 764//789
f 2365//790 2366//790 764//790 765//790
f 757//791 2365//791 765//791 153//791
f 758//792 2362//792 2365//792 757//792
f 759//793 2359//793 2362//793 758//793
f 2368//794 2369//794 2372//794 2371//794
f 2369//795 2370//795 2373//795 2372//795
f 2371//796 2372//796 2375//796 2374//796
f 2372//797 2373//797 2376//797 2375//797
f 10//798 747//798 2368//798 760//798
f 747//799 746//799 2369//799 2368//799
f 746//800 745//800 2370//800 2369//800
f 745//801 11//801 766//801 2370//801
f 2370//802 766//802 767//802 2373//802
f 2373//803 767//803 768//803 2376//803
f 2376//804 768//804 155//804 769//804
f 2375//805 2376//805 769//805 770//805
f 2374//806 2375//806 770//806 771//806
f 762//807 2374//807 771//807 154//807
f 761//808 2371//808 2374//808 762//808
f 760//809 2368//809 2371//809 761//809
f 2377//810 2378//810 2381//810 2380//810
f 2378//811 2379//811 2382//811 2381//811
f 2380//812 2381//812 2384//812 2383//812
f 2381//813 2382//813 2385//813 2384//813
f 11//814 753//814 2377//814 766//814
f 753//815 752//815 2378//815 2377//815
f 752//816 751//816 2379//816 2378//816
f 751//817 12//817 772//817 2379//817
f 2379//818 772//818 773//818 2382//818
f 2382//819 773//819 774//819 2385//819
f 2385//820 774//820 156//820 775//820
f 2384//821 2385//821 775//821 776//821
f 2383//822 2384//822 776//822 777//822
f 768//823 2383//823 777//823 155//823
f 767//824 2380//824 2383//824 768//824
f 766//825 2377//825 2380//825 767//825
f 2386//826 2387//826 2390//826 2389//826
f 2387//827 2388//827 2391//827 2390//827
f 2389//828 2390//828 2393//828 2392//828
f 2390//829 2391//829 2394//829 2393//829
f 12//830 756//830 2386//830 772//830
f 756//831 755//831 2387//831 2386//831
f 755//832 754//832 2388//832 2387//832
f 754//833 9//833 759//833 2388//833
f 2388//834 759//834 758//834 2391//834
f 2391//835 758//835 757//835 2394//835
f 2394//836 757//836 153//836 778//836
f 2393//837 2394//837 778//837 779//837
f 2392//838 2393//838 779//838 780//838
f 774//839 2392//839 780//839 156//839
f 773//840 2389//840 2392//840 774//840
f 772//841 2386//841 2389//841 773//841
f 2395//842 2396//842 2399//842 2398//842
f 2396//843 2397//843 2400//843 2399//843
f 2398//844 2399//844 2402//844 2401//844
f 2399//845 2400//845 2403//845 2402//845
f 153//846 765//846 2395//846 783//846
f 765//847 764//847 2396//847 2395//847
f 764//848 763//848 2397//848 2396//848
f 763//849 154//849 784//849 2397//849
f 2397//850 784//850 785//850 2400//850
f 2400//851 785//851 786//851 2403//851
f 2403//852 786//852 54//852 787//852
f 2402//853 2403//853 787//853 788//853
f 2401//854 2402//854 788//854 789//854
f 781//855 2401//855 789//855 53//855
f 782//856 2398//856 2401//856 781//856
f 783//857 2395//857 2398//857 782//857
f 2404//858 2405//858 2408//858 2407//858
f 2405//859 2406//859 2409//859 2408//859
f 2407//860 2408//860 2411//860 2410//860
f 2408//861 2409//861 2412//861 2411//861
f 154//862 771//862 2404//862 784//862
f 771//863 770//863 2405//863 2404//863
f 770//864 769//864 2406//864 2405//864
f 769//865 155//865 790//865 2406//865
f 2406//866 790//866 791//866 2409//866
f 2409//867 791//867 792//867 2412//867
f 2412//868 792//868 55//868 793//868
f 2411//869 2412//869 793//869 794//869
f 2410//870 2411//870 794//870 795//870
f 786//871 2410//871 795//871 54//871
f 785//872 2407//872 2410//872 786//872
f 784//873 2404//873 2407//873 785//873
f 2413//874 2414//874 2417//874 2416//874
f 2414//875 2415//875 2418//875 2417//875
f 2416//876 2417//876 2420//876 2419//876
f 2417//877 2418//877 2421//877 2420//877
f 155//878 777//878 2413//878 790//878
f 777//879 776//879 2414//879 2413//879
f 776//880 775//880 2415//880 2414//880
f 775//881 156//881 796//881 2415//881
f 2415//882 796//882 797//882 2418//882
f 2418//883 797//883 798//883 2421//883
f 2421//884 798//884 56//884 799//884
f 2420//885 2421//885 799//885 800//885
f 2419//886 2420//886 800//886 801//886
f 792//887 2419//887 801//887 55//887
f 791//888 2416//888 2419//888 792//888
f 790//889 2413//889 2416//889 791//889
f 2422//890 2423//890 2426//890 2425//890
f 2423//891 2424//891 2427//891 2426//891
f 2425//892 2426//892 2429//892 2428//892
f 2426//893 2427//893 2430//893 2429//893
f 156//894 780//894 2422//894 796//894
f 780//895 779//895 2423//895 2422//895
f 779//896 778//896 2424//896 2423//896
f 778//897 153//897 783//897 2424//897
f 2424//898 783//898 782//898 2427//898
f 2427//899 782//899 781//899 2430//899
f 2430//900 781//900 53//900 802//900
f 2429//901 2430//901 802//901 803//901
f 2428//902 2429//902 803//902 804//902
f 798//903 2428//903 804//903 56//903
f 797//904 2425//904 2428//904 798//904
f 796//905 2422//905 2425//905 797//905
f 2431//906 2432//906 2435//906 2434//906
f 2432//907 2433//907 2436//907 2435//907
f 2434//908 2435//908 2438//908 2437//908
f 2435//909 2436//909 2439//909 2438//909
f 53//910 789//910 2431//910 807//910
f 789//911 788//911 2432//911 2431//911
f 788//912 787//912 2433//912 2432//912
f 787//913 54//913 808//913 2433//913
f 2433//914 808//914 809//914 2436//914
f 2436//915 809//915 810//915 2439//915
f 2439//916 810//916 158//916 811//916
f 2438//917 2439//917 811//917 812//917
f 2437//918 2438//918 812//918 813//918
f 805//919 2437//919 813//919 157//919
f 806//920 2434//920 2437//920 805//920
f 807//921 2431//921 2434//921 806//921
f 2440//922 2441//922 2444//922 2443//922
f 2441//923 2442//923 2445//923 2444//923
f 2443//924 2444//924 2447//924 2446//924
f 2444//925 2445//925 2448//925 2447//925
f 54//926 795//926 2440//926 808//926
f 795//927 794//927 2441//927 2440//927
f 794//928 793//928 2442//928 2441//928
f 793//929 55//929 814//929 2442//929
f 2442//930 814//930 815//930 2445//930
f 2445//931 815//931 816//931 2448//931
f 2448//932 816//932 159//932 817//932
f 2447//933 2448//933 817//933 818//933
f 2446//934 2447//934 818//934 819//934
f 810//935 2446//935 819//935 158//935
f 809//936 2443//936 2446//936 810//936
f 808//937 2440//937 2443//937 809//937
f 2449//938 2450//938 2453//938 2452//938
f 2450//939 2451//939 2454//939 2453//939
f 2452//940 2453//940 2456//940 2455//940
f 2453//941 2454//941 2457//941 2456//941
f 55//942 801//942 2449//942 814//942
f 801//943 800//943 2450//943 2449//943
f 800//944 799//944 2451//944 2450//944
f 799//945 56//945 820//945 2451//945
f 2451//946 820//946 821//946 2454//946
f 2454//947 821//947 822//947 2457//947
f 2457//948 822//948 160//948 823//948
f 2456//949 2457//949 823//949 824//949
f 2455//950 2456//950 824//950 825//950
f 816//951 2455//951 825//951 159//951
f 815//952 2452//952 2455//952 816//952
f 814//953 2449//953 2452//953 815//953
f 2458//954 2459//954 2462//954 2461//954
f 2459//955 2460//955 2463//955 2462//955
f 2461//956 2462//956 2465//956 2464//956
f 2462//957 2463//957 2466//957 2465//957
f 56//958 804//958 2458//958 820//958
f 804//959 803//959 2459//959 2458//959
f 803//960 802//960 2460//960 2459//960
f 802//961 53//961 807//961 2460//961
f 2460//962 807//962 806//962 2463//962
f 2463//963 806//963 805//963 2466//963
f 2466//964 805//964 157//964 826//964
f 2465//965 2466//965 826//965 827//965
f 2464//966 2465//966 827//966 828//966
f 822//967 2464//967 828//967 160//967
f 821//968 2461//968 2464//968 822//968
f 820//969 2458//969 2461//969 821//969
f 2467//970 2468//970 2471//970 2470//970
f 2468//971 2469//971 2472//971 2471//971
f 2470//972 2471//972 2474//972 2473//972
f 2471//973 2472//973 2475//973 2474//973
f 157//974 813//974 2467//974 831//974
f 813//975 812//975 2468//975 2467//975
f 812//976 811//976 2469//976 2468//976
f 811//977 158//977 832//977 2469//977
f 2469//978 832//978 833//978 2472//978
f 2472//979 833//979 834//979 2475//979
f 2475//980 834//980 14//980 835//980
f 2474//981 2475//981 835//981 836//981
f 2473//982 2474//982 836//982 837//982
f 829//983 2473//983 837//983 13//983
f 830//984 2470//984 2473//984 829//984
f 831//985 2467//985 2470//985 830//985
f 2476//986 2477//986 2480//986 2479//986
f 2477//987 2478//987 2481//987 2480//987
f 2479//988 2480//988 2483//988 2482//988
f 2480//989 2481//989 2484//989 2483//989
f 158//990 819//990 2476//990 832//990
f 819//991 818//991 2477//991 2476//991
f 818//992 817//992 2478//992 2477//992
f 817//993 159//993 838//993 2478//993
f 2478//994 838//994 839//994 2481//994
f 2481//995 839//995 840//995 2484//995
f 2484//996 840//996 15//996 841//996
f 2483//997 2484//997 841//997 842//997
f 2482//998 2483//998 842//998 843//998
f 834//999 2482//999 843//999 14//999
f 833//1000 2479//1000 2482//1000 834//1000
f 832//1001 2476//1001 2479//1001 833//1001
f 2485//1002 2486//1002 2489//1002 2488//1002
f 2486//1003 2487//1003 2490//1003 2489//1003
f 2488//1004 2489//1004 2492//1004 2491//1004
f 2489//1005 2490//1005 2493//1005 2492//1005
f 159//1006 825//1006 2485//1006 838//1006
f 825//1007 824//1007 2486//1007 2485//1007
f 824//1008 823//1008 2487//1008 2486//1008
f 823//1009 160//1009 844//1009 2487//1009
f 2487//1010 844//1010 845//1010 2490//1010
f 2490//1011 845//1011 846//1011 2493//1011
f 2493//1012 846//1012 16//1012 847//1012
f 2492//1013 2493//1013 847//1013 848//1013
f 2491//1014 2492//1014 848//1014 849//1014
f 840//1015 2491//1015 849//1015 15//1015
f 839//1016 2488//1016 2491//1016 840//1016
f 838//1017 2485//1017 2488//1017 839//1017
f 2494//1018 2495//1018 2498//1018 2497//1018
f 2495//1019 2496//1019 2499//1019 2498//1019
f 2497//1020 2498//1020 2501//1020 2500//1020
f 2498//1021 2499//1021 2502//1021 2501//1021
f 160//1022 828//1022 2494//1022 844//1022
f 828//1023 827//1023 2495//1023 2494//1023
f 827//1024 826//1024 2496//1024 2495//1024
f 826//1025 157//1025 831//1025 2496//1025
f 2496//1026 831//1026 830//1026 2499//1026
f 2499//1027 830//1027 829//1027 2502//1027
f 2502//1028 829//1028 13//1028 850//1028
f 2501//1029 2502//1029 850//1029 851//1029
f 2500//1030 2501//1030 851//1030 852//1030
f 846//1031 2500//1031 852//1031 16//1031
f 845//1032 2497//1032 2500//1032 846//1032
f 844//1033 2494//1033 2497//1033 845//1033
f 2503//1034 2504//1034 2507//1034 2506//1034
f 2504//1035 2505//1035 2508//1035 2507//1035
f 2506//1036 2507//1036 2510//1036 2509//1036
f 2507//1037 2508//1037 2511//1037 2510//1037
f 13//1038 837//1038 2503//1038 855//1038
f 837//1039 836//1039 2504//1039 2503//1039
f 836//1040 835//1040 2505//1040 2504//1040
f 835//1041 14//1041 856//1041 2505//1041
f 2505//1042 856//1042 857//1042 2508//1042
f 2508//1043 857//1043 858//1043 2511//1043
f 2511//1044 858//1044 58//1044 859//1044
f 2510//1045 2511//1045 859//1045 860//1045
f 2509//1046 2510//1046 860//1046 861//1046
f 853//1047 2509//1047 861//1047 57//1047
f 854//1048 2506//1048 2509//1048 853//1048
f 855//1049 2503//1049 2506//1049 854//1049
f 2512//1050 2513//1050 2516//1050 2515//1050
f 2513//1051 2514//1051 2517//1051 2516//1051
f 2515//1052 2516//1052 2519//1052 2518//1052
f 2516//1053 2517//1053 2520//1053 2519//1053
f 14//1054 843//1054 2512//1054 856//1054
f 843//1055 842//1055 2513//1055 2512//1055
f 842//1056 841//1056 2514//1056 2513//1056
f 841//1057 15//1057 862//1057 2514//1057
f 2514//1058 862//1058 863//1058 2517//1058
f 2517//1059 863//1059 864//1059 2520//1059
f 2520//1060 864//1060 59//1060 865//1060
f 2519//1061 2520//1061 865//1061 866//1061
f 2518//1062 2519//1062 866//1062 867//1062
f 858//1063 2518//1063 867//1063 58//1063
f 857//1064 2515//1064 2518//1064 858//1064
f 856//1065 2512//1065 2515//1065 857//1065
f 2521//1066 2522//1066 2525//1066 2524//1066
f 2522//1067 2523//1067 2526//1067 2525//1067
f 2524//1068 2525//1068 2528//1068 2527//1068
f 2525//1069 2526//1069 2529//1069 2528//1069
f 15//1070 849//1070 2521//1070 862//1070
f 849//1071 848//1071 2522//1071 2521//1071
f 848//1072 847//1072 2523//1072 2522//1072
f 847//1073 16//1073 868//1073 2523//1073
f 2523//1074 868//1074 869//1074 2526//1074
f 2526//1075 869//1075 870//1075 2529//1075
f 2529//1076 870//1076 60//1076 871//1076
f 2528//1077 2529//1077 871//1077 872//1077
f 2527//1078 2528//1078 872//1078 873//1078
f 864//1079 2527//1079 873//1079 59//1079
f 863//1080 2524//1080 2527//1080 864//1080
f 862//1081 2521//1081 2524//1081 863//1081
f 2530//1082 2531//1082 2534//1082 2533//1082
f 2531//1083 2532//1083 2535//1083 2534//1083
f 2533//1084 2534//1084 2537//1084 2536//1084
f 2534//1085 2535//1085 2538//1085 2537//1085
f 16//1086 852//1086 2530//1086 868//1086
f 852//1087 851//1087 2531//1087 2530//1087
f 851//1088 850//1088 2532//1088 2531//1088
f 850//1089 13//1089 855//1089 2532//1089
f 2532//1090 855//1090 854//1090 2535//1090
f 2535//1091 854//1091 853//1091 2538//1091
f 2538//1092 853//1092 57//1092 874//1092
f 2537//1093 2538//1093 874//1093 875//1093
f 2536//1094 2537//1094 875//1094 876//1094
f 870//1095 2536//1095 876//1095 60//1095
f 869//1096 2533//1096 2536//1096 870//1096
f 868//1097 2530//1097 2533//1097 869//1097
f 2539//1098 2540//1098 2543//1098 2542//1098
f 2540//1099 2541//1099 2544//1099 2543//1099
f 2542//1100 2543//1100 2546//1100 2545//1100
f 2543//1101 2544//1101 2547//1101 2546//1101
f 57//1102 861//1102 2539//1102 879//1102
f 861//1103 860//1103 2540//1103 2539//1103
f 860//1104 859//1104 2541//1104 2540//1104
f 859//1105 58//1105 880//1105 2541//1105
f 2541//1106 880//1106 881//1106 2544//1106
f 2544//1107 881//1107 882//1107 2547//1107
f 2547//1108 882//1108 18//1108 883//1108
f 2546//1109 2547//1109 883//1109 884//1109
f 2545//1110 2546//1110 884//1110 885//1110
f 877//1111 2545//1111 885//1111 17//1111
f 878//1112 2542//1112 2545//1112 877//1112
f 879//1113 2539//1113 2542//1113 878//1113
f 2548//1114 2549//1114 2552//1114 2551//1114
f 2549//1115 2550//1115 2553//1115 2552//1115
f 2551//1116 2552//1116 2555//1116 2554//1116
f 2552//1117 2553//1117 2556//1117 2555//1117
f 58//1118 867//1118 2548//1118 880//1118
f 867//1119 866//1119 2549//1119 2548//1119
f 866//1120 865//1120 2550//1120 2549//1120
f 865//1121 59//1121 886//1121 2550//1121
f 2550//1122 886//1122 887//1122 2553//1122
f 2553//1123 887//1123 888//1123 2556//1123
f 2556//1124 888//1124 19//1124 889//1124
f 2555//1125 2556//1125 889//1125 890//1125
f 2554//1126 2555//1126 890//1126 891//1126
f 882//1127 2554//1127 891//1127 18//1127
f 881//1128 2551//1128 2554//1128 882//1128
f 880//1129 2548//1129 2551//1129 881//1129
f 2557//1130 2558//1130 2561//1130 2560//1130
f 2558//1131 2559//1131 2562//1131 2561//1131
f 2560//1132 2561//1132 2564//1132 2563//1132
f 2561//1133 2562//1133 2565//1133 2564//1133
f 59//1134 873//1134 2557//1134 886//1134
f 873//1135 872//1135 2558//1135 2557//1135
f 872//1136 871//1136 2559//1136 2558//1136
f 871//1137 60//1137 892//1137 2559//1137
f 2559//1138 892//1138 893//1138 2562//1138
f 2562//1139 893//1139 894//1139 2565//1139
f 2565//1140 894//1140 20//1140 895//1140
f 2564//1141 2565//1141 895//1141 896//1141
f 2563//1142 2564//1142 896//1142 897//1142
f 888//1143 2563//1143 897//1143 19//1143
f 887//1144 2560//1144 2563//1144 888//1144
f 886//1145 2557//1145 2560//1145 887//1145
f 2566//1146 2567//1146 2570//1146 2569//1146
f 2567//1147 2568//1147 2571//1147 2570//1147
f 2569//1148 2570//1148 2573//1148 2572//1148
f 2570//1149 2571//1149 2574//1149 2573//1149
f 60//1150 876//1150 2566//1150 892//1150
f 876//1151 875//1151 2567//1151 2566//1151
f 875//1152 874//1152 2568//1152 2567//1152
f 874//1153 57//1153 879//1153 2568//1153
f 2568//1154 879//1154 878//1154 2571//1154
f 2571//1155 878//1155 877//1155 2574//1155
f 2574//1156 877//1156 17//1156 898//1156
f 2573//1157 2574//1157 898//1157 899//1157
f 2572//1158 2573//1158 899//1158 900//1158
f 894//1159 2572//1159 900//1159 20//1159
f 893//1160 2569//1160 2572//1160 894//1160
f 892//1161 2566//1161 2569//1161 893//1161
f 2575//1162 2576//1162 2579//1162 2578//1162
f 2576//1163 2577//1163 2580//1163 2579//1163
f 2578//1164 2579//1164 2582//1164 2581//1164
f 2579//1165 2580//1165 2583//1165 2582//1165
f 17//1166 885//1166 2575//1166 903//1166
f 885//1167 884//1167 2576//1167 2575//1167
f 884//1168 883//1168 2577//1168 2576//1168
f 883//1169 18//1169 904//1169 2577//1169
f 2577//1170 904//1170 905//1170 2580//1170
f 2580//1171 905//1171 906//1171 2583//1171
f 2583//1172 906//1172 62//1172 907//1172
f 2582//1173 2583//1173 907//1173 908//1173
f 2581//1174 2582//1174 908//1174 909//1174
f 901//1175 2581//1175 909//1175 61//1175
f 902//1176 2578//1176 2581//1176 901//1176
f 903//1177 2575//1177 2578//1177 902//1177
f 2584//1178 2585//1178 2588//1178 2587//1178
f 2585//1179 2586//1179 2589//1179 2588//1179
f 2587//1180 2588//1180 2591//1180 2590//1180
f 2588//1181 2589//1181 2592//1181 2591//1181
f 18//1182 891//1182 2584//1182 904//1182
f 891//1183 890//1183 2585//1183 2584//1183
f 890//1184 889//1184 2586//1184 2585//1184
f 889//1185 19//1185 910//1185 2586//1185
f 2586//1186 910//1186 911//1186 2589//1186
f 2589//1187 911//1187 912//1187 2592//1187
f 2592//1188 912//1188 63//1188 913//1188
f 2591//1189 2592//1189 913//1189 914//1189
f 2590//1190 2591//1190 914//1190 915//1190
f 906//1191 2590//1191 915//1191 62//1191
f 905//1192 2587//1192 2590//1192 906//1192
f 904//1193 2584//1193 2587//1193 905//1193
f 2593//1194 2594//1194 2597//1194 2596//1194
f 2594//1195 2595//1195 2598//1195 2597//1195
f 2596//1196 2597//1196 2600//1196 2599//1196
f 2597//1197 2598//1197 2601//1197 2600//1197
f 19//1198 897//1198 2593//1198 910//1198
f 897//1199 896//1199 2594//1199 2593//1199
f 896//1200 895//1200 2595//1200 2594//1200
f 895//1201 20//1201 916//1201 2595//1201
f 2595//1202 916//1202 917//1202 2598//1202
f 2598//1203 917//1203 918//1203 2601//1203
f 2601//1204 918//1204 64//1204 919//1204
f 2600//1205 2601//1205 919//1205 920//1205
f 2599//1206 2600//1206 920//1206 921//1206
f 912//1207 2599//1207 921//1207 63//1207
f 911//1208 2596//1208 2599//1208 912//1208
f 910//1209 2593//1209 2596//1209 911//1209
f 2602//1210 2603//1210 2606//1210 2605//1210
f 2603//1211 2604//1211 2607//1211 2606//1211
f 2605//1212 2606//1212 2609//1212 2608//1212
f 2606//1213 2607//1213 2610//1213 2609//1213
f 20//1214 900//1214 2602//1214 916//1214
f 900//1215 899//1215 2603//1215 2602//1215
f 899//1216 898//1216 2604//1216 2603//1216
f 898//1217 17//1217 903//1217 2604//1217
f 2604//1218 903//1218 902//1218 2607//1218
f 2607//1219 902//1219 901//1219 2610//1219
f 2610//1220 901//1220 61//1220 922//1220
f 2609//1221 2610//1221 922//1221 923//1221
f 2608//1222 2609//1222 923//1222 924//1222
f 918//1223 2608//1223 924//1223 64//1223
f 917//1224 2605//1224 2608//1224 918//1224
f 916//1225 2602//1225 2605//1225 917//1225
f 2611//1226 2612//1226 2615//1226 2614//1226
f 2612//1227 2613//1227 2616//1227 2615//1227
f 2614//1228 2615//1228 2618//1228 2617//1228
f 2615//1229 2616//1229 2619//1229 2618//1229
f 61//1230 909//1230 2611//1230 927//1230
f 909//1231 908//1231 2612//1231 2611//1231
f 908//1232 907//1232 2613//1232 2612//1232
f 907//1233 62//1233 928//1233 2613//1233
f 2613//1234 928//1234 929//1234 2616//1234
f 2616//1235 929//1235 930//1235 2619//1235
f 2619//1236 930//1236 22//1236 931//1236
f 2618//1237 2619//1237 931//1237 932//1237
f 2617//1238 2618//1238 932//1238 933//1238
f 925//1239 2617//1239 933//1239 21//1239
f 926//1240 2614//1240 2617//1240 925//1240
f 927//1241 2611//1241 2614//1241 926//1241
f 2620//1242 2621//1242 2624//1242 2623//1242
f 2621//1243 2622//1243 2625//1243 2624//1243
f 2623//1244 2624//1244 2627//1244 2626//1244
f 2624//1245 2625//1245 2628//1245 2627//1245
f 62//1246 915//1246 2620//1246 928//1246
f 915//1247 914//1247 2621//1247 2620//1247
f 914//1248 913//1248 2622//1248 2621//1248
f 913//1249 63//1249 934//1249 2622//1249
f 2622//1250 934//1250 935//1250 2625//1250
f 2625//1251 935//1251 936//1251 2628//1251
f 2628//1252 936//1252 23//1252 937//1252
f 2627//1253 2628//1253 937//1253 938//1253
f 2626//1254 2627//1254 938//1254 939//1254
f 930//1255 2626//1255 939//1255 22//1255
f 929//1256 2623//1256 2626//1256 930//1256
f 928//1257 2620//1257 2623//1257 929//1257
f 2629//1258 2630//1258 2633//1258 2632//1258
f 2630//1259 2631//1259 2634//1259 2633//1259
f 2632//1260 2633//1260 2636//1260 2635//1260
f 2633//1261 2634//1261 2637//1261 2636//1261
f 63//1262 921//1262 2629//1262 934//1262
f 921//1263 920//1263 2630//1263 2629//1263
f 920//1264 919//1264 2631//1264 2630//1264
f 919//1265 64//1265 940//1265 2631//1265
f 2631//1266 940//1266 941//1266 2634//1266
f 2634//1267 941//1267 942//1267 2637//1267
f 2637//1268 942//1268 24//1268 943//1268
f 2636//1269 2637//1269 943//1269 944//1269
f 2635//1270 2636//1270 944//1270 945//1270
f 936//1271 2635//1271 945//1271 23//1271
f 935//1272 2632//1272 2635//1272 936//1272
f 934//1273 2629//1273 2632//1273 935//1273
f 2638//1274 2639//1274 2642//1274 2641//1274
f 2639//1275 2640//1275 2643//1275 2642//1275
f 2641//1276 2642//1276 2645//1276 2644//1276
f 2642//1277 2643//1277 2646//1277 2645//1277
f 64//1278 924//1278 2638//1278 940//1278
f 924//1279 923//1279 2639//1279 2638//1279
f 923//1280 922//1280 2640//1280 2639//1280
f 922//1281 61//1281 927//1281 2640//1281
f 2640//1282 927//1282 926//1282 2643//1282
f 2643//1283 926//1283 925//1283 2646//1283
f 2646//1284 925//1284 21//1284 946//1284
f 2645//1285 2646//1285 946//1285 947//1285
f 2644//1286 2645//1286 947//1286 948//1286
f 942//1287 2644//1287 948//1287 24//1287
f 941//1288 2641//1288 2644//1288 942//1288
f 940//1289 2638//1289 2641//1289 941//1289
f 2647//1290 2648//1290 2651//1290 2650//1290
f 2648//1291 2649//1291 2652//1291 2651//1291
f 2650//1292 2651//1292 2654//1292 2653//1292
f 2651//1293 2652//1293 2655//1293 2654//1293
f 21//1294 933//1294 2647//1294 951//1294
f 933//1295 932//1295 2648//1295 2647//1295
f 932//1296 931//1296 2649//1296 2648//1296
f 931//1297 22//1297 952//1297 2649//1297
f 2649//1298 952//1298 953//1298 2652//1298
f 2652//1299 953//1299 954//1299 2655//1299
f 2655//1300 954//1300 66//1300 955//1300
f 2654//1301 2655//1301 955//1301 956//1301
f 2653//1302 2654//1302 956//1302 957//1302
f 949//1303 2653//1303 957//1303 65//1303
f 950//1304 2650//1304 2653//1304 949//1304
f 951//1305 2647//1305 2650//1305 950//1305
f 2656//1306 2657//1306 2660//1306 2659//1306
f 2657//1307 2658//1307 2661//1307 2660//1307
f 2659//1308 2660//1308 2663//1308 2662//1308
f 2660//1309 2661//1309 2664//1309 2663//1309
f 22//1310 939//1310 2656//1310 952//1310
f 939//1311 938//1311 2657//1311 2656//1311
f 938//1312 937//1312 2658//1312 2657//1312
f 937//1313 23//1313 958//1313 2658//1313
f 2658//1314 958//1314 959//1314 2661//1314
f 2661//1315 959//1315 960//1315 2664//1315
f 2664//1316 960//1316 67//1316 961//1316
f 2663//1317 2664//1317 961//1317 962//1317
f 2662//1318 2663//1318 962//1318 963//1318
f 954//1319 2662//1319 963//1319 66//1319
f 953//1320 2659//1320 2662//1320 954//1320
f 952//1321 2656//1321 2659//1321 953//1321
f 2665//1322 2666//1322 2669//1322 2668//1322
f 2666//1323 2667//1323 2670//1323 2669//1323
f 2668//1324 2669//1324 2672//1324 2671//1324
f 2669//1325 2670//1325 2673//1325 2672//1325
f 23//1326 945//1326 2665//1326 958//1326
f 945//1327 944//1327 2666//1327 2665//1327
f 944//1328 943//1328 2667//1328 2666//1328
f 943//1329 24//1329 964//1329 2667//1329
f 2667//1330 964//1330 965//1330 2670//1330
f 2670//1331 965//1331 966//1331 2673//1331
f 2673//1332 966//1332 68//1332 967//1332
f 2672//1333 2673//1333 967//1333 968//1333
f 2671//1334 2672//1334 968//1334 969//1334
f 960//1335 2671//1335 969//1335 67//1335
f 959//1336 2668//1336 2671//1336 960//1336
f 958//1337 2665//1337 2668//1337 959//1337
f 2674//1338 2675//1338 2678//1338 2677//1338
f 2675//1339 2676//1339 2679//1339 2678//1339
f 2677//1340 2678//1340 2681//1340 2680//1340
f 2678//1341 2679//1341 2682//1341 2681//1341
f 24//1342 948//1342 2674//1342 964//1342
f 948//1343 947//1343 2675//1343 2674//1343
f 947//1344 946//1344 2676//1344 2675//1344
f 946//1345 21//1345 951//1345 2676//1345
f 2676//1346 951//1346 950//1346 2679//1346
f 2679//1347 950//1347 949//1347 2682//1347
f 2682//1348 949//1348 65//1348 970//1348
f 2681//1349 2682//1349 970//1349 971//1349
f 2680//1350 2681//1350 971//1350 972//1350
f 966//1351 2680//1351 972//1351 68//1351
f 965//1352 2677//1352 2680//1352 966//1352
f 964//1353 2674//1353 2677//1353 965//1353
f 2683//1354 2684//1354 2687//1354 2686//1354
f 2684//1355 2685//1355 2688//1355 2687//1355
f 2686//1356 2687//1356 2690//1356 2689//1356
f 2687//1357 2688//1357 2691//1357 2690//1357
f 65//1358 957//1358 2683//1358 975//1358
f 957//1359 956//1359 2684//1359 2683//1359
f 956//1360 955//1360 2685//1360 2684//1360
f 955//1361 66//1361 976//1361 2685//1361
f 2685//1362 976//1362 977//1362 2688//1362
f 2688//1363 977//1363 978//1363 2691//1363
f 2691//1364 978//1364 26//1364 979//1364
f 2690//1365 2691//1365 979//1365 980//1365
f 2689//1366 2690//1366 980//1366 981//1366
f 973//1367 2689//1367 981//1367 25//1367
f 974//1368 2686//1368 2689//1368 973//1368
f 975//1369 2683//1369 2686//1369 974//1369
f 2692//1370 2693//1370 2696//1370 2695//1370
f 2693//1371 2694//1371 2697//1371 2696//1371
f 2695//1372 2696//1372 2699//1372 2698//1372
f 2696//1373 2697//1373 2700//1373 2699//1373
f 66//1374 963//1374 2692//1374 976//1374
f 963//1375 962//1375 2693//1375 2692//1375
f 962//1376 961//1376 2694//1376 2693//1376
f 961//1377 67//1377 982//1377 2694//1377
f 2694//1378 982//1378 983//1378 2697//1378
f 2697//1379 983//1379 984//1379 2700//1379
f 2700//1380 984//1380 27//1380 985//1380
f 2699//1381 2700//1381 985//1381 986//1381
f 2698//1382 2699//1382 986//1382 987//1382
f 978//1383 2698//1383 987//1383 26//1383
f 977//1384 2695//1384 2698//1384 978//1384
f 976//1385 2692//1385 2695//1385 977//1385
f 2701//1386 2702//1386 2705//1386 2704//1386
f 2702//1387 2703//1387 2706//1387 2705//1387
f 2704//1388 2705//1388 2708//1388 2707//1388
f 2705//1389 2706//1389 2709//1389 2708//1389
f 67//1390 969//1390 2701//1390 982//1390
f 969//1391 968//1391 2702//1391 2701//1391
f 968//1392 967//1392 2703//1392 2702//1392
f 967//1393 68//1393 988//1393 2703//1393
f 2703//1394 988//1394 989//1394 2706//1394
f 2706//1395 989//1395 990//1395 2709//1395
f 2709//1396 990//1396 28//1396 991//1396
f 2708//1397 2709//1397 991//1397 992//1397
f 2707//1398 2708//1398 992//1398 993//1398
f 984//1399 2707//1399 993//1399 27//1399
f 983//1400 2704//1400 2707//1400 984//1400
f 982//1401 2701//1401 2704//1401 983//1401
f 2710//1402 2711//1402 2714//1402 2713//1402
f 2711//1403 2712//1403 2715//1403 2714//1403
f 2713//1404 2714//1404 2717//1404 2716//1404
f 2714//1405 2715//1405 2718//1405 2717//1405
f 68//1406 972//1406 2710//1406 988//1406
f 972//1407 971//1407 2711//1407 2710//1407
f 971//1408 970//1408 2712//1408 2711//1408
f 970//1409 65//1409 975//1409 2712//1409
f 2712//1410 975//1410 974//1410 2715//1410
f 2715//1411 974//1411 973//1411 2718//1411
f 2718//1412 973//1412 25//1412 994//1412
f 2717//1413 2718//1413 994//1413 995//1413
f 2716//1414 2717//1414 995//1414 996//1414
f 990//1415 2716//1415 996//1415 28//1415
f 989//1416 2713//1416 2716//1416 990//1416
f 988//1417 2710//1417 2713//1417 989//1417
f 2719//1418 2720//1418 2723//1418 2722//1418
f 2720//1419 2721//1419 2724//1419 2723//1419
f 2722//1420 2723//1420 2726//1420 2725//1420
f 2723//1421 2724//1421 2727//1421 2726//1421
f 25//1422 981//1422 2719//1422 999//1422
f 981//1423 980//1423 2720//1423 2719//1423
f 980//1424 979//1424 2721//1424 2720//1424
f 979//1425 26//1425 1000//1425 2721//1425
f 2721//1426 1000//1426 1001//1426 2724//1426
f 2724//1427 1001//1427 1002//1427 2727//1427
f 2727//1428 1002//1428 70//1428 1003//1428
f 2726//1429 2727//1429 1003//1429 1004//1429
f 2725//1430 2726//1430 1004//1430 1005//1430
f 997//1431 2725//1431 1005//1431 69//1431
f 998//1432 2722//1432 2725//1432 997//1432
f 999//1433 2719//1433 2722//1433 998//1433
f 2728//1434 2729//1434 2732//1434 2731//1434
f 2729//1435 2730//1435 2733//1435 2732//1435
f 2731//1436 2732//1436 2735//1436 2734//1436
f 2732//1437 2733//1437 2736//1437 2735//1437
f 26//1438 987//1438 2728//1438 1000//1438
f 987//1439 986//1439 2729//1439 2728//1439
f 986//1440 985//1440 2730//1440 2729//1440
f 985//1441 27//1441 1006//1441 2730//1441
f 2730//1442 1006//1442 1007//1442 2733//1442
f 2733//1443 1007//1443 1008//1443 2736//1443
f 2736//1444 1008//1444 71//1444 1009//1444
f 2735//1445 2736//1445 1009//1445 1010//1445
f 2734//1446 2735//1446 1010//1446 1011//1446
f 1002//1447 2734//1447 1011//1447 70//1447
f 1001//1448 2731//1448 2734//1448 1002//1448
f 1000//1449 2728//1449 2731//1449 1001//1449
f 2737//1450 2738//1450 2741//1450 2740//1450
f 2738//1451 2739//1451 2742//1451 2741//1451
f 2740//1452 2741//1452 2744//1452 2743//1452
f 2741//1453 2742//1453 2745//1453 2744//1453
f 27//1454 993//1454 2737//1454 1006//1454
f 993//1455 992//1455 2738//1455 2737//1455
f 992//1456 991//1456 2739//1456 2738//1456
f 991//1457 28//1457 1012//1457 2739//1457
f 2739//1458 1012//1458 1013//1458 2742//1458
f 2742//1459 1013//1459 1014//1459 2745//1459
f 2745//1460 1014//1460 72//1460 1015//1460
f 2744//1461 2745//1461 1015//1461 1016//1461
f 2743//1462 2744//1462 1016//1462 1017//1462
f 1008//1463 2743//1463 1017//1463 71//1463
f 1007//1464 2740//1464 2743//1464 1008//1464
f 1006//1465 2737//1465 2740//1465 1007//1465
f 2746//1466 2747//1466 2750//1466 2749//1466
f 2747//1467 2748//1467 2751//1467 2750//1467
f 2749//1468 2750//1468 2753//1468 2752//1468
f 2750//1469 2751//1469 2754//1469 2753//1469
f 28//1470 996//1470 2746//1470 1012//1470
f 996//1471 995//1471 2747//1471 2746//1471
f 995//1472 994//1472 2748//1472 2747//1472
f 994//1473 25//1473 999//1473 2748//1473
f 2748//1474 999//1474 998//1474 2751//1474
f 2751//1475 998//1475 997//1475 2754//1475
f 2754//1476 997//1476 69//1476 1018//1476
f 2753//1477 2754//1477 1018//1477 1019//1477
f 2752//1478 2753//1478 1019//1478 1020//1478
f 1014//1479 2752//1479 1020//1479 72//1479
f 1013//1480 2749//1480 2752//1480 1014//1480
f 1012//1481 2746//1481 2749//1481 1013//1481
f 2755//1482 2756//1482 2759//1482 2758//1482
f 2756//1483 2757//1483 2760//1483 2759//1483
f 2758//1484 2759//1484 2762//1484 2761//1484
f 2759//1485 2760//1485 2763//1485 2762//1485
f 69//1486 1005//1486 2755//1486 1023//1486
f 1005//1487 1004//1487 2756//1487 2755//1487
f 1004//1488 1003//1488 2757//1488 2756//1488
f 1003//1489 70//1489 1024//1489 2757//1489
f 2757//1490 1024//1490 1025//1490 2760//1490
f 2760//1491 1025//1491 1026//1491 2763//1491
f 2763//1492 1026//1492 30//1492 1027//1492
f 2762//1493 2763//1493 1027//1493 1028//1493
f 2761//1494 2762//1494 1028//1494 1029//1494
f 1021//1495 2761//1495 1029//1495 29//1495
f 1022//1496 2758//1496 2761//1496 1021//1496
f 1023//1497 2755//1497 2758//1497 1022//1497
f 2764//1498 2765//1498 2768//1498 2767//1498
f 2765//1499 2766//1499 2769//1499 2768//1499
f 2767//1500 2768//1500 2771//1500 2770//1500
f 2768//1501 2769//1501 2772//1501 2771//1501
f 70//1502 1011//1502 2764//1502 1024//1502
f 1011//1503 1010//1503 2765//1503 2764//1503
f 1010//1504 1009//1504 2766//1504 2765//1504
f 1009//1505 71//1505 1030//1505 2766//1505
f 2766//1506 1030//1506 1031//1506 2769//1506
f 2769//1507 1031//1507 1032//1507 2772//1507
f 2772//1508 1032//1508 31//1508 1033//1508
f 2771//1509 2772//1509 1033//1509 1034//1509
f 2770//1510 2771//1510 1034//1510 1035//1510
f 1026//1511 2770//1511 1035//1511 30//1511
f 1025//1512 2767//1512 2770//1512 1026//1512
f 1024//1513 2764//1513 2767//1513 1025//1513
f 2773//1514 2774//1514 2777//1514 2776//1514
f 2774//1515 2775//1515 2778//1515 2777//1515
f 2776//1516 2777//1516 2780//1516 2779//1516
f 2777//1517 2778//1517 2781//1517 2780//1517
f 71//1518 1017//1518 2773//1518 1030//1518
f 1017//1519 1016//1519 2774//1519 2773//1519
f 1016//1520 1015//1520 2775//1520 2774//1520
f 1015//1521 72//1521 1036//1521 2775//1521
f 2775//1522 1036//1522 1037//1522 2778//1522
f 2778//1523 1037//1523 1038//1523 2781//1523
f 2781//1524 1038//1524 32//1524 1039//1524
f 2780//1525 2781//1525 1039//1525 1040//1525
f 2779//1526 2780//1526 1040//1526 1041//1526
f 1032//1527 2779//1527 1041//1527 31//1527
f 1031//1528 2776//1528 2779//1528 1032//1528
f 1030//1529 2773//1529 2776//1529 1031//1529
f 2782//1530 2783//1530 2786//1530 2785//1530
f 2783//1531 2784//1531 2787//1531 2786//1531
f 2785//1532 2786//1532 2789//1532 2788//1532
f 2786//1533 2787//1533 2790//1533 2789//1533
f 72//1534 1020//1534 2782//1534 1036//1534
f 1020//1535 1019//1535 2783//1535 2782//1535
f 1019//1536 1018//1536 2784//1536 2783//1536
f 1018//1537 69//1537 1023//1537 2784//1537
f 2784//1538 1023//1538 1022//1538 2787//1538
f 2787//1539 1022//1539 1021//1539 2790//1539
f 2790//1540 1021//1540 29//1540 1042//1540
f 2789//1541 2790//1541 1042//1541 1043//1541
f 2788//1542 2789//1542 1043//1542 1044//1542
f 1038//1543 2788//1543 1044//1543 32//1543
f 1037//1544 2785//1544 2788//1544 1038//1544
f 1036//1545 2782//1545 2785//1545 1037//1545
f 2791//1546 2792//1546 2795//1546 2794//1546
f 2792//1547 2793//1547 2796//1547 2795//1547
f 2794//1548 2795//1548 2798//1548 2797//1548
f 2795//1549 2796//1549 2799//1549 2798//1549
f 29//1550 1029//1550 2791//1550 1047//1550
f 1029//1551 1028//1551 2792//1551 2791//1551
f 1028//1552 1027//1552 2793//1552 2792//1552
f 1027//1553 30//1553 1048//1553 2793//1553
f 2793//1554 1048//1554 1049//1554 2796//1554
f 2796//1555 1049//1555 1050//1555 2799//1555
f 2799//1556 1050//1556 74//1556 1051//1556
f 2798//1557 2799//1557 1051//1557 1052//1557
f 2797//1558 2798//1558 1052//1558 1053//1558
f 1045//1559 2797//1559 1053//1559 73//1559
f 1046//1560 2794//1560 2797//1560 1045//1560
f 1047//1561 2791//1561 2794//1561 1046//1561
f 2800//1562 2801//1562 2804//1562 2803//1562
f 2801//1563 2802//1563 2805//1563 2804//1563
f 2803//1564 2804//1564 2807//1564 2806//1564
f 2804//1565 2805//1565 2808//1565 2807//1565
f 30//1566 1035//1566 2800//1566 1048//1566
f 1035//1567 1034//1567 2801//1567 2800//1567
f 1034//1568 1033//1568 2802//1568 2801//1568
f 1033//1569 31//1569 1054//1569 2802//1569
f 2802//1570 1054//1570 1055//1570 2805//1570
f 2805//1571 1055//1571 1056//1571 2808//1571
f 2808//1572 1056//1572 75//1572 1057//1572
f 2807//1573 2808//1573 1057//1573 1058//1573
f 2806//1574 2807//1574 1058//1574 1059//1574
f 1050//1575 2806//1575 1059//1575 74//1575
f 1049//1576 2803//1576 2806//1576 1050//1576
f 1048//1577 2800//1577 2803//1577 1049//1577
f 2809//1578 2810//1578 2813//1578 2812//1578
f 2810//1579 2811//1579 2814//1579 2813//1579
f 2812//1580 2813//1580 2816//1580 2815//1580
f 2813//1581 2814//1581 2817//1581 2816//1581
f 31//1582 1041//1582 2809//1582 1054//1582
f 1041//1583 1040//1583 2810//1583 2809//1583
f 1040//1584 1039//1584 2811//1584 2810//1584
f 1039//1585 32//1585 1060//1585 2811//1585
f 2811//1586 1060//1586 1061//1586 2814//1586
f 2814//1587 1061//1587 1062//1587 2817//1587
f 2817//1588 1062//1588 76//1588 1063//1588
f 2816//1589 2817//1589 1063//1589 1064//1589
f 2815//1590 2816//1590 1064//1590 1065//1590
f 1056//1591 2815//1591 1065//1591 75//1591
f 1055//1592 2812//1592 2815//1592 1056//1592
f 1054//1593 2809//1593 2812//1593 1055//1593
f 2818//1594 2819//1594 2822//1594 2821//1594
f 2819//1595 2820//1595 2823//1595 2822//1595
f 2821//1596 2822//1596 2825//1596 2824//1596
f 2822//1597 2823//1597 2826//1597 2825//1597
f 32//1598 1044//1598 2818//1598 1060//1598
f 1044//1599 1043//1599 2819//1599 2818//1599
f 1043//1600 1042//1600 2820//1600 2819//1600
f 1042//1601 29//1601 1047//1601 2820//1601
f 2820//1602 1047//1602 1046//1602 2823//1602
f 2823//1603 1046//1603 1045//1603 2826//1603
f 2826//1604 1045//1604 73//1604 1066//1604
f 2825//1605 2826//1605 1066//1605 1067//1605
f 2824//1606 2825//1606 1067//1606 1068//1606
f 1062//1607 2824//1607 1068//1607 76//1607
f 1061//1608 2821//1608 2824//1608 1062//1608
f 1060//1609 2818//1609 2821//1609 1061//1609
f 2827//1610 2828//1610 2831//1610 2830//1610
f 2828//1611 2829//1611 2832//1611 2831//1611
f 2830//1612 2831//1612 2834//1612 2833//1612
f 2831//1613 2832//1613 2835//1613 2834//1613
f 73//1614 1053//1614 2827//1614 1071//1614
f 1053//1615 1052//1615 2828//1615 2827//1615
f 1052//1616 1051//1616 2829//1616 2828//1616
f 1051//1617 74//1617 1072//1617 2829//1617
f 2829//1618 1072//1618 1073//1618 2832//1618
f 2832//1619 1073//1619 1074//1619 2835//1619
f 2835//1620 1074//1620 34//1620 1075//1620
f 2834//1621 2835//1621 1075//1621 1076//1621
f 2833//1622 2834//1622 1076//1622 1077//1622
f 1069//1623 2833//1623 1077//1623 33//1623
f 1070//1624 2830//1624 2833//1624 1069//1624
f 1071//1625 2827//1625 2830//1625 1070//1625
f 2836//1626 2837//1626 2840//1626 2839//1626
f 2837//1627 2838//1627 2841//1627 2840//1627
f 2839//1628 2840//1628 2843//1628 2842//1628
f 2840//1629 2841//1629 2844//1629 2843//1629
f 74//1630 1059//1630 2836//1630 1072//1630
f 1059//1631 1058//1631 2837//1631 2836//1631
f 1058//1632 1057//1632 2838//1632 2837//1632
f 1057//1633 75//1633 1078//1633 2838//1633
f 2838//1634 1078//1634 1079//1634 2841//1634
f 2841//1635 1079//1635 1080//1635 2844//1635
f 2844//1636 1080//1636 35//1636 1081//1636
f 2843//1637 2844//1637 1081//1637 1082//1637
f 2842//1638 2843//1638 1082//1638 1083//1638
f 1074//1639 2842//1639 1083//1639 34//1639
f 1073//1640 2839//1640 2842//1640 1074//1640
f 1072//1641 2836//1641 2839//1641 1073//1641
f 2845//1642 2846//1642 2849//1642 2848//1642
f 2846//1643 2847//1643 2850//1643 2849//1643
f 2848//1644 2849//1644 2852//1644 2851//1644
f 2849//1645 2850//1645 2853//1645 2852//1645
f 75//1646 1065//1646 2845//1646 1078//1646
f 1065//1647 1064//1647 2846//1647 2845//1647
f 1064//1648 1063//1648 2847//1648 2846//1648
f 1063//1649 76//1649 1084//1649 2847//1649
f 2847//1650 1084//1650 1085//1650 2850//1650
f 2850//1651 1085//1651 1086//1651 2853//1651
f 2853//1652 1086//1652 36//1652 1087//1652
f 2852//1653 2853//1653 1087//1653 1088//1653
f 2851//1654 2852//1654 1088//1654 1089//1654
f 1080//1655 2851//1655 1089//1655 35//1655
f 1079//1656 2848//1656 2851//1656 1080//1656
f 1078//1657 2845//1657 2848//1657 1079//1657
f 2854//1658 2855//1658 2858//1658 2857//1658
f 2855//1659 2856//1659 2859//1659 2858//1659
f 2857//1660 2858//1660 2861//1660 2860//1660
f 2858//1661 2859//1661 2862//1661 2861//1661
f 76//1662 1068//1662 2854//1662 1084//1662
f 1068//1663 1067//1663 2855//1663 2854//1663
f 1067//1664 1066//1664 2856//1664 2855//1664
f 1066//1665 73//1665 1071//1665 2856//1665
f 2856//1666 1071//1666 1070//1666 2859//1666
f 2859//1667 1070//1667 1069//1667 2862//1667
f 2862//1668 1069//1668 33//1668 1090//1668
f 2861//1669 2862//1669 1090//1669 1091//1669
f 2860//1670 2861//1670 1091//1670 1092//1670
f 1086//1671 2860//1671 1092//1671 36//1671
f 1085//1672 2857//1672 2860//1672 1086//1672
f 1084//1673 2854//1673 2857//1673 1085//1673
f 2863//1674 2864//1674 2867//1674 2866//1674
f 2864//1675 2865//1675 2868//1675 2867//1675
f 2866//1676 2867//1676 2870//1676 2869//1676
f 2867//1677 2868//1677 2871//1677 2870//1677
f 33//1678 1077//1678 2863//1678 1095//1678
f 1077//1679 1076//1679 2864//1679 2863//1679
f 1076//1680 1075//1680 2865//1680 2864//1680
f 1075//1681 34//1681 1096//1681 2865//1681
f 2865//1682 1096//1682 1097//1682 2868//1682
f 2868//1683 1097//1683 1098//1683 2871//1683
f 2871//1684 1098//1684 162//1684 1099//1684
f 2870//1685 2871//1685 1099//1685 1100//1685
f 2869//1686 2870//1686 1100//1686 1101//1686
f 1093//1687 2869//1687 1101//1687 161//1687
f 1094//1688 2866//1688 2869//1688 1093//1688
f 1095//1689 2863//1689 2866//1689 1094//1689
f 2872//1690 2873//1690 2876//1690 2875//1690
f 2873//1691 2874//1691 2877//1691 2876//1691
f 2875//1692 2876//1692 2879//1692 2878//1692
f 2876//1693 2877//1693 2880//1693 2879//1693
f 34//1694 1083//1694 2872//1694 1096//1694
f 1083//1695 1082//1695 2873//1695 2872//1695
f 1082//1696 1081//1696 2874//1696 2873//1696
f 1081//1697 35//1697 1102//1697 2874//1697
f 2874//1698 1102//1698 1103//1698 2877//1698
f 2877//1699 1103//1699 1104//1699 2880//1699
f 2880//1700 1104//1700 163//1700 1105//1700
f 2879//1701 2880//1701 1105//1701 1106//1701
f 2878//1702 2879//1702 1106//1702 1107//1702
f 1098//1703 2878//1703 1107//1703 162//1703
f 1097//1704 2875//1704 2878//1704 1098//1704
f 1096//1705 2872//1705 2875//1705 1097//1705
f 2881//1706 2882//1706 2885//1706 2884//1706
f 2882//1707 2883//1707 2886//1707 2885//1707
f 2884//1708 2885//1708 2888//1708 2887//1708
f 2885//1709 2886//1709 2889//1709 2888//1709
f 35//1710 1089//1710 2881//1710 1102//1710
f 1089//1711 1088//1711 2882//1711 2881//1711
f 1088//1712 1087//1712 2883//1712 2882//1712
f 1087//1713 36//1713 1108//1713 2883//1713
f 2883//1714 1108//1714 1109//1714 2886//1714
f 2886//1715 1109//1715 1110//1715 2889//1715
f 2889//1716 1110//1716 164//1716 1111//1716
f 2888//1717 2889//1717 1111//1717 1112//1717
f 2887//1718 2888//1718 1112//1718 1113//1718
f 1104//1719 2887//1719 1113//1719 163//1719
f 1103//1720 2884//1720 2887//1720 1104//1720
f 1102//1721 2881//1721 2884//1721 1103//1721
f 2890//1722 2891//1722 2894//1722 2893//1722
f 2891//1723 2892//1723 2895//1723 2894//1723
f 2893//1724 2894//1724 2897//1724 2896//1724
f 2894//1725 2895//1725 2898//1725 2897//1725
f 36//1726 1092//1726 2890//1726 1108//1726
f 1092//1727 1091//1727 2891//1727 2890//1727
f 1091//1728 1090//1728 2892//1728 2891//1728
f 1090//1729 33//1729 1095//1729 2892//1729
f 2892//1730 1095//1730 1094//1730 2895//1730
f 2895//1731 1094//1731 1093//1731 2898//1731
f 2898//1732 1093//1732 161//1732 1114//1732
f 2897//1733 2898//1733 1114//1733 1115//1733
f 2896//1734 2897//1734 1115//1734 1116//1734
f 1110//1735 2896//1735 1116//1735 164//1735
f 1109//1736 2893//1736 2896//1736 1110//1736
f 1108//1737 2890//1737 2893//1737 1109//1737
f 2899//1738 2900//1738 2903//1738 2902//1738
f 2900//1739 2901//1739 2904//1739 2903//1739
f 2902//1740 2903//1740 2906//1740 2905//1740
f 2903//1741 2904//1741 2907//1741 2906//1741
f 161//1742 1101//1742 2899//1742 1119//1742
f 1101//1743 1100//1743 2900//1743 2899//1743
f 1100//1744 1099//1744 2901//1744 2900//1744
f 1099//1745 162//1745 1120//1745 2901//1745
f 2901//1746 1120//1746 1121//1746 2904//1746
f 2904//1747 1121//1747 1122//1747 2907//1747
f 2907//1748 1122//1748 78//1748 1123//1748
f 2906//1749 2907//1749 1123//1749 1124//1749
f 2905//1750 2906//1750 1124//1750 1125//1750
f 1117//1751 2905//1751 1125//1751 77//1751
f 1118//1752 2902//1752 2905//1752 1117//1752
f 1119//1753 2899//1753 2902//1753 1118//1753
f 2908//1754 2909//1754 2912//1754 2911//1754
f 2909//1755 2910//1755 2913//1755 2912//1755
f 2911//1756 2912//1756 2915//1756 2914//1756
f 2912//1757 2913//1757 2916//1757 2915//1757
f 162//1758 1107//1758 2908//1758 1120//1758
f 1107//1759 1106//1759 2909//1759 2908//1759
f 1106//1760 1105//1760 2910//1760 2909//1760
f 1105//1761 163//1761 1126//1761 2910//1761
f 2910//1762 1126//1762 1127//1762 2913//1762
f 2913//1763 1127//1763 1128//1763 2916//1763
f 2916//1764 1128//1764 79//1764 1129//1764
f 2915//1765 2916//1765 1129//1765 1130//1765
f 2914//1766 2915//1766 1130//1766 1131//1766
f 1122//1767 2914//1767 1131//1767 78//1767
f 1121//1768 2911//1768 2914//1768 1122//1768
f 1120//1769 2908//1769 2911//1769 1121//1769
f 2917//1770 2918//1770 2921//1770 2920//1770
f 2918//1771 2919//1771 2922//1771 2921//1771
f 2920//1772 2921//1772 2924//1772 2923//1772
f 2921//1773 2922//1773 2925//1773 2924//1773
f 163//1774 1113//1774 2917//1774 1126//1774
f 1113//1775 1112//1775 2918//1775 2917//1775
f 1112//1776 1111//1776 2919//1776 2918//1776
f 1111//1777 164//1777 1132//1777 2919//1777
f 2919//1778 1132//1778 1133//1778 2922//1778
f 2922//1779 1133//1779 1134//1779 2925//1779
f 2925//1780 1134//1780 80//1780 1135//1780
f 2924//1781 2925//1781 1135//1781 1136//1781
f 2923//1782 2924//1782 1136//1782 1137//1782
f 1128//1783 2923//1783 1137//1783 79//1783
f 1127//1784 2920//1784 2923//1784 1128//1784
f 1126//1785 2917//1785 2920//1785 1127//1785
f 2926//1786 2927//1786 2930//1786 2929//1786
f 2927//1787 2928//1787 2931//1787 2930//1787
f 2929//1788 2930//1788 2933//1788 2932//1788
f 2930//1789 2931//1789 2934//1789 2933//1789
f 164//1790 1116//1790 2926//1790 1132//1790
f 1116//1791 1115//1791 2927//1791 2926//1791
f 1115//1792 1114//1792 2928//1792 2927//1792
f 1114//1793 161//1793 1119//1793 2928//1793
f 2928//1794 1119//1794 1118//1794 2931//1794
f 2931//1795 1118//1795 1117//1795 2934//1795
f 2934//1796 1117//1796 77//1796 1138//1796
f 2933//1797 2934//1797 1138//1797 1139//1797
f 2932//1798 2933//1798 1139//1798 1140//1798
f 1134//1799 2932//1799 1140//1799 80//1799
f 1133//1800 2929//1800 2932//1800 1134//1800
f 1132//1801 2926//1801 2929//1801 1133//1801
f 2935//1802 2936//1802 2939//1802 2938//1802
f 2936//1803 2937//1803 2940//1803 2939//1803
f 2938//1804 2939//1804 2942//1804 2941//1804
f 2939//1805 2940//1805 2943//1805 2942//1805
f 77//1806 1125//1806 2935//1806 1143//1806
f 1125//1807 1124//1807 2936//1807 2935//1807
f 1124//1808 1123//1808 2937//1808 2936//1808
f 1123//1809 78//1809 1144//1809 2937//1809
f 2937//1810 1144//1810 1145//1810 2940//1810
f 2940//1811 1145//1811 1146//1811 2943//1811
f 2943//1812 1146//1812 166//1812 1147//1812
f 2942//1813 2943//1813 1147//1813 1148//1813
f 2941//1814 2942//1814 1148//1814 1149//1814
f 1141//1815 2941//1815 1149//1815 165//1815
f 1142//1816 2938//1816 2941//1816 1141//1816
f 1143//1817 2935//1817 2938//1817 1142//1817
f 2944//1818 2945//1818 2948//1818 2947//1818
f 2945//1819 2946//1819 2949//1819 2948//1819
f 2947//1820 2948//1820 2951//1820 2950//1820
f 2948//1821 2949//1821 2952//1821 2951//1821
f 78//1822 1131//1822 2944//1822 1144//1822
f 1131//1823 1130//1823 2945//1823 2944//1823
f 1130//1824 1129//1824 2946//1824 2945//1824
f 1129//1825 79//1825 1150//1825 2946//1825
f 2946//1826 1150//1826 1151//1826 2949//1826
f 2949//1827 1151//1827 1152//1827 2952//1827
f 2952//1828 1152//1828 167//1828 1153//1828
f 2951//1829 2952//1829 1153//1829 1154//1829
f 2950//1830 2951//1830 1154//1830 1155//1830
f 1146//1831 2950//1831 1155//1831 166//1831
f 1145//1832 2947//1832 2950//1832 1146//1832
f 1144//1833 2944//1833 2947//1833 1145//1833
f 2953//1834 2954//1834 2957//1834 2956//1834
f 2954//1835 2955//1835 2958//1835 2957//1835
f 2956//1836 2957//1836 2960//1836 2959//1836
f 2957//1837 2958//1837 2961//1837 2960//1837
f 79//1838 1137//1838 2953//1838 1150//1838
f 1137//1839 1136//1839 2954//1839 2953//1839
f 1136//1840 1135//1840 2955//1840 2954//1840
f 1135//1841 80//1841 1156//1841 2955//1841
f 2955//1842 1156//1842 1157//1842 2958//1842
f 2958//1843 1157//1843 1158//1843 2961//1843
f 2961//1844 1158//1844 168//1844 1159//1844
f 2960//1845 2961//1845 1159//1845 1160//1845
f 2959//1846 2960//1846 1160//1846 1161//1846
f 1152//1847 2959//1847 1161//1847 167//1847
f 1151//1848 2956//1848 2959//1848 1152//1848
f 1150//1849 2953//1849 2956//1849 1151//1849
f 2962//1850 2963//1850 2966//1850 2965//1850
f 2963//1851 2964//1851 2967//1851 2966//1851
f 2965//1852 2966//1852 2969//1852 2968//1852
f 2966//1853 2967//1853 2970//1853 2969//1853
f 80//1854 1140//1854 2962//1854 1156//1854
f 1140//1855 1139//1855 2963//1855 2962//1855
f 1139//1856 1138//1856 2964//1856 2963//1856
f 1138//1857 77//1857 1143//1857 2964//1857
f 2964//1858 1143//1858 1142//1858 2967//1858
f 2967//1859 1142//1859 1141//1859 2970//1859
f 2970//1860 1141//1860 165//1860 1162//1860
f 2969//1861 2970//1861 1162//1861 1163//1861
f 2968//1862 2969//1862 1163//1862 1164//1862
f 1158//1863 2968//1863 1164//1863 168//1863
f 1157//1864 2965//1864 2968//1864 1158//1864
f 1156//1865 2962//1865 2965//1865 1157//1865
f 2971//1866 2972//1866 2975//1866 2974//1866
f 2972//1867 2973//1867 2976//1867 2975//1867
f 2974//1868 2975//1868 2978//1868 2977//1868
f 2975//1869 2976//1869 2979//1869 2978//1869
f 165//1870 1149//1870 2971//1870 1167//1870
f 1149//1871 1148//1871 2972//1871 2971//1871
f 1148//1872 1147//1872 2973//1872 2972//1872
f 1147//1873 166//1873 1168//1873 2973//1873
f 2973//1874 1168//1874 1169//1874 2976//1874
f 2976//1875 1169//1875 1170//1875 2979//1875
f 2979//1876 1170//1876 170//1876 1171//1876
f 2978//1877 2979//1877 1171//1877 1172//1877
f 2977//1878 2978//1878 1172//1878 1173//1878
f 1165//1879 2977//1879 1173//1879 169//1879
f 1166//1880 2974//1880 2977//1880 1165//1880
f 1167//1881 2971//1881 2974//1881 1166//1881
f 2980//1882 2981//1882 2984//1882 2983//1882
f 2981//1883 2982//1883 2985//1883 2984//1883
f 2983//1884 2984//1884 2987//1884 2986//1884
f 2984//1885 2985//1885 2988//1885 2987//1885
f 166//1886 1155//1886 2980//1886 1168//1886
f 1155//1887 1154//1887 2981//1887 2980//1887
f 1154//1888 1153//1888 2982//1888 2981//1888
f 1153//1889 167//1889 1174//1889 2982//1889
f 2982//1890 1174//1890 1175//1890 2985//1890
f 2985//1891 1175//1891 1176//1891 2988//1891
f 2988//1892 1176//1892 171//1892 1177//1892
f 2987//1893 2988//1893 1177//1893 1178//1893
f 2986//1894 2987//1894 1178//1894 1179//1894
f 1170//1895 2986//1895 1179//1895 170//1895
f 1169//1896 2983//1896 2986//1896 1170//1896
f 1168//1897 2980//1897 2983//1897 1169//1897
f 2989//1898 2990//1898 2993//1898 2992//1898
f 2990//1899 2991//1899 2994//1899 2993//1899
f 2992//1900 2993//1900 2996//1900 2995//1900
f 2993//1901 2994//1901 2997//1901 2996//1901
f 167//1902 1161//1902 2989//1902 1174//1902
f 1161//1903 1160//1903 2990//1903 2989//1903
f 1160//1904 1159//1904 2991//1904 2990//1904
f 1159//1905 168//1905 1180//1905 2991//1905
f 2991//1906 1180//1906 1181//1906 2994//1906
f 2994//1907 1181//1907 1182//1907 2997//1907
f 2997//1908 1182//1908 172//1908 1183//1908
f 2996//1909 2997//1909 1183//1909 1184//1909
f 2995//1910 2996//1910 1184//1910 1185//1910
f 1176//1911 2995//1911 1185//1911 171//1911
f 1175//1912 2992//1912 2995//1912 1176//1912
f 1174//1913 2989//1913 2992//1913 1175//1913
f 2998//1914 2999//1914 3002//1914 3001//1914
f 2999//1915 3000//1915 3003//1915 3002//1915
f 3001//1916 3002//1916 3005//1916 3004//1916
f 3002//1917 3003//1917 3006//1917 3005//1917
f 168//1918 1164//1918 2998//1918 1180//1918
f 1164//1919 1163//1919 2999//1919 2998//1919
f 1163//1920 1162//1920 3000//1920 2999//1920
f 1162//1921 165//1921 1167//1921 3000//1921
f 3000//1922 1167//1922 1166//1922 3003//1922
f 3003//1923 1166//1923 1165//1923 3006//1923
f 3006//1924 1165//1924 169//1924 1186//1924
f 3005//1925 3006//1925 1186//1925 1187//1925
f 3004//1926 3005//1926 1187//1926 1188//1926
f 1182//1927 3004//1927 1188//1927 172//1927
f 1181//1928 3001//1928 3004//1928 1182//1928
f 1180//1929 2998//1929 3001//1929 1181//1929
f 3007//1930 3008//1930 3011//1930 3010//1930
f 3008//1931 3009//1931 3012//1931 3011//1931
f 3010//1932 3011//1932 3014//1932 3013//1932
f 3011//1933 3012//1933 3015//1933 3014//1933
f 169//1934 1173//1934 3007//1934 1191//1934
f 1173//1935 1172//1935 3008//1935 3007//1935
f 1172//1936 1171//1936 3009//1936 3008//1936
f 1171//1937 170//1937 1192//1937 3009//1937
f 3009//1938 1192//1938 1193//1938 3012//1938
f 3012//1939 1193//1939 1194//1939 3015//1939
f 3015//1940 1194//1940 38//1940 1195//1940
f 3014//1941 3015//1941 1195//1941 1196//1941
f 3013//1942 3014//1942 1196//1942 1197//1942
f 1189//1943 3013//1943 1197//1943 37//1943
f 1190//1944 3010//1944 3013//1944 1189//1944
f 1191//1945 3007//1945 3010//1945 1190//1945
f 3016//1946 3017//1946 3020//1946 3019//1946
f 3017//1947 3018//1947 3021//1947 3020//1947
f 3019//1948 3020//1948 3023//1948 3022//1948
f 3020//1949 3021//1949 3024//1949 3023//1949
f 170//1950 1179//1950 3016//1950 1192//1950
f 1179//1951 1178//1951 3017//1951 3016//1951
f 1178//1952 1177//1952 3018//1952 3017//1952
f 1177//1953 171//1953 1198//1953 3018//1953
f 3018//1954 1198//1954 1199//1954 3021//1954
f 3021//1955 1199//1955 1200//1955 3024//1955
f 3024//1956 1200//1956 39//1956 1201//1956
f 3023//1957 3024//1957 1201//1957 1202//1957
f 3022//1958 3023//1958 1202//1958 1203//1958
f 1194//1959 3022//1959 1203//1959 38//1959
f 1193//1960 3019//1960 3022//1960 1194//1960
f 1192//1961 3016//1961 3019//1961 1193//1961
f 3025//1962 3026//1962 3029//1962 3028//1962
f 3026//1963 3027//1963 3030//1963 3029//1963
f 3028//1964 3029//1964 3032//1964 3031//1964
f 3029//1965 3030//1965 3033//1965 3032//1965
f 171//1966 1185//1966 3025//1966 1198//1966
f 1185//1967 1184//1967 3026//1967 3025//1967
f 1184//1968 1183//1968 3027//1968 3026//1968
f 1183//1969 172//1969 1204//1969 3027//1969
f 3027//1970 1204//1970 1205//1970 3030//1970
f 3030//1971 1205//1971 1206//1971 3033//1971
f 3033//1972 1206//1972 40//1972 1207//1972
f 3032//1973 3033//1973 1207//1973 1208//1973
f 3031//1974 3032//1974 1208//1974 1209//1974
f 1200//1975 3031//1975 1209//1975 39//1975
f 1199//1976 3028//1976 3031//1976 1200//1976
f 1198//1977 3025//1977 3028//1977 1199//1977
f 3034//1978 3035//1978 3038//1978 3037//1978
f 3035//1979 3036//1979 3039//1979 3038//1979
f 3037//1980 3038//1980 3041//1980 3040//1980
f 3038//1981 3039//1981 3042//1981 3041//1981
f 172//1982 1188//1982 3034//1982 1204//1982
f 1188//1983 1187//1983 3035//1983 3034//1983
f 1187//1984 1186//1984 3036//1984 3035//1984
f 1186//1985 169//1985 1191//1985 3036//1985
f 3036//1986 1191//1986 1190//1986 3039//1986
f 3039//1987 1190//1987 1189//1987 3042//1987
f 3042//1988 1189//1988 37//1988 1210//1988
f 3041//1989 3042//1989 1210//1989 1211//1989
f 3040//1990 3041//1990 1211//1990 1212//1990
f 1206//1991 3040//1991 1212//1991 40//1991
f 1205//1992 3037//1992 3040//1992 1206//1992
f 1204//1993 3034//1993 3037//1993 1205//1993
f 3043//1994 3044//1994 3047//1994 3046//1994
f 3044//1995 3045//1995 3048//1995 3047//1995
f 3046//1996 3047//1996 3050//1996 3049//1996
f 3047//1997 3048//1997 3051//1997 3050//1997
f 37//1998 1197//1998 3043//1998 1215//1998
f 1197//1999 1196//1999 3044//1999 3043//1999
f 1196//2000 1195//2000 3045//2000 3044//2000
f 1195//2001 38//2001 1216//2001 3045//2001
f 3045//2002 1216//2002 1217//2002 3048//2002
f 3048//2003 1217//2003 1218//2003 3051//2003
f 3051//2004 1218//2004 174//2004 1219//2004
f 3050//2005 3051//2005 1219//2005 1220//2005
f 3049//2006 3050//2006 1220//2006 1221//2006
f 1213//2007 3049//2007 1221//2007 173//2007
f 1214//2008 3046//2008 3049//2008 1213//2008
f 1215//2009 3043//2009 3046//2009 1214//2009
f 3052//2010 3053//2010 3056//2010 3055//2010
f 3053//2011 3054//2011 3057//2011 3056//2011
f 3055//2012 3056//2012 3059//2012 3058//2012
f 3056//2013 3057//2013 3060//2013 3059//2013
f 38//2014 1203//2014 3052//2014 1216//2014
f 1203//2015 1202//2015 3053//2015 3052//2015
f 1202//2016 1201//2016 3054//2016 3053//2016
f 1201//2017 39//2017 1222//2017 3054//2017
f 3054//2018 1222//2018 1223//2018 3057//2018
f 3057//2019 1223//2019 1224//2019 3060//2019
f 3060//2020 1224//2020 175//2020 1225//2020
f 3059//2021 3060//2021 1225//2021 1226//2021
f 3058//2022 3059//2022 1226//2022 1227//2022
f 1218//2023 3058//2023 1227//2023 174//2023
f 1217//2024 3055//2024 3058//2024 1218//2024
f 1216//2025 3052//2025 3055//2025 1217//2025
f 3061//2026 3062//2026 3065//2026 3064//2026
f 3062//2027 3063//2027 3066//2027 3065//2027
f 3064//2028 3065//2028 3068//2028 3067//2028
f 3065//2029 3066//2029 3069//2029 3068//2029
f 39//2030 1209//2030 3061//2030 1222//2030
f 1209//2031 1208//2031 3062//2031 3061//2031
f 1208//2032 1207//2032 3063//2032 3062//2032
f 1207//2033 40//2033 1228//2033 3063//2033
f 3063//2034 1228//2034 1229//2034 3066//2034
f 3066//2035 1229//2035 1230//2035 3069//2035
f 3069//2036 1230//2036 176//2036 1231//2036
f 3068//2037 3069//2037 1231//2037 1232//2037
f 3067//2038 3068//2038 1232//2038 1233//2038
f 1224//2039 3067//2039 1233//2039 175//2039
f 1223//2040 3064//2040 3067//2040 1224//2040
f 1222//2041 3061//2041 3064//2041 1223//2041
f 3070//2042 3071//2042 3074//2042 3073//2042
f 3071//2043 3072//2043 3075//2043 3074//2043
f 3073//2044 3074//2044 3077//2044 3076//2044
f 3074//2045 3075//2045 3078//2045 3077//2045
f 40//2046 1212//2046 3070//2046 1228//2046
f 1212//2047 1211//2047 3071//2047 3070//2047
f 1211//2048 1210//2048 3072//2048 3071//2048
f 1210//2049 37//2049 1215//2049 3072//2049
f 3072//2050 1215//2050 1214//2050 3075//2050
f 3075//2051 1214//2051 1213//2051 3078//2051
f 3078//2052 1213//2052 173//2052 1234//2052
f 3077//2053 3078//2053 1234//2053 1235//2053
f 3076//2054 3077//2054 1235//2054 1236//2054
f 1230//2055 3076//2055 1236//2055 176//2055
f 1229//2056 3073//2056 3076//2056 1230//2056
f 1228//2057 3070//2057 3073//2057 1229//2057
f 3079//2058 3080//2058 3083//2058 3082//2058
f 3080//2059 3081//2059 3084//2059 3083//2059
f 3082//2060 3083//2060 3086//2060 3085//2060
f 3083//2061 3084//2061 3087//2061 3086//2061
f 173//2062 1221//2062 3079//2062 1239//2062
f 1221//2063 1220//2063 3080//2063 3079//2063
f 1220//2064 1219//2064 3081//2064 3080//2064
f 1219//2065 174//2065 1240//2065 3081//2065
f 3081//2066 1240//2066 1241//2066 3084//2066
f 3084//2067 1241//2067 1242//2067 3087//2067
f 3087//2068 1242//2068 178//2068 1243//2068
f 3086//2069 3087//2069 1243//2069 1244//2069
f 3085//2070 3086//2070 1244//2070 1245//2070
f 1237//2071 3085//2071 1245//2071 177//2071
f 1238//2072 3082//2072 3085//2072 1237//2072
f 1239//2073 3079//2073 3082//2073 1238//2073
f 3088//2074 3089//2074 3092//2074 3091//2074
f 3089//2075 3090//2075 3093//2075 3092//2075
f 3091//2076 3092//2076 3095//2076 3094//2076
f 3092//2077 3093//2077 3096//2077 3095//2077
f 174//2078 1227//2078 3088//2078 1240//2078
f 1227//2079 1226//2079 3089//2079 3088//2079
f 1226//2080 1225//2080 3090//2080 3089//2080
f 1225//2081 175//2081 1246//2081 3090//2081
f 3090//2082 1246//2082 1247//2082 3093//2082
f 3093//2083 1247//2083 1248//2083 3096//2083
f 3096//2084 1248//2084 179//2084 1249//2084
f 3095//2085 3096//2085 1249//2085 1250//2085
f 3094//2086 3095//2086 1250//2086 1251//2086
f 1242//2087 3094//2087 1251//2087 178//2087
f 1241//2088 3091//2088 3094//2088 1242//2088
f 1240//2089 3088//2089 3091//2089 1241//2089
f 3097//2090 3098//2090 3101//2090 3100//2090
f 3098//2091 3099//2091 3102//2091 3101//2091
f 3100//2092 3101//2092 3104//2092 3103//2092
f 3101//2093 3102//2093 3105//2093 3104//2093
f 175//2094 1233//2094 3097//2094 1246//2094
f 1233//2095 1232//2095 3098//2095 3097//2095
f 1232//2096 1231//2096 3099//2096 3098//2096
f 1231//2097 176//2097 1252//2097 3099//2097
f 3099//2098 1252//2098 1253//2098 3102//2098
f 3102//2099 1253//2099 1254//2099 3105//2099
f 3105//2100 1254//2100 180//2100 1255//2100
f 3104//2101 3105//2101 1255//2101 1256//2101
f 3103//2102 3104//2102 1256//2102 1257//2102
f 1248//2103 3103//2103 1257//2103 179//2103
f 1247//2104 3100//2104 3103//2104 1248//2104
f 1246//2105 3097//2105 3100//2105 1247//2105
f 3106//2106 3107//2106 3110//2106 3109//2106
f 3107//2107 3108//2107 3111//2107 3110//2107
f 3109//2108 3110//2108 3113//2108 3112//2108
f 3110//2109 3111//2109 3114//2109 3113//2109
f 176//2110 1236//2110 3106//2110 1252//2110
f 1236//2111 1235//2111 3107//2111 3106//2111
f 1235//2112 1234//2112 3108//2112 3107//2112
f 1234//2113 173//2113 1239//2113 3108//2113
f 3108//2114 1239//2114 1238//2114 3111//2114
f 3111//2115 1238//2115 1237//2115 3114//2115
f 3114//2116 1237//2116 177//2116 1258//2116
f 3113//2117 3114//2117 1258//2117 1259//2117
f 3112//2118 3113//2118 1259//2118 1260//2118
f 1254//2119 3112//2119 1260//2119 180//2119
f 1253//2120 3109//2120 3112//2120 1254//2120
f 1252//2121 3106//2121 3109//2121 1253//2121
f 3115//2070 3116//2070 3119//2070 3118//2070
f 3116//2069 3117//2069 3120//2069 3119//2069
f 3118//2070 3119//2070 3122//2070 3121//2070
f 3119//2069 3120//2069 3123//2069 3122//2069
f 177//2071 1245//2071 3115//2071 1263//2071
f 1245//2070 1244//2070 3116//2070 3115//2070
f 1244//2069 1243//2069 3117//2069 3116//2069
f 1243//2068 178//2068 1264//2068 3117//2068
f 3117//2068 1264//2068 1265//2068 3120//2068
f 3120//2068 1265//2068 1266//2068 3123//2068
f 3123//2068 1266//2068 182//2068 1267//2068
f 3122//2069 3123//2069 1267//2069 1268//2069
f 3121//2070 3122//2070 1268//2070 1269//2070
f 1261//2122 3121//2122 1269//2122 181//2122
f 1262//2122 3118//2122 3121//2122 1261//2122
f 1263//2122 3115//2122 3118//2122 1262//2122
f 3124//2086 3125//2086 3128//2086 3127//2086
f 3125//2085 3126//2085 3129//2085 3128//2085
f 3127//2086 3128//2086 3131//2086 3130//2086
f 3128//2085 3129//2085 3132//2085 3131//2085
f 178//2123 1251//2123 3124//2123 1264//2123
f 1251//2086 1250//2086 3125//2086 3124//2086
f 1250//2085 1249//2085 3126//2085 3125//2085
f 1249//2084 179//2084 1270//2084 3126//2084
f 3126//2084 1270//2084 1271//2084 3129//2084
f 3129//2084 1271//2084 1272//2084 3132//2084
f 3132//2084 1272//2084 183//2084 1273//2084
f 3131//2085 3132//2085 1273//2085 1274//2085
f 3130//2086 3131//2086 1274//2086 1275//2086
f 1266//2087 3130//2087 1275//2087 182//2087
f 1265//2087 3127//2087 3130//2087 1266//2087
f 1264//2087 3124//2087 3127//2087 1265//2087
f 3133//2124 3134//2124 3137//2124 3136//2124
f 3134//2101 3135//2101 3138//2101 3137//2101
f 3136//2124 3137//2124 3140//2124 3139//2124
f 3137//2101 3138//2101 3141//2101 3140//2101
f 179//2103 1257//2103 3133//2103 1270//2103
f 1257//2124 1256//2124 3134//2124 3133//2124
f 1256//2101 1255//2101 3135//2101 3134//2101
f 1255//2099 180//2099 1276//2099 3135//2099
f 3135//2100 1276//2100 1277//2100 3138//2100
f 3138//2099 1277//2099 1278//2099 3141//2099
f 3141//2099 1278//2099 184//2099 1279//2099
f 3140//2101 3141//2101 1279//2101 1280//2101
f 3139//2125 3140//2125 1280//2125 1281//2125
f 1272//2103 3139//2103 1281//2103 183//2103
f 1271//2103 3136//2103 3139//2103 1272//2103
f 1270//2103 3133//2103 3136//2103 1271//2103
f 3142//2118 3143//2118 3146//2118 3145//2118
f 3143//2117 3144//2117 3147//2117 3146//2117
f 3145//2118 3146//2118 3149//2118 3148//2118
f 3146//2117 3147//2117 3150//2117 3149//2117
f 180//2119 1260//2119 3142//2119 1276//2119
f 1260//2118 1259//2118 3143//2118 3142//2118
f 1259//2117 1258//2117 3144//2117 3143//2117
f 1258//2116 177//2116 1263//2116 3144//2116
f 3144//2116 1263//2116 1262//2116 3147//2116
f 3147//2116 1262//2116 1261//2116 3150//2116
f 3150//2116 1261//2116 181//2116 1282//2116
f 3149//2117 3150//2117 1282//2117 1283//2117
f 3148//2118 3149//2118 1283//2118 1284//2118
f 1278//2119 3148//2119 1284//2119 184//2119
f 1277//2119 3145//2119 3148//2119 1278//2119
f 1276//2119 3142//2119 3145//2119 1277//2119
f 3151//2060 3152//2060 3155//2060 3154//2060
f 3152//2069 3153//2069 3156//2069 3155//2069
f 3154//2126 3155//2126 3158//2126 3157//2126
f 3155//2127 3156//2127 3159//2127 3158//2127
f 181//2122 1269//2122 3151//2122 1287//2122
f 1269//2070 1268//2070 3152//2070 3151//2070
f 1268//2069 1267//2069 3153//2069 3152//2069
f 1267//2068 182//2068 1288//2068 3153//2068
f 3153//2128 1288//2128 1289//2128 3156//2128
f 3156//2129 1289//2129 1290//2129 3159//2129
f 3159//2130 1290//2130 186//2130 1291//2130
f 3158//2131 3159//2131 1291//2131 1292//2131
f 3157//2132 3158//2132 1292//2132 1293//2132
f 1285//2133 3157//2133 1293//2133 185//2133
f 1286//2134 3154//2134 3157//2134 1285//2134
f 1287//2073 3151//2073 3154//2073 1286//2073
f 3160//2135 3161//2135 3164//2135 3163//2135
f 3161//2085 3162//2085 3165//2085 3164//2085
f 3163//2136 3164//2136 3167//2136 3166//2136
f 3164//2137 3165//2137 3168//2137 3167//2137
f 182//2087 1275//2087 3160//2087 1288//2087
f 1275//2086 1274//2086 3161//2086 3160//2086
f 1274//2085 1273//2085 3162//2085 3161//2085
f 1273//2084 183//2084 1294//2084 3162//2084
f 3162//2138 1294//2138 1295//2138 3165//2138
f 3165//2139 1295//2139 1296//2139 3168//2139
f 3168//2083 1296//2083 187//2083 1297//2083
f 3167//2140 3168//2140 1297//2140 1298//2140
f 3166//2141 3167//2141 1298//2141 1299//2141
f 1290//2142 3166//2142 1299//2142 186//2142
f 1289//2143 3163//2143 3166//2143 1290//2143
f 1288//2144 3160//2144 3163//2144 1289//2144
f 3169//2102 3170//2102 3173//2102 3172//2102
f 3170//2101 3171//2101 3174//2101 3173//2101
f 3172//2145 3173//2145 3176//2145 3175//2145
f 3173//2146 3174//2146 3177//2146 3176//2146
f 183//2103 1281//2103 3169//2103 1294//2103
f 1281//2124 1280//2124 3170//2124 3169//2124
f 1280//2101 1279//2101 3171//2101 3170//2101
f 1279//2099 184//2099 1300//2099 3171//2099
f 3171//2147 1300//2147 1301//2147 3174//2147
f 3174//2148 1301//2148 1302//2148 3177//2148
f 3177//2149 1302//2149 188//2149 1303//2149
f 3176//2150 3177//2150 1303//2150 1304//2150
f 3175//2151 3176//2151 1304//2151 1305//2151
f 1296//2152 3175//2152 1305//2152 187//2152
f 1295//2153 3172//2153 3175//2153 1296//2153
f 1294//2103 3169//2103 3172//2103 1295//2103
f 3178//2154 3179//2154 3182//2154 3181//2154
f 3179//2155 3180//2155 3183//2155 3182//2155
f 3181//2156 3182//2156 3185//2156 3184//2156
f 3182//2157 3183//2157 3186//2157 3185//2157
f 184//2119 1284//2119 3178//2119 1300//2119
f 1284//2118 1283//2118 3179//2118 3178//2118
f 1283//2117 1282//2117 3180//2117 3179//2117
f 1282//2116 181//2116 1287//2116 3180//2116
f 3180//2158 1287//2158 1286//2158 3183//2158
f 3183//2159 1286//2159 1285//2159 3186//2159
f 3186//2160 1285//2160 185//2160 1306//2160
f 3185//2161 3186//2161 1306//2161 1307//2161
f 3184//2162 3185//2162 1307//2162 1308//2162
f 1302//2163 3184//2163 1308//2163 188//2163
f 1301//2164 3181//2164 3184//2164 1302//2164
f 1300//2165 3178//2165 3181//2165 1301//2165
f 3187//2166 3188//2166 3191//2166 3190//2166
f 3188//2167 3189//2167 3192//2167 3191//2167
f 3190//2168 3191//2168 3194//2168 3193//2168
f 3191//2169 3192//2169 3195//2169 3194//2169
f 185//2170 1293//2170 3187//2170 1311//2170
f 1293//2171 1292//2171 3188//2171 3187//2171
f 1292//2172 1291//2172 3189//2172 3188//2172
f 1291//2173 186//2173 1312//2173 3189//2173
f 3189//2174 1312//2174 1313//2174 3192//2174
f 3192//2175 1313//2175 1314//2175 3195//2175
f 3195//2176 1314//2176 82//2176 1315//2176
f 3194//2177 3195//2177 1315//2177 1316//2177
f 3193//2178 3194//2178 1316//2178 1317//2178
f 1309//2179 3193//2179 1317//2179 81//2179
f 1310//2180 3190//2180 3193//2180 1309//2180
f 1311//2181 3187//2181 3190//2181 1310//2181
f 3196//2182 3197//2182 3200//2182 3199//2182
f 3197//2183 3198//2183 3201//2183 3200//2183
f 3199//2184 3200//2184 3203//2184 3202//2184
f 3200//2185 3201//2185 3204//2185 3203//2185
f 186//2186 1299//2186 3196//2186 1312//2186
f 1299//2187 1298//2187 3197//2187 3196//2187
f 1298//2188 1297//2188 3198//2188 3197//2188
f 1297//2189 187//2189 1318//2189 3198//2189
f 3198//2190 1318//2190 1319//2190 3201//2190
f 3201//2191 1319//2191 1320//2191 3204//2191
f 3204//2192 1320//2192 83//2192 1321//2192
f 3203//2193 3204//2193 1321//2193 1322//2193
f 3202//2194 3203//2194 1322//2194 1323//2194
f 1314//2195 3202//2195 1323//2195 82//2195
f 1313//2196 3199//2196 3202//2196 1314//2196
f 1312//2197 3196//2197 3199//2197 1313//2197
f 3205//2198 3206//2198 3209//2198 3208//2198
f 3206//2199 3207//2199 3210//2199 3209//2199
f 3208//2200 3209//2200 3212//2200 3211//2200
f 3209//2201 3210//2201 3213//2201 3212//2201
f 187//2202 1305//2202 3205//2202 1318//2202
f 1305//2203 1304//2203 3206//2203 3205//2203
f 1304//2204 1303//2204 3207//2204 3206//2204
f 1303//2205 188//2205 1324//2205 3207//2205
f 3207//2206 1324//2206 1325//2206 3210//2206
f 3210//2207 1325//2207 1326//2207 3213//2207
f 3213//2208 1326//2208 84//2208 1327//2208
f 3212//2209 3213//2209 1327//2209 1328//2209
f 3211//2210 3212//2210 1328//2210 1329//2210
f 1320//2211 3211//2211 1329//2211 83//2211
f 1319//2212 3208//2212 3211//2212 1320//2212
f 1318//2213 3205//2213 3208//2213 1319//2213
f 3214//2214 3215//2214 3218//2214 3217//2214
f 3215//2215 3216//2215 3219//2215 3218//2215
f 3217//2216 3218//2216 3221//2216 3220//2216
f 3218//2217 3219//2217 3222//2217 3221//2217
f 188//2218 1308//2218 3214//2218 1324//2218
f 1308//2219 1307//2219 3215//2219 3214//2219
f 1307//2220 1306//2220 3216//2220 3215//2220
f 1306//2221 185//2221 1311//2221 3216//2221
f 3216//2222 1311//2222 1310//2222 3219//2222
f 3219//2223 1310//2223 1309//2223 3222//2223
f 3222//2224 1309//2224 81//2224 1330//2224
f 3221//2225 3222//2225 1330//2225 1331//2225
f 3220//2226 3221//2226 1331//2226 1332//2226
f 1326//2227 3220//2227 1332//2227 84//2227
f 1325//2228 3217//2228 3220//2228 1326//2228
f 1324//2229 3214//2229 3217//2229 1325//2229
f 3223//2230 3224//2230 3227//2230 3226//2230
f 3224//2231 3225//2231 3228//2231 3227//2231
f 3226//2232 3227//2232 3230//2232 3229//2232
f 3227//2233 3228//2233 3231//2233 3230//2233
f 81//2234 1317//2234 3223//2234 1335//2234
f 1317//2235 1316//2235 3224//2235 3223//2235
f 1316//2236 1315//2236 3225//2236 3224//2236
f 1315//2237 82//2237 1336//2237 3225//2237
f 3225//2238 1336//2238 1337//2238 3228//2238
f 3228//2239 1337//2239 1338//2239 3231//2239
f 3231//2240 1338//2240 190//2240 1339//2240
f 3230//2241 3231//2241 1339//2241 1340//2241
f 3229//2242 3230//2242 1340//2242 1341//2242
f 1333//2243 3229//2243 1341//2243 189//2243
f 1334//2244 3226//2244 3229//2244 1333//2244
f 1335//2245 3223//2245 3226//2245 1334//2245
f 3232//2246 3233//2246 3236//2246 3235//2246
f 3233//2247 3234//2247 3237//2247 3236//2247
f 3235//2248 3236//2248 3239//2248 3238//2248
f 3236//2249 3237//2249 3240//2249 3239//2249
f 82//2250 1323//2250 3232//2250 1336//2250
f 1323//2251 1322//2251 3233//2251 3232//2251
f 1322//2252 1321//2252 3234//2252 3233//2252
f 1321//2253 83//2253 1342//2253 3234//2253
f 3234//2254 1342//2254 1343//2254 3237//2254
f 3237//2255 1343//2255 1344//2255 3240//2255
f 3240//2256 1344//2256 191//2256 1345//2256
f 3239//2257 3240//2257 1345//2257 1346//2257
f 3238//2258 3239//2258 1346//2258 1347//2258
f 1338//2259 3238//2259 1347//2259 190//2259
f 1337//2260 3235//2260 3238//2260 1338//2260
f 1336//2261 3232//2261 3235//2261 1337//2261
f 3241//2262 3242//2262 3245//2262 3244//2262
f 3242//2263 3243//2263 3246//2263 3245//2263
f 3244//2264 3245//2264 3248//2264 3247//2264
f 3245//2265 3246//2265 3249//2265 3248//2265
f 83//2266 1329//2266 3241//2266 1342//2266
f 1329//2267 1328//2267 3242//2267 3241//2267
f 1328//2268 1327//2268 3243//2268 3242//2268
f 1327//2269 84//2269 1348//2269 3243//2269
f 3243//2270 1348//2270 1349//2270 3246//2270
f 3246//2271 1349//2271 1350//2271 3249//2271
f 3249//2272 1350//2272 192//2272 1351//2272
f 3248//2273 3249//2273 1351//2273 1352//2273
f 3247//2274 3248//2274 1352//2274 1353//2274
f 1344//2275 3247//2275 1353//2275 191//2275
f 1343//2276 3244//2276 3247//2276 1344//2276
f 1342//2277 3241//2277 3244//2277 1343//2277
f 3250//2278 3251//2278 3254//2278 3253//2278
f 3251//2279 3252//2279 3255//2279 3254//2279
f 3253//2280 3254//2280 3257//2280 3256//2280
f 3254//2281 3255//2281 3258//2281 3257//2281
f 84//2282 1332//2282 3250//2282 1348//2282
f 1332//2283 1331//2283 3251//2283 3250//2283
f 1331//2284 1330//2284 3252//2284 3251//2284
f 1330//2285 81//2285 1335//2285 3252//2285
f 3252//2286 1335//2286 1334//2286 3255//2286
f 3255//2287 1334//2287 1333//2287 3258//2287
f 3258//2288 1333//2288 189//2288 1354//2288
f 3257//2289 3258//2289 1354//2289 1355//2289
f 3256//2290 3257//2290 1355//2290 1356//2290
f 1350//2291 3256//2291 1356//2291 192//2291
f 1349//2292 3253//2292 3256//2292 1350//2292
f 1348//2293 3250//2293 3253//2293 1349//2293
f 3259//2294 3260//2294 3263//2294 3262//2294
f 3260//2295 3261//2295 3264//2295 3263//2295
f 3262//2296 3263//2296 3266//2296 3265//2296
f 3263//2297 3264//2297 3267//2297 3266//2297
f 189//2298 1341//2298 3259//2298 1359//2298
f 1341//2299 1340//2299 3260//2299 3259//2299
f 1340//2300 1339//2300 3261//2300 3260//2300
f 1339//2301 190//2301 1360//2301 3261//2301
f 3261//2302 1360//2302 1361//2302 3264//2302
f 3264//2303 1361//2303 1362//2303 3267//2303
f 3267//2304 1362//2304 194//2304 1363//2304
f 3266//2305 3267//2305 1363//2305 1364//2305
f 3265//2306 3266//2306 1364//2306 1365//2306
f 1357//2307 3265//2307 1365//2307 193//2307
f 1358//2308 3262//2308 3265//2308 1357//2308
f 1359//2309 3259//2309 3262//2309 1358//2309
f 3268//2310 3269//2310 3272//2310 3271//2310
f 3269//2311 3270//2311 3273//2311 3272//2311
f 3271//2312 3272//2312 3275//2312 3274//2312
f 3272//2313 3273//2313 3276//2313 3275//2313
f 190//2314 1347//2314 3268//2314 1360//2314
f 1347//2315 1346//2315 3269//2315 3268//2315
f 1346//2316 1345//2316 3270//2316 3269//2316
f 1345//2317 191//2317 1366//2317 3270//2317
f 3270//2318 1366//2318 1367//2318 3273//2318
f 3273//2319 1367//2319 1368//2319 3276//2319
f 3276//2320 1368//2320 195//2320 1369//2320
f 3275//2321 3276//2321 1369//2321 1370//2321
f 3274//2322 3275//2322 1370//2322 1371//2322
f 1362//2323 3274//2323 1371//2323 194//2323
f 1361//2324 3271//2324 3274//2324 1362//2324
f 1360//2325 3268//2325 3271//2325 1361//2325
f 3277//2326 3278//2326 3281//2326 3280//2326
f 3278//2327 3279//2327 3282//2327 3281//2327
f 3280//2328 3281//2328 3284//2328 3283//2328
f 3281//2329 3282//2329 3285//2329 3284//2329
f 191//2330 1353//2330 3277//2330 1366//2330
f 1353//2331 1352//2331 3278//2331 3277//2331
f 1352//2332 1351//2332 3279//2332 3278//2332
f 1351//2333 192//2333 1372//2333 3279//2333
f 3279//2334 1372//2334 1373//2334 3282//2334
f 3282//2335 1373//2335 1374//2335 3285//2335
f 3285//2336 1374//2336 196//2336 1375//2336
f 3284//2337 3285//2337 1375//2337 1376//2337
f 3283//2338 3284//2338 1376//2338 1377//2338
f 1368//2339 3283//2339 1377//2339 195//2339
f 1367//2340 3280//2340 3283//2340 1368//2340
f 1366//2341 3277//2341 3280//2341 1367//2341
f 3286//2342 3287//2342 3290//2342 3289//2342
f 3287//2343 3288//2343 3291//2343 3290//2343
f 3289//2344 3290//2344 3293//2344 3292//2344
f 3290//2345 3291//2345 3294//2345 3293//2345
f 192//2346 1356//2346 3286//2346 1372//2346
f 1356//2347 1355//2347 3287//2347 3286//2347
f 1355//2348 1354//2348 3288//2348 3287//2348
f 1354//2349 189//2349 1359//2349 3288//2349
f 3288//2350 1359//2350 1358//2350 3291//2350
f 3291//2351 1358//2351 1357//2351 3294//2351
f 3294//2352 1357//2352 193//2352 1378//2352
f 3293//2353 3294//2353 1378//2353 1379//2353
f 3292//2354 3293//2354 1379//2354 1380//2354
f 1374//2355 3292//2355 1380//2355 196//2355
f 1373//2356 3289//2356 3292//2356 1374//2356
f 1372//2357 3286//2357 3289//2357 1373//2357
f 3295//2306 3296//2306 3299//2306 3298//2306
f 3296//2305 3297//2305 3300//2305 3299//2305
f 3298//2358 3299//2358 3302//2358 3301//2358
f 3299//2305 3300//2305 3303//2305 3302//2305
f 193//2359 1365//2359 3295//2359 1383//2359
f 1365//2360 1364//2360 3296//2360 3295//2360
f 1364//2305 1363//2305 3297//2305 3296//2305
f 1363//2304 194//2304 1384//2304 3297//2304
f 3297//2304 1384//2304 1385//2304 3300//2304
f 3300//2304 1385//2304 1386//2304 3303//2304
f 3303//2304 1386//2304 198//2304 1387//2304
f 3302//2305 3303//2305 1387//2305 1388//2305
f 3301//2361 3302//2361 1388//2361 1389//2361
f 1381//2359 3301//2359 1389//2359 197//2359
f 1382//2362 3298//2362 3301//2362 1381//2362
f 1383//2359 3295//2359 3298//2359 1382//2359
f 3304//2322 3305//2322 3308//2322 3307//2322
f 3305//2363 3306//2363 3309//2363 3308//2363
f 3307//2322 3308//2322 3311//2322 3310//2322
f 3308//2364 3309//2364 3312//2364 3311//2364
f 194//2365 1371//2365 3304//2365 1384//2365
f 1371//2366 1370//2366 3305//2366 3304//2366
f 1370//2363 1369//2363 3306//2363 3305//2363
f 1369//2367 195//2367 1390//2367 3306//2367
f 3306//2367 1390//2367 1391//2367 3309//2367
f 3309//2367 1391//2367 1392//2367 3312//2367
f 3312//2367 1392//2367 199//2367 1393//2367
f 3311//2363 3312//2363 1393//2363 1394//2363
f 3310//2368 3311//2368 1394//2368 1395//2368
f 1386//2369 3310//2369 1395//2369 198//2369
f 1385//2369 3307//2369 3310//2369 1386//2369
f 1384//2369 3304//2369 3307//2369 1385//2369
f 3313//2370 3314//2370 3317//2370 3316//2370
f 3314//2371 3315//2371 3318//2371 3317//2371
f 3316//2372 3317//2372 3320//2372 3319//2372
f 3317//2373 3318//2373 3321//2373 3320//2373
f 195//2339 1377//2339 3313//2339 1390//2339
f 1377//2374 1376//2374 3314//2374 3313//2374
f 1376//2375 1375//2375 3315//2375 3314//2375
f 1375//2336 196//2336 1396//2336 3315//2336
f 3315//2336 1396//2336 1397//2336 3318//2336
f 3318//2336 1397//2336 1398//2336 3321//2336
f 3321//2376 1398//2376 200//2376 1399//2376
f 3320//2373 3321//2373 1399//2373 1400//2373
f 3319//2372 3320//2372 1400//2372 1401//2372
f 1392//2339 3319//2339 1401//2339 199//2339
f 1391//2339 3316//2339 3319//2339 1392//2339
f 1390//2339 3313//2339 3316//2339 1391//2339
f 3322//2377 3323//2377 3326//2377 3325//2377
f 3323//2353 3324//2353 3327//2353 3326//2353
f 3325//2378 3326//2378 3329//2378 3328//2378
f 3326//2353 3327//2353 3330//2353 3329//2353
f 196//2379 1380//2379 3322//2379 1396//2379
f 1380//2377 1379//2377 3323//2377 3322//2377
f 1379//2353 1378//2353 3324//2353 3323//2353
f 1378//2380 193//2380 1383//2380 3324//2380
f 3324//2381 1383//2381 1382//2381 3327//2381
f 3327//2380 1382//2380 1381//2380 3330//2380
f 3330//2381 1381//2381 197//2381 1402//2381
f 3329//2353 3330//2353 1402//2353 1403//2353
f 3328//2377 3329//2377 1403//2377 1404//2377
f 1398//2379 3328//2379 1404//2379 200//2379
f 1397//2379 3325//2379 3328//2379 1398//2379
f 1396//2379 3322//2379 3325//2379 1397//2379
f 3331//2360 3332//2360 3335//2360 3334//2360
f 3332//2382 3333//2382 3336//2382 3335//2382
f 3334//2360 3335//2360 3338//2360 3337//2360
f 3335//2305 3336//2305 3339//2305 3338//2305
f 197//2359 1389//2359 3331//2359 1407//2359
f 1389//2358 1388//2358 3332//2358 3331//2358
f 1388//2305 1387//2305 3333//2305 3332//2305
f 1387//2304 198//2304 1408//2304 3333//2304
f 3333//2304 1408//2304 1409//2304 3336//2304
f 3336//2304 1409//2304 1410//2304 3339//2304
f 3339//2304 1410//2304 202//2304 1411//2304
f 3338//2305 3339//2305 1411//2305 1412//2305
f 3337//2360 3338//2360 1412//2360 1413//2360
f 1405//2359 3337//2359 1413//2359 201//2359
f 1406//2359 3334//2359 3337//2359 1405//2359
f 1407//2359 3331//2359 3334//2359 1406//2359
f 3340//2366 3341//2366 3344//2366 3343//2366
f 3341//2364 3342//2364 3345//2364 3344//2364
f 3343//2322 3344//2322 3347//2322 3346//2322
f 3344//2383 3345//2383 3348//2383 3347//2383
f 198//2323 1395//2323 3340//2323 1408//2323
f 1395//2322 1394//2322 3341//2322 3340//2322
f 1394//2383 1393//2383 3342//2383 3341//2383
f 1393//2320 199//2320 1414//2320 3342//2320
f 3342//2367 1414//2367 1415//2367 3345//2367
f 3345//2320 1415//2320 1416//2320 3348//2320
f 3348//2367 1416//2367 203//2367 1417//2367
f 3347//2364 3348//2364 1417//2364 1418//2364
f 3346//2366 3347//2366 1418//2366 1419//2366
f 1410//2369 3346//2369 1419//2369 202//2369
f 1409//2365 3343//2365 3346//2365 1410//2365
f 1408//2369 3340//2369 3343//2369 1409//2369
f 3349//2372 3350//2372 3353//2372 3352//2372
f 3350//2373 3351//2373 3354//2373 3353//2373
f 3352//2384 3353//2384 3356//2384 3355//2384
f 3353//2373 3354//2373 3357//2373 3356//2373
f 199//2385 1401//2385 3349//2385 1414//2385
f 1401//2372 1400//2372 3350//2372 3349//2372
f 1400//2373 1399//2373 3351//2373 3350//2373
f 1399//2336 200//2336 1420//2336 3351//2336
f 3351//2336 1420//2336 1421//2336 3354//2336
f 3354//2386 1421//2386 1422//2386 3357//2386
f 3357//2336 1422//2336 204//2336 1423//2336
f 3356//2387 3357//2387 1423//2387 1424//2387
f 3355//2384 3356//2384 1424//2384 1425//2384
f 1416//2339 3355//2339 1425//2339 203//2339
f 1415//2388 3352//2388 3355//2388 1416//2388
f 1414//2339 3349//2339 3352//2339 1415//2339
f 3358//2389 3359//2389 3362//2389 3361//2389
f 3359//2353 3360//2353 3363//2353 3362//2353
f 3361//2377 3362//2377 3365//2377 3364//2377
f 3362//2353 3363//2353 3366//2353 3365//2353
f 200//2379 1404//2379 3358//2379 1420//2379
f 1404//2377 1403//2377 3359//2377 3358//2377
f 1403//2353 1402//2353 3360//2353 3359//2353
f 1402//2380 197//2380 1407//2380 3360//2380
f 3360//2381 1407//2381 1406//2381 3363//2381
f 3363//2380 1406//2380 1405//2380 3366//2380
f 3366//2380 1405//2380 201//2380 1426//2380
f 3365//2353 3366//2353 1426//2353 1427//2353
f 3364//2377 3365//2377 1427//2377 1428//2377
f 1422//2379 3364//2379 1428//2379 204//2379
f 1421//2379 3361//2379 3364//2379 1422//2379
f 1420//2390 3358//2390 3361//2390 1421//2390
f 3367//2360 3368//2360 3371//2360 3370//2360
f 3368//2305 3369//2305 3372//2305 3371//2305
f 3370//2360 3371//2360 3374//2360 3373//2360
f 3371//2305 3372//2305 3375//2305 3374//2305
f 201//2391 1413//2391 3367//2391 1431//2391
f 1413//2361 1412//2361 3368//2361 3367//2361
f 1412//2305 1411//2305 3369//2305 3368//2305
f 1411//2304 202//2304 1432//2304 3369//2304
f 3369//2304 1432//2304 1433//2304 3372//2304
f 3372//2303 1433//2303 1434//2303 3375//2303
f 3375//2304 1434//2304 206//2304 1435//2304
f 3374//2305 3375//2305 1435//2305 1436//2305
f 3373//2360 3374//2360 1436//2360 1437//2360
f 1429//2359 3373//2359 1437//2359 205//2359
f 1430//2359 3370//2359 3373//2359 1429//2359
f 1431//2362 3367//2362 3370//2362 1430//2362
f 3376//2322 3377//2322 3380//2322 3379//2322
f 3377//2383 3378//2383 3381//2383 3380//2383
f 3379//2366 3380//2366 3383//2366 3382//2366
f 3380//2363 3381//2363 3384//2363 3383//2363
f 202//2369 1419//2369 3376//2369 1432//2369
f 1419//2322 1418//2322 3377//2322 3376//2322
f 1418//2383 1417//2383 3378//2383 3377//2383
f 1417//2320 203//2320 1438//2320 3378//2320
f 3378//2367 1438//2367 1439//2367 3381//2367
f 3381//2367 1439//2367 1440//2367 3384//2367
f 3384//2320 1440//2320 207//2320 1441//2320
f 3383//2363 3384//2363 1441//2363 1442//2363
f 3382//2366 3383//2366 1442//2366 1443//2366
f 1434//2369 3382//2369 1443//2369 206//2369
f 1433//2369 3379//2369 3382//2369 1434//2369
f 1432//2365 3376//2365 3379//2365 1433//2365
f 3385//2372 3386//2372 3389//2372 3388//2372
f 3386//2337 3387//2337 3390//2337 3389//2337
f 3388//2392 3389//2392 3392//2392 3391//2392
f 3389//2373 3390//2373 3393//2373 3392//2373
f 203//2393 1425//2393 3385//2393 1438//2393
f 1425//2372 1424//2372 3386//2372 3385//2372
f 1424//2394 1423//2394 3387//2394 3386//2394
f 1423//2336 204//2336 1444//2336 3387//2336
f 3387//2376 1444//2376 1445//2376 3390//2376
f 3390//2395 1445//2395 1446//2395 3393//2395
f 3393//2336 1446//2336 208//2336 1447//2336
f 3392//2396 3393//2396 1447//2396 1448//2396
f 3391//2370 3392//2370 1448//2370 1449//2370
f 1440//2339 3391//2339 1449//2339 207//2339
f 1439//2388 3388//2388 3391//2388 1440//2388
f 1438//2388 3385//2388 3388//2388 1439//2388
f 3394//2377 3395//2377 3398//2377 3397//2377
f 3395//2353 3396//2353 3399//2353 3398//2353
f 3397//2377 3398//2377 3401//2377 3400//2377
f 3398//2353 3399//2353 3402//2353 3401//2353
f 204//2379 1428//2379 3394//2379 1444//2379
f 1428//2389 1427//2389 3395//2389 3394//2389
f 1427//2353 1426//2353 3396//2353 3395//2353
f 1426//2380 201//2380 1431//2380 3396//2380
f 3396//2381 1431//2381 1430//2381 3399//2381
f 3399//2381 1430//2381 1429//2381 3402//2381
f 3402//2381 1429//2381 205//2381 1450//2381
f 3401//2353 3402//2353 1450//2353 1451//2353
f 3400//2397 3401//2397 1451//2397 1452//2397
f 1446//2379 3400//2379 1452//2379 208//2379
f 1445//2355 3397//2355 3400//2355 1446//2355
f 1444//2355 3394//2355 3397//2355 1445//2355
f 3403//2306 3404//2306 3407//2306 3406//2306
f 3404//2305 3405//2305 3408//2305 3407//2305
f 3406//2360 3407//2360 3410//2360 3409//2360
f 3407//2305 3408//2305 3411//2305 3410//2305
f 205//2359 1437//2359 3403//2359 1455//2359
f 1437//2306 1436//2306 3404//2306 3403//2306
f 1436//2305 1435//2305 3405//2305 3404//2305
f 1435//2304 206//2304 1456//2304 3405//2304
f 3405//2398 1456//2398 1457//2398 3408//2398
f 3408//2303 1457//2303 1458//2303 3411//2303
f 3411//2304 1458//2304 210//2304 1459//2304
f 3410//2399 3411//2399 1459//2399 1460//2399
f 3409//2306 3410//2306 1460//2306 1461//2306
f 1453//2391 3409//2391 1461//2391 209//2391
f 1454//2362 3406//2362 3409//2362 1453//2362
f 1455//2391 3403//2391 3406//2391 1454//2391
f 3412//2366 3413//2366 3416//2366 3415//2366
f 3413//2383 3414//2383 3417//2383 3416//2383
f 3415//2366 3416//2366 3419//2366 3418//2366
f 3416//2400 3417//2400 3420//2400 3419//2400
f 206//2401 1443//2401 3412//2401 1456//2401
f 1443//2368 1442//2368 3413//2368 3412//2368
f 1442//2402 1441//2402 3414//2402 3413//2402
f 1441//2367 207//2367 1462//2367 3414//2367
f 3414//2320 1462//2320 1463//2320 3417//2320
f 3417//2367 1463//2367 1464//2367 3420//2367
f 3420//2403 1464//2403 211//2403 1465//2403
f 3419//2383 3420//2383 1465//2383 1466//2383
f 3418//2368 3419//2368 1466//2368 1467//2368
f 1458//2369 3418//2369 1467//2369 210//2369
f 1457//2369 3415//2369 3418//2369 1458//2369
f 1456//2369 3412//2369 3415//2369 1457//2369
f 3421//2372 3422//2372 3425//2372 3424//2372
f 3422//2373 3423//2373 3426//2373 3425//2373
f 3424//2374 3425//2374 3428//2374 3427//2374
f 3425//2375 3426//2375 3429//2375 3428//2375
f 207//2339 1449//2339 3421//2339 1462//2339
f 1449//2370 1448//2370 3422//2370 3421//2370
f 1448//2404 1447//2404 3423//2404 3422//2404
f 1447//2405 208//2405 1468//2405 3423//2405
f 3423//2386 1468//2386 1469//2386 3426//2386
f 3426//2336 1469//2336 1470//2336 3429//2336
f 3429//2406 1470//2406 212//2406 1471//2406
f 3428//2373 3429//2373 1471//2373 1472//2373
f 3427//2374 3428//2374 1472//2374 1473//2374
f 1464//2407 3427//2407 1473//2407 211//2407
f 1463//2388 3424//2388 3427//2388 1464//2388
f 1462//2339 3421//2339 3424//2339 1463//2339
f 3430//2354 3431//2354 3434//2354 3433//2354
f 3431//2353 3432//2353 3435//2353 3434//2353
f 3433//2354 3434//2354 3437//2354 3436//2354
f 3434//2353 3435//2353 3438//2353 3437//2353
f 208//2379 1452//2379 3430//2379 1468//2379
f 1452//2377 1451//2377 3431//2377 3430//2377
f 1451//2353 1450//2353 3432//2353 3431//2353
f 1450//2381 205//2381 1455//2381 3432//2381
f 3432//2380 1455//2380 1454//2380 3435//2380
f 3435//2380 1454//2380 1453//2380 3438//2380
f 3438//2380 1453//2380 209//2380 1474//2380
f 3437//2353 3438//2353 1474//2353 1475//2353
f 3436//2377 3437//2377 1475//2377 1476//2377
f 1470//2379 3436//2379 1476//2379 212//2379
f 1469//2379 3433//2379 3436//2379 1470//2379
f 1468//2379 3430//2379 3433//2379 1469//2379
f 3439//2306 3440//2306 3443//2306 3442//2306
f 3440//2399 3441//2399 3444//2399 3443//2399
f 3442//2360 3443//2360 3446//2360 3445//2360
f 3443//2305 3444//2305 3447//2305 3446//2305
f 209//2359 1461//2359 3439//2359 1479//2359
f 1461//2306 1460//2306 3440//2306 3439//2306
f 1460//2399 1459//2399 3441//2399 3440//2399
f 1459//2304 210//2304 1480//2304 3441//2304
f 3441//2303 1480//2303 1481//2303 3444//2303
f 3444//2304 1481//2304 1482//2304 3447//2304
f 3447//2304 1482//2304 214//2304 1483//2304
f 3446//2305 3447//2305 1483//2305 1484//2305
f 3445//2360 3446//2360 1484//2360 1485//2360
f 1477//2391 3445//2391 1485//2391 213//2391
f 1478//2359 3442//2359 3445//2359 1477//2359
f 1479//2359 3439//2359 3442//2359 1478//2359
f 3448//2368 3449//2368 3452//2368 3451//2368
f 3449//2363 3450//2363 3453//2363 3452//2363
f 3451//2322 3452//2322 3455//2322 3454//2322
f 3452//2364 3453//2364 3456//2364 3455//2364
f 210//2365 1467//2365 3448//2365 1480//2365
f 1467//2366 1466//2366 3449//2366 3448//2366
f 1466//2364 1465//2364 3450//2364 3449//2364
f 1465//2408 211//2408 1486//2408 3450//2408
f 3450//2409 1486//2409 1487//2409 3453//2409
f 3453//2367 1487//2367 1488//2367 3456//2367
f 3456//2367 1488//2367 215//2367 1489//2367
f 3455//2363 3456//2363 1489//2363 1490//2363
f 3454//2368 3455//2368 1490//2368 1491//2368
f 1482//2369 3454//2369 1491//2369 214//2369
f 1481//2323 3451//2323 3454//2323 1482//2323
f 1480//2410 3448//2410 3451//2410 1481//2410
f 3457//2392 3458//2392 3461//2392 3460//2392
f 3458//2411 3459//2411 3462//2411 3461//2411
f 3460//2384 3461//2384 3464//2384 3463//2384
f 3461//2371 3462//2371 3465//2371 3464//2371
f 211//2412 1473//2412 3457//2412 1486//2412
f 1473//2392 1472//2392 3458//2392 3457//2392
f 1472//2396 1471//2396 3459//2396 3458//2396
f 1471//2336 212//2336 1492//2336 3459//2336
f 3459//2335 1492//2335 1493//2335 3462//2335
f 3462//2386 1493//2386 1494//2386 3465//2386
f 3465//2386 1494//2386 216//2386 1495//2386
f 3464//2371 3465//2371 1495//2371 1496//2371
f 3463//2372 3464//2372 1496//2372 1497//2372
f 1488//2339 3463//2339 1497//2339 215//2339
f 1487//2339 3460//2339 3463//2339 1488//2339
f 1486//2388 3457//2388 3460//2388 1487//2388
f 3466//2377 3467//2377 3470//2377 3469//2377
f 3467//2353 3468//2353 3471//2353 3470//2353
f 3469//2377 3470//2377 3473//2377 3472//2377
f 3470//2413 3471//2413 3474//2413 3473//2413
f 212//2355 1476//2355 3466//2355 1492//2355
f 1476//2377 1475//2377 3467//2377 3466//2377
f 1475//2353 1474//2353 3468//2353 3467//2353
f 1474//2381 209//2381 1479//2381 3468//2381
f 3468//2380 1479//2380 1478//2380 3471//2380
f 3471//2380 1478//2380 1477//2380 3474//2380
f 3474//2380 1477//2380 213//2380 1498//2380
f 3473//2353 3474//2353 1498//2353 1499//2353
f 3472//2377 3473//2377 1499//2377 1500//2377
f 1494//2379 3472//2379 1500//2379 216//2379
f 1493//2379 3469//2379 3472//2379 1494//2379
f 1492//2414 3466//2414 3469//2414 1493//2414
f 3475//2360 3476//2360 3479//2360 3478//2360
f 3476//2305 3477//2305 3480//2305 3479//2305
f 3478//2360 3479//2360 3482//2360 3481//2360
f 3479//2415 3480//2415 3483//2415 3482//2415
f 213//2391 1485//2391 3475//2391 1503//2391
f 1485//2306 1484//2306 3476//2306 3475//2306
f 1484//2305 1483//2305 3477//2305 3476//2305
f 1483//2416 214//2416 1504//2416 3477//2416
f 3477//2303 1504//2303 1505//2303 3480//2303
f 3480//2304 1505//2304 1506//2304 3483//2304
f 3483//2398 1506//2398 218//2398 1507//2398
f 3482//2417 3483//2417 1507//2417 1508//2417
f 3481//2306 3482//2306 1508//2306 1509//2306
f 1501//2359 3481//2359 1509//2359 217//2359
f 1502//2359 3478//2359 3481//2359 1501//2359
f 1503//2359 3475//2359 3478//2359 1502//2359
f 3484//2366 3485//2366 3488//2366 3487//2366
f 3485//2383 3486//2383 3489//2383 3488//2383
f 3487//2366 3488//2366 3491//2366 3490//2366
f 3488//2383 3489//2383 3492//2383 3491//2383
f 214//2369 1491//2369 3484//2369 1504//2369
f 1491//2366 1490//2366 3485//2366 3484//2366
f 1490//2383 1489//2383 3486//2383 3485//2383
f 1489//2320 215//2320 1510//2320 3486//2320
f 3486//2418 1510//2418 1511//2418 3489//2418
f 3489//2320 1511//2320 1512//2320 3492//2320
f 3492//2419 1512//2419 219//2419 1513//2419
f 3491//2364 3492//2364 1513//2364 1514//2364
f 3490//2366 3491//2366 1514//2366 1515//2366
f 1506//2401 3490//2401 1515//2401 218//2401
f 1505//2365 3487//2365 3490//2365 1506//2365
f 1504//2401 3484//2401 3487//2401 1505//2401
f 3493//2338 3494//2338 3497//2338 3496//2338
f 3494//2371 3495//2371 3498//2371 3497//2371
f 3496//2338 3497//2338 3500//2338 3499//2338
f 3497//2420 3498//2420 3501//2420 3500//2420
f 215//2412 1497//2412 3493//2412 1510//2412
f 1497//2370 1496//2370 3494//2370 3493//2370
f 1496//2375 1495//2375 3495//2375 3494//2375
f 1495//2405 216//2405 1516//2405 3495//2405
f 3495//2421 1516//2421 1517//2421 3498//2421
f 3498//2422 1517//2422 1518//2422 3501//2422
f 3501//2423 1518//2423 220//2423 1519//2423
f 3500//2375 3501//2375 1519//2375 1520//2375
f 3499//2374 3500//2374 1520//2374 1521//2374
f 1512//2339 3499//2339 1521//2339 219//2339
f 1511//2424 3496//2424 3499//2424 1512//2424
f 1510//2388 3493//2388 3496//2388 1511//2388
f 3502//2377 3503//2377 3506//2377 3505//2377
f 3503//2353 3504//2353 3507//2353 3506//2353
f 3505//2389 3506//2389 3509//2389 3508//2389
f 3506//2353 3507//2353 3510//2353 3509//2353
f 216//2355 1500//2355 3502//2355 1516//2355
f 1500//2389 1499//2389 3503//2389 3502//2389
f 1499//2353 1498//2353 3504//2353 3503//2353
f 1498//2381 213//2381 1503//2381 3504//2381
f 3504//2381 1503//2381 1502//2381 3507//2381
f 3507//2381 1502//2381 1501//2381 3510//2381
f 3510//2380 1501//2380 217//2380 1522//2380
f 3509//2353 3510//2353 1522//2353 1523//2353
f 3508//2389 3509//2389 1523//2389 1524//2389
f 1518//2356 3508//2356 1524//2356 220//2356
f 1517//2425 3505//2425 3508//2425 1518//2425
f 1516//2379 3502//2379 3505//2379 1517//2379
f 3511//2360 3512//2360 3515//2360 3514//2360
f 3512//2426 3513//2426 3516//2426 3515//2426
f 3514//2360 3515//2360 3518//2360 3517//2360
f 3515//2297 3516//2297 3519//2297 3518//2297
f 217//2307 1509//2307 3511//2307 1527//2307
f 1509//2306 1508//2306 3512//2306 3511//2306
f 1508//2305 1507//2305 3513//2305 3512//2305
f 1507//2304 218//2304 1528//2304 3513//2304
f 3513//2304 1528//2304 1529//2304 3516//2304
f 3516//2304 1529//2304 1530//2304 3519//2304
f 3519//2304 1530//2304 222//2304 1531//2304
f 3518//2382 3519//2382 1531//2382 1532//2382
f 3517//2427 3518//2427 1532//2427 1533//2427
f 1525//2428 3517//2428 1533//2428 221//2428
f 1526//2359 3514//2359 3517//2359 1525//2359
f 1527//2429 3511//2429 3514//2429 1526//2429
f 3520//2366 3521//2366 3524//2366 3523//2366
f 3521//2383 3522//2383 3525//2383 3524//2383
f 3523//2366 3524//2366 3527//2366 3526//2366
f 3524//2430 3525//2430 3528//2430 3527//2430
f 218//2365 1515//2365 3520//2365 1528//2365
f 1515//2368 1514//2368 3521//2368 3520//2368
f 1514//2383 1513//2383 3522//2383 3521//2383
f 1513//2320 219//2320 1534//2320 3522//2320
f 3522//2403 1534//2403 1535//2403 3525//2403
f 3525//2367 1535//2367 1536//2367 3528//2367
f 3528//2431 1536//2431 223//2431 1537//2431
f 3527//2383 3528//2383 1537//2383 1538//2383
f 3526//2432 3527//2432 1538//2432 1539//2432
f 1530//2410 3526//2410 1539//2410 222//2410
f 1529//2401 3523//2401 3526//2401 1530//2401
f 1528//2369 3520//2369 3523//2369 1529//2369
f 3529//2433 3530//2433 3533//2433 3532//2433
f 3530//2434 3531//2434 3534//2434 3533//2434
f 3532//2435 3533//2435 3536//2435 3535//2435
f 3533//2387 3534//2387 3537//2387 3536//2387
f 219//2436 1521//2436 3529//2436 1534//2436
f 1521//2437 1520//2437 3530//2437 3529//2437
f 1520//2434 1519//2434 3531//2434 3530//2434
f 1519//2395 220//2395 1540//2395 3531//2395
f 3531//2438 1540//2438 1541//2438 3534//2438
f 3534//2439 1541//2439 1542//2439 3537//2439
f 3537//2336 1542//2336 224//2336 1543//2336
f 3536//2337 3537//2337 1543//2337 1544//2337
f 3535//2372 3536//2372 1544//2372 1545//2372
f 1536//2339 3535//2339 1545//2339 223//2339
f 1535//2440 3532//2440 3535//2440 1536//2440
f 1534//2441 3529//2441 3532//2441 1535//2441
f 3538//2389 3539//2389 3542//2389 3541//2389
f 3539//2353 3540//2353 3543//2353 3542//2353
f 3541//2389 3542//2389 3545//2389 3544//2389
f 3542//2353 3543//2353 3546//2353 3545//2353
f 220//2355 1524//2355 3538//2355 1540//2355
f 1524//2354 1523//2354 3539//2354 3538//2354
f 1523//2353 1522//2353 3540//2353 3539//2353
f 1522//2381 217//2381 1527//2381 3540//2381
f 3540//2381 1527//2381 1526//2381 3543//2381
f 3543//2381 1526//2381 1525//2381 3546//2381
f 3546//2442 1525//2442 221//2442 1546//2442
f 3545//2353 3546//2353 1546//2353 1547//2353
f 3544//2377 3545//2377 1547//2377 1548//2377
f 1542//2355 3544//2355 1548//2355 224//2355
f 1541//2379 3541//2379 3544//2379 1542//2379
f 1540//2355 3538//2355 3541//2355 1541//2355
f 3547//2306 3548//2306 3551//2306 3550//2306
f 3548//2417 3549//2417 3552//2417 3551//2417
f 3550//2443 3551//2443 3554//2443 3553//2443
f 3551//2305 3552//2305 3555//2305 3554//2305
f 221//2428 1533//2428 3547//2428 1551//2428
f 1533//2360 1532//2360 3548//2360 3547//2360
f 1532//2382 1531//2382 3549//2382 3548//2382
f 1531//2398 222//2398 1552//2398 3549//2398
f 3549//2398 1552//2398 1553//2398 3552//2398
f 3552//2444 1553//2444 1554//2444 3555//2444
f 3555//2398 1554//2398 226//2398 1555//2398
f 3554//2445 3555//2445 1555//2445 1556//2445
f 3553//2443 3554//2443 1556//2443 1557//2443
f 1549//2362 3553//2362 1557//2362 225//2362
f 1550//2446 3550//2446 3553//2446 1549//2446
f 1551//2359 3547//2359 3550//2359 1550//2359
f 3556//2366 3557//2366 3560//2366 3559//2366
f 3557//2363 3558//2363 3561//2363 3560//2363
f 3559//2322 3560//2322 3563//2322 3562//2322
f 3560//2430 3561//2430 3564//2430 3563//2430
f 222//2401 1539//2401 3556//2401 1552//2401
f 1539//2366 1538//2366 3557//2366 3556//2366
f 1538//2363 1537//2363 3558//2363 3557//2363
f 1537//2320 223//2320 1558//2320 3558//2320
f 3558//2447 1558//2447 1559//2447 3561//2447
f 3561//2448 1559//2448 1560//2448 3564//2448
f 3564//2367 1560//2367 227//2367 1561//2367
f 3563//2430 3564//2430 1561//2430 1562//2430
f 3562//2449 3563//2449 1562//2449 1563//2449
f 1554//2401 3562//2401 1563//2401 226//2401
f 1553//2450 3559//2450 3562//2450 1554//2450
f 1552//2401 3556//2401 3559//2401 1553//2401
f 3565//2384 3566//2384 3569//2384 3568//2384
f 3566//2451 3567//2451 3570//2451 3569//2451
f 3568//2452 3569//2452 3572//2452 3571//2452
f 3569//2453 3570//2453 3573//2453 3572//2453
f 223//2454 1545//2454 3565//2454 1558//2454
f 1545//2455 1544//2455 3566//2455 3565//2455
f 1544//2371 1543//2371 3567//2371 3566//2371
f 1543//2456 224//2456 1564//2456 3567//2456
f 3567//2457 1564//2457 1565//2457 3570//2457
f 3570//2458 1565//2458 1566//2458 3573//2458
f 3573//2422 1566//2422 228//2422 1567//2422
f 3572//2459 3573//2459 1567//2459 1568//2459
f 3571//2460 3572//2460 1568//2460 1569//2460
f 1560//2461 3571//2461 1569//2461 227//2461
f 1559//2462 3568//2462 3571//2462 1560//2462
f 1558//2463 3565//2463 3568//2463 1559//2463
f 3574//2377 3575//2377 3578//2377 3577//2377
f 3575//2413 3576//2413 3579//2413 3578//2413
f 3577//2389 3578//2389 3581//2389 3580//2389
f 3578//2353 3579//2353 3582//2353 3581//2353
f 224//2464 1548//2464 3574//2464 1564//2464
f 1548//2389 1547//2389 3575//2389 3574//2389
f 1547//2465 1546//2465 3576//2465 3575//2465
f 1546//2466 221//2466 1551//2466 3576//2466
f 3576//2381 1551//2381 1550//2381 3579//2381
f 3579//2380 1550//2380 1549//2380 3582//2380
f 3582//2467 1549//2467 225//2467 1570//2467
f 3581//2353 3582//2353 1570//2353 1571//2353
f 3580//2389 3581//2389 1571//2389 1572//2389
f 1566//2468 3580//2468 1572//2468 228//2468
f 1565//2469 3577//2469 3580//2469 1566//2469
f 1564//2470 3574//2470 3577//2470 1565//2470
f 3583//2471 3584//2471 3587//2471 3586//2471
f 3584//2472 3585//2472 3588//2472 3587//2472
f 3586//2473 3587//2473 3590//2473 3589//2473
f 3587//2474 3588//2474 3591//2474 3590//2474
f 225//2428 1557//2428 3583//2428 1575//2428
f 1557//2475 1556//2475 3584//2475 3583//2475
f 1556//2476 1555//2476 3585//2476 3584//2476
f 1555//2398 226//2398 1576//2398 3585//2398
f 3585//2304 1576//2304 1577//2304 3588//2304
f 3588//2477 1577//2477 1578//2477 3591//2477
f 3591//2478 1578//2478 42//2478 250//2478
f 3590//2479 3591//2479 250//2479 251//2479
f 3589//2480 3590//2480 251//2480 252//2480
f 1573//2481 3589//2481 252//2481 41//2481
f 1574//2482 3586//2482 3589//2482 1573//2482
f 1575//2359 3583//2359 3586//2359 1574//2359
f 3592//2483 3593//2483 3596//2483 3595//2483
f 3593//2484 3594//2484 3597//2484 3596//2484
f 3595//2485 3596//2485 3599//2485 3598//2485
f 3596//2486 3597//2486 3600//2486 3599//2486
f 226//2323 1563//2323 3592//2323 1576//2323
f 1563//2366 1562//2366 3593//2366 3592//2366
f 1562//2487 1561//2487 3594//2487 3593//2487
f 1561//2488 227//2488 1579//2488 3594//2488
f 3594//2403 1579//2403 1580//2403 3597//2403
f 3597//2489 1580//2489 1581//2489 3600//2489
f 3600//2490 1581//2490 43//2490 247//2490
f 3599//2491 3600//2491 247//2491 248//2491
f 3598//2449 3599//2449 248//2449 249//2449
f 1578//2492 3598//2492 249//2492 42//2492
f 1577//2401 3595//2401 3598//2401 1578//2401
f 1576//2401 3592//2401 3595//2401 1577//2401
f 3601//2493 3602//2493 3605//2493 3604//2493
f 3602//2404 3603//2404 3606//2404 3605//2404
f 3604//2494 3605//2494 3608//2494 3607//2494
f 3605//2495 3606//2495 3609//2495 3608//2495
f 227//2496 1569//2496 3601//2496 1579//2496
f 1569//2497 1568//2497 3602//2497 3601//2497
f 1568//2394 1567//2394 3603//2394 3602//2394
f 1567//2498 228//2498 1582//2498 3603//2498
f 3603//2499 1582//2499 1583//2499 3606//2499
f 3606//2336 1583//2336 1584//2336 3609//2336
f 3609//2500 1584//2500 44//2500 244//2500
f 3608//2501 3609//2501 244//2501 245//2501
f 3607//2502 3608//2502 245//2502 246//2502
f 1581//2503 3607//2503 246//2503 43//2503
f 1580//2461 3604//2461 3607//2461 1581//2461
f 1579//2441 3601//2441 3604//2441 1580//2441
f 3610//2389 3611//2389 3614//2389 3613//2389
f 3611//2465 3612//2465 3615//2465 3614//2465
f 3613//2504 3614//2504 3617//2504 3616//2504
f 3614//2353 3615//2353 3618//2353 3617//2353
f 228//2505 1572//2505 3610//2505 1582//2505
f 1572//2377 1571//2377 3611//2377 3610//2377
f 1571//2506 1570//2506 3612//2506 3611//2506
f 1570//2466 225//2466 1575//2466 3612//2466
f 3612//2507 1575//2507 1574//2507 3615//2507
f 3615//2467 1574//2467 1573//2467 3618//2467
f 3618//2508 1573//2508 41//2508 241//2508
f 3617//2465 3618//2465 241//2465 242//2465
f 3616//2509 3617//2509 242//2509 243//2509
f 1584//2510 3616//2510 243//2510 44//2510
f 1583//2468 3613//2468 3616//2468 1584//2468
f 1582//2414 3610//2414 3613//2414 1583//2414
